ISO-10303-21;
HEADER;
FILE_DESCRIPTION(('Open CASCADE Model'),'2;1');
FILE_NAME('Main Assembly','2026-03-26T02:40:21',('Author'),(
    'Open CASCADE'),'Open CASCADE STEP processor 7.8','build123d',
  'Unknown');
FILE_SCHEMA(('AUTOMOTIVE_DESIGN { 1 0 10303 214 1 1 1 1 }'));
ENDSEC;
DATA;
#1 = APPLICATION_PROTOCOL_DEFINITION('international standard',
  'automotive_design',2000,#2);
#2 = APPLICATION_CONTEXT(
  'core data for automotive mechanical design processes');
#3 = SHAPE_DEFINITION_REPRESENTATION(#4,#10);
#4 = PRODUCT_DEFINITION_SHAPE('','',#5);
#5 = PRODUCT_DEFINITION('design','',#6,#9);
#6 = PRODUCT_DEFINITION_FORMATION('','',#7);
#7 = PRODUCT('Main Assembly','Main Assembly','',(#8));
#8 = PRODUCT_CONTEXT('',#2,'mechanical');
#9 = PRODUCT_DEFINITION_CONTEXT('part definition',#2,'design');
#10 = SHAPE_REPRESENTATION('',(#11,#15,#19,#23,#27,#31,#35,#39),#43);
#11 = AXIS2_PLACEMENT_3D('',#12,#13,#14);
#12 = CARTESIAN_POINT('',(0.,0.,0.));
#13 = DIRECTION('',(0.,0.,1.));
#14 = DIRECTION('',(1.,0.,-0.));
#15 = AXIS2_PLACEMENT_3D('',#16,#17,#18);
#16 = CARTESIAN_POINT('',(0.,0.,0.));
#17 = DIRECTION('',(0.,0.,1.));
#18 = DIRECTION('',(1.,0.,-0.));
#19 = AXIS2_PLACEMENT_3D('',#20,#21,#22);
#20 = CARTESIAN_POINT('',(-10.,0.,0.));
#21 = DIRECTION('',(0.,0.,1.));
#22 = DIRECTION('',(1.,0.,0.));
#23 = AXIS2_PLACEMENT_3D('',#24,#25,#26);
#24 = CARTESIAN_POINT('',(10.,0.,0.));
#25 = DIRECTION('',(0.,0.,1.));
#26 = DIRECTION('',(1.,0.,0.));
#27 = AXIS2_PLACEMENT_3D('',#28,#29,#30);
#28 = CARTESIAN_POINT('',(0.,-8.5,0.));
#29 = DIRECTION('',(0.,0.,1.));
#30 = DIRECTION('',(1.,0.,0.));
#31 = AXIS2_PLACEMENT_3D('',#32,#33,#34);
#32 = CARTESIAN_POINT('',(0.,8.5,0.));
#33 = DIRECTION('',(0.,0.,1.));
#34 = DIRECTION('',(1.,0.,0.));
#35 = AXIS2_PLACEMENT_3D('',#36,#37,#38);
#36 = CARTESIAN_POINT('',(0.,0.,22.424));
#37 = DIRECTION('',(0.,0.,1.));
#38 = DIRECTION('',(1.,0.,-0.));
#39 = AXIS2_PLACEMENT_3D('',#40,#41,#42);
#40 = CARTESIAN_POINT('',(0.,0.,0.));
#41 = DIRECTION('',(0.,0.,1.));
#42 = DIRECTION('',(1.,0.,-0.));
#43 = ( GEOMETRIC_REPRESENTATION_CONTEXT(3) 
GLOBAL_UNCERTAINTY_ASSIGNED_CONTEXT((#47)) GLOBAL_UNIT_ASSIGNED_CONTEXT(
(#44,#45,#46)) REPRESENTATION_CONTEXT('Context #1',
  '3D Context with UNIT and UNCERTAINTY') );
#44 = ( LENGTH_UNIT() NAMED_UNIT(*) SI_UNIT(.MILLI.,.METRE.) );
#45 = ( NAMED_UNIT(*) PLANE_ANGLE_UNIT() SI_UNIT($,.RADIAN.) );
#46 = ( NAMED_UNIT(*) SI_UNIT($,.STERADIAN.) SOLID_ANGLE_UNIT() );
#47 = UNCERTAINTY_MEASURE_WITH_UNIT(LENGTH_MEASURE(5.E-06),#44,
  'distance_accuracy_value','confusion accuracy');
#48 = PRODUCT_RELATED_PRODUCT_CATEGORY('part',$,(#7));
#49 = SHAPE_DEFINITION_REPRESENTATION(#50,#56);
#50 = PRODUCT_DEFINITION_SHAPE('','',#51);
#51 = PRODUCT_DEFINITION('design','',#52,#55);
#52 = PRODUCT_DEFINITION_FORMATION('','',#53);
#53 = PRODUCT('ASSEMBLY','ASSEMBLY','',(#54));
#54 = PRODUCT_CONTEXT('',#2,'mechanical');
#55 = PRODUCT_DEFINITION_CONTEXT('part definition',#2,'design');
#56 = SHAPE_REPRESENTATION('',(#11,#57),#61);
#57 = AXIS2_PLACEMENT_3D('',#58,#59,#60);
#58 = CARTESIAN_POINT('',(0.,0.,0.));
#59 = DIRECTION('',(0.,0.,1.));
#60 = DIRECTION('',(1.,0.,-0.));
#61 = ( GEOMETRIC_REPRESENTATION_CONTEXT(3) 
GLOBAL_UNCERTAINTY_ASSIGNED_CONTEXT((#65)) GLOBAL_UNIT_ASSIGNED_CONTEXT(
(#62,#63,#64)) REPRESENTATION_CONTEXT('Context #1',
  '3D Context with UNIT and UNCERTAINTY') );
#62 = ( LENGTH_UNIT() NAMED_UNIT(*) SI_UNIT(.MILLI.,.METRE.) );
#63 = ( NAMED_UNIT(*) PLANE_ANGLE_UNIT() SI_UNIT($,.RADIAN.) );
#64 = ( NAMED_UNIT(*) SI_UNIT($,.STERADIAN.) SOLID_ANGLE_UNIT() );
#65 = UNCERTAINTY_MEASURE_WITH_UNIT(LENGTH_MEASURE(1.E-05),#62,
  'distance_accuracy_value','confusion accuracy');
#66 = CONTEXT_DEPENDENT_SHAPE_REPRESENTATION(#67,#69);
#67 = ( REPRESENTATION_RELATIONSHIP('','',#56,#10) 
REPRESENTATION_RELATIONSHIP_WITH_TRANSFORMATION(#68) 
SHAPE_REPRESENTATION_RELATIONSHIP() );
#68 = ITEM_DEFINED_TRANSFORMATION('','',#11,#15);
#69 = PRODUCT_DEFINITION_SHAPE('Placement','Placement of an item',#70);
#70 = NEXT_ASSEMBLY_USAGE_OCCURRENCE('2','=>[0:1:1:2]','',#5,#51,$);
#71 = PRODUCT_RELATED_PRODUCT_CATEGORY('part',$,(#53));
#72 = SHAPE_DEFINITION_REPRESENTATION(#73,#79);
#73 = PRODUCT_DEFINITION_SHAPE('','',#74);
#74 = PRODUCT_DEFINITION('design','',#75,#78);
#75 = PRODUCT_DEFINITION_FORMATION('','',#76);
#76 = PRODUCT('SOLID','SOLID','',(#77));
#77 = PRODUCT_CONTEXT('',#2,'mechanical');
#78 = PRODUCT_DEFINITION_CONTEXT('part definition',#2,'design');
#79 = ADVANCED_BREP_SHAPE_REPRESENTATION('',(#11,#80),#4134);
#80 = MANIFOLD_SOLID_BREP('',#81);
#81 = CLOSED_SHELL('',(#82,#170,#205,#209,#264,#686,#762,#811,#967,#1016
    ,#1065,#1114,#1163,#1190,#1245,#1300,#1355,#1410,#1465,#1520,#1828,
    #1929,#1978,#2047,#2082,#2117,#2155,#2190,#2228,#2263,#2334,#2361,
    #2410,#2459,#2508,#2557,#2606,#2655,#2682,#2816,#3016,#3071,#3126,
    #3181,#3236,#3291,#3346,#3400,#3481,#3530,#3584,#3638,#3692,#3746,
    #3778,#3782,#3786,#3790,#3794,#3798,#3802,#3851,#3900,#4019,#4046,
    #4073,#4100,#4127));
#82 = ADVANCED_FACE('',(#83),#97,.T.);
#83 = FACE_BOUND('',#84,.T.);
#84 = EDGE_LOOP('',(#85,#115,#142,#143));
#85 = ORIENTED_EDGE('',*,*,#86,.T.);
#86 = EDGE_CURVE('',#87,#89,#91,.T.);
#87 = VERTEX_POINT('',#88);
#88 = CARTESIAN_POINT('',(-51.5,-11.5,6.));
#89 = VERTEX_POINT('',#90);
#90 = CARTESIAN_POINT('',(-51.5,-11.5,19.424));
#91 = SEAM_CURVE('',#92,(#96,#108),.PCURVE_S1.);
#92 = LINE('',#93,#94);
#93 = CARTESIAN_POINT('',(-51.5,-11.5,3.));
#94 = VECTOR('',#95,1.);
#95 = DIRECTION('',(0.,0.,1.));
#96 = PCURVE('',#97,#102);
#97 = CYLINDRICAL_SURFACE('',#98,1.);
#98 = AXIS2_PLACEMENT_3D('',#99,#100,#101);
#99 = CARTESIAN_POINT('',(-52.5,-11.5,3.));
#100 = DIRECTION('',(0.,0.,1.));
#101 = DIRECTION('',(1.,0.,0.));
#102 = DEFINITIONAL_REPRESENTATION('',(#103),#107);
#103 = LINE('',#104,#105);
#104 = CARTESIAN_POINT('',(6.28318530718,-0.));
#105 = VECTOR('',#106,1.);
#106 = DIRECTION('',(0.,1.));
#107 = ( GEOMETRIC_REPRESENTATION_CONTEXT(2) 
PARAMETRIC_REPRESENTATION_CONTEXT() REPRESENTATION_CONTEXT('2D SPACE',''
  ) );
#108 = PCURVE('',#97,#109);
#109 = DEFINITIONAL_REPRESENTATION('',(#110),#114);
#110 = LINE('',#111,#112);
#111 = CARTESIAN_POINT('',(0.,-0.));
#112 = VECTOR('',#113,1.);
#113 = DIRECTION('',(0.,1.));
#114 = ( GEOMETRIC_REPRESENTATION_CONTEXT(2) 
PARAMETRIC_REPRESENTATION_CONTEXT() REPRESENTATION_CONTEXT('2D SPACE',''
  ) );
#115 = ORIENTED_EDGE('',*,*,#116,.F.);
#116 = EDGE_CURVE('',#89,#89,#117,.T.);
#117 = SURFACE_CURVE('',#118,(#123,#130),.PCURVE_S1.);
#118 = CIRCLE('',#119,1.);
#119 = AXIS2_PLACEMENT_3D('',#120,#121,#122);
#120 = CARTESIAN_POINT('',(-52.5,-11.5,19.424));
#121 = DIRECTION('',(0.,0.,1.));
#122 = DIRECTION('',(1.,0.,0.));
#123 = PCURVE('',#97,#124);
#124 = DEFINITIONAL_REPRESENTATION('',(#125),#129);
#125 = LINE('',#126,#127);
#126 = CARTESIAN_POINT('',(0.,16.424));
#127 = VECTOR('',#128,1.);
#128 = DIRECTION('',(1.,0.));
#129 = ( GEOMETRIC_REPRESENTATION_CONTEXT(2) 
PARAMETRIC_REPRESENTATION_CONTEXT() REPRESENTATION_CONTEXT('2D SPACE',''
  ) );
#130 = PCURVE('',#131,#136);
#131 = PLANE('',#132);
#132 = AXIS2_PLACEMENT_3D('',#133,#134,#135);
#133 = CARTESIAN_POINT('',(-52.5,-11.5,19.424));
#134 = DIRECTION('',(0.,0.,1.));
#135 = DIRECTION('',(1.,0.,0.));
#136 = DEFINITIONAL_REPRESENTATION('',(#137),#141);
#137 = CIRCLE('',#138,1.);
#138 = AXIS2_PLACEMENT_2D('',#139,#140);
#139 = CARTESIAN_POINT('',(0.,0.));
#140 = DIRECTION('',(1.,0.));
#141 = ( GEOMETRIC_REPRESENTATION_CONTEXT(2) 
PARAMETRIC_REPRESENTATION_CONTEXT() REPRESENTATION_CONTEXT('2D SPACE',''
  ) );
#142 = ORIENTED_EDGE('',*,*,#86,.F.);
#143 = ORIENTED_EDGE('',*,*,#144,.T.);
#144 = EDGE_CURVE('',#87,#87,#145,.T.);
#145 = SURFACE_CURVE('',#146,(#151,#158),.PCURVE_S1.);
#146 = CIRCLE('',#147,1.);
#147 = AXIS2_PLACEMENT_3D('',#148,#149,#150);
#148 = CARTESIAN_POINT('',(-52.5,-11.5,6.));
#149 = DIRECTION('',(0.,0.,1.));
#150 = DIRECTION('',(1.,0.,-0.));
#151 = PCURVE('',#97,#152);
#152 = DEFINITIONAL_REPRESENTATION('',(#153),#157);
#153 = LINE('',#154,#155);
#154 = CARTESIAN_POINT('',(0.,3.));
#155 = VECTOR('',#156,1.);
#156 = DIRECTION('',(1.,0.));
#157 = ( GEOMETRIC_REPRESENTATION_CONTEXT(2) 
PARAMETRIC_REPRESENTATION_CONTEXT() REPRESENTATION_CONTEXT('2D SPACE',''
  ) );
#158 = PCURVE('',#159,#164);
#159 = PLANE('',#160);
#160 = AXIS2_PLACEMENT_3D('',#161,#162,#163);
#161 = CARTESIAN_POINT('',(-52.5,-11.5,6.));
#162 = DIRECTION('',(0.,0.,1.));
#163 = DIRECTION('',(1.,0.,0.));
#164 = DEFINITIONAL_REPRESENTATION('',(#165),#169);
#165 = CIRCLE('',#166,1.);
#166 = AXIS2_PLACEMENT_2D('',#167,#168);
#167 = CARTESIAN_POINT('',(0.,0.));
#168 = DIRECTION('',(1.,0.));
#169 = ( GEOMETRIC_REPRESENTATION_CONTEXT(2) 
PARAMETRIC_REPRESENTATION_CONTEXT() REPRESENTATION_CONTEXT('2D SPACE',''
  ) );
#170 = ADVANCED_FACE('',(#171,#202),#159,.T.);
#171 = FACE_BOUND('',#172,.T.);
#172 = EDGE_LOOP('',(#173));
#173 = ORIENTED_EDGE('',*,*,#174,.T.);
#174 = EDGE_CURVE('',#175,#175,#177,.T.);
#175 = VERTEX_POINT('',#176);
#176 = CARTESIAN_POINT('',(-50.,-11.5,6.));
#177 = SURFACE_CURVE('',#178,(#183,#190),.PCURVE_S1.);
#178 = CIRCLE('',#179,2.5);
#179 = AXIS2_PLACEMENT_3D('',#180,#181,#182);
#180 = CARTESIAN_POINT('',(-52.5,-11.5,6.));
#181 = DIRECTION('',(0.,0.,1.));
#182 = DIRECTION('',(1.,0.,0.));
#183 = PCURVE('',#159,#184);
#184 = DEFINITIONAL_REPRESENTATION('',(#185),#189);
#185 = CIRCLE('',#186,2.5);
#186 = AXIS2_PLACEMENT_2D('',#187,#188);
#187 = CARTESIAN_POINT('',(0.,0.));
#188 = DIRECTION('',(1.,0.));
#189 = ( GEOMETRIC_REPRESENTATION_CONTEXT(2) 
PARAMETRIC_REPRESENTATION_CONTEXT() REPRESENTATION_CONTEXT('2D SPACE',''
  ) );
#190 = PCURVE('',#191,#196);
#191 = CYLINDRICAL_SURFACE('',#192,2.5);
#192 = AXIS2_PLACEMENT_3D('',#193,#194,#195);
#193 = CARTESIAN_POINT('',(-52.5,-11.5,3.));
#194 = DIRECTION('',(0.,0.,1.));
#195 = DIRECTION('',(1.,0.,0.));
#196 = DEFINITIONAL_REPRESENTATION('',(#197),#201);
#197 = LINE('',#198,#199);
#198 = CARTESIAN_POINT('',(0.,3.));
#199 = VECTOR('',#200,1.);
#200 = DIRECTION('',(1.,0.));
#201 = ( GEOMETRIC_REPRESENTATION_CONTEXT(2) 
PARAMETRIC_REPRESENTATION_CONTEXT() REPRESENTATION_CONTEXT('2D SPACE',''
  ) );
#202 = FACE_BOUND('',#203,.T.);
#203 = EDGE_LOOP('',(#204));
#204 = ORIENTED_EDGE('',*,*,#144,.F.);
#205 = ADVANCED_FACE('',(#206),#131,.T.);
#206 = FACE_BOUND('',#207,.T.);
#207 = EDGE_LOOP('',(#208));
#208 = ORIENTED_EDGE('',*,*,#116,.T.);
#209 = ADVANCED_FACE('',(#210),#191,.T.);
#210 = FACE_BOUND('',#211,.T.);
#211 = EDGE_LOOP('',(#212,#213,#236,#263));
#212 = ORIENTED_EDGE('',*,*,#174,.F.);
#213 = ORIENTED_EDGE('',*,*,#214,.F.);
#214 = EDGE_CURVE('',#215,#175,#217,.T.);
#215 = VERTEX_POINT('',#216);
#216 = CARTESIAN_POINT('',(-50.,-11.5,3.));
#217 = SEAM_CURVE('',#218,(#222,#229),.PCURVE_S1.);
#218 = LINE('',#219,#220);
#219 = CARTESIAN_POINT('',(-50.,-11.5,3.));
#220 = VECTOR('',#221,1.);
#221 = DIRECTION('',(0.,0.,1.));
#222 = PCURVE('',#191,#223);
#223 = DEFINITIONAL_REPRESENTATION('',(#224),#228);
#224 = LINE('',#225,#226);
#225 = CARTESIAN_POINT('',(6.28318530718,-0.));
#226 = VECTOR('',#227,1.);
#227 = DIRECTION('',(0.,1.));
#228 = ( GEOMETRIC_REPRESENTATION_CONTEXT(2) 
PARAMETRIC_REPRESENTATION_CONTEXT() REPRESENTATION_CONTEXT('2D SPACE',''
  ) );
#229 = PCURVE('',#191,#230);
#230 = DEFINITIONAL_REPRESENTATION('',(#231),#235);
#231 = LINE('',#232,#233);
#232 = CARTESIAN_POINT('',(0.,-0.));
#233 = VECTOR('',#234,1.);
#234 = DIRECTION('',(0.,1.));
#235 = ( GEOMETRIC_REPRESENTATION_CONTEXT(2) 
PARAMETRIC_REPRESENTATION_CONTEXT() REPRESENTATION_CONTEXT('2D SPACE',''
  ) );
#236 = ORIENTED_EDGE('',*,*,#237,.T.);
#237 = EDGE_CURVE('',#215,#215,#238,.T.);
#238 = SURFACE_CURVE('',#239,(#244,#251),.PCURVE_S1.);
#239 = CIRCLE('',#240,2.5);
#240 = AXIS2_PLACEMENT_3D('',#241,#242,#243);
#241 = CARTESIAN_POINT('',(-52.5,-11.5,3.));
#242 = DIRECTION('',(0.,0.,1.));
#243 = DIRECTION('',(1.,0.,0.));
#244 = PCURVE('',#191,#245);
#245 = DEFINITIONAL_REPRESENTATION('',(#246),#250);
#246 = LINE('',#247,#248);
#247 = CARTESIAN_POINT('',(0.,0.));
#248 = VECTOR('',#249,1.);
#249 = DIRECTION('',(1.,0.));
#250 = ( GEOMETRIC_REPRESENTATION_CONTEXT(2) 
PARAMETRIC_REPRESENTATION_CONTEXT() REPRESENTATION_CONTEXT('2D SPACE',''
  ) );
#251 = PCURVE('',#252,#257);
#252 = PLANE('',#253);
#253 = AXIS2_PLACEMENT_3D('',#254,#255,#256);
#254 = CARTESIAN_POINT('',(-67.5,-26.5,3.));
#255 = DIRECTION('',(0.,0.,1.));
#256 = DIRECTION('',(1.,0.,0.));
#257 = DEFINITIONAL_REPRESENTATION('',(#258),#262);
#258 = CIRCLE('',#259,2.5);
#259 = AXIS2_PLACEMENT_2D('',#260,#261);
#260 = CARTESIAN_POINT('',(15.,15.));
#261 = DIRECTION('',(1.,0.));
#262 = ( GEOMETRIC_REPRESENTATION_CONTEXT(2) 
PARAMETRIC_REPRESENTATION_CONTEXT() REPRESENTATION_CONTEXT('2D SPACE',''
  ) );
#263 = ORIENTED_EDGE('',*,*,#214,.T.);
#264 = ADVANCED_FACE('',(#265,#491,#494,#525,#556,#590,#621,#655),#252,
  .T.);
#265 = FACE_BOUND('',#266,.T.);
#266 = EDGE_LOOP('',(#267,#297,#325,#353,#381,#409,#437,#465));
#267 = ORIENTED_EDGE('',*,*,#268,.F.);
#268 = EDGE_CURVE('',#269,#271,#273,.T.);
#269 = VERTEX_POINT('',#270);
#270 = CARTESIAN_POINT('',(-65.5,15.242572875254,3.));
#271 = VERTEX_POINT('',#272);
#272 = CARTESIAN_POINT('',(-56.24257287525,24.5,3.));
#273 = SURFACE_CURVE('',#274,(#278,#285),.PCURVE_S1.);
#274 = LINE('',#275,#276);
#275 = CARTESIAN_POINT('',(-74.12128643762,6.621286437627,3.));
#276 = VECTOR('',#277,1.);
#277 = DIRECTION('',(0.707106781187,0.707106781187,0.));
#278 = PCURVE('',#252,#279);
#279 = DEFINITIONAL_REPRESENTATION('',(#280),#284);
#280 = LINE('',#281,#282);
#281 = CARTESIAN_POINT('',(-6.621286437627,33.121286437627));
#282 = VECTOR('',#283,1.);
#283 = DIRECTION('',(0.707106781187,0.707106781187));
#284 = ( GEOMETRIC_REPRESENTATION_CONTEXT(2) 
PARAMETRIC_REPRESENTATION_CONTEXT() REPRESENTATION_CONTEXT('2D SPACE',''
  ) );
#285 = PCURVE('',#286,#291);
#286 = PLANE('',#287);
#287 = AXIS2_PLACEMENT_3D('',#288,#289,#290);
#288 = CARTESIAN_POINT('',(-65.5,15.242572875254,3.));
#289 = DIRECTION('',(-0.707106781187,0.707106781187,0.));
#290 = DIRECTION('',(0.707106781187,0.707106781187,0.));
#291 = DEFINITIONAL_REPRESENTATION('',(#292),#296);
#292 = LINE('',#293,#294);
#293 = CARTESIAN_POINT('',(-12.19234020519,-0.));
#294 = VECTOR('',#295,1.);
#295 = DIRECTION('',(1.,0.));
#296 = ( GEOMETRIC_REPRESENTATION_CONTEXT(2) 
PARAMETRIC_REPRESENTATION_CONTEXT() REPRESENTATION_CONTEXT('2D SPACE',''
  ) );
#297 = ORIENTED_EDGE('',*,*,#298,.T.);
#298 = EDGE_CURVE('',#269,#299,#301,.T.);
#299 = VERTEX_POINT('',#300);
#300 = CARTESIAN_POINT('',(-65.5,-15.24257287525,3.));
#301 = SURFACE_CURVE('',#302,(#306,#313),.PCURVE_S1.);
#302 = LINE('',#303,#304);
#303 = CARTESIAN_POINT('',(-65.5,-26.5,3.));
#304 = VECTOR('',#305,1.);
#305 = DIRECTION('',(0.,-1.,0.));
#306 = PCURVE('',#252,#307);
#307 = DEFINITIONAL_REPRESENTATION('',(#308),#312);
#308 = LINE('',#309,#310);
#309 = CARTESIAN_POINT('',(2.,0.));
#310 = VECTOR('',#311,1.);
#311 = DIRECTION('',(0.,-1.));
#312 = ( GEOMETRIC_REPRESENTATION_CONTEXT(2) 
PARAMETRIC_REPRESENTATION_CONTEXT() REPRESENTATION_CONTEXT('2D SPACE',''
  ) );
#313 = PCURVE('',#314,#319);
#314 = PLANE('',#315);
#315 = AXIS2_PLACEMENT_3D('',#316,#317,#318);
#316 = CARTESIAN_POINT('',(-65.5,15.242572875254,3.));
#317 = DIRECTION('',(1.,0.,-0.));
#318 = DIRECTION('',(0.,-1.,0.));
#319 = DEFINITIONAL_REPRESENTATION('',(#320),#324);
#320 = LINE('',#321,#322);
#321 = CARTESIAN_POINT('',(41.742572875254,0.));
#322 = VECTOR('',#323,1.);
#323 = DIRECTION('',(1.,0.));
#324 = ( GEOMETRIC_REPRESENTATION_CONTEXT(2) 
PARAMETRIC_REPRESENTATION_CONTEXT() REPRESENTATION_CONTEXT('2D SPACE',''
  ) );
#325 = ORIENTED_EDGE('',*,*,#326,.T.);
#326 = EDGE_CURVE('',#299,#327,#329,.T.);
#327 = VERTEX_POINT('',#328);
#328 = CARTESIAN_POINT('',(-56.24257287525,-24.5,3.));
#329 = SURFACE_CURVE('',#330,(#334,#341),.PCURVE_S1.);
#330 = LINE('',#331,#332);
#331 = CARTESIAN_POINT('',(-60.87128643762,-19.87128643762,3.));
#332 = VECTOR('',#333,1.);
#333 = DIRECTION('',(0.707106781187,-0.707106781187,0.));
#334 = PCURVE('',#252,#335);
#335 = DEFINITIONAL_REPRESENTATION('',(#336),#340);
#336 = LINE('',#337,#338);
#337 = CARTESIAN_POINT('',(6.628713562373,6.628713562373));
#338 = VECTOR('',#339,1.);
#339 = DIRECTION('',(0.707106781187,-0.707106781187));
#340 = ( GEOMETRIC_REPRESENTATION_CONTEXT(2) 
PARAMETRIC_REPRESENTATION_CONTEXT() REPRESENTATION_CONTEXT('2D SPACE',''
  ) );
#341 = PCURVE('',#342,#347);
#342 = PLANE('',#343);
#343 = AXIS2_PLACEMENT_3D('',#344,#345,#346);
#344 = CARTESIAN_POINT('',(-65.5,-15.24257287525,3.));
#345 = DIRECTION('',(0.707106781187,0.707106781187,-0.));
#346 = DIRECTION('',(0.707106781187,-0.707106781187,0.));
#347 = DEFINITIONAL_REPRESENTATION('',(#348),#352);
#348 = LINE('',#349,#350);
#349 = CARTESIAN_POINT('',(6.545989496248,0.));
#350 = VECTOR('',#351,1.);
#351 = DIRECTION('',(1.,0.));
#352 = ( GEOMETRIC_REPRESENTATION_CONTEXT(2) 
PARAMETRIC_REPRESENTATION_CONTEXT() REPRESENTATION_CONTEXT('2D SPACE',''
  ) );
#353 = ORIENTED_EDGE('',*,*,#354,.T.);
#354 = EDGE_CURVE('',#327,#355,#357,.T.);
#355 = VERTEX_POINT('',#356);
#356 = CARTESIAN_POINT('',(56.242572875254,-24.5,3.));
#357 = SURFACE_CURVE('',#358,(#362,#369),.PCURVE_S1.);
#358 = LINE('',#359,#360);
#359 = CARTESIAN_POINT('',(-67.5,-24.5,3.));
#360 = VECTOR('',#361,1.);
#361 = DIRECTION('',(1.,0.,0.));
#362 = PCURVE('',#252,#363);
#363 = DEFINITIONAL_REPRESENTATION('',(#364),#368);
#364 = LINE('',#365,#366);
#365 = CARTESIAN_POINT('',(0.,2.));
#366 = VECTOR('',#367,1.);
#367 = DIRECTION('',(1.,0.));
#368 = ( GEOMETRIC_REPRESENTATION_CONTEXT(2) 
PARAMETRIC_REPRESENTATION_CONTEXT() REPRESENTATION_CONTEXT('2D SPACE',''
  ) );
#369 = PCURVE('',#370,#375);
#370 = PLANE('',#371);
#371 = AXIS2_PLACEMENT_3D('',#372,#373,#374);
#372 = CARTESIAN_POINT('',(-56.24257287525,-24.5,3.));
#373 = DIRECTION('',(0.,1.,0.));
#374 = DIRECTION('',(1.,0.,0.));
#375 = DEFINITIONAL_REPRESENTATION('',(#376),#380);
#376 = LINE('',#377,#378);
#377 = CARTESIAN_POINT('',(-11.25742712474,0.));
#378 = VECTOR('',#379,1.);
#379 = DIRECTION('',(1.,0.));
#380 = ( GEOMETRIC_REPRESENTATION_CONTEXT(2) 
PARAMETRIC_REPRESENTATION_CONTEXT() REPRESENTATION_CONTEXT('2D SPACE',''
  ) );
#381 = ORIENTED_EDGE('',*,*,#382,.F.);
#382 = EDGE_CURVE('',#383,#355,#385,.T.);
#383 = VERTEX_POINT('',#384);
#384 = CARTESIAN_POINT('',(65.5,-15.24257287525,3.));
#385 = SURFACE_CURVE('',#386,(#390,#397),.PCURVE_S1.);
#386 = LINE('',#387,#388);
#387 = CARTESIAN_POINT('',(27.121286437627,-53.62128643762,3.));
#388 = VECTOR('',#389,1.);
#389 = DIRECTION('',(-0.707106781187,-0.707106781187,0.));
#390 = PCURVE('',#252,#391);
#391 = DEFINITIONAL_REPRESENTATION('',(#392),#396);
#392 = LINE('',#393,#394);
#393 = CARTESIAN_POINT('',(94.621286437627,-27.12128643762));
#394 = VECTOR('',#395,1.);
#395 = DIRECTION('',(-0.707106781187,-0.707106781187));
#396 = ( GEOMETRIC_REPRESENTATION_CONTEXT(2) 
PARAMETRIC_REPRESENTATION_CONTEXT() REPRESENTATION_CONTEXT('2D SPACE',''
  ) );
#397 = PCURVE('',#398,#403);
#398 = PLANE('',#399);
#399 = AXIS2_PLACEMENT_3D('',#400,#401,#402);
#400 = CARTESIAN_POINT('',(65.5,-15.24257287525,3.));
#401 = DIRECTION('',(0.707106781187,-0.707106781187,0.));
#402 = DIRECTION('',(-0.707106781187,-0.707106781187,0.));
#403 = DEFINITIONAL_REPRESENTATION('',(#404),#408);
#404 = LINE('',#405,#406);
#405 = CARTESIAN_POINT('',(54.27569722634,0.));
#406 = VECTOR('',#407,1.);
#407 = DIRECTION('',(1.,0.));
#408 = ( GEOMETRIC_REPRESENTATION_CONTEXT(2) 
PARAMETRIC_REPRESENTATION_CONTEXT() REPRESENTATION_CONTEXT('2D SPACE',''
  ) );
#409 = ORIENTED_EDGE('',*,*,#410,.F.);
#410 = EDGE_CURVE('',#411,#383,#413,.T.);
#411 = VERTEX_POINT('',#412);
#412 = CARTESIAN_POINT('',(65.5,15.242572875254,3.));
#413 = SURFACE_CURVE('',#414,(#418,#425),.PCURVE_S1.);
#414 = LINE('',#415,#416);
#415 = CARTESIAN_POINT('',(65.5,-26.5,3.));
#416 = VECTOR('',#417,1.);
#417 = DIRECTION('',(0.,-1.,0.));
#418 = PCURVE('',#252,#419);
#419 = DEFINITIONAL_REPRESENTATION('',(#420),#424);
#420 = LINE('',#421,#422);
#421 = CARTESIAN_POINT('',(133.,0.));
#422 = VECTOR('',#423,1.);
#423 = DIRECTION('',(0.,-1.));
#424 = ( GEOMETRIC_REPRESENTATION_CONTEXT(2) 
PARAMETRIC_REPRESENTATION_CONTEXT() REPRESENTATION_CONTEXT('2D SPACE',''
  ) );
#425 = PCURVE('',#426,#431);
#426 = PLANE('',#427);
#427 = AXIS2_PLACEMENT_3D('',#428,#429,#430);
#428 = CARTESIAN_POINT('',(65.5,15.242572875254,3.));
#429 = DIRECTION('',(1.,0.,-0.));
#430 = DIRECTION('',(0.,-1.,0.));
#431 = DEFINITIONAL_REPRESENTATION('',(#432),#436);
#432 = LINE('',#433,#434);
#433 = CARTESIAN_POINT('',(41.742572875254,0.));
#434 = VECTOR('',#435,1.);
#435 = DIRECTION('',(1.,0.));
#436 = ( GEOMETRIC_REPRESENTATION_CONTEXT(2) 
PARAMETRIC_REPRESENTATION_CONTEXT() REPRESENTATION_CONTEXT('2D SPACE',''
  ) );
#437 = ORIENTED_EDGE('',*,*,#438,.T.);
#438 = EDGE_CURVE('',#411,#439,#441,.T.);
#439 = VERTEX_POINT('',#440);
#440 = CARTESIAN_POINT('',(56.242572875254,24.5,3.));
#441 = SURFACE_CURVE('',#442,(#446,#453),.PCURVE_S1.);
#442 = LINE('',#443,#444);
#443 = CARTESIAN_POINT('',(40.371286437627,40.371286437627,3.));
#444 = VECTOR('',#445,1.);
#445 = DIRECTION('',(-0.707106781187,0.707106781187,0.));
#446 = PCURVE('',#252,#447);
#447 = DEFINITIONAL_REPRESENTATION('',(#448),#452);
#448 = LINE('',#449,#450);
#449 = CARTESIAN_POINT('',(107.87128643762,66.871286437627));
#450 = VECTOR('',#451,1.);
#451 = DIRECTION('',(-0.707106781187,0.707106781187));
#452 = ( GEOMETRIC_REPRESENTATION_CONTEXT(2) 
PARAMETRIC_REPRESENTATION_CONTEXT() REPRESENTATION_CONTEXT('2D SPACE',''
  ) );
#453 = PCURVE('',#454,#459);
#454 = PLANE('',#455);
#455 = AXIS2_PLACEMENT_3D('',#456,#457,#458);
#456 = CARTESIAN_POINT('',(65.5,15.242572875254,3.));
#457 = DIRECTION('',(-0.707106781187,-0.707106781187,0.));
#458 = DIRECTION('',(-0.707106781187,0.707106781187,0.));
#459 = DEFINITIONAL_REPRESENTATION('',(#460),#464);
#460 = LINE('',#461,#462);
#461 = CARTESIAN_POINT('',(35.537367524897,0.));
#462 = VECTOR('',#463,1.);
#463 = DIRECTION('',(1.,0.));
#464 = ( GEOMETRIC_REPRESENTATION_CONTEXT(2) 
PARAMETRIC_REPRESENTATION_CONTEXT() REPRESENTATION_CONTEXT('2D SPACE',''
  ) );
#465 = ORIENTED_EDGE('',*,*,#466,.F.);
#466 = EDGE_CURVE('',#271,#439,#467,.T.);
#467 = SURFACE_CURVE('',#468,(#472,#479),.PCURVE_S1.);
#468 = LINE('',#469,#470);
#469 = CARTESIAN_POINT('',(-67.5,24.5,3.));
#470 = VECTOR('',#471,1.);
#471 = DIRECTION('',(1.,0.,0.));
#472 = PCURVE('',#252,#473);
#473 = DEFINITIONAL_REPRESENTATION('',(#474),#478);
#474 = LINE('',#475,#476);
#475 = CARTESIAN_POINT('',(0.,51.));
#476 = VECTOR('',#477,1.);
#477 = DIRECTION('',(1.,0.));
#478 = ( GEOMETRIC_REPRESENTATION_CONTEXT(2) 
PARAMETRIC_REPRESENTATION_CONTEXT() REPRESENTATION_CONTEXT('2D SPACE',''
  ) );
#479 = PCURVE('',#480,#485);
#480 = PLANE('',#481);
#481 = AXIS2_PLACEMENT_3D('',#482,#483,#484);
#482 = CARTESIAN_POINT('',(-56.24257287525,24.5,3.));
#483 = DIRECTION('',(0.,1.,0.));
#484 = DIRECTION('',(1.,0.,0.));
#485 = DEFINITIONAL_REPRESENTATION('',(#486),#490);
#486 = LINE('',#487,#488);
#487 = CARTESIAN_POINT('',(-11.25742712474,0.));
#488 = VECTOR('',#489,1.);
#489 = DIRECTION('',(1.,0.));
#490 = ( GEOMETRIC_REPRESENTATION_CONTEXT(2) 
PARAMETRIC_REPRESENTATION_CONTEXT() REPRESENTATION_CONTEXT('2D SPACE',''
  ) );
#491 = FACE_BOUND('',#492,.T.);
#492 = EDGE_LOOP('',(#493));
#493 = ORIENTED_EDGE('',*,*,#237,.F.);
#494 = FACE_BOUND('',#495,.T.);
#495 = EDGE_LOOP('',(#496));
#496 = ORIENTED_EDGE('',*,*,#497,.F.);
#497 = EDGE_CURVE('',#498,#498,#500,.T.);
#498 = VERTEX_POINT('',#499);
#499 = CARTESIAN_POINT('',(4.,-11.5,3.));
#500 = SURFACE_CURVE('',#501,(#506,#513),.PCURVE_S1.);
#501 = CIRCLE('',#502,4.);
#502 = AXIS2_PLACEMENT_3D('',#503,#504,#505);
#503 = CARTESIAN_POINT('',(0.,-11.5,3.));
#504 = DIRECTION('',(0.,0.,1.));
#505 = DIRECTION('',(1.,0.,0.));
#506 = PCURVE('',#252,#507);
#507 = DEFINITIONAL_REPRESENTATION('',(#508),#512);
#508 = CIRCLE('',#509,4.);
#509 = AXIS2_PLACEMENT_2D('',#510,#511);
#510 = CARTESIAN_POINT('',(67.5,15.));
#511 = DIRECTION('',(1.,0.));
#512 = ( GEOMETRIC_REPRESENTATION_CONTEXT(2) 
PARAMETRIC_REPRESENTATION_CONTEXT() REPRESENTATION_CONTEXT('2D SPACE',''
  ) );
#513 = PCURVE('',#514,#519);
#514 = CYLINDRICAL_SURFACE('',#515,4.);
#515 = AXIS2_PLACEMENT_3D('',#516,#517,#518);
#516 = CARTESIAN_POINT('',(0.,-11.5,3.));
#517 = DIRECTION('',(0.,0.,1.));
#518 = DIRECTION('',(1.,0.,0.));
#519 = DEFINITIONAL_REPRESENTATION('',(#520),#524);
#520 = LINE('',#521,#522);
#521 = CARTESIAN_POINT('',(0.,0.));
#522 = VECTOR('',#523,1.);
#523 = DIRECTION('',(1.,0.));
#524 = ( GEOMETRIC_REPRESENTATION_CONTEXT(2) 
PARAMETRIC_REPRESENTATION_CONTEXT() REPRESENTATION_CONTEXT('2D SPACE',''
  ) );
#525 = FACE_BOUND('',#526,.T.);
#526 = EDGE_LOOP('',(#527));
#527 = ORIENTED_EDGE('',*,*,#528,.F.);
#528 = EDGE_CURVE('',#529,#529,#531,.T.);
#529 = VERTEX_POINT('',#530);
#530 = CARTESIAN_POINT('',(55.,-11.5,3.));
#531 = SURFACE_CURVE('',#532,(#537,#544),.PCURVE_S1.);
#532 = CIRCLE('',#533,2.5);
#533 = AXIS2_PLACEMENT_3D('',#534,#535,#536);
#534 = CARTESIAN_POINT('',(52.5,-11.5,3.));
#535 = DIRECTION('',(0.,0.,1.));
#536 = DIRECTION('',(1.,0.,0.));
#537 = PCURVE('',#252,#538);
#538 = DEFINITIONAL_REPRESENTATION('',(#539),#543);
#539 = CIRCLE('',#540,2.5);
#540 = AXIS2_PLACEMENT_2D('',#541,#542);
#541 = CARTESIAN_POINT('',(120.,15.));
#542 = DIRECTION('',(1.,0.));
#543 = ( GEOMETRIC_REPRESENTATION_CONTEXT(2) 
PARAMETRIC_REPRESENTATION_CONTEXT() REPRESENTATION_CONTEXT('2D SPACE',''
  ) );
#544 = PCURVE('',#545,#550);
#545 = CYLINDRICAL_SURFACE('',#546,2.5);
#546 = AXIS2_PLACEMENT_3D('',#547,#548,#549);
#547 = CARTESIAN_POINT('',(52.5,-11.5,3.));
#548 = DIRECTION('',(0.,0.,1.));
#549 = DIRECTION('',(1.,0.,0.));
#550 = DEFINITIONAL_REPRESENTATION('',(#551),#555);
#551 = LINE('',#552,#553);
#552 = CARTESIAN_POINT('',(0.,0.));
#553 = VECTOR('',#554,1.);
#554 = DIRECTION('',(1.,0.));
#555 = ( GEOMETRIC_REPRESENTATION_CONTEXT(2) 
PARAMETRIC_REPRESENTATION_CONTEXT() REPRESENTATION_CONTEXT('2D SPACE',''
  ) );
#556 = FACE_BOUND('',#557,.T.);
#557 = EDGE_LOOP('',(#558));
#558 = ORIENTED_EDGE('',*,*,#559,.F.);
#559 = EDGE_CURVE('',#560,#560,#562,.T.);
#560 = VERTEX_POINT('',#561);
#561 = CARTESIAN_POINT('',(-27.5,1.,3.));
#562 = SURFACE_CURVE('',#563,(#568,#575),.PCURVE_S1.);
#563 = ELLIPSE('',#564,10.5,9.);
#564 = AXIS2_PLACEMENT_3D('',#565,#566,#567);
#565 = CARTESIAN_POINT('',(-38.,1.,3.));
#566 = DIRECTION('',(0.,0.,1.));
#567 = DIRECTION('',(1.,0.,0.));
#568 = PCURVE('',#252,#569);
#569 = DEFINITIONAL_REPRESENTATION('',(#570),#574);
#570 = ELLIPSE('',#571,10.5,9.);
#571 = AXIS2_PLACEMENT_2D('',#572,#573);
#572 = CARTESIAN_POINT('',(29.5,27.5));
#573 = DIRECTION('',(1.,0.));
#574 = ( GEOMETRIC_REPRESENTATION_CONTEXT(2) 
PARAMETRIC_REPRESENTATION_CONTEXT() REPRESENTATION_CONTEXT('2D SPACE',''
  ) );
#575 = PCURVE('',#576,#584);
#576 = SURFACE_OF_LINEAR_EXTRUSION('',#577,#582);
#577 = ELLIPSE('',#578,10.5,9.);
#578 = AXIS2_PLACEMENT_3D('',#579,#580,#581);
#579 = CARTESIAN_POINT('',(-38.,1.,3.));
#580 = DIRECTION('',(0.,0.,1.));
#581 = DIRECTION('',(1.,0.,0.));
#582 = VECTOR('',#583,1.);
#583 = DIRECTION('',(-0.,-0.,-1.));
#584 = DEFINITIONAL_REPRESENTATION('',(#585),#589);
#585 = LINE('',#586,#587);
#586 = CARTESIAN_POINT('',(0.,0.));
#587 = VECTOR('',#588,1.);
#588 = DIRECTION('',(1.,0.));
#589 = ( GEOMETRIC_REPRESENTATION_CONTEXT(2) 
PARAMETRIC_REPRESENTATION_CONTEXT() REPRESENTATION_CONTEXT('2D SPACE',''
  ) );
#590 = FACE_BOUND('',#591,.T.);
#591 = EDGE_LOOP('',(#592));
#592 = ORIENTED_EDGE('',*,*,#593,.F.);
#593 = EDGE_CURVE('',#594,#594,#596,.T.);
#594 = VERTEX_POINT('',#595);
#595 = CARTESIAN_POINT('',(-50.,13.5,3.));
#596 = SURFACE_CURVE('',#597,(#602,#609),.PCURVE_S1.);
#597 = CIRCLE('',#598,2.5);
#598 = AXIS2_PLACEMENT_3D('',#599,#600,#601);
#599 = CARTESIAN_POINT('',(-52.5,13.5,3.));
#600 = DIRECTION('',(0.,0.,1.));
#601 = DIRECTION('',(1.,0.,0.));
#602 = PCURVE('',#252,#603);
#603 = DEFINITIONAL_REPRESENTATION('',(#604),#608);
#604 = CIRCLE('',#605,2.5);
#605 = AXIS2_PLACEMENT_2D('',#606,#607);
#606 = CARTESIAN_POINT('',(15.,40.));
#607 = DIRECTION('',(1.,0.));
#608 = ( GEOMETRIC_REPRESENTATION_CONTEXT(2) 
PARAMETRIC_REPRESENTATION_CONTEXT() REPRESENTATION_CONTEXT('2D SPACE',''
  ) );
#609 = PCURVE('',#610,#615);
#610 = CYLINDRICAL_SURFACE('',#611,2.5);
#611 = AXIS2_PLACEMENT_3D('',#612,#613,#614);
#612 = CARTESIAN_POINT('',(-52.5,13.5,3.));
#613 = DIRECTION('',(0.,0.,1.));
#614 = DIRECTION('',(1.,0.,0.));
#615 = DEFINITIONAL_REPRESENTATION('',(#616),#620);
#616 = LINE('',#617,#618);
#617 = CARTESIAN_POINT('',(0.,0.));
#618 = VECTOR('',#619,1.);
#619 = DIRECTION('',(1.,0.));
#620 = ( GEOMETRIC_REPRESENTATION_CONTEXT(2) 
PARAMETRIC_REPRESENTATION_CONTEXT() REPRESENTATION_CONTEXT('2D SPACE',''
  ) );
#621 = FACE_BOUND('',#622,.T.);
#622 = EDGE_LOOP('',(#623));
#623 = ORIENTED_EDGE('',*,*,#624,.F.);
#624 = EDGE_CURVE('',#625,#625,#627,.T.);
#625 = VERTEX_POINT('',#626);
#626 = CARTESIAN_POINT('',(48.5,1.,3.));
#627 = SURFACE_CURVE('',#628,(#633,#640),.PCURVE_S1.);
#628 = ELLIPSE('',#629,10.5,9.);
#629 = AXIS2_PLACEMENT_3D('',#630,#631,#632);
#630 = CARTESIAN_POINT('',(38.,1.,3.));
#631 = DIRECTION('',(0.,0.,1.));
#632 = DIRECTION('',(1.,0.,0.));
#633 = PCURVE('',#252,#634);
#634 = DEFINITIONAL_REPRESENTATION('',(#635),#639);
#635 = ELLIPSE('',#636,10.5,9.);
#636 = AXIS2_PLACEMENT_2D('',#637,#638);
#637 = CARTESIAN_POINT('',(105.5,27.5));
#638 = DIRECTION('',(1.,0.));
#639 = ( GEOMETRIC_REPRESENTATION_CONTEXT(2) 
PARAMETRIC_REPRESENTATION_CONTEXT() REPRESENTATION_CONTEXT('2D SPACE',''
  ) );
#640 = PCURVE('',#641,#649);
#641 = SURFACE_OF_LINEAR_EXTRUSION('',#642,#647);
#642 = ELLIPSE('',#643,10.5,9.);
#643 = AXIS2_PLACEMENT_3D('',#644,#645,#646);
#644 = CARTESIAN_POINT('',(38.,1.,3.));
#645 = DIRECTION('',(0.,0.,1.));
#646 = DIRECTION('',(1.,0.,0.));
#647 = VECTOR('',#648,1.);
#648 = DIRECTION('',(-0.,-0.,-1.));
#649 = DEFINITIONAL_REPRESENTATION('',(#650),#654);
#650 = LINE('',#651,#652);
#651 = CARTESIAN_POINT('',(0.,0.));
#652 = VECTOR('',#653,1.);
#653 = DIRECTION('',(1.,0.));
#654 = ( GEOMETRIC_REPRESENTATION_CONTEXT(2) 
PARAMETRIC_REPRESENTATION_CONTEXT() REPRESENTATION_CONTEXT('2D SPACE',''
  ) );
#655 = FACE_BOUND('',#656,.T.);
#656 = EDGE_LOOP('',(#657));
#657 = ORIENTED_EDGE('',*,*,#658,.F.);
#658 = EDGE_CURVE('',#659,#659,#661,.T.);
#659 = VERTEX_POINT('',#660);
#660 = CARTESIAN_POINT('',(55.,13.5,3.));
#661 = SURFACE_CURVE('',#662,(#667,#674),.PCURVE_S1.);
#662 = CIRCLE('',#663,2.5);
#663 = AXIS2_PLACEMENT_3D('',#664,#665,#666);
#664 = CARTESIAN_POINT('',(52.5,13.5,3.));
#665 = DIRECTION('',(0.,0.,1.));
#666 = DIRECTION('',(1.,0.,0.));
#667 = PCURVE('',#252,#668);
#668 = DEFINITIONAL_REPRESENTATION('',(#669),#673);
#669 = CIRCLE('',#670,2.5);
#670 = AXIS2_PLACEMENT_2D('',#671,#672);
#671 = CARTESIAN_POINT('',(120.,40.));
#672 = DIRECTION('',(1.,0.));
#673 = ( GEOMETRIC_REPRESENTATION_CONTEXT(2) 
PARAMETRIC_REPRESENTATION_CONTEXT() REPRESENTATION_CONTEXT('2D SPACE',''
  ) );
#674 = PCURVE('',#675,#680);
#675 = CYLINDRICAL_SURFACE('',#676,2.5);
#676 = AXIS2_PLACEMENT_3D('',#677,#678,#679);
#677 = CARTESIAN_POINT('',(52.5,13.5,3.));
#678 = DIRECTION('',(0.,0.,1.));
#679 = DIRECTION('',(1.,0.,0.));
#680 = DEFINITIONAL_REPRESENTATION('',(#681),#685);
#681 = LINE('',#682,#683);
#682 = CARTESIAN_POINT('',(0.,0.));
#683 = VECTOR('',#684,1.);
#684 = DIRECTION('',(1.,0.));
#685 = ( GEOMETRIC_REPRESENTATION_CONTEXT(2) 
PARAMETRIC_REPRESENTATION_CONTEXT() REPRESENTATION_CONTEXT('2D SPACE',''
  ) );
#686 = ADVANCED_FACE('',(#687),#286,.F.);
#687 = FACE_BOUND('',#688,.F.);
#688 = EDGE_LOOP('',(#689,#712,#740,#761));
#689 = ORIENTED_EDGE('',*,*,#690,.T.);
#690 = EDGE_CURVE('',#269,#691,#693,.T.);
#691 = VERTEX_POINT('',#692);
#692 = CARTESIAN_POINT('',(-65.5,15.242572875254,19.424));
#693 = SURFACE_CURVE('',#694,(#698,#705),.PCURVE_S1.);
#694 = LINE('',#695,#696);
#695 = CARTESIAN_POINT('',(-65.5,15.242572875254,3.));
#696 = VECTOR('',#697,1.);
#697 = DIRECTION('',(0.,0.,1.));
#698 = PCURVE('',#286,#699);
#699 = DEFINITIONAL_REPRESENTATION('',(#700),#704);
#700 = LINE('',#701,#702);
#701 = CARTESIAN_POINT('',(1.256073966947E-15,0.));
#702 = VECTOR('',#703,1.);
#703 = DIRECTION('',(0.,-1.));
#704 = ( GEOMETRIC_REPRESENTATION_CONTEXT(2) 
PARAMETRIC_REPRESENTATION_CONTEXT() REPRESENTATION_CONTEXT('2D SPACE',''
  ) );
#705 = PCURVE('',#314,#706);
#706 = DEFINITIONAL_REPRESENTATION('',(#707),#711);
#707 = LINE('',#708,#709);
#708 = CARTESIAN_POINT('',(0.,0.));
#709 = VECTOR('',#710,1.);
#710 = DIRECTION('',(0.,-1.));
#711 = ( GEOMETRIC_REPRESENTATION_CONTEXT(2) 
PARAMETRIC_REPRESENTATION_CONTEXT() REPRESENTATION_CONTEXT('2D SPACE',''
  ) );
#712 = ORIENTED_EDGE('',*,*,#713,.T.);
#713 = EDGE_CURVE('',#691,#714,#716,.T.);
#714 = VERTEX_POINT('',#715);
#715 = CARTESIAN_POINT('',(-56.24257287525,24.5,19.424));
#716 = SURFACE_CURVE('',#717,(#721,#728),.PCURVE_S1.);
#717 = LINE('',#718,#719);
#718 = CARTESIAN_POINT('',(-74.12128643762,6.621286437627,19.424));
#719 = VECTOR('',#720,1.);
#720 = DIRECTION('',(0.707106781187,0.707106781187,0.));
#721 = PCURVE('',#286,#722);
#722 = DEFINITIONAL_REPRESENTATION('',(#723),#727);
#723 = LINE('',#724,#725);
#724 = CARTESIAN_POINT('',(-12.19234020519,-16.424));
#725 = VECTOR('',#726,1.);
#726 = DIRECTION('',(1.,0.));
#727 = ( GEOMETRIC_REPRESENTATION_CONTEXT(2) 
PARAMETRIC_REPRESENTATION_CONTEXT() REPRESENTATION_CONTEXT('2D SPACE',''
  ) );
#728 = PCURVE('',#729,#734);
#729 = PLANE('',#730);
#730 = AXIS2_PLACEMENT_3D('',#731,#732,#733);
#731 = CARTESIAN_POINT('',(-67.5,-26.5,19.424));
#732 = DIRECTION('',(0.,0.,1.));
#733 = DIRECTION('',(1.,0.,0.));
#734 = DEFINITIONAL_REPRESENTATION('',(#735),#739);
#735 = LINE('',#736,#737);
#736 = CARTESIAN_POINT('',(-6.621286437627,33.121286437627));
#737 = VECTOR('',#738,1.);
#738 = DIRECTION('',(0.707106781187,0.707106781187));
#739 = ( GEOMETRIC_REPRESENTATION_CONTEXT(2) 
PARAMETRIC_REPRESENTATION_CONTEXT() REPRESENTATION_CONTEXT('2D SPACE',''
  ) );
#740 = ORIENTED_EDGE('',*,*,#741,.F.);
#741 = EDGE_CURVE('',#271,#714,#742,.T.);
#742 = SURFACE_CURVE('',#743,(#747,#754),.PCURVE_S1.);
#743 = LINE('',#744,#745);
#744 = CARTESIAN_POINT('',(-56.24257287525,24.5,3.));
#745 = VECTOR('',#746,1.);
#746 = DIRECTION('',(0.,0.,1.));
#747 = PCURVE('',#286,#748);
#748 = DEFINITIONAL_REPRESENTATION('',(#749),#753);
#749 = LINE('',#750,#751);
#750 = CARTESIAN_POINT('',(13.091978992497,0.));
#751 = VECTOR('',#752,1.);
#752 = DIRECTION('',(0.,-1.));
#753 = ( GEOMETRIC_REPRESENTATION_CONTEXT(2) 
PARAMETRIC_REPRESENTATION_CONTEXT() REPRESENTATION_CONTEXT('2D SPACE',''
  ) );
#754 = PCURVE('',#480,#755);
#755 = DEFINITIONAL_REPRESENTATION('',(#756),#760);
#756 = LINE('',#757,#758);
#757 = CARTESIAN_POINT('',(0.,0.));
#758 = VECTOR('',#759,1.);
#759 = DIRECTION('',(0.,-1.));
#760 = ( GEOMETRIC_REPRESENTATION_CONTEXT(2) 
PARAMETRIC_REPRESENTATION_CONTEXT() REPRESENTATION_CONTEXT('2D SPACE',''
  ) );
#761 = ORIENTED_EDGE('',*,*,#268,.F.);
#762 = ADVANCED_FACE('',(#763),#314,.T.);
#763 = FACE_BOUND('',#764,.T.);
#764 = EDGE_LOOP('',(#765,#766,#789,#810));
#765 = ORIENTED_EDGE('',*,*,#690,.T.);
#766 = ORIENTED_EDGE('',*,*,#767,.T.);
#767 = EDGE_CURVE('',#691,#768,#770,.T.);
#768 = VERTEX_POINT('',#769);
#769 = CARTESIAN_POINT('',(-65.5,-15.24257287525,19.424));
#770 = SURFACE_CURVE('',#771,(#775,#782),.PCURVE_S1.);
#771 = LINE('',#772,#773);
#772 = CARTESIAN_POINT('',(-65.5,-26.5,19.424));
#773 = VECTOR('',#774,1.);
#774 = DIRECTION('',(0.,-1.,0.));
#775 = PCURVE('',#314,#776);
#776 = DEFINITIONAL_REPRESENTATION('',(#777),#781);
#777 = LINE('',#778,#779);
#778 = CARTESIAN_POINT('',(41.742572875254,-16.424));
#779 = VECTOR('',#780,1.);
#780 = DIRECTION('',(1.,0.));
#781 = ( GEOMETRIC_REPRESENTATION_CONTEXT(2) 
PARAMETRIC_REPRESENTATION_CONTEXT() REPRESENTATION_CONTEXT('2D SPACE',''
  ) );
#782 = PCURVE('',#729,#783);
#783 = DEFINITIONAL_REPRESENTATION('',(#784),#788);
#784 = LINE('',#785,#786);
#785 = CARTESIAN_POINT('',(2.,0.));
#786 = VECTOR('',#787,1.);
#787 = DIRECTION('',(0.,-1.));
#788 = ( GEOMETRIC_REPRESENTATION_CONTEXT(2) 
PARAMETRIC_REPRESENTATION_CONTEXT() REPRESENTATION_CONTEXT('2D SPACE',''
  ) );
#789 = ORIENTED_EDGE('',*,*,#790,.F.);
#790 = EDGE_CURVE('',#299,#768,#791,.T.);
#791 = SURFACE_CURVE('',#792,(#796,#803),.PCURVE_S1.);
#792 = LINE('',#793,#794);
#793 = CARTESIAN_POINT('',(-65.5,-15.24257287525,3.));
#794 = VECTOR('',#795,1.);
#795 = DIRECTION('',(0.,0.,1.));
#796 = PCURVE('',#314,#797);
#797 = DEFINITIONAL_REPRESENTATION('',(#798),#802);
#798 = LINE('',#799,#800);
#799 = CARTESIAN_POINT('',(30.485145750508,0.));
#800 = VECTOR('',#801,1.);
#801 = DIRECTION('',(0.,-1.));
#802 = ( GEOMETRIC_REPRESENTATION_CONTEXT(2) 
PARAMETRIC_REPRESENTATION_CONTEXT() REPRESENTATION_CONTEXT('2D SPACE',''
  ) );
#803 = PCURVE('',#342,#804);
#804 = DEFINITIONAL_REPRESENTATION('',(#805),#809);
#805 = LINE('',#806,#807);
#806 = CARTESIAN_POINT('',(0.,0.));
#807 = VECTOR('',#808,1.);
#808 = DIRECTION('',(0.,-1.));
#809 = ( GEOMETRIC_REPRESENTATION_CONTEXT(2) 
PARAMETRIC_REPRESENTATION_CONTEXT() REPRESENTATION_CONTEXT('2D SPACE',''
  ) );
#810 = ORIENTED_EDGE('',*,*,#298,.F.);
#811 = ADVANCED_FACE('',(#812),#480,.F.);
#812 = FACE_BOUND('',#813,.F.);
#813 = EDGE_LOOP('',(#814,#815,#816,#839,#867,#895,#923,#946));
#814 = ORIENTED_EDGE('',*,*,#466,.F.);
#815 = ORIENTED_EDGE('',*,*,#741,.T.);
#816 = ORIENTED_EDGE('',*,*,#817,.T.);
#817 = EDGE_CURVE('',#714,#818,#820,.T.);
#818 = VERTEX_POINT('',#819);
#819 = CARTESIAN_POINT('',(-18.5195,24.5,19.424));
#820 = SURFACE_CURVE('',#821,(#825,#832),.PCURVE_S1.);
#821 = LINE('',#822,#823);
#822 = CARTESIAN_POINT('',(-67.5,24.5,19.424));
#823 = VECTOR('',#824,1.);
#824 = DIRECTION('',(1.,0.,0.));
#825 = PCURVE('',#480,#826);
#826 = DEFINITIONAL_REPRESENTATION('',(#827),#831);
#827 = LINE('',#828,#829);
#828 = CARTESIAN_POINT('',(-11.25742712474,-16.424));
#829 = VECTOR('',#830,1.);
#830 = DIRECTION('',(1.,0.));
#831 = ( GEOMETRIC_REPRESENTATION_CONTEXT(2) 
PARAMETRIC_REPRESENTATION_CONTEXT() REPRESENTATION_CONTEXT('2D SPACE',''
  ) );
#832 = PCURVE('',#729,#833);
#833 = DEFINITIONAL_REPRESENTATION('',(#834),#838);
#834 = LINE('',#835,#836);
#835 = CARTESIAN_POINT('',(0.,51.));
#836 = VECTOR('',#837,1.);
#837 = DIRECTION('',(1.,0.));
#838 = ( GEOMETRIC_REPRESENTATION_CONTEXT(2) 
PARAMETRIC_REPRESENTATION_CONTEXT() REPRESENTATION_CONTEXT('2D SPACE',''
  ) );
#839 = ORIENTED_EDGE('',*,*,#840,.F.);
#840 = EDGE_CURVE('',#841,#818,#843,.T.);
#841 = VERTEX_POINT('',#842);
#842 = CARTESIAN_POINT('',(-18.5195,24.5,4.6));
#843 = SURFACE_CURVE('',#844,(#848,#855),.PCURVE_S1.);
#844 = LINE('',#845,#846);
#845 = CARTESIAN_POINT('',(-18.5195,24.5,12.012));
#846 = VECTOR('',#847,1.);
#847 = DIRECTION('',(0.,0.,1.));
#848 = PCURVE('',#480,#849);
#849 = DEFINITIONAL_REPRESENTATION('',(#850),#854);
#850 = LINE('',#851,#852);
#851 = CARTESIAN_POINT('',(37.723072875254,-9.012));
#852 = VECTOR('',#853,1.);
#853 = DIRECTION('',(0.,-1.));
#854 = ( GEOMETRIC_REPRESENTATION_CONTEXT(2) 
PARAMETRIC_REPRESENTATION_CONTEXT() REPRESENTATION_CONTEXT('2D SPACE',''
  ) );
#855 = PCURVE('',#856,#861);
#856 = PLANE('',#857);
#857 = AXIS2_PLACEMENT_3D('',#858,#859,#860);
#858 = CARTESIAN_POINT('',(-18.5195,26.5,4.6));
#859 = DIRECTION('',(-1.,0.,0.));
#860 = DIRECTION('',(0.,0.,1.));
#861 = DEFINITIONAL_REPRESENTATION('',(#862),#866);
#862 = LINE('',#863,#864);
#863 = CARTESIAN_POINT('',(7.412,-2.));
#864 = VECTOR('',#865,1.);
#865 = DIRECTION('',(1.,0.));
#866 = ( GEOMETRIC_REPRESENTATION_CONTEXT(2) 
PARAMETRIC_REPRESENTATION_CONTEXT() REPRESENTATION_CONTEXT('2D SPACE',''
  ) );
#867 = ORIENTED_EDGE('',*,*,#868,.T.);
#868 = EDGE_CURVE('',#841,#869,#871,.T.);
#869 = VERTEX_POINT('',#870);
#870 = CARTESIAN_POINT('',(18.5195,24.5,4.6));
#871 = SURFACE_CURVE('',#872,(#876,#883),.PCURVE_S1.);
#872 = LINE('',#873,#874);
#873 = CARTESIAN_POINT('',(0.,24.5,4.6));
#874 = VECTOR('',#875,1.);
#875 = DIRECTION('',(1.,0.,0.));
#876 = PCURVE('',#480,#877);
#877 = DEFINITIONAL_REPRESENTATION('',(#878),#882);
#878 = LINE('',#879,#880);
#879 = CARTESIAN_POINT('',(56.242572875254,-1.6));
#880 = VECTOR('',#881,1.);
#881 = DIRECTION('',(1.,0.));
#882 = ( GEOMETRIC_REPRESENTATION_CONTEXT(2) 
PARAMETRIC_REPRESENTATION_CONTEXT() REPRESENTATION_CONTEXT('2D SPACE',''
  ) );
#883 = PCURVE('',#884,#889);
#884 = PLANE('',#885);
#885 = AXIS2_PLACEMENT_3D('',#886,#887,#888);
#886 = CARTESIAN_POINT('',(-18.5195,26.5,4.6));
#887 = DIRECTION('',(0.,0.,1.));
#888 = DIRECTION('',(1.,0.,-0.));
#889 = DEFINITIONAL_REPRESENTATION('',(#890),#894);
#890 = LINE('',#891,#892);
#891 = CARTESIAN_POINT('',(18.5195,-2.));
#892 = VECTOR('',#893,1.);
#893 = DIRECTION('',(1.,0.));
#894 = ( GEOMETRIC_REPRESENTATION_CONTEXT(2) 
PARAMETRIC_REPRESENTATION_CONTEXT() REPRESENTATION_CONTEXT('2D SPACE',''
  ) );
#895 = ORIENTED_EDGE('',*,*,#896,.T.);
#896 = EDGE_CURVE('',#869,#897,#899,.T.);
#897 = VERTEX_POINT('',#898);
#898 = CARTESIAN_POINT('',(18.5195,24.5,19.424));
#899 = SURFACE_CURVE('',#900,(#904,#911),.PCURVE_S1.);
#900 = LINE('',#901,#902);
#901 = CARTESIAN_POINT('',(18.5195,24.5,12.012));
#902 = VECTOR('',#903,1.);
#903 = DIRECTION('',(0.,0.,1.));
#904 = PCURVE('',#480,#905);
#905 = DEFINITIONAL_REPRESENTATION('',(#906),#910);
#906 = LINE('',#907,#908);
#907 = CARTESIAN_POINT('',(74.762072875254,-9.012));
#908 = VECTOR('',#909,1.);
#909 = DIRECTION('',(0.,-1.));
#910 = ( GEOMETRIC_REPRESENTATION_CONTEXT(2) 
PARAMETRIC_REPRESENTATION_CONTEXT() REPRESENTATION_CONTEXT('2D SPACE',''
  ) );
#911 = PCURVE('',#912,#917);
#912 = PLANE('',#913);
#913 = AXIS2_PLACEMENT_3D('',#914,#915,#916);
#914 = CARTESIAN_POINT('',(18.5195,26.5,4.6));
#915 = DIRECTION('',(-1.,0.,0.));
#916 = DIRECTION('',(0.,0.,1.));
#917 = DEFINITIONAL_REPRESENTATION('',(#918),#922);
#918 = LINE('',#919,#920);
#919 = CARTESIAN_POINT('',(7.412,-2.));
#920 = VECTOR('',#921,1.);
#921 = DIRECTION('',(1.,0.));
#922 = ( GEOMETRIC_REPRESENTATION_CONTEXT(2) 
PARAMETRIC_REPRESENTATION_CONTEXT() REPRESENTATION_CONTEXT('2D SPACE',''
  ) );
#923 = ORIENTED_EDGE('',*,*,#924,.T.);
#924 = EDGE_CURVE('',#897,#925,#927,.T.);
#925 = VERTEX_POINT('',#926);
#926 = CARTESIAN_POINT('',(56.242572875254,24.5,19.424));
#927 = SURFACE_CURVE('',#928,(#932,#939),.PCURVE_S1.);
#928 = LINE('',#929,#930);
#929 = CARTESIAN_POINT('',(-67.5,24.5,19.424));
#930 = VECTOR('',#931,1.);
#931 = DIRECTION('',(1.,0.,0.));
#932 = PCURVE('',#480,#933);
#933 = DEFINITIONAL_REPRESENTATION('',(#934),#938);
#934 = LINE('',#935,#936);
#935 = CARTESIAN_POINT('',(-11.25742712474,-16.424));
#936 = VECTOR('',#937,1.);
#937 = DIRECTION('',(1.,0.));
#938 = ( GEOMETRIC_REPRESENTATION_CONTEXT(2) 
PARAMETRIC_REPRESENTATION_CONTEXT() REPRESENTATION_CONTEXT('2D SPACE',''
  ) );
#939 = PCURVE('',#729,#940);
#940 = DEFINITIONAL_REPRESENTATION('',(#941),#945);
#941 = LINE('',#942,#943);
#942 = CARTESIAN_POINT('',(0.,51.));
#943 = VECTOR('',#944,1.);
#944 = DIRECTION('',(1.,0.));
#945 = ( GEOMETRIC_REPRESENTATION_CONTEXT(2) 
PARAMETRIC_REPRESENTATION_CONTEXT() REPRESENTATION_CONTEXT('2D SPACE',''
  ) );
#946 = ORIENTED_EDGE('',*,*,#947,.F.);
#947 = EDGE_CURVE('',#439,#925,#948,.T.);
#948 = SURFACE_CURVE('',#949,(#953,#960),.PCURVE_S1.);
#949 = LINE('',#950,#951);
#950 = CARTESIAN_POINT('',(56.242572875254,24.5,3.));
#951 = VECTOR('',#952,1.);
#952 = DIRECTION('',(0.,0.,1.));
#953 = PCURVE('',#480,#954);
#954 = DEFINITIONAL_REPRESENTATION('',(#955),#959);
#955 = LINE('',#956,#957);
#956 = CARTESIAN_POINT('',(112.4851457505,0.));
#957 = VECTOR('',#958,1.);
#958 = DIRECTION('',(0.,-1.));
#959 = ( GEOMETRIC_REPRESENTATION_CONTEXT(2) 
PARAMETRIC_REPRESENTATION_CONTEXT() REPRESENTATION_CONTEXT('2D SPACE',''
  ) );
#960 = PCURVE('',#454,#961);
#961 = DEFINITIONAL_REPRESENTATION('',(#962),#966);
#962 = LINE('',#963,#964);
#963 = CARTESIAN_POINT('',(13.091978992497,0.));
#964 = VECTOR('',#965,1.);
#965 = DIRECTION('',(0.,-1.));
#966 = ( GEOMETRIC_REPRESENTATION_CONTEXT(2) 
PARAMETRIC_REPRESENTATION_CONTEXT() REPRESENTATION_CONTEXT('2D SPACE',''
  ) );
#967 = ADVANCED_FACE('',(#968),#342,.T.);
#968 = FACE_BOUND('',#969,.T.);
#969 = EDGE_LOOP('',(#970,#971,#994,#1015));
#970 = ORIENTED_EDGE('',*,*,#790,.T.);
#971 = ORIENTED_EDGE('',*,*,#972,.T.);
#972 = EDGE_CURVE('',#768,#973,#975,.T.);
#973 = VERTEX_POINT('',#974);
#974 = CARTESIAN_POINT('',(-56.24257287525,-24.5,19.424));
#975 = SURFACE_CURVE('',#976,(#980,#987),.PCURVE_S1.);
#976 = LINE('',#977,#978);
#977 = CARTESIAN_POINT('',(-60.87128643762,-19.87128643762,19.424));
#978 = VECTOR('',#979,1.);
#979 = DIRECTION('',(0.707106781187,-0.707106781187,0.));
#980 = PCURVE('',#342,#981);
#981 = DEFINITIONAL_REPRESENTATION('',(#982),#986);
#982 = LINE('',#983,#984);
#983 = CARTESIAN_POINT('',(6.545989496248,-16.424));
#984 = VECTOR('',#985,1.);
#985 = DIRECTION('',(1.,0.));
#986 = ( GEOMETRIC_REPRESENTATION_CONTEXT(2) 
PARAMETRIC_REPRESENTATION_CONTEXT() REPRESENTATION_CONTEXT('2D SPACE',''
  ) );
#987 = PCURVE('',#729,#988);
#988 = DEFINITIONAL_REPRESENTATION('',(#989),#993);
#989 = LINE('',#990,#991);
#990 = CARTESIAN_POINT('',(6.628713562373,6.628713562373));
#991 = VECTOR('',#992,1.);
#992 = DIRECTION('',(0.707106781187,-0.707106781187));
#993 = ( GEOMETRIC_REPRESENTATION_CONTEXT(2) 
PARAMETRIC_REPRESENTATION_CONTEXT() REPRESENTATION_CONTEXT('2D SPACE',''
  ) );
#994 = ORIENTED_EDGE('',*,*,#995,.F.);
#995 = EDGE_CURVE('',#327,#973,#996,.T.);
#996 = SURFACE_CURVE('',#997,(#1001,#1008),.PCURVE_S1.);
#997 = LINE('',#998,#999);
#998 = CARTESIAN_POINT('',(-56.24257287525,-24.5,3.));
#999 = VECTOR('',#1000,1.);
#1000 = DIRECTION('',(0.,0.,1.));
#1001 = PCURVE('',#342,#1002);
#1002 = DEFINITIONAL_REPRESENTATION('',(#1003),#1007);
#1003 = LINE('',#1004,#1005);
#1004 = CARTESIAN_POINT('',(13.091978992497,0.));
#1005 = VECTOR('',#1006,1.);
#1006 = DIRECTION('',(0.,-1.));
#1007 = ( GEOMETRIC_REPRESENTATION_CONTEXT(2) 
PARAMETRIC_REPRESENTATION_CONTEXT() REPRESENTATION_CONTEXT('2D SPACE',''
  ) );
#1008 = PCURVE('',#370,#1009);
#1009 = DEFINITIONAL_REPRESENTATION('',(#1010),#1014);
#1010 = LINE('',#1011,#1012);
#1011 = CARTESIAN_POINT('',(0.,0.));
#1012 = VECTOR('',#1013,1.);
#1013 = DIRECTION('',(0.,-1.));
#1014 = ( GEOMETRIC_REPRESENTATION_CONTEXT(2) 
PARAMETRIC_REPRESENTATION_CONTEXT() REPRESENTATION_CONTEXT('2D SPACE',''
  ) );
#1015 = ORIENTED_EDGE('',*,*,#326,.F.);
#1016 = ADVANCED_FACE('',(#1017),#454,.T.);
#1017 = FACE_BOUND('',#1018,.T.);
#1018 = EDGE_LOOP('',(#1019,#1042,#1063,#1064));
#1019 = ORIENTED_EDGE('',*,*,#1020,.T.);
#1020 = EDGE_CURVE('',#411,#1021,#1023,.T.);
#1021 = VERTEX_POINT('',#1022);
#1022 = CARTESIAN_POINT('',(65.5,15.242572875254,19.424));
#1023 = SURFACE_CURVE('',#1024,(#1028,#1035),.PCURVE_S1.);
#1024 = LINE('',#1025,#1026);
#1025 = CARTESIAN_POINT('',(65.5,15.242572875254,3.));
#1026 = VECTOR('',#1027,1.);
#1027 = DIRECTION('',(0.,0.,1.));
#1028 = PCURVE('',#454,#1029);
#1029 = DEFINITIONAL_REPRESENTATION('',(#1030),#1034);
#1030 = LINE('',#1031,#1032);
#1031 = CARTESIAN_POINT('',(1.256073966947E-15,0.));
#1032 = VECTOR('',#1033,1.);
#1033 = DIRECTION('',(0.,-1.));
#1034 = ( GEOMETRIC_REPRESENTATION_CONTEXT(2) 
PARAMETRIC_REPRESENTATION_CONTEXT() REPRESENTATION_CONTEXT('2D SPACE',''
  ) );
#1035 = PCURVE('',#426,#1036);
#1036 = DEFINITIONAL_REPRESENTATION('',(#1037),#1041);
#1037 = LINE('',#1038,#1039);
#1038 = CARTESIAN_POINT('',(0.,0.));
#1039 = VECTOR('',#1040,1.);
#1040 = DIRECTION('',(0.,-1.));
#1041 = ( GEOMETRIC_REPRESENTATION_CONTEXT(2) 
PARAMETRIC_REPRESENTATION_CONTEXT() REPRESENTATION_CONTEXT('2D SPACE',''
  ) );
#1042 = ORIENTED_EDGE('',*,*,#1043,.T.);
#1043 = EDGE_CURVE('',#1021,#925,#1044,.T.);
#1044 = SURFACE_CURVE('',#1045,(#1049,#1056),.PCURVE_S1.);
#1045 = LINE('',#1046,#1047);
#1046 = CARTESIAN_POINT('',(40.371286437627,40.371286437627,19.424));
#1047 = VECTOR('',#1048,1.);
#1048 = DIRECTION('',(-0.707106781187,0.707106781187,0.));
#1049 = PCURVE('',#454,#1050);
#1050 = DEFINITIONAL_REPRESENTATION('',(#1051),#1055);
#1051 = LINE('',#1052,#1053);
#1052 = CARTESIAN_POINT('',(35.537367524897,-16.424));
#1053 = VECTOR('',#1054,1.);
#1054 = DIRECTION('',(1.,0.));
#1055 = ( GEOMETRIC_REPRESENTATION_CONTEXT(2) 
PARAMETRIC_REPRESENTATION_CONTEXT() REPRESENTATION_CONTEXT('2D SPACE',''
  ) );
#1056 = PCURVE('',#729,#1057);
#1057 = DEFINITIONAL_REPRESENTATION('',(#1058),#1062);
#1058 = LINE('',#1059,#1060);
#1059 = CARTESIAN_POINT('',(107.87128643762,66.871286437627));
#1060 = VECTOR('',#1061,1.);
#1061 = DIRECTION('',(-0.707106781187,0.707106781187));
#1062 = ( GEOMETRIC_REPRESENTATION_CONTEXT(2) 
PARAMETRIC_REPRESENTATION_CONTEXT() REPRESENTATION_CONTEXT('2D SPACE',''
  ) );
#1063 = ORIENTED_EDGE('',*,*,#947,.F.);
#1064 = ORIENTED_EDGE('',*,*,#438,.F.);
#1065 = ADVANCED_FACE('',(#1066),#370,.T.);
#1066 = FACE_BOUND('',#1067,.T.);
#1067 = EDGE_LOOP('',(#1068,#1069,#1092,#1113));
#1068 = ORIENTED_EDGE('',*,*,#995,.T.);
#1069 = ORIENTED_EDGE('',*,*,#1070,.T.);
#1070 = EDGE_CURVE('',#973,#1071,#1073,.T.);
#1071 = VERTEX_POINT('',#1072);
#1072 = CARTESIAN_POINT('',(56.242572875254,-24.5,19.424));
#1073 = SURFACE_CURVE('',#1074,(#1078,#1085),.PCURVE_S1.);
#1074 = LINE('',#1075,#1076);
#1075 = CARTESIAN_POINT('',(-67.5,-24.5,19.424));
#1076 = VECTOR('',#1077,1.);
#1077 = DIRECTION('',(1.,0.,0.));
#1078 = PCURVE('',#370,#1079);
#1079 = DEFINITIONAL_REPRESENTATION('',(#1080),#1084);
#1080 = LINE('',#1081,#1082);
#1081 = CARTESIAN_POINT('',(-11.25742712474,-16.424));
#1082 = VECTOR('',#1083,1.);
#1083 = DIRECTION('',(1.,0.));
#1084 = ( GEOMETRIC_REPRESENTATION_CONTEXT(2) 
PARAMETRIC_REPRESENTATION_CONTEXT() REPRESENTATION_CONTEXT('2D SPACE',''
  ) );
#1085 = PCURVE('',#729,#1086);
#1086 = DEFINITIONAL_REPRESENTATION('',(#1087),#1091);
#1087 = LINE('',#1088,#1089);
#1088 = CARTESIAN_POINT('',(0.,2.));
#1089 = VECTOR('',#1090,1.);
#1090 = DIRECTION('',(1.,0.));
#1091 = ( GEOMETRIC_REPRESENTATION_CONTEXT(2) 
PARAMETRIC_REPRESENTATION_CONTEXT() REPRESENTATION_CONTEXT('2D SPACE',''
  ) );
#1092 = ORIENTED_EDGE('',*,*,#1093,.F.);
#1093 = EDGE_CURVE('',#355,#1071,#1094,.T.);
#1094 = SURFACE_CURVE('',#1095,(#1099,#1106),.PCURVE_S1.);
#1095 = LINE('',#1096,#1097);
#1096 = CARTESIAN_POINT('',(56.242572875254,-24.5,3.));
#1097 = VECTOR('',#1098,1.);
#1098 = DIRECTION('',(0.,0.,1.));
#1099 = PCURVE('',#370,#1100);
#1100 = DEFINITIONAL_REPRESENTATION('',(#1101),#1105);
#1101 = LINE('',#1102,#1103);
#1102 = CARTESIAN_POINT('',(112.4851457505,0.));
#1103 = VECTOR('',#1104,1.);
#1104 = DIRECTION('',(0.,-1.));
#1105 = ( GEOMETRIC_REPRESENTATION_CONTEXT(2) 
PARAMETRIC_REPRESENTATION_CONTEXT() REPRESENTATION_CONTEXT('2D SPACE',''
  ) );
#1106 = PCURVE('',#398,#1107);
#1107 = DEFINITIONAL_REPRESENTATION('',(#1108),#1112);
#1108 = LINE('',#1109,#1110);
#1109 = CARTESIAN_POINT('',(13.091978992497,0.));
#1110 = VECTOR('',#1111,1.);
#1111 = DIRECTION('',(0.,-1.));
#1112 = ( GEOMETRIC_REPRESENTATION_CONTEXT(2) 
PARAMETRIC_REPRESENTATION_CONTEXT() REPRESENTATION_CONTEXT('2D SPACE',''
  ) );
#1113 = ORIENTED_EDGE('',*,*,#354,.F.);
#1114 = ADVANCED_FACE('',(#1115),#426,.F.);
#1115 = FACE_BOUND('',#1116,.F.);
#1116 = EDGE_LOOP('',(#1117,#1118,#1141,#1162));
#1117 = ORIENTED_EDGE('',*,*,#1020,.T.);
#1118 = ORIENTED_EDGE('',*,*,#1119,.T.);
#1119 = EDGE_CURVE('',#1021,#1120,#1122,.T.);
#1120 = VERTEX_POINT('',#1121);
#1121 = CARTESIAN_POINT('',(65.5,-15.24257287525,19.424));
#1122 = SURFACE_CURVE('',#1123,(#1127,#1134),.PCURVE_S1.);
#1123 = LINE('',#1124,#1125);
#1124 = CARTESIAN_POINT('',(65.5,-26.5,19.424));
#1125 = VECTOR('',#1126,1.);
#1126 = DIRECTION('',(0.,-1.,0.));
#1127 = PCURVE('',#426,#1128);
#1128 = DEFINITIONAL_REPRESENTATION('',(#1129),#1133);
#1129 = LINE('',#1130,#1131);
#1130 = CARTESIAN_POINT('',(41.742572875254,-16.424));
#1131 = VECTOR('',#1132,1.);
#1132 = DIRECTION('',(1.,0.));
#1133 = ( GEOMETRIC_REPRESENTATION_CONTEXT(2) 
PARAMETRIC_REPRESENTATION_CONTEXT() REPRESENTATION_CONTEXT('2D SPACE',''
  ) );
#1134 = PCURVE('',#729,#1135);
#1135 = DEFINITIONAL_REPRESENTATION('',(#1136),#1140);
#1136 = LINE('',#1137,#1138);
#1137 = CARTESIAN_POINT('',(133.,0.));
#1138 = VECTOR('',#1139,1.);
#1139 = DIRECTION('',(0.,-1.));
#1140 = ( GEOMETRIC_REPRESENTATION_CONTEXT(2) 
PARAMETRIC_REPRESENTATION_CONTEXT() REPRESENTATION_CONTEXT('2D SPACE',''
  ) );
#1141 = ORIENTED_EDGE('',*,*,#1142,.F.);
#1142 = EDGE_CURVE('',#383,#1120,#1143,.T.);
#1143 = SURFACE_CURVE('',#1144,(#1148,#1155),.PCURVE_S1.);
#1144 = LINE('',#1145,#1146);
#1145 = CARTESIAN_POINT('',(65.5,-15.24257287525,3.));
#1146 = VECTOR('',#1147,1.);
#1147 = DIRECTION('',(0.,0.,1.));
#1148 = PCURVE('',#426,#1149);
#1149 = DEFINITIONAL_REPRESENTATION('',(#1150),#1154);
#1150 = LINE('',#1151,#1152);
#1151 = CARTESIAN_POINT('',(30.485145750508,0.));
#1152 = VECTOR('',#1153,1.);
#1153 = DIRECTION('',(0.,-1.));
#1154 = ( GEOMETRIC_REPRESENTATION_CONTEXT(2) 
PARAMETRIC_REPRESENTATION_CONTEXT() REPRESENTATION_CONTEXT('2D SPACE',''
  ) );
#1155 = PCURVE('',#398,#1156);
#1156 = DEFINITIONAL_REPRESENTATION('',(#1157),#1161);
#1157 = LINE('',#1158,#1159);
#1158 = CARTESIAN_POINT('',(0.,0.));
#1159 = VECTOR('',#1160,1.);
#1160 = DIRECTION('',(0.,-1.));
#1161 = ( GEOMETRIC_REPRESENTATION_CONTEXT(2) 
PARAMETRIC_REPRESENTATION_CONTEXT() REPRESENTATION_CONTEXT('2D SPACE',''
  ) );
#1162 = ORIENTED_EDGE('',*,*,#410,.F.);
#1163 = ADVANCED_FACE('',(#1164),#398,.F.);
#1164 = FACE_BOUND('',#1165,.F.);
#1165 = EDGE_LOOP('',(#1166,#1167,#1188,#1189));
#1166 = ORIENTED_EDGE('',*,*,#1142,.T.);
#1167 = ORIENTED_EDGE('',*,*,#1168,.T.);
#1168 = EDGE_CURVE('',#1120,#1071,#1169,.T.);
#1169 = SURFACE_CURVE('',#1170,(#1174,#1181),.PCURVE_S1.);
#1170 = LINE('',#1171,#1172);
#1171 = CARTESIAN_POINT('',(27.121286437627,-53.62128643762,19.424));
#1172 = VECTOR('',#1173,1.);
#1173 = DIRECTION('',(-0.707106781187,-0.707106781187,0.));
#1174 = PCURVE('',#398,#1175);
#1175 = DEFINITIONAL_REPRESENTATION('',(#1176),#1180);
#1176 = LINE('',#1177,#1178);
#1177 = CARTESIAN_POINT('',(54.27569722634,-16.424));
#1178 = VECTOR('',#1179,1.);
#1179 = DIRECTION('',(1.,0.));
#1180 = ( GEOMETRIC_REPRESENTATION_CONTEXT(2) 
PARAMETRIC_REPRESENTATION_CONTEXT() REPRESENTATION_CONTEXT('2D SPACE',''
  ) );
#1181 = PCURVE('',#729,#1182);
#1182 = DEFINITIONAL_REPRESENTATION('',(#1183),#1187);
#1183 = LINE('',#1184,#1185);
#1184 = CARTESIAN_POINT('',(94.621286437627,-27.12128643762));
#1185 = VECTOR('',#1186,1.);
#1186 = DIRECTION('',(-0.707106781187,-0.707106781187));
#1187 = ( GEOMETRIC_REPRESENTATION_CONTEXT(2) 
PARAMETRIC_REPRESENTATION_CONTEXT() REPRESENTATION_CONTEXT('2D SPACE',''
  ) );
#1188 = ORIENTED_EDGE('',*,*,#1093,.F.);
#1189 = ORIENTED_EDGE('',*,*,#382,.F.);
#1190 = ADVANCED_FACE('',(#1191),#514,.T.);
#1191 = FACE_BOUND('',#1192,.T.);
#1192 = EDGE_LOOP('',(#1193,#1222,#1243,#1244));
#1193 = ORIENTED_EDGE('',*,*,#1194,.F.);
#1194 = EDGE_CURVE('',#1195,#1195,#1197,.T.);
#1195 = VERTEX_POINT('',#1196);
#1196 = CARTESIAN_POINT('',(4.,-11.5,6.));
#1197 = SURFACE_CURVE('',#1198,(#1203,#1210),.PCURVE_S1.);
#1198 = CIRCLE('',#1199,4.);
#1199 = AXIS2_PLACEMENT_3D('',#1200,#1201,#1202);
#1200 = CARTESIAN_POINT('',(0.,-11.5,6.));
#1201 = DIRECTION('',(0.,0.,1.));
#1202 = DIRECTION('',(1.,0.,0.));
#1203 = PCURVE('',#514,#1204);
#1204 = DEFINITIONAL_REPRESENTATION('',(#1205),#1209);
#1205 = LINE('',#1206,#1207);
#1206 = CARTESIAN_POINT('',(0.,3.));
#1207 = VECTOR('',#1208,1.);
#1208 = DIRECTION('',(1.,0.));
#1209 = ( GEOMETRIC_REPRESENTATION_CONTEXT(2) 
PARAMETRIC_REPRESENTATION_CONTEXT() REPRESENTATION_CONTEXT('2D SPACE',''
  ) );
#1210 = PCURVE('',#1211,#1216);
#1211 = PLANE('',#1212);
#1212 = AXIS2_PLACEMENT_3D('',#1213,#1214,#1215);
#1213 = CARTESIAN_POINT('',(0.,-11.5,6.));
#1214 = DIRECTION('',(0.,0.,1.));
#1215 = DIRECTION('',(1.,0.,0.));
#1216 = DEFINITIONAL_REPRESENTATION('',(#1217),#1221);
#1217 = CIRCLE('',#1218,4.);
#1218 = AXIS2_PLACEMENT_2D('',#1219,#1220);
#1219 = CARTESIAN_POINT('',(0.,0.));
#1220 = DIRECTION('',(1.,0.));
#1221 = ( GEOMETRIC_REPRESENTATION_CONTEXT(2) 
PARAMETRIC_REPRESENTATION_CONTEXT() REPRESENTATION_CONTEXT('2D SPACE',''
  ) );
#1222 = ORIENTED_EDGE('',*,*,#1223,.F.);
#1223 = EDGE_CURVE('',#498,#1195,#1224,.T.);
#1224 = SEAM_CURVE('',#1225,(#1229,#1236),.PCURVE_S1.);
#1225 = LINE('',#1226,#1227);
#1226 = CARTESIAN_POINT('',(4.,-11.5,3.));
#1227 = VECTOR('',#1228,1.);
#1228 = DIRECTION('',(0.,0.,1.));
#1229 = PCURVE('',#514,#1230);
#1230 = DEFINITIONAL_REPRESENTATION('',(#1231),#1235);
#1231 = LINE('',#1232,#1233);
#1232 = CARTESIAN_POINT('',(6.28318530718,-0.));
#1233 = VECTOR('',#1234,1.);
#1234 = DIRECTION('',(0.,1.));
#1235 = ( GEOMETRIC_REPRESENTATION_CONTEXT(2) 
PARAMETRIC_REPRESENTATION_CONTEXT() REPRESENTATION_CONTEXT('2D SPACE',''
  ) );
#1236 = PCURVE('',#514,#1237);
#1237 = DEFINITIONAL_REPRESENTATION('',(#1238),#1242);
#1238 = LINE('',#1239,#1240);
#1239 = CARTESIAN_POINT('',(0.,-0.));
#1240 = VECTOR('',#1241,1.);
#1241 = DIRECTION('',(0.,1.));
#1242 = ( GEOMETRIC_REPRESENTATION_CONTEXT(2) 
PARAMETRIC_REPRESENTATION_CONTEXT() REPRESENTATION_CONTEXT('2D SPACE',''
  ) );
#1243 = ORIENTED_EDGE('',*,*,#497,.T.);
#1244 = ORIENTED_EDGE('',*,*,#1223,.T.);
#1245 = ADVANCED_FACE('',(#1246),#545,.T.);
#1246 = FACE_BOUND('',#1247,.T.);
#1247 = EDGE_LOOP('',(#1248,#1277,#1298,#1299));
#1248 = ORIENTED_EDGE('',*,*,#1249,.F.);
#1249 = EDGE_CURVE('',#1250,#1250,#1252,.T.);
#1250 = VERTEX_POINT('',#1251);
#1251 = CARTESIAN_POINT('',(55.,-11.5,6.));
#1252 = SURFACE_CURVE('',#1253,(#1258,#1265),.PCURVE_S1.);
#1253 = CIRCLE('',#1254,2.5);
#1254 = AXIS2_PLACEMENT_3D('',#1255,#1256,#1257);
#1255 = CARTESIAN_POINT('',(52.5,-11.5,6.));
#1256 = DIRECTION('',(0.,0.,1.));
#1257 = DIRECTION('',(1.,0.,0.));
#1258 = PCURVE('',#545,#1259);
#1259 = DEFINITIONAL_REPRESENTATION('',(#1260),#1264);
#1260 = LINE('',#1261,#1262);
#1261 = CARTESIAN_POINT('',(0.,3.));
#1262 = VECTOR('',#1263,1.);
#1263 = DIRECTION('',(1.,0.));
#1264 = ( GEOMETRIC_REPRESENTATION_CONTEXT(2) 
PARAMETRIC_REPRESENTATION_CONTEXT() REPRESENTATION_CONTEXT('2D SPACE',''
  ) );
#1265 = PCURVE('',#1266,#1271);
#1266 = PLANE('',#1267);
#1267 = AXIS2_PLACEMENT_3D('',#1268,#1269,#1270);
#1268 = CARTESIAN_POINT('',(52.5,-11.5,6.));
#1269 = DIRECTION('',(0.,0.,1.));
#1270 = DIRECTION('',(1.,0.,0.));
#1271 = DEFINITIONAL_REPRESENTATION('',(#1272),#1276);
#1272 = CIRCLE('',#1273,2.5);
#1273 = AXIS2_PLACEMENT_2D('',#1274,#1275);
#1274 = CARTESIAN_POINT('',(0.,0.));
#1275 = DIRECTION('',(1.,0.));
#1276 = ( GEOMETRIC_REPRESENTATION_CONTEXT(2) 
PARAMETRIC_REPRESENTATION_CONTEXT() REPRESENTATION_CONTEXT('2D SPACE',''
  ) );
#1277 = ORIENTED_EDGE('',*,*,#1278,.F.);
#1278 = EDGE_CURVE('',#529,#1250,#1279,.T.);
#1279 = SEAM_CURVE('',#1280,(#1284,#1291),.PCURVE_S1.);
#1280 = LINE('',#1281,#1282);
#1281 = CARTESIAN_POINT('',(55.,-11.5,3.));
#1282 = VECTOR('',#1283,1.);
#1283 = DIRECTION('',(0.,0.,1.));
#1284 = PCURVE('',#545,#1285);
#1285 = DEFINITIONAL_REPRESENTATION('',(#1286),#1290);
#1286 = LINE('',#1287,#1288);
#1287 = CARTESIAN_POINT('',(6.28318530718,-0.));
#1288 = VECTOR('',#1289,1.);
#1289 = DIRECTION('',(0.,1.));
#1290 = ( GEOMETRIC_REPRESENTATION_CONTEXT(2) 
PARAMETRIC_REPRESENTATION_CONTEXT() REPRESENTATION_CONTEXT('2D SPACE',''
  ) );
#1291 = PCURVE('',#545,#1292);
#1292 = DEFINITIONAL_REPRESENTATION('',(#1293),#1297);
#1293 = LINE('',#1294,#1295);
#1294 = CARTESIAN_POINT('',(0.,-0.));
#1295 = VECTOR('',#1296,1.);
#1296 = DIRECTION('',(0.,1.));
#1297 = ( GEOMETRIC_REPRESENTATION_CONTEXT(2) 
PARAMETRIC_REPRESENTATION_CONTEXT() REPRESENTATION_CONTEXT('2D SPACE',''
  ) );
#1298 = ORIENTED_EDGE('',*,*,#528,.T.);
#1299 = ORIENTED_EDGE('',*,*,#1278,.T.);
#1300 = ADVANCED_FACE('',(#1301),#576,.F.);
#1301 = FACE_BOUND('',#1302,.F.);
#1302 = EDGE_LOOP('',(#1303,#1326,#1353,#1354));
#1303 = ORIENTED_EDGE('',*,*,#1304,.T.);
#1304 = EDGE_CURVE('',#560,#1305,#1307,.T.);
#1305 = VERTEX_POINT('',#1306);
#1306 = CARTESIAN_POINT('',(-27.5,1.,6.));
#1307 = SEAM_CURVE('',#1308,(#1312,#1319),.PCURVE_S1.);
#1308 = LINE('',#1309,#1310);
#1309 = CARTESIAN_POINT('',(-27.5,1.,3.));
#1310 = VECTOR('',#1311,1.);
#1311 = DIRECTION('',(0.,0.,1.));
#1312 = PCURVE('',#576,#1313);
#1313 = DEFINITIONAL_REPRESENTATION('',(#1314),#1318);
#1314 = LINE('',#1315,#1316);
#1315 = CARTESIAN_POINT('',(0.,0.));
#1316 = VECTOR('',#1317,1.);
#1317 = DIRECTION('',(0.,-1.));
#1318 = ( GEOMETRIC_REPRESENTATION_CONTEXT(2) 
PARAMETRIC_REPRESENTATION_CONTEXT() REPRESENTATION_CONTEXT('2D SPACE',''
  ) );
#1319 = PCURVE('',#576,#1320);
#1320 = DEFINITIONAL_REPRESENTATION('',(#1321),#1325);
#1321 = LINE('',#1322,#1323);
#1322 = CARTESIAN_POINT('',(6.28318530718,0.));
#1323 = VECTOR('',#1324,1.);
#1324 = DIRECTION('',(0.,-1.));
#1325 = ( GEOMETRIC_REPRESENTATION_CONTEXT(2) 
PARAMETRIC_REPRESENTATION_CONTEXT() REPRESENTATION_CONTEXT('2D SPACE',''
  ) );
#1326 = ORIENTED_EDGE('',*,*,#1327,.T.);
#1327 = EDGE_CURVE('',#1305,#1305,#1328,.T.);
#1328 = SURFACE_CURVE('',#1329,(#1334,#1341),.PCURVE_S1.);
#1329 = ELLIPSE('',#1330,10.5,9.);
#1330 = AXIS2_PLACEMENT_3D('',#1331,#1332,#1333);
#1331 = CARTESIAN_POINT('',(-38.,1.,6.));
#1332 = DIRECTION('',(0.,0.,1.));
#1333 = DIRECTION('',(1.,0.,0.));
#1334 = PCURVE('',#576,#1335);
#1335 = DEFINITIONAL_REPRESENTATION('',(#1336),#1340);
#1336 = LINE('',#1337,#1338);
#1337 = CARTESIAN_POINT('',(0.,-3.));
#1338 = VECTOR('',#1339,1.);
#1339 = DIRECTION('',(1.,0.));
#1340 = ( GEOMETRIC_REPRESENTATION_CONTEXT(2) 
PARAMETRIC_REPRESENTATION_CONTEXT() REPRESENTATION_CONTEXT('2D SPACE',''
  ) );
#1341 = PCURVE('',#1342,#1347);
#1342 = PLANE('',#1343);
#1343 = AXIS2_PLACEMENT_3D('',#1344,#1345,#1346);
#1344 = CARTESIAN_POINT('',(-37.79463369022,1.,6.));
#1345 = DIRECTION('',(0.,0.,1.));
#1346 = DIRECTION('',(1.,0.,0.));
#1347 = DEFINITIONAL_REPRESENTATION('',(#1348),#1352);
#1348 = ELLIPSE('',#1349,10.5,9.);
#1349 = AXIS2_PLACEMENT_2D('',#1350,#1351);
#1350 = CARTESIAN_POINT('',(-0.205366309778,-1.784383515541E-16));
#1351 = DIRECTION('',(1.,0.));
#1352 = ( GEOMETRIC_REPRESENTATION_CONTEXT(2) 
PARAMETRIC_REPRESENTATION_CONTEXT() REPRESENTATION_CONTEXT('2D SPACE',''
  ) );
#1353 = ORIENTED_EDGE('',*,*,#1304,.F.);
#1354 = ORIENTED_EDGE('',*,*,#559,.F.);
#1355 = ADVANCED_FACE('',(#1356),#610,.T.);
#1356 = FACE_BOUND('',#1357,.T.);
#1357 = EDGE_LOOP('',(#1358,#1387,#1408,#1409));
#1358 = ORIENTED_EDGE('',*,*,#1359,.F.);
#1359 = EDGE_CURVE('',#1360,#1360,#1362,.T.);
#1360 = VERTEX_POINT('',#1361);
#1361 = CARTESIAN_POINT('',(-50.,13.5,6.));
#1362 = SURFACE_CURVE('',#1363,(#1368,#1375),.PCURVE_S1.);
#1363 = CIRCLE('',#1364,2.5);
#1364 = AXIS2_PLACEMENT_3D('',#1365,#1366,#1367);
#1365 = CARTESIAN_POINT('',(-52.5,13.5,6.));
#1366 = DIRECTION('',(0.,0.,1.));
#1367 = DIRECTION('',(1.,0.,0.));
#1368 = PCURVE('',#610,#1369);
#1369 = DEFINITIONAL_REPRESENTATION('',(#1370),#1374);
#1370 = LINE('',#1371,#1372);
#1371 = CARTESIAN_POINT('',(0.,3.));
#1372 = VECTOR('',#1373,1.);
#1373 = DIRECTION('',(1.,0.));
#1374 = ( GEOMETRIC_REPRESENTATION_CONTEXT(2) 
PARAMETRIC_REPRESENTATION_CONTEXT() REPRESENTATION_CONTEXT('2D SPACE',''
  ) );
#1375 = PCURVE('',#1376,#1381);
#1376 = PLANE('',#1377);
#1377 = AXIS2_PLACEMENT_3D('',#1378,#1379,#1380);
#1378 = CARTESIAN_POINT('',(-52.5,13.5,6.));
#1379 = DIRECTION('',(0.,0.,1.));
#1380 = DIRECTION('',(1.,0.,0.));
#1381 = DEFINITIONAL_REPRESENTATION('',(#1382),#1386);
#1382 = CIRCLE('',#1383,2.5);
#1383 = AXIS2_PLACEMENT_2D('',#1384,#1385);
#1384 = CARTESIAN_POINT('',(0.,0.));
#1385 = DIRECTION('',(1.,0.));
#1386 = ( GEOMETRIC_REPRESENTATION_CONTEXT(2) 
PARAMETRIC_REPRESENTATION_CONTEXT() REPRESENTATION_CONTEXT('2D SPACE',''
  ) );
#1387 = ORIENTED_EDGE('',*,*,#1388,.F.);
#1388 = EDGE_CURVE('',#594,#1360,#1389,.T.);
#1389 = SEAM_CURVE('',#1390,(#1394,#1401),.PCURVE_S1.);
#1390 = LINE('',#1391,#1392);
#1391 = CARTESIAN_POINT('',(-50.,13.5,3.));
#1392 = VECTOR('',#1393,1.);
#1393 = DIRECTION('',(0.,0.,1.));
#1394 = PCURVE('',#610,#1395);
#1395 = DEFINITIONAL_REPRESENTATION('',(#1396),#1400);
#1396 = LINE('',#1397,#1398);
#1397 = CARTESIAN_POINT('',(6.28318530718,-0.));
#1398 = VECTOR('',#1399,1.);
#1399 = DIRECTION('',(0.,1.));
#1400 = ( GEOMETRIC_REPRESENTATION_CONTEXT(2) 
PARAMETRIC_REPRESENTATION_CONTEXT() REPRESENTATION_CONTEXT('2D SPACE',''
  ) );
#1401 = PCURVE('',#610,#1402);
#1402 = DEFINITIONAL_REPRESENTATION('',(#1403),#1407);
#1403 = LINE('',#1404,#1405);
#1404 = CARTESIAN_POINT('',(0.,-0.));
#1405 = VECTOR('',#1406,1.);
#1406 = DIRECTION('',(0.,1.));
#1407 = ( GEOMETRIC_REPRESENTATION_CONTEXT(2) 
PARAMETRIC_REPRESENTATION_CONTEXT() REPRESENTATION_CONTEXT('2D SPACE',''
  ) );
#1408 = ORIENTED_EDGE('',*,*,#593,.T.);
#1409 = ORIENTED_EDGE('',*,*,#1388,.T.);
#1410 = ADVANCED_FACE('',(#1411),#641,.F.);
#1411 = FACE_BOUND('',#1412,.F.);
#1412 = EDGE_LOOP('',(#1413,#1436,#1463,#1464));
#1413 = ORIENTED_EDGE('',*,*,#1414,.T.);
#1414 = EDGE_CURVE('',#625,#1415,#1417,.T.);
#1415 = VERTEX_POINT('',#1416);
#1416 = CARTESIAN_POINT('',(48.5,1.,6.));
#1417 = SEAM_CURVE('',#1418,(#1422,#1429),.PCURVE_S1.);
#1418 = LINE('',#1419,#1420);
#1419 = CARTESIAN_POINT('',(48.5,1.,3.));
#1420 = VECTOR('',#1421,1.);
#1421 = DIRECTION('',(0.,0.,1.));
#1422 = PCURVE('',#641,#1423);
#1423 = DEFINITIONAL_REPRESENTATION('',(#1424),#1428);
#1424 = LINE('',#1425,#1426);
#1425 = CARTESIAN_POINT('',(0.,0.));
#1426 = VECTOR('',#1427,1.);
#1427 = DIRECTION('',(0.,-1.));
#1428 = ( GEOMETRIC_REPRESENTATION_CONTEXT(2) 
PARAMETRIC_REPRESENTATION_CONTEXT() REPRESENTATION_CONTEXT('2D SPACE',''
  ) );
#1429 = PCURVE('',#641,#1430);
#1430 = DEFINITIONAL_REPRESENTATION('',(#1431),#1435);
#1431 = LINE('',#1432,#1433);
#1432 = CARTESIAN_POINT('',(6.28318530718,0.));
#1433 = VECTOR('',#1434,1.);
#1434 = DIRECTION('',(0.,-1.));
#1435 = ( GEOMETRIC_REPRESENTATION_CONTEXT(2) 
PARAMETRIC_REPRESENTATION_CONTEXT() REPRESENTATION_CONTEXT('2D SPACE',''
  ) );
#1436 = ORIENTED_EDGE('',*,*,#1437,.T.);
#1437 = EDGE_CURVE('',#1415,#1415,#1438,.T.);
#1438 = SURFACE_CURVE('',#1439,(#1444,#1451),.PCURVE_S1.);
#1439 = ELLIPSE('',#1440,10.5,9.);
#1440 = AXIS2_PLACEMENT_3D('',#1441,#1442,#1443);
#1441 = CARTESIAN_POINT('',(38.,1.,6.));
#1442 = DIRECTION('',(0.,0.,1.));
#1443 = DIRECTION('',(1.,0.,0.));
#1444 = PCURVE('',#641,#1445);
#1445 = DEFINITIONAL_REPRESENTATION('',(#1446),#1450);
#1446 = LINE('',#1447,#1448);
#1447 = CARTESIAN_POINT('',(0.,-3.));
#1448 = VECTOR('',#1449,1.);
#1449 = DIRECTION('',(1.,0.));
#1450 = ( GEOMETRIC_REPRESENTATION_CONTEXT(2) 
PARAMETRIC_REPRESENTATION_CONTEXT() REPRESENTATION_CONTEXT('2D SPACE',''
  ) );
#1451 = PCURVE('',#1452,#1457);
#1452 = PLANE('',#1453);
#1453 = AXIS2_PLACEMENT_3D('',#1454,#1455,#1456);
#1454 = CARTESIAN_POINT('',(38.205366309778,1.,6.));
#1455 = DIRECTION('',(0.,0.,1.));
#1456 = DIRECTION('',(1.,0.,0.));
#1457 = DEFINITIONAL_REPRESENTATION('',(#1458),#1462);
#1458 = ELLIPSE('',#1459,10.5,9.);
#1459 = AXIS2_PLACEMENT_2D('',#1460,#1461);
#1460 = CARTESIAN_POINT('',(-0.205366309778,-1.784383515541E-16));
#1461 = DIRECTION('',(1.,0.));
#1462 = ( GEOMETRIC_REPRESENTATION_CONTEXT(2) 
PARAMETRIC_REPRESENTATION_CONTEXT() REPRESENTATION_CONTEXT('2D SPACE',''
  ) );
#1463 = ORIENTED_EDGE('',*,*,#1414,.F.);
#1464 = ORIENTED_EDGE('',*,*,#624,.F.);
#1465 = ADVANCED_FACE('',(#1466),#675,.T.);
#1466 = FACE_BOUND('',#1467,.T.);
#1467 = EDGE_LOOP('',(#1468,#1497,#1518,#1519));
#1468 = ORIENTED_EDGE('',*,*,#1469,.F.);
#1469 = EDGE_CURVE('',#1470,#1470,#1472,.T.);
#1470 = VERTEX_POINT('',#1471);
#1471 = CARTESIAN_POINT('',(55.,13.5,6.));
#1472 = SURFACE_CURVE('',#1473,(#1478,#1485),.PCURVE_S1.);
#1473 = CIRCLE('',#1474,2.5);
#1474 = AXIS2_PLACEMENT_3D('',#1475,#1476,#1477);
#1475 = CARTESIAN_POINT('',(52.5,13.5,6.));
#1476 = DIRECTION('',(0.,0.,1.));
#1477 = DIRECTION('',(1.,0.,0.));
#1478 = PCURVE('',#675,#1479);
#1479 = DEFINITIONAL_REPRESENTATION('',(#1480),#1484);
#1480 = LINE('',#1481,#1482);
#1481 = CARTESIAN_POINT('',(0.,3.));
#1482 = VECTOR('',#1483,1.);
#1483 = DIRECTION('',(1.,0.));
#1484 = ( GEOMETRIC_REPRESENTATION_CONTEXT(2) 
PARAMETRIC_REPRESENTATION_CONTEXT() REPRESENTATION_CONTEXT('2D SPACE',''
  ) );
#1485 = PCURVE('',#1486,#1491);
#1486 = PLANE('',#1487);
#1487 = AXIS2_PLACEMENT_3D('',#1488,#1489,#1490);
#1488 = CARTESIAN_POINT('',(52.5,13.5,6.));
#1489 = DIRECTION('',(0.,0.,1.));
#1490 = DIRECTION('',(1.,0.,0.));
#1491 = DEFINITIONAL_REPRESENTATION('',(#1492),#1496);
#1492 = CIRCLE('',#1493,2.5);
#1493 = AXIS2_PLACEMENT_2D('',#1494,#1495);
#1494 = CARTESIAN_POINT('',(0.,0.));
#1495 = DIRECTION('',(1.,0.));
#1496 = ( GEOMETRIC_REPRESENTATION_CONTEXT(2) 
PARAMETRIC_REPRESENTATION_CONTEXT() REPRESENTATION_CONTEXT('2D SPACE',''
  ) );
#1497 = ORIENTED_EDGE('',*,*,#1498,.F.);
#1498 = EDGE_CURVE('',#659,#1470,#1499,.T.);
#1499 = SEAM_CURVE('',#1500,(#1504,#1511),.PCURVE_S1.);
#1500 = LINE('',#1501,#1502);
#1501 = CARTESIAN_POINT('',(55.,13.5,3.));
#1502 = VECTOR('',#1503,1.);
#1503 = DIRECTION('',(0.,0.,1.));
#1504 = PCURVE('',#675,#1505);
#1505 = DEFINITIONAL_REPRESENTATION('',(#1506),#1510);
#1506 = LINE('',#1507,#1508);
#1507 = CARTESIAN_POINT('',(6.28318530718,-0.));
#1508 = VECTOR('',#1509,1.);
#1509 = DIRECTION('',(0.,1.));
#1510 = ( GEOMETRIC_REPRESENTATION_CONTEXT(2) 
PARAMETRIC_REPRESENTATION_CONTEXT() REPRESENTATION_CONTEXT('2D SPACE',''
  ) );
#1511 = PCURVE('',#675,#1512);
#1512 = DEFINITIONAL_REPRESENTATION('',(#1513),#1517);
#1513 = LINE('',#1514,#1515);
#1514 = CARTESIAN_POINT('',(0.,-0.));
#1515 = VECTOR('',#1516,1.);
#1516 = DIRECTION('',(0.,1.));
#1517 = ( GEOMETRIC_REPRESENTATION_CONTEXT(2) 
PARAMETRIC_REPRESENTATION_CONTEXT() REPRESENTATION_CONTEXT('2D SPACE',''
  ) );
#1518 = ORIENTED_EDGE('',*,*,#658,.T.);
#1519 = ORIENTED_EDGE('',*,*,#1498,.T.);
#1520 = ADVANCED_FACE('',(#1521),#729,.T.);
#1521 = FACE_BOUND('',#1522,.T.);
#1522 = EDGE_LOOP('',(#1523,#1553,#1581,#1609,#1637,#1665,#1693,#1721,
    #1749,#1770,#1771,#1772,#1773,#1774,#1775,#1776,#1777,#1778,#1779,
    #1802));
#1523 = ORIENTED_EDGE('',*,*,#1524,.F.);
#1524 = EDGE_CURVE('',#1525,#1527,#1529,.T.);
#1525 = VERTEX_POINT('',#1526);
#1526 = CARTESIAN_POINT('',(-66.5,15.656786437627,19.424));
#1527 = VERTEX_POINT('',#1528);
#1528 = CARTESIAN_POINT('',(-56.65678643762,25.5,19.424));
#1529 = SURFACE_CURVE('',#1530,(#1534,#1541),.PCURVE_S1.);
#1530 = LINE('',#1531,#1532);
#1531 = CARTESIAN_POINT('',(-74.82839321881,7.328393218813,19.424));
#1532 = VECTOR('',#1533,1.);
#1533 = DIRECTION('',(0.707106781187,0.707106781187,0.));
#1534 = PCURVE('',#729,#1535);
#1535 = DEFINITIONAL_REPRESENTATION('',(#1536),#1540);
#1536 = LINE('',#1537,#1538);
#1537 = CARTESIAN_POINT('',(-7.328393218813,33.828393218813));
#1538 = VECTOR('',#1539,1.);
#1539 = DIRECTION('',(0.707106781187,0.707106781187));
#1540 = ( GEOMETRIC_REPRESENTATION_CONTEXT(2) 
PARAMETRIC_REPRESENTATION_CONTEXT() REPRESENTATION_CONTEXT('2D SPACE',''
  ) );
#1541 = PCURVE('',#1542,#1547);
#1542 = PLANE('',#1543);
#1543 = AXIS2_PLACEMENT_3D('',#1544,#1545,#1546);
#1544 = CARTESIAN_POINT('',(-66.5,15.656786437627,3.));
#1545 = DIRECTION('',(-0.707106781187,0.707106781187,0.));
#1546 = DIRECTION('',(0.707106781187,0.707106781187,0.));
#1547 = DEFINITIONAL_REPRESENTATION('',(#1548),#1552);
#1548 = LINE('',#1549,#1550);
#1549 = CARTESIAN_POINT('',(-11.77812664282,-16.424));
#1550 = VECTOR('',#1551,1.);
#1551 = DIRECTION('',(1.,0.));
#1552 = ( GEOMETRIC_REPRESENTATION_CONTEXT(2) 
PARAMETRIC_REPRESENTATION_CONTEXT() REPRESENTATION_CONTEXT('2D SPACE',''
  ) );
#1553 = ORIENTED_EDGE('',*,*,#1554,.T.);
#1554 = EDGE_CURVE('',#1525,#1555,#1557,.T.);
#1555 = VERTEX_POINT('',#1556);
#1556 = CARTESIAN_POINT('',(-66.5,-15.65678643762,19.424));
#1557 = SURFACE_CURVE('',#1558,(#1562,#1569),.PCURVE_S1.);
#1558 = LINE('',#1559,#1560);
#1559 = CARTESIAN_POINT('',(-66.5,-26.5,19.424));
#1560 = VECTOR('',#1561,1.);
#1561 = DIRECTION('',(0.,-1.,0.));
#1562 = PCURVE('',#729,#1563);
#1563 = DEFINITIONAL_REPRESENTATION('',(#1564),#1568);
#1564 = LINE('',#1565,#1566);
#1565 = CARTESIAN_POINT('',(1.,0.));
#1566 = VECTOR('',#1567,1.);
#1567 = DIRECTION('',(0.,-1.));
#1568 = ( GEOMETRIC_REPRESENTATION_CONTEXT(2) 
PARAMETRIC_REPRESENTATION_CONTEXT() REPRESENTATION_CONTEXT('2D SPACE',''
  ) );
#1569 = PCURVE('',#1570,#1575);
#1570 = PLANE('',#1571);
#1571 = AXIS2_PLACEMENT_3D('',#1572,#1573,#1574);
#1572 = CARTESIAN_POINT('',(-66.5,15.656786437627,3.));
#1573 = DIRECTION('',(1.,0.,-0.));
#1574 = DIRECTION('',(0.,-1.,0.));
#1575 = DEFINITIONAL_REPRESENTATION('',(#1576),#1580);
#1576 = LINE('',#1577,#1578);
#1577 = CARTESIAN_POINT('',(42.156786437627,-16.424));
#1578 = VECTOR('',#1579,1.);
#1579 = DIRECTION('',(1.,0.));
#1580 = ( GEOMETRIC_REPRESENTATION_CONTEXT(2) 
PARAMETRIC_REPRESENTATION_CONTEXT() REPRESENTATION_CONTEXT('2D SPACE',''
  ) );
#1581 = ORIENTED_EDGE('',*,*,#1582,.T.);
#1582 = EDGE_CURVE('',#1555,#1583,#1585,.T.);
#1583 = VERTEX_POINT('',#1584);
#1584 = CARTESIAN_POINT('',(-56.65678643762,-25.5,19.424));
#1585 = SURFACE_CURVE('',#1586,(#1590,#1597),.PCURVE_S1.);
#1586 = LINE('',#1587,#1588);
#1587 = CARTESIAN_POINT('',(-61.57839321881,-20.57839321881,19.424));
#1588 = VECTOR('',#1589,1.);
#1589 = DIRECTION('',(0.707106781187,-0.707106781187,0.));
#1590 = PCURVE('',#729,#1591);
#1591 = DEFINITIONAL_REPRESENTATION('',(#1592),#1596);
#1592 = LINE('',#1593,#1594);
#1593 = CARTESIAN_POINT('',(5.921606781187,5.921606781187));
#1594 = VECTOR('',#1595,1.);
#1595 = DIRECTION('',(0.707106781187,-0.707106781187));
#1596 = ( GEOMETRIC_REPRESENTATION_CONTEXT(2) 
PARAMETRIC_REPRESENTATION_CONTEXT() REPRESENTATION_CONTEXT('2D SPACE',''
  ) );
#1597 = PCURVE('',#1598,#1603);
#1598 = PLANE('',#1599);
#1599 = AXIS2_PLACEMENT_3D('',#1600,#1601,#1602);
#1600 = CARTESIAN_POINT('',(-66.5,-15.65678643762,3.));
#1601 = DIRECTION('',(0.707106781187,0.707106781187,-0.));
#1602 = DIRECTION('',(0.707106781187,-0.707106781187,0.));
#1603 = DEFINITIONAL_REPRESENTATION('',(#1604),#1608);
#1604 = LINE('',#1605,#1606);
#1605 = CARTESIAN_POINT('',(6.960203058621,-16.424));
#1606 = VECTOR('',#1607,1.);
#1607 = DIRECTION('',(1.,0.));
#1608 = ( GEOMETRIC_REPRESENTATION_CONTEXT(2) 
PARAMETRIC_REPRESENTATION_CONTEXT() REPRESENTATION_CONTEXT('2D SPACE',''
  ) );
#1609 = ORIENTED_EDGE('',*,*,#1610,.T.);
#1610 = EDGE_CURVE('',#1583,#1611,#1613,.T.);
#1611 = VERTEX_POINT('',#1612);
#1612 = CARTESIAN_POINT('',(56.656786437627,-25.5,19.424));
#1613 = SURFACE_CURVE('',#1614,(#1618,#1625),.PCURVE_S1.);
#1614 = LINE('',#1615,#1616);
#1615 = CARTESIAN_POINT('',(-67.5,-25.5,19.424));
#1616 = VECTOR('',#1617,1.);
#1617 = DIRECTION('',(1.,0.,0.));
#1618 = PCURVE('',#729,#1619);
#1619 = DEFINITIONAL_REPRESENTATION('',(#1620),#1624);
#1620 = LINE('',#1621,#1622);
#1621 = CARTESIAN_POINT('',(0.,1.));
#1622 = VECTOR('',#1623,1.);
#1623 = DIRECTION('',(1.,0.));
#1624 = ( GEOMETRIC_REPRESENTATION_CONTEXT(2) 
PARAMETRIC_REPRESENTATION_CONTEXT() REPRESENTATION_CONTEXT('2D SPACE',''
  ) );
#1625 = PCURVE('',#1626,#1631);
#1626 = PLANE('',#1627);
#1627 = AXIS2_PLACEMENT_3D('',#1628,#1629,#1630);
#1628 = CARTESIAN_POINT('',(-56.65678643762,-25.5,3.));
#1629 = DIRECTION('',(0.,1.,0.));
#1630 = DIRECTION('',(1.,0.,0.));
#1631 = DEFINITIONAL_REPRESENTATION('',(#1632),#1636);
#1632 = LINE('',#1633,#1634);
#1633 = CARTESIAN_POINT('',(-10.84321356237,-16.424));
#1634 = VECTOR('',#1635,1.);
#1635 = DIRECTION('',(1.,0.));
#1636 = ( GEOMETRIC_REPRESENTATION_CONTEXT(2) 
PARAMETRIC_REPRESENTATION_CONTEXT() REPRESENTATION_CONTEXT('2D SPACE',''
  ) );
#1637 = ORIENTED_EDGE('',*,*,#1638,.F.);
#1638 = EDGE_CURVE('',#1639,#1611,#1641,.T.);
#1639 = VERTEX_POINT('',#1640);
#1640 = CARTESIAN_POINT('',(66.5,-15.65678643762,19.424));
#1641 = SURFACE_CURVE('',#1642,(#1646,#1653),.PCURVE_S1.);
#1642 = LINE('',#1643,#1644);
#1643 = CARTESIAN_POINT('',(27.828393218813,-54.32839321881,19.424));
#1644 = VECTOR('',#1645,1.);
#1645 = DIRECTION('',(-0.707106781187,-0.707106781187,0.));
#1646 = PCURVE('',#729,#1647);
#1647 = DEFINITIONAL_REPRESENTATION('',(#1648),#1652);
#1648 = LINE('',#1649,#1650);
#1649 = CARTESIAN_POINT('',(95.328393218813,-27.82839321881));
#1650 = VECTOR('',#1651,1.);
#1651 = DIRECTION('',(-0.707106781187,-0.707106781187));
#1652 = ( GEOMETRIC_REPRESENTATION_CONTEXT(2) 
PARAMETRIC_REPRESENTATION_CONTEXT() REPRESENTATION_CONTEXT('2D SPACE',''
  ) );
#1653 = PCURVE('',#1654,#1659);
#1654 = PLANE('',#1655);
#1655 = AXIS2_PLACEMENT_3D('',#1656,#1657,#1658);
#1656 = CARTESIAN_POINT('',(66.5,-15.65678643762,3.));
#1657 = DIRECTION('',(0.707106781187,-0.707106781187,0.));
#1658 = DIRECTION('',(-0.707106781187,-0.707106781187,0.));
#1659 = DEFINITIONAL_REPRESENTATION('',(#1660),#1664);
#1660 = LINE('',#1661,#1662);
#1661 = CARTESIAN_POINT('',(54.689910788713,-16.424));
#1662 = VECTOR('',#1663,1.);
#1663 = DIRECTION('',(1.,0.));
#1664 = ( GEOMETRIC_REPRESENTATION_CONTEXT(2) 
PARAMETRIC_REPRESENTATION_CONTEXT() REPRESENTATION_CONTEXT('2D SPACE',''
  ) );
#1665 = ORIENTED_EDGE('',*,*,#1666,.F.);
#1666 = EDGE_CURVE('',#1667,#1639,#1669,.T.);
#1667 = VERTEX_POINT('',#1668);
#1668 = CARTESIAN_POINT('',(66.5,15.656786437627,19.424));
#1669 = SURFACE_CURVE('',#1670,(#1674,#1681),.PCURVE_S1.);
#1670 = LINE('',#1671,#1672);
#1671 = CARTESIAN_POINT('',(66.5,-26.5,19.424));
#1672 = VECTOR('',#1673,1.);
#1673 = DIRECTION('',(0.,-1.,0.));
#1674 = PCURVE('',#729,#1675);
#1675 = DEFINITIONAL_REPRESENTATION('',(#1676),#1680);
#1676 = LINE('',#1677,#1678);
#1677 = CARTESIAN_POINT('',(134.,0.));
#1678 = VECTOR('',#1679,1.);
#1679 = DIRECTION('',(0.,-1.));
#1680 = ( GEOMETRIC_REPRESENTATION_CONTEXT(2) 
PARAMETRIC_REPRESENTATION_CONTEXT() REPRESENTATION_CONTEXT('2D SPACE',''
  ) );
#1681 = PCURVE('',#1682,#1687);
#1682 = PLANE('',#1683);
#1683 = AXIS2_PLACEMENT_3D('',#1684,#1685,#1686);
#1684 = CARTESIAN_POINT('',(66.5,15.656786437627,3.));
#1685 = DIRECTION('',(1.,0.,-0.));
#1686 = DIRECTION('',(0.,-1.,0.));
#1687 = DEFINITIONAL_REPRESENTATION('',(#1688),#1692);
#1688 = LINE('',#1689,#1690);
#1689 = CARTESIAN_POINT('',(42.156786437627,-16.424));
#1690 = VECTOR('',#1691,1.);
#1691 = DIRECTION('',(1.,0.));
#1692 = ( GEOMETRIC_REPRESENTATION_CONTEXT(2) 
PARAMETRIC_REPRESENTATION_CONTEXT() REPRESENTATION_CONTEXT('2D SPACE',''
  ) );
#1693 = ORIENTED_EDGE('',*,*,#1694,.T.);
#1694 = EDGE_CURVE('',#1667,#1695,#1697,.T.);
#1695 = VERTEX_POINT('',#1696);
#1696 = CARTESIAN_POINT('',(56.656786437627,25.5,19.424));
#1697 = SURFACE_CURVE('',#1698,(#1702,#1709),.PCURVE_S1.);
#1698 = LINE('',#1699,#1700);
#1699 = CARTESIAN_POINT('',(41.078393218813,41.078393218813,19.424));
#1700 = VECTOR('',#1701,1.);
#1701 = DIRECTION('',(-0.707106781187,0.707106781187,0.));
#1702 = PCURVE('',#729,#1703);
#1703 = DEFINITIONAL_REPRESENTATION('',(#1704),#1708);
#1704 = LINE('',#1705,#1706);
#1705 = CARTESIAN_POINT('',(108.57839321881,67.578393218813));
#1706 = VECTOR('',#1707,1.);
#1707 = DIRECTION('',(-0.707106781187,0.707106781187));
#1708 = ( GEOMETRIC_REPRESENTATION_CONTEXT(2) 
PARAMETRIC_REPRESENTATION_CONTEXT() REPRESENTATION_CONTEXT('2D SPACE',''
  ) );
#1709 = PCURVE('',#1710,#1715);
#1710 = PLANE('',#1711);
#1711 = AXIS2_PLACEMENT_3D('',#1712,#1713,#1714);
#1712 = CARTESIAN_POINT('',(66.5,15.656786437627,3.));
#1713 = DIRECTION('',(-0.707106781187,-0.707106781187,0.));
#1714 = DIRECTION('',(-0.707106781187,0.707106781187,0.));
#1715 = DEFINITIONAL_REPRESENTATION('',(#1716),#1720);
#1716 = LINE('',#1717,#1718);
#1717 = CARTESIAN_POINT('',(35.95158108727,-16.424));
#1718 = VECTOR('',#1719,1.);
#1719 = DIRECTION('',(1.,0.));
#1720 = ( GEOMETRIC_REPRESENTATION_CONTEXT(2) 
PARAMETRIC_REPRESENTATION_CONTEXT() REPRESENTATION_CONTEXT('2D SPACE',''
  ) );
#1721 = ORIENTED_EDGE('',*,*,#1722,.F.);
#1722 = EDGE_CURVE('',#1723,#1695,#1725,.T.);
#1723 = VERTEX_POINT('',#1724);
#1724 = CARTESIAN_POINT('',(18.5195,25.5,19.424));
#1725 = SURFACE_CURVE('',#1726,(#1730,#1737),.PCURVE_S1.);
#1726 = LINE('',#1727,#1728);
#1727 = CARTESIAN_POINT('',(-67.5,25.5,19.424));
#1728 = VECTOR('',#1729,1.);
#1729 = DIRECTION('',(1.,0.,0.));
#1730 = PCURVE('',#729,#1731);
#1731 = DEFINITIONAL_REPRESENTATION('',(#1732),#1736);
#1732 = LINE('',#1733,#1734);
#1733 = CARTESIAN_POINT('',(0.,52.));
#1734 = VECTOR('',#1735,1.);
#1735 = DIRECTION('',(1.,0.));
#1736 = ( GEOMETRIC_REPRESENTATION_CONTEXT(2) 
PARAMETRIC_REPRESENTATION_CONTEXT() REPRESENTATION_CONTEXT('2D SPACE',''
  ) );
#1737 = PCURVE('',#1738,#1743);
#1738 = PLANE('',#1739);
#1739 = AXIS2_PLACEMENT_3D('',#1740,#1741,#1742);
#1740 = CARTESIAN_POINT('',(-56.65678643762,25.5,3.));
#1741 = DIRECTION('',(0.,1.,0.));
#1742 = DIRECTION('',(1.,0.,0.));
#1743 = DEFINITIONAL_REPRESENTATION('',(#1744),#1748);
#1744 = LINE('',#1745,#1746);
#1745 = CARTESIAN_POINT('',(-10.84321356237,-16.424));
#1746 = VECTOR('',#1747,1.);
#1747 = DIRECTION('',(1.,0.));
#1748 = ( GEOMETRIC_REPRESENTATION_CONTEXT(2) 
PARAMETRIC_REPRESENTATION_CONTEXT() REPRESENTATION_CONTEXT('2D SPACE',''
  ) );
#1749 = ORIENTED_EDGE('',*,*,#1750,.T.);
#1750 = EDGE_CURVE('',#1723,#897,#1751,.T.);
#1751 = SURFACE_CURVE('',#1752,(#1756,#1763),.PCURVE_S1.);
#1752 = LINE('',#1753,#1754);
#1753 = CARTESIAN_POINT('',(18.5195,26.5,19.424));
#1754 = VECTOR('',#1755,1.);
#1755 = DIRECTION('',(-0.,-1.,-0.));
#1756 = PCURVE('',#729,#1757);
#1757 = DEFINITIONAL_REPRESENTATION('',(#1758),#1762);
#1758 = LINE('',#1759,#1760);
#1759 = CARTESIAN_POINT('',(86.0195,53.));
#1760 = VECTOR('',#1761,1.);
#1761 = DIRECTION('',(0.,-1.));
#1762 = ( GEOMETRIC_REPRESENTATION_CONTEXT(2) 
PARAMETRIC_REPRESENTATION_CONTEXT() REPRESENTATION_CONTEXT('2D SPACE',''
  ) );
#1763 = PCURVE('',#912,#1764);
#1764 = DEFINITIONAL_REPRESENTATION('',(#1765),#1769);
#1765 = LINE('',#1766,#1767);
#1766 = CARTESIAN_POINT('',(14.824,0.));
#1767 = VECTOR('',#1768,1.);
#1768 = DIRECTION('',(0.,-1.));
#1769 = ( GEOMETRIC_REPRESENTATION_CONTEXT(2) 
PARAMETRIC_REPRESENTATION_CONTEXT() REPRESENTATION_CONTEXT('2D SPACE',''
  ) );
#1770 = ORIENTED_EDGE('',*,*,#924,.T.);
#1771 = ORIENTED_EDGE('',*,*,#1043,.F.);
#1772 = ORIENTED_EDGE('',*,*,#1119,.T.);
#1773 = ORIENTED_EDGE('',*,*,#1168,.T.);
#1774 = ORIENTED_EDGE('',*,*,#1070,.F.);
#1775 = ORIENTED_EDGE('',*,*,#972,.F.);
#1776 = ORIENTED_EDGE('',*,*,#767,.F.);
#1777 = ORIENTED_EDGE('',*,*,#713,.T.);
#1778 = ORIENTED_EDGE('',*,*,#817,.T.);
#1779 = ORIENTED_EDGE('',*,*,#1780,.F.);
#1780 = EDGE_CURVE('',#1781,#818,#1783,.T.);
#1781 = VERTEX_POINT('',#1782);
#1782 = CARTESIAN_POINT('',(-18.5195,25.5,19.424));
#1783 = SURFACE_CURVE('',#1784,(#1788,#1795),.PCURVE_S1.);
#1784 = LINE('',#1785,#1786);
#1785 = CARTESIAN_POINT('',(-18.5195,26.5,19.424));
#1786 = VECTOR('',#1787,1.);
#1787 = DIRECTION('',(-0.,-1.,-0.));
#1788 = PCURVE('',#729,#1789);
#1789 = DEFINITIONAL_REPRESENTATION('',(#1790),#1794);
#1790 = LINE('',#1791,#1792);
#1791 = CARTESIAN_POINT('',(48.9805,53.));
#1792 = VECTOR('',#1793,1.);
#1793 = DIRECTION('',(0.,-1.));
#1794 = ( GEOMETRIC_REPRESENTATION_CONTEXT(2) 
PARAMETRIC_REPRESENTATION_CONTEXT() REPRESENTATION_CONTEXT('2D SPACE',''
  ) );
#1795 = PCURVE('',#856,#1796);
#1796 = DEFINITIONAL_REPRESENTATION('',(#1797),#1801);
#1797 = LINE('',#1798,#1799);
#1798 = CARTESIAN_POINT('',(14.824,0.));
#1799 = VECTOR('',#1800,1.);
#1800 = DIRECTION('',(0.,-1.));
#1801 = ( GEOMETRIC_REPRESENTATION_CONTEXT(2) 
PARAMETRIC_REPRESENTATION_CONTEXT() REPRESENTATION_CONTEXT('2D SPACE',''
  ) );
#1802 = ORIENTED_EDGE('',*,*,#1803,.F.);
#1803 = EDGE_CURVE('',#1527,#1781,#1804,.T.);
#1804 = SURFACE_CURVE('',#1805,(#1809,#1816),.PCURVE_S1.);
#1805 = LINE('',#1806,#1807);
#1806 = CARTESIAN_POINT('',(-67.5,25.5,19.424));
#1807 = VECTOR('',#1808,1.);
#1808 = DIRECTION('',(1.,0.,0.));
#1809 = PCURVE('',#729,#1810);
#1810 = DEFINITIONAL_REPRESENTATION('',(#1811),#1815);
#1811 = LINE('',#1812,#1813);
#1812 = CARTESIAN_POINT('',(0.,52.));
#1813 = VECTOR('',#1814,1.);
#1814 = DIRECTION('',(1.,0.));
#1815 = ( GEOMETRIC_REPRESENTATION_CONTEXT(2) 
PARAMETRIC_REPRESENTATION_CONTEXT() REPRESENTATION_CONTEXT('2D SPACE',''
  ) );
#1816 = PCURVE('',#1817,#1822);
#1817 = PLANE('',#1818);
#1818 = AXIS2_PLACEMENT_3D('',#1819,#1820,#1821);
#1819 = CARTESIAN_POINT('',(-56.65678643762,25.5,3.));
#1820 = DIRECTION('',(0.,1.,0.));
#1821 = DIRECTION('',(1.,0.,0.));
#1822 = DEFINITIONAL_REPRESENTATION('',(#1823),#1827);
#1823 = LINE('',#1824,#1825);
#1824 = CARTESIAN_POINT('',(-10.84321356237,-16.424));
#1825 = VECTOR('',#1826,1.);
#1826 = DIRECTION('',(1.,0.));
#1827 = ( GEOMETRIC_REPRESENTATION_CONTEXT(2) 
PARAMETRIC_REPRESENTATION_CONTEXT() REPRESENTATION_CONTEXT('2D SPACE',''
  ) );
#1828 = ADVANCED_FACE('',(#1829),#912,.T.);
#1829 = FACE_BOUND('',#1830,.T.);
#1830 = EDGE_LOOP('',(#1831,#1861,#1882,#1883,#1884,#1905));
#1831 = ORIENTED_EDGE('',*,*,#1832,.F.);
#1832 = EDGE_CURVE('',#1833,#1835,#1837,.T.);
#1833 = VERTEX_POINT('',#1834);
#1834 = CARTESIAN_POINT('',(18.5195,26.5,4.6));
#1835 = VERTEX_POINT('',#1836);
#1836 = CARTESIAN_POINT('',(18.5195,26.5,9.6));
#1837 = SURFACE_CURVE('',#1838,(#1842,#1849),.PCURVE_S1.);
#1838 = LINE('',#1839,#1840);
#1839 = CARTESIAN_POINT('',(18.5195,26.5,12.012));
#1840 = VECTOR('',#1841,1.);
#1841 = DIRECTION('',(0.,0.,1.));
#1842 = PCURVE('',#912,#1843);
#1843 = DEFINITIONAL_REPRESENTATION('',(#1844),#1848);
#1844 = LINE('',#1845,#1846);
#1845 = CARTESIAN_POINT('',(7.412,0.));
#1846 = VECTOR('',#1847,1.);
#1847 = DIRECTION('',(1.,0.));
#1848 = ( GEOMETRIC_REPRESENTATION_CONTEXT(2) 
PARAMETRIC_REPRESENTATION_CONTEXT() REPRESENTATION_CONTEXT('2D SPACE',''
  ) );
#1849 = PCURVE('',#1850,#1855);
#1850 = PLANE('',#1851);
#1851 = AXIS2_PLACEMENT_3D('',#1852,#1853,#1854);
#1852 = CARTESIAN_POINT('',(-67.5,26.5,0.));
#1853 = DIRECTION('',(0.,1.,0.));
#1854 = DIRECTION('',(0.,0.,1.));
#1855 = DEFINITIONAL_REPRESENTATION('',(#1856),#1860);
#1856 = LINE('',#1857,#1858);
#1857 = CARTESIAN_POINT('',(12.012,86.0195));
#1858 = VECTOR('',#1859,1.);
#1859 = DIRECTION('',(1.,0.));
#1860 = ( GEOMETRIC_REPRESENTATION_CONTEXT(2) 
PARAMETRIC_REPRESENTATION_CONTEXT() REPRESENTATION_CONTEXT('2D SPACE',''
  ) );
#1861 = ORIENTED_EDGE('',*,*,#1862,.T.);
#1862 = EDGE_CURVE('',#1833,#869,#1863,.T.);
#1863 = SURFACE_CURVE('',#1864,(#1868,#1875),.PCURVE_S1.);
#1864 = LINE('',#1865,#1866);
#1865 = CARTESIAN_POINT('',(18.5195,26.5,4.6));
#1866 = VECTOR('',#1867,1.);
#1867 = DIRECTION('',(-0.,-1.,-0.));
#1868 = PCURVE('',#912,#1869);
#1869 = DEFINITIONAL_REPRESENTATION('',(#1870),#1874);
#1870 = LINE('',#1871,#1872);
#1871 = CARTESIAN_POINT('',(0.,0.));
#1872 = VECTOR('',#1873,1.);
#1873 = DIRECTION('',(0.,-1.));
#1874 = ( GEOMETRIC_REPRESENTATION_CONTEXT(2) 
PARAMETRIC_REPRESENTATION_CONTEXT() REPRESENTATION_CONTEXT('2D SPACE',''
  ) );
#1875 = PCURVE('',#884,#1876);
#1876 = DEFINITIONAL_REPRESENTATION('',(#1877),#1881);
#1877 = LINE('',#1878,#1879);
#1878 = CARTESIAN_POINT('',(37.039,0.));
#1879 = VECTOR('',#1880,1.);
#1880 = DIRECTION('',(0.,-1.));
#1881 = ( GEOMETRIC_REPRESENTATION_CONTEXT(2) 
PARAMETRIC_REPRESENTATION_CONTEXT() REPRESENTATION_CONTEXT('2D SPACE',''
  ) );
#1882 = ORIENTED_EDGE('',*,*,#896,.T.);
#1883 = ORIENTED_EDGE('',*,*,#1750,.F.);
#1884 = ORIENTED_EDGE('',*,*,#1885,.F.);
#1885 = EDGE_CURVE('',#1886,#1723,#1888,.T.);
#1886 = VERTEX_POINT('',#1887);
#1887 = CARTESIAN_POINT('',(18.5195,25.5,9.6));
#1888 = SURFACE_CURVE('',#1889,(#1893,#1899),.PCURVE_S1.);
#1889 = LINE('',#1890,#1891);
#1890 = CARTESIAN_POINT('',(18.5195,25.5,3.8));
#1891 = VECTOR('',#1892,1.);
#1892 = DIRECTION('',(0.,-0.,1.));
#1893 = PCURVE('',#912,#1894);
#1894 = DEFINITIONAL_REPRESENTATION('',(#1895),#1898);
#1895 = B_SPLINE_CURVE_WITH_KNOTS('',1,(#1896,#1897),.UNSPECIFIED.,.F.,
  .F.,(2,2),(5.8,15.624),.PIECEWISE_BEZIER_KNOTS.);
#1896 = CARTESIAN_POINT('',(5.,-1.));
#1897 = CARTESIAN_POINT('',(14.824,-1.));
#1898 = ( GEOMETRIC_REPRESENTATION_CONTEXT(2) 
PARAMETRIC_REPRESENTATION_CONTEXT() REPRESENTATION_CONTEXT('2D SPACE',''
  ) );
#1899 = PCURVE('',#1738,#1900);
#1900 = DEFINITIONAL_REPRESENTATION('',(#1901),#1904);
#1901 = B_SPLINE_CURVE_WITH_KNOTS('',1,(#1902,#1903),.UNSPECIFIED.,.F.,
  .F.,(2,2),(5.8,15.624),.PIECEWISE_BEZIER_KNOTS.);
#1902 = CARTESIAN_POINT('',(75.176286437627,-6.6));
#1903 = CARTESIAN_POINT('',(75.176286437627,-16.424));
#1904 = ( GEOMETRIC_REPRESENTATION_CONTEXT(2) 
PARAMETRIC_REPRESENTATION_CONTEXT() REPRESENTATION_CONTEXT('2D SPACE',''
  ) );
#1905 = ORIENTED_EDGE('',*,*,#1906,.F.);
#1906 = EDGE_CURVE('',#1835,#1886,#1907,.T.);
#1907 = SURFACE_CURVE('',#1908,(#1912,#1918),.PCURVE_S1.);
#1908 = LINE('',#1909,#1910);
#1909 = CARTESIAN_POINT('',(18.5195,0.,9.6));
#1910 = VECTOR('',#1911,1.);
#1911 = DIRECTION('',(0.,-1.,0.));
#1912 = PCURVE('',#912,#1913);
#1913 = DEFINITIONAL_REPRESENTATION('',(#1914),#1917);
#1914 = B_SPLINE_CURVE_WITH_KNOTS('',1,(#1915,#1916),.UNSPECIFIED.,.F.,
  .F.,(2,2),(-26.5,-24.5),.PIECEWISE_BEZIER_KNOTS.);
#1915 = CARTESIAN_POINT('',(5.,0.));
#1916 = CARTESIAN_POINT('',(5.,-2.));
#1917 = ( GEOMETRIC_REPRESENTATION_CONTEXT(2) 
PARAMETRIC_REPRESENTATION_CONTEXT() REPRESENTATION_CONTEXT('2D SPACE',''
  ) );
#1918 = PCURVE('',#1919,#1924);
#1919 = PLANE('',#1920);
#1920 = AXIS2_PLACEMENT_3D('',#1921,#1922,#1923);
#1921 = CARTESIAN_POINT('',(-67.5,-26.5,9.6));
#1922 = DIRECTION('',(0.,0.,1.));
#1923 = DIRECTION('',(1.,0.,0.));
#1924 = DEFINITIONAL_REPRESENTATION('',(#1925),#1928);
#1925 = B_SPLINE_CURVE_WITH_KNOTS('',1,(#1926,#1927),.UNSPECIFIED.,.F.,
  .F.,(2,2),(-26.5,-24.5),.PIECEWISE_BEZIER_KNOTS.);
#1926 = CARTESIAN_POINT('',(86.0195,53.));
#1927 = CARTESIAN_POINT('',(86.0195,51.));
#1928 = ( GEOMETRIC_REPRESENTATION_CONTEXT(2) 
PARAMETRIC_REPRESENTATION_CONTEXT() REPRESENTATION_CONTEXT('2D SPACE',''
  ) );
#1929 = ADVANCED_FACE('',(#1930),#884,.T.);
#1930 = FACE_BOUND('',#1931,.T.);
#1931 = EDGE_LOOP('',(#1932,#1955,#1956,#1957));
#1932 = ORIENTED_EDGE('',*,*,#1933,.T.);
#1933 = EDGE_CURVE('',#1934,#841,#1936,.T.);
#1934 = VERTEX_POINT('',#1935);
#1935 = CARTESIAN_POINT('',(-18.5195,26.5,4.6));
#1936 = SURFACE_CURVE('',#1937,(#1941,#1948),.PCURVE_S1.);
#1937 = LINE('',#1938,#1939);
#1938 = CARTESIAN_POINT('',(-18.5195,26.5,4.6));
#1939 = VECTOR('',#1940,1.);
#1940 = DIRECTION('',(-0.,-1.,-0.));
#1941 = PCURVE('',#884,#1942);
#1942 = DEFINITIONAL_REPRESENTATION('',(#1943),#1947);
#1943 = LINE('',#1944,#1945);
#1944 = CARTESIAN_POINT('',(0.,0.));
#1945 = VECTOR('',#1946,1.);
#1946 = DIRECTION('',(0.,-1.));
#1947 = ( GEOMETRIC_REPRESENTATION_CONTEXT(2) 
PARAMETRIC_REPRESENTATION_CONTEXT() REPRESENTATION_CONTEXT('2D SPACE',''
  ) );
#1948 = PCURVE('',#856,#1949);
#1949 = DEFINITIONAL_REPRESENTATION('',(#1950),#1954);
#1950 = LINE('',#1951,#1952);
#1951 = CARTESIAN_POINT('',(0.,0.));
#1952 = VECTOR('',#1953,1.);
#1953 = DIRECTION('',(0.,-1.));
#1954 = ( GEOMETRIC_REPRESENTATION_CONTEXT(2) 
PARAMETRIC_REPRESENTATION_CONTEXT() REPRESENTATION_CONTEXT('2D SPACE',''
  ) );
#1955 = ORIENTED_EDGE('',*,*,#868,.T.);
#1956 = ORIENTED_EDGE('',*,*,#1862,.F.);
#1957 = ORIENTED_EDGE('',*,*,#1958,.F.);
#1958 = EDGE_CURVE('',#1934,#1833,#1959,.T.);
#1959 = SURFACE_CURVE('',#1960,(#1964,#1971),.PCURVE_S1.);
#1960 = LINE('',#1961,#1962);
#1961 = CARTESIAN_POINT('',(0.,26.5,4.6));
#1962 = VECTOR('',#1963,1.);
#1963 = DIRECTION('',(1.,0.,0.));
#1964 = PCURVE('',#884,#1965);
#1965 = DEFINITIONAL_REPRESENTATION('',(#1966),#1970);
#1966 = LINE('',#1967,#1968);
#1967 = CARTESIAN_POINT('',(18.5195,0.));
#1968 = VECTOR('',#1969,1.);
#1969 = DIRECTION('',(1.,0.));
#1970 = ( GEOMETRIC_REPRESENTATION_CONTEXT(2) 
PARAMETRIC_REPRESENTATION_CONTEXT() REPRESENTATION_CONTEXT('2D SPACE',''
  ) );
#1971 = PCURVE('',#1850,#1972);
#1972 = DEFINITIONAL_REPRESENTATION('',(#1973),#1977);
#1973 = LINE('',#1974,#1975);
#1974 = CARTESIAN_POINT('',(4.6,67.5));
#1975 = VECTOR('',#1976,1.);
#1976 = DIRECTION('',(0.,1.));
#1977 = ( GEOMETRIC_REPRESENTATION_CONTEXT(2) 
PARAMETRIC_REPRESENTATION_CONTEXT() REPRESENTATION_CONTEXT('2D SPACE',''
  ) );
#1978 = ADVANCED_FACE('',(#1979),#856,.F.);
#1979 = FACE_BOUND('',#1980,.F.);
#1980 = EDGE_LOOP('',(#1981,#2004,#2005,#2006,#2007,#2028));
#1981 = ORIENTED_EDGE('',*,*,#1982,.F.);
#1982 = EDGE_CURVE('',#1934,#1983,#1985,.T.);
#1983 = VERTEX_POINT('',#1984);
#1984 = CARTESIAN_POINT('',(-18.5195,26.5,9.6));
#1985 = SURFACE_CURVE('',#1986,(#1990,#1997),.PCURVE_S1.);
#1986 = LINE('',#1987,#1988);
#1987 = CARTESIAN_POINT('',(-18.5195,26.5,12.012));
#1988 = VECTOR('',#1989,1.);
#1989 = DIRECTION('',(0.,0.,1.));
#1990 = PCURVE('',#856,#1991);
#1991 = DEFINITIONAL_REPRESENTATION('',(#1992),#1996);
#1992 = LINE('',#1993,#1994);
#1993 = CARTESIAN_POINT('',(7.412,0.));
#1994 = VECTOR('',#1995,1.);
#1995 = DIRECTION('',(1.,0.));
#1996 = ( GEOMETRIC_REPRESENTATION_CONTEXT(2) 
PARAMETRIC_REPRESENTATION_CONTEXT() REPRESENTATION_CONTEXT('2D SPACE',''
  ) );
#1997 = PCURVE('',#1850,#1998);
#1998 = DEFINITIONAL_REPRESENTATION('',(#1999),#2003);
#1999 = LINE('',#2000,#2001);
#2000 = CARTESIAN_POINT('',(12.012,48.9805));
#2001 = VECTOR('',#2002,1.);
#2002 = DIRECTION('',(1.,0.));
#2003 = ( GEOMETRIC_REPRESENTATION_CONTEXT(2) 
PARAMETRIC_REPRESENTATION_CONTEXT() REPRESENTATION_CONTEXT('2D SPACE',''
  ) );
#2004 = ORIENTED_EDGE('',*,*,#1933,.T.);
#2005 = ORIENTED_EDGE('',*,*,#840,.T.);
#2006 = ORIENTED_EDGE('',*,*,#1780,.F.);
#2007 = ORIENTED_EDGE('',*,*,#2008,.F.);
#2008 = EDGE_CURVE('',#2009,#1781,#2011,.T.);
#2009 = VERTEX_POINT('',#2010);
#2010 = CARTESIAN_POINT('',(-18.5195,25.5,9.6));
#2011 = SURFACE_CURVE('',#2012,(#2016,#2022),.PCURVE_S1.);
#2012 = LINE('',#2013,#2014);
#2013 = CARTESIAN_POINT('',(-18.5195,25.5,3.8));
#2014 = VECTOR('',#2015,1.);
#2015 = DIRECTION('',(0.,-0.,1.));
#2016 = PCURVE('',#856,#2017);
#2017 = DEFINITIONAL_REPRESENTATION('',(#2018),#2021);
#2018 = B_SPLINE_CURVE_WITH_KNOTS('',1,(#2019,#2020),.UNSPECIFIED.,.F.,
  .F.,(2,2),(5.8,15.624),.PIECEWISE_BEZIER_KNOTS.);
#2019 = CARTESIAN_POINT('',(5.,-1.));
#2020 = CARTESIAN_POINT('',(14.824,-1.));
#2021 = ( GEOMETRIC_REPRESENTATION_CONTEXT(2) 
PARAMETRIC_REPRESENTATION_CONTEXT() REPRESENTATION_CONTEXT('2D SPACE',''
  ) );
#2022 = PCURVE('',#1817,#2023);
#2023 = DEFINITIONAL_REPRESENTATION('',(#2024),#2027);
#2024 = B_SPLINE_CURVE_WITH_KNOTS('',1,(#2025,#2026),.UNSPECIFIED.,.F.,
  .F.,(2,2),(5.8,15.624),.PIECEWISE_BEZIER_KNOTS.);
#2025 = CARTESIAN_POINT('',(38.137286437627,-6.6));
#2026 = CARTESIAN_POINT('',(38.137286437627,-16.424));
#2027 = ( GEOMETRIC_REPRESENTATION_CONTEXT(2) 
PARAMETRIC_REPRESENTATION_CONTEXT() REPRESENTATION_CONTEXT('2D SPACE',''
  ) );
#2028 = ORIENTED_EDGE('',*,*,#2029,.F.);
#2029 = EDGE_CURVE('',#1983,#2009,#2030,.T.);
#2030 = SURFACE_CURVE('',#2031,(#2035,#2041),.PCURVE_S1.);
#2031 = LINE('',#2032,#2033);
#2032 = CARTESIAN_POINT('',(-18.5195,0.,9.6));
#2033 = VECTOR('',#2034,1.);
#2034 = DIRECTION('',(0.,-1.,0.));
#2035 = PCURVE('',#856,#2036);
#2036 = DEFINITIONAL_REPRESENTATION('',(#2037),#2040);
#2037 = B_SPLINE_CURVE_WITH_KNOTS('',1,(#2038,#2039),.UNSPECIFIED.,.F.,
  .F.,(2,2),(-26.5,-24.5),.PIECEWISE_BEZIER_KNOTS.);
#2038 = CARTESIAN_POINT('',(5.,0.));
#2039 = CARTESIAN_POINT('',(5.,-2.));
#2040 = ( GEOMETRIC_REPRESENTATION_CONTEXT(2) 
PARAMETRIC_REPRESENTATION_CONTEXT() REPRESENTATION_CONTEXT('2D SPACE',''
  ) );
#2041 = PCURVE('',#1919,#2042);
#2042 = DEFINITIONAL_REPRESENTATION('',(#2043),#2046);
#2043 = B_SPLINE_CURVE_WITH_KNOTS('',1,(#2044,#2045),.UNSPECIFIED.,.F.,
  .F.,(2,2),(-26.5,-24.5),.PIECEWISE_BEZIER_KNOTS.);
#2044 = CARTESIAN_POINT('',(48.9805,53.));
#2045 = CARTESIAN_POINT('',(48.9805,51.));
#2046 = ( GEOMETRIC_REPRESENTATION_CONTEXT(2) 
PARAMETRIC_REPRESENTATION_CONTEXT() REPRESENTATION_CONTEXT('2D SPACE',''
  ) );
#2047 = ADVANCED_FACE('',(#2048,#2051),#1211,.T.);
#2048 = FACE_BOUND('',#2049,.T.);
#2049 = EDGE_LOOP('',(#2050));
#2050 = ORIENTED_EDGE('',*,*,#1194,.T.);
#2051 = FACE_BOUND('',#2052,.T.);
#2052 = EDGE_LOOP('',(#2053));
#2053 = ORIENTED_EDGE('',*,*,#2054,.F.);
#2054 = EDGE_CURVE('',#2055,#2055,#2057,.T.);
#2055 = VERTEX_POINT('',#2056);
#2056 = CARTESIAN_POINT('',(2.5,-11.5,6.));
#2057 = SURFACE_CURVE('',#2058,(#2063,#2070),.PCURVE_S1.);
#2058 = CIRCLE('',#2059,2.5);
#2059 = AXIS2_PLACEMENT_3D('',#2060,#2061,#2062);
#2060 = CARTESIAN_POINT('',(0.,-11.5,6.));
#2061 = DIRECTION('',(0.,0.,1.));
#2062 = DIRECTION('',(1.,0.,-0.));
#2063 = PCURVE('',#1211,#2064);
#2064 = DEFINITIONAL_REPRESENTATION('',(#2065),#2069);
#2065 = CIRCLE('',#2066,2.5);
#2066 = AXIS2_PLACEMENT_2D('',#2067,#2068);
#2067 = CARTESIAN_POINT('',(0.,0.));
#2068 = DIRECTION('',(1.,0.));
#2069 = ( GEOMETRIC_REPRESENTATION_CONTEXT(2) 
PARAMETRIC_REPRESENTATION_CONTEXT() REPRESENTATION_CONTEXT('2D SPACE',''
  ) );
#2070 = PCURVE('',#2071,#2076);
#2071 = CYLINDRICAL_SURFACE('',#2072,2.5);
#2072 = AXIS2_PLACEMENT_3D('',#2073,#2074,#2075);
#2073 = CARTESIAN_POINT('',(0.,-11.5,3.));
#2074 = DIRECTION('',(0.,0.,1.));
#2075 = DIRECTION('',(1.,0.,0.));
#2076 = DEFINITIONAL_REPRESENTATION('',(#2077),#2081);
#2077 = LINE('',#2078,#2079);
#2078 = CARTESIAN_POINT('',(0.,3.));
#2079 = VECTOR('',#2080,1.);
#2080 = DIRECTION('',(1.,0.));
#2081 = ( GEOMETRIC_REPRESENTATION_CONTEXT(2) 
PARAMETRIC_REPRESENTATION_CONTEXT() REPRESENTATION_CONTEXT('2D SPACE',''
  ) );
#2082 = ADVANCED_FACE('',(#2083,#2086),#1266,.T.);
#2083 = FACE_BOUND('',#2084,.T.);
#2084 = EDGE_LOOP('',(#2085));
#2085 = ORIENTED_EDGE('',*,*,#1249,.T.);
#2086 = FACE_BOUND('',#2087,.T.);
#2087 = EDGE_LOOP('',(#2088));
#2088 = ORIENTED_EDGE('',*,*,#2089,.F.);
#2089 = EDGE_CURVE('',#2090,#2090,#2092,.T.);
#2090 = VERTEX_POINT('',#2091);
#2091 = CARTESIAN_POINT('',(53.5,-11.5,6.));
#2092 = SURFACE_CURVE('',#2093,(#2098,#2105),.PCURVE_S1.);
#2093 = CIRCLE('',#2094,1.);
#2094 = AXIS2_PLACEMENT_3D('',#2095,#2096,#2097);
#2095 = CARTESIAN_POINT('',(52.5,-11.5,6.));
#2096 = DIRECTION('',(0.,0.,1.));
#2097 = DIRECTION('',(1.,0.,-0.));
#2098 = PCURVE('',#1266,#2099);
#2099 = DEFINITIONAL_REPRESENTATION('',(#2100),#2104);
#2100 = CIRCLE('',#2101,1.);
#2101 = AXIS2_PLACEMENT_2D('',#2102,#2103);
#2102 = CARTESIAN_POINT('',(0.,0.));
#2103 = DIRECTION('',(1.,0.));
#2104 = ( GEOMETRIC_REPRESENTATION_CONTEXT(2) 
PARAMETRIC_REPRESENTATION_CONTEXT() REPRESENTATION_CONTEXT('2D SPACE',''
  ) );
#2105 = PCURVE('',#2106,#2111);
#2106 = CYLINDRICAL_SURFACE('',#2107,1.);
#2107 = AXIS2_PLACEMENT_3D('',#2108,#2109,#2110);
#2108 = CARTESIAN_POINT('',(52.5,-11.5,3.));
#2109 = DIRECTION('',(0.,0.,1.));
#2110 = DIRECTION('',(1.,0.,0.));
#2111 = DEFINITIONAL_REPRESENTATION('',(#2112),#2116);
#2112 = LINE('',#2113,#2114);
#2113 = CARTESIAN_POINT('',(0.,3.));
#2114 = VECTOR('',#2115,1.);
#2115 = DIRECTION('',(1.,0.));
#2116 = ( GEOMETRIC_REPRESENTATION_CONTEXT(2) 
PARAMETRIC_REPRESENTATION_CONTEXT() REPRESENTATION_CONTEXT('2D SPACE',''
  ) );
#2117 = ADVANCED_FACE('',(#2118,#2121),#1342,.T.);
#2118 = FACE_BOUND('',#2119,.T.);
#2119 = EDGE_LOOP('',(#2120));
#2120 = ORIENTED_EDGE('',*,*,#1327,.T.);
#2121 = FACE_BOUND('',#2122,.T.);
#2122 = EDGE_LOOP('',(#2123));
#2123 = ORIENTED_EDGE('',*,*,#2124,.F.);
#2124 = EDGE_CURVE('',#2125,#2125,#2127,.T.);
#2125 = VERTEX_POINT('',#2126);
#2126 = CARTESIAN_POINT('',(-28.5,1.,6.));
#2127 = SURFACE_CURVE('',#2128,(#2133,#2140),.PCURVE_S1.);
#2128 = ELLIPSE('',#2129,9.5,8.);
#2129 = AXIS2_PLACEMENT_3D('',#2130,#2131,#2132);
#2130 = CARTESIAN_POINT('',(-38.,1.,6.));
#2131 = DIRECTION('',(0.,0.,1.));
#2132 = DIRECTION('',(1.,0.,0.));
#2133 = PCURVE('',#1342,#2134);
#2134 = DEFINITIONAL_REPRESENTATION('',(#2135),#2139);
#2135 = ELLIPSE('',#2136,9.5,8.);
#2136 = AXIS2_PLACEMENT_2D('',#2137,#2138);
#2137 = CARTESIAN_POINT('',(-0.205366309778,-1.784383515541E-16));
#2138 = DIRECTION('',(1.,0.));
#2139 = ( GEOMETRIC_REPRESENTATION_CONTEXT(2) 
PARAMETRIC_REPRESENTATION_CONTEXT() REPRESENTATION_CONTEXT('2D SPACE',''
  ) );
#2140 = PCURVE('',#2141,#2149);
#2141 = SURFACE_OF_LINEAR_EXTRUSION('',#2142,#2147);
#2142 = ELLIPSE('',#2143,9.5,8.);
#2143 = AXIS2_PLACEMENT_3D('',#2144,#2145,#2146);
#2144 = CARTESIAN_POINT('',(-38.,1.,3.));
#2145 = DIRECTION('',(0.,0.,1.));
#2146 = DIRECTION('',(1.,0.,0.));
#2147 = VECTOR('',#2148,1.);
#2148 = DIRECTION('',(-0.,-0.,-1.));
#2149 = DEFINITIONAL_REPRESENTATION('',(#2150),#2154);
#2150 = LINE('',#2151,#2152);
#2151 = CARTESIAN_POINT('',(0.,-3.));
#2152 = VECTOR('',#2153,1.);
#2153 = DIRECTION('',(1.,0.));
#2154 = ( GEOMETRIC_REPRESENTATION_CONTEXT(2) 
PARAMETRIC_REPRESENTATION_CONTEXT() REPRESENTATION_CONTEXT('2D SPACE',''
  ) );
#2155 = ADVANCED_FACE('',(#2156,#2159),#1376,.T.);
#2156 = FACE_BOUND('',#2157,.T.);
#2157 = EDGE_LOOP('',(#2158));
#2158 = ORIENTED_EDGE('',*,*,#1359,.T.);
#2159 = FACE_BOUND('',#2160,.T.);
#2160 = EDGE_LOOP('',(#2161));
#2161 = ORIENTED_EDGE('',*,*,#2162,.F.);
#2162 = EDGE_CURVE('',#2163,#2163,#2165,.T.);
#2163 = VERTEX_POINT('',#2164);
#2164 = CARTESIAN_POINT('',(-51.5,13.5,6.));
#2165 = SURFACE_CURVE('',#2166,(#2171,#2178),.PCURVE_S1.);
#2166 = CIRCLE('',#2167,1.);
#2167 = AXIS2_PLACEMENT_3D('',#2168,#2169,#2170);
#2168 = CARTESIAN_POINT('',(-52.5,13.5,6.));
#2169 = DIRECTION('',(0.,0.,1.));
#2170 = DIRECTION('',(1.,0.,-0.));
#2171 = PCURVE('',#1376,#2172);
#2172 = DEFINITIONAL_REPRESENTATION('',(#2173),#2177);
#2173 = CIRCLE('',#2174,1.);
#2174 = AXIS2_PLACEMENT_2D('',#2175,#2176);
#2175 = CARTESIAN_POINT('',(0.,0.));
#2176 = DIRECTION('',(1.,0.));
#2177 = ( GEOMETRIC_REPRESENTATION_CONTEXT(2) 
PARAMETRIC_REPRESENTATION_CONTEXT() REPRESENTATION_CONTEXT('2D SPACE',''
  ) );
#2178 = PCURVE('',#2179,#2184);
#2179 = CYLINDRICAL_SURFACE('',#2180,1.);
#2180 = AXIS2_PLACEMENT_3D('',#2181,#2182,#2183);
#2181 = CARTESIAN_POINT('',(-52.5,13.5,3.));
#2182 = DIRECTION('',(0.,0.,1.));
#2183 = DIRECTION('',(1.,0.,0.));
#2184 = DEFINITIONAL_REPRESENTATION('',(#2185),#2189);
#2185 = LINE('',#2186,#2187);
#2186 = CARTESIAN_POINT('',(0.,3.));
#2187 = VECTOR('',#2188,1.);
#2188 = DIRECTION('',(1.,0.));
#2189 = ( GEOMETRIC_REPRESENTATION_CONTEXT(2) 
PARAMETRIC_REPRESENTATION_CONTEXT() REPRESENTATION_CONTEXT('2D SPACE',''
  ) );
#2190 = ADVANCED_FACE('',(#2191,#2194),#1452,.T.);
#2191 = FACE_BOUND('',#2192,.T.);
#2192 = EDGE_LOOP('',(#2193));
#2193 = ORIENTED_EDGE('',*,*,#1437,.T.);
#2194 = FACE_BOUND('',#2195,.T.);
#2195 = EDGE_LOOP('',(#2196));
#2196 = ORIENTED_EDGE('',*,*,#2197,.F.);
#2197 = EDGE_CURVE('',#2198,#2198,#2200,.T.);
#2198 = VERTEX_POINT('',#2199);
#2199 = CARTESIAN_POINT('',(47.5,1.,6.));
#2200 = SURFACE_CURVE('',#2201,(#2206,#2213),.PCURVE_S1.);
#2201 = ELLIPSE('',#2202,9.5,8.);
#2202 = AXIS2_PLACEMENT_3D('',#2203,#2204,#2205);
#2203 = CARTESIAN_POINT('',(38.,1.,6.));
#2204 = DIRECTION('',(0.,0.,1.));
#2205 = DIRECTION('',(1.,0.,0.));
#2206 = PCURVE('',#1452,#2207);
#2207 = DEFINITIONAL_REPRESENTATION('',(#2208),#2212);
#2208 = ELLIPSE('',#2209,9.5,8.);
#2209 = AXIS2_PLACEMENT_2D('',#2210,#2211);
#2210 = CARTESIAN_POINT('',(-0.205366309778,-1.784383515541E-16));
#2211 = DIRECTION('',(1.,0.));
#2212 = ( GEOMETRIC_REPRESENTATION_CONTEXT(2) 
PARAMETRIC_REPRESENTATION_CONTEXT() REPRESENTATION_CONTEXT('2D SPACE',''
  ) );
#2213 = PCURVE('',#2214,#2222);
#2214 = SURFACE_OF_LINEAR_EXTRUSION('',#2215,#2220);
#2215 = ELLIPSE('',#2216,9.5,8.);
#2216 = AXIS2_PLACEMENT_3D('',#2217,#2218,#2219);
#2217 = CARTESIAN_POINT('',(38.,1.,3.));
#2218 = DIRECTION('',(0.,0.,1.));
#2219 = DIRECTION('',(1.,0.,0.));
#2220 = VECTOR('',#2221,1.);
#2221 = DIRECTION('',(-0.,-0.,-1.));
#2222 = DEFINITIONAL_REPRESENTATION('',(#2223),#2227);
#2223 = LINE('',#2224,#2225);
#2224 = CARTESIAN_POINT('',(0.,-3.));
#2225 = VECTOR('',#2226,1.);
#2226 = DIRECTION('',(1.,0.));
#2227 = ( GEOMETRIC_REPRESENTATION_CONTEXT(2) 
PARAMETRIC_REPRESENTATION_CONTEXT() REPRESENTATION_CONTEXT('2D SPACE',''
  ) );
#2228 = ADVANCED_FACE('',(#2229,#2232),#1486,.T.);
#2229 = FACE_BOUND('',#2230,.T.);
#2230 = EDGE_LOOP('',(#2231));
#2231 = ORIENTED_EDGE('',*,*,#1469,.T.);
#2232 = FACE_BOUND('',#2233,.T.);
#2233 = EDGE_LOOP('',(#2234));
#2234 = ORIENTED_EDGE('',*,*,#2235,.F.);
#2235 = EDGE_CURVE('',#2236,#2236,#2238,.T.);
#2236 = VERTEX_POINT('',#2237);
#2237 = CARTESIAN_POINT('',(53.5,13.5,6.));
#2238 = SURFACE_CURVE('',#2239,(#2244,#2251),.PCURVE_S1.);
#2239 = CIRCLE('',#2240,1.);
#2240 = AXIS2_PLACEMENT_3D('',#2241,#2242,#2243);
#2241 = CARTESIAN_POINT('',(52.5,13.5,6.));
#2242 = DIRECTION('',(0.,0.,1.));
#2243 = DIRECTION('',(1.,0.,-0.));
#2244 = PCURVE('',#1486,#2245);
#2245 = DEFINITIONAL_REPRESENTATION('',(#2246),#2250);
#2246 = CIRCLE('',#2247,1.);
#2247 = AXIS2_PLACEMENT_2D('',#2248,#2249);
#2248 = CARTESIAN_POINT('',(0.,0.));
#2249 = DIRECTION('',(1.,0.));
#2250 = ( GEOMETRIC_REPRESENTATION_CONTEXT(2) 
PARAMETRIC_REPRESENTATION_CONTEXT() REPRESENTATION_CONTEXT('2D SPACE',''
  ) );
#2251 = PCURVE('',#2252,#2257);
#2252 = CYLINDRICAL_SURFACE('',#2253,1.);
#2253 = AXIS2_PLACEMENT_3D('',#2254,#2255,#2256);
#2254 = CARTESIAN_POINT('',(52.5,13.5,3.));
#2255 = DIRECTION('',(0.,0.,1.));
#2256 = DIRECTION('',(1.,0.,0.));
#2257 = DEFINITIONAL_REPRESENTATION('',(#2258),#2262);
#2258 = LINE('',#2259,#2260);
#2259 = CARTESIAN_POINT('',(0.,3.));
#2260 = VECTOR('',#2261,1.);
#2261 = DIRECTION('',(1.,0.));
#2262 = ( GEOMETRIC_REPRESENTATION_CONTEXT(2) 
PARAMETRIC_REPRESENTATION_CONTEXT() REPRESENTATION_CONTEXT('2D SPACE',''
  ) );
#2263 = ADVANCED_FACE('',(#2264),#1542,.T.);
#2264 = FACE_BOUND('',#2265,.T.);
#2265 = EDGE_LOOP('',(#2266,#2291,#2312,#2313));
#2266 = ORIENTED_EDGE('',*,*,#2267,.F.);
#2267 = EDGE_CURVE('',#2268,#2270,#2272,.T.);
#2268 = VERTEX_POINT('',#2269);
#2269 = CARTESIAN_POINT('',(-66.5,15.656786437627,9.6));
#2270 = VERTEX_POINT('',#2271);
#2271 = CARTESIAN_POINT('',(-56.65678643762,25.5,9.6));
#2272 = SURFACE_CURVE('',#2273,(#2277,#2284),.PCURVE_S1.);
#2273 = LINE('',#2274,#2275);
#2274 = CARTESIAN_POINT('',(-74.82839321881,7.328393218813,9.6));
#2275 = VECTOR('',#2276,1.);
#2276 = DIRECTION('',(0.707106781187,0.707106781187,0.));
#2277 = PCURVE('',#1542,#2278);
#2278 = DEFINITIONAL_REPRESENTATION('',(#2279),#2283);
#2279 = LINE('',#2280,#2281);
#2280 = CARTESIAN_POINT('',(-11.77812664282,-6.6));
#2281 = VECTOR('',#2282,1.);
#2282 = DIRECTION('',(1.,0.));
#2283 = ( GEOMETRIC_REPRESENTATION_CONTEXT(2) 
PARAMETRIC_REPRESENTATION_CONTEXT() REPRESENTATION_CONTEXT('2D SPACE',''
  ) );
#2284 = PCURVE('',#1919,#2285);
#2285 = DEFINITIONAL_REPRESENTATION('',(#2286),#2290);
#2286 = LINE('',#2287,#2288);
#2287 = CARTESIAN_POINT('',(-7.328393218813,33.828393218813));
#2288 = VECTOR('',#2289,1.);
#2289 = DIRECTION('',(0.707106781187,0.707106781187));
#2290 = ( GEOMETRIC_REPRESENTATION_CONTEXT(2) 
PARAMETRIC_REPRESENTATION_CONTEXT() REPRESENTATION_CONTEXT('2D SPACE',''
  ) );
#2291 = ORIENTED_EDGE('',*,*,#2292,.T.);
#2292 = EDGE_CURVE('',#2268,#1525,#2293,.T.);
#2293 = SURFACE_CURVE('',#2294,(#2298,#2305),.PCURVE_S1.);
#2294 = LINE('',#2295,#2296);
#2295 = CARTESIAN_POINT('',(-66.5,15.656786437627,3.));
#2296 = VECTOR('',#2297,1.);
#2297 = DIRECTION('',(0.,0.,1.));
#2298 = PCURVE('',#1542,#2299);
#2299 = DEFINITIONAL_REPRESENTATION('',(#2300),#2304);
#2300 = LINE('',#2301,#2302);
#2301 = CARTESIAN_POINT('',(0.,0.));
#2302 = VECTOR('',#2303,1.);
#2303 = DIRECTION('',(0.,-1.));
#2304 = ( GEOMETRIC_REPRESENTATION_CONTEXT(2) 
PARAMETRIC_REPRESENTATION_CONTEXT() REPRESENTATION_CONTEXT('2D SPACE',''
  ) );
#2305 = PCURVE('',#1570,#2306);
#2306 = DEFINITIONAL_REPRESENTATION('',(#2307),#2311);
#2307 = LINE('',#2308,#2309);
#2308 = CARTESIAN_POINT('',(1.7763568394E-15,0.));
#2309 = VECTOR('',#2310,1.);
#2310 = DIRECTION('',(0.,-1.));
#2311 = ( GEOMETRIC_REPRESENTATION_CONTEXT(2) 
PARAMETRIC_REPRESENTATION_CONTEXT() REPRESENTATION_CONTEXT('2D SPACE',''
  ) );
#2312 = ORIENTED_EDGE('',*,*,#1524,.T.);
#2313 = ORIENTED_EDGE('',*,*,#2314,.F.);
#2314 = EDGE_CURVE('',#2270,#1527,#2315,.T.);
#2315 = SURFACE_CURVE('',#2316,(#2320,#2327),.PCURVE_S1.);
#2316 = LINE('',#2317,#2318);
#2317 = CARTESIAN_POINT('',(-56.65678643762,25.5,3.));
#2318 = VECTOR('',#2319,1.);
#2319 = DIRECTION('',(0.,0.,1.));
#2320 = PCURVE('',#1542,#2321);
#2321 = DEFINITIONAL_REPRESENTATION('',(#2322),#2326);
#2322 = LINE('',#2323,#2324);
#2323 = CARTESIAN_POINT('',(13.920406117243,0.));
#2324 = VECTOR('',#2325,1.);
#2325 = DIRECTION('',(0.,-1.));
#2326 = ( GEOMETRIC_REPRESENTATION_CONTEXT(2) 
PARAMETRIC_REPRESENTATION_CONTEXT() REPRESENTATION_CONTEXT('2D SPACE',''
  ) );
#2327 = PCURVE('',#1817,#2328);
#2328 = DEFINITIONAL_REPRESENTATION('',(#2329),#2333);
#2329 = LINE('',#2330,#2331);
#2330 = CARTESIAN_POINT('',(7.105427357601E-15,0.));
#2331 = VECTOR('',#2332,1.);
#2332 = DIRECTION('',(0.,-1.));
#2333 = ( GEOMETRIC_REPRESENTATION_CONTEXT(2) 
PARAMETRIC_REPRESENTATION_CONTEXT() REPRESENTATION_CONTEXT('2D SPACE',''
  ) );
#2334 = ADVANCED_FACE('',(#2335),#1817,.T.);
#2335 = FACE_BOUND('',#2336,.T.);
#2336 = EDGE_LOOP('',(#2337,#2358,#2359,#2360));
#2337 = ORIENTED_EDGE('',*,*,#2338,.F.);
#2338 = EDGE_CURVE('',#2270,#2009,#2339,.T.);
#2339 = SURFACE_CURVE('',#2340,(#2344,#2351),.PCURVE_S1.);
#2340 = LINE('',#2341,#2342);
#2341 = CARTESIAN_POINT('',(-67.5,25.5,9.6));
#2342 = VECTOR('',#2343,1.);
#2343 = DIRECTION('',(1.,0.,0.));
#2344 = PCURVE('',#1817,#2345);
#2345 = DEFINITIONAL_REPRESENTATION('',(#2346),#2350);
#2346 = LINE('',#2347,#2348);
#2347 = CARTESIAN_POINT('',(-10.84321356237,-6.6));
#2348 = VECTOR('',#2349,1.);
#2349 = DIRECTION('',(1.,0.));
#2350 = ( GEOMETRIC_REPRESENTATION_CONTEXT(2) 
PARAMETRIC_REPRESENTATION_CONTEXT() REPRESENTATION_CONTEXT('2D SPACE',''
  ) );
#2351 = PCURVE('',#1919,#2352);
#2352 = DEFINITIONAL_REPRESENTATION('',(#2353),#2357);
#2353 = LINE('',#2354,#2355);
#2354 = CARTESIAN_POINT('',(0.,52.));
#2355 = VECTOR('',#2356,1.);
#2356 = DIRECTION('',(1.,0.));
#2357 = ( GEOMETRIC_REPRESENTATION_CONTEXT(2) 
PARAMETRIC_REPRESENTATION_CONTEXT() REPRESENTATION_CONTEXT('2D SPACE',''
  ) );
#2358 = ORIENTED_EDGE('',*,*,#2314,.T.);
#2359 = ORIENTED_EDGE('',*,*,#1803,.T.);
#2360 = ORIENTED_EDGE('',*,*,#2008,.F.);
#2361 = ADVANCED_FACE('',(#2362),#1738,.T.);
#2362 = FACE_BOUND('',#2363,.T.);
#2363 = EDGE_LOOP('',(#2364,#2387,#2388,#2389));
#2364 = ORIENTED_EDGE('',*,*,#2365,.F.);
#2365 = EDGE_CURVE('',#1886,#2366,#2368,.T.);
#2366 = VERTEX_POINT('',#2367);
#2367 = CARTESIAN_POINT('',(56.656786437627,25.5,9.6));
#2368 = SURFACE_CURVE('',#2369,(#2373,#2380),.PCURVE_S1.);
#2369 = LINE('',#2370,#2371);
#2370 = CARTESIAN_POINT('',(-67.5,25.5,9.6));
#2371 = VECTOR('',#2372,1.);
#2372 = DIRECTION('',(1.,0.,0.));
#2373 = PCURVE('',#1738,#2374);
#2374 = DEFINITIONAL_REPRESENTATION('',(#2375),#2379);
#2375 = LINE('',#2376,#2377);
#2376 = CARTESIAN_POINT('',(-10.84321356237,-6.6));
#2377 = VECTOR('',#2378,1.);
#2378 = DIRECTION('',(1.,0.));
#2379 = ( GEOMETRIC_REPRESENTATION_CONTEXT(2) 
PARAMETRIC_REPRESENTATION_CONTEXT() REPRESENTATION_CONTEXT('2D SPACE',''
  ) );
#2380 = PCURVE('',#1919,#2381);
#2381 = DEFINITIONAL_REPRESENTATION('',(#2382),#2386);
#2382 = LINE('',#2383,#2384);
#2383 = CARTESIAN_POINT('',(0.,52.));
#2384 = VECTOR('',#2385,1.);
#2385 = DIRECTION('',(1.,0.));
#2386 = ( GEOMETRIC_REPRESENTATION_CONTEXT(2) 
PARAMETRIC_REPRESENTATION_CONTEXT() REPRESENTATION_CONTEXT('2D SPACE',''
  ) );
#2387 = ORIENTED_EDGE('',*,*,#1885,.T.);
#2388 = ORIENTED_EDGE('',*,*,#1722,.T.);
#2389 = ORIENTED_EDGE('',*,*,#2390,.F.);
#2390 = EDGE_CURVE('',#2366,#1695,#2391,.T.);
#2391 = SURFACE_CURVE('',#2392,(#2396,#2403),.PCURVE_S1.);
#2392 = LINE('',#2393,#2394);
#2393 = CARTESIAN_POINT('',(56.656786437627,25.5,3.));
#2394 = VECTOR('',#2395,1.);
#2395 = DIRECTION('',(0.,0.,1.));
#2396 = PCURVE('',#1738,#2397);
#2397 = DEFINITIONAL_REPRESENTATION('',(#2398),#2402);
#2398 = LINE('',#2399,#2400);
#2399 = CARTESIAN_POINT('',(113.31357287525,0.));
#2400 = VECTOR('',#2401,1.);
#2401 = DIRECTION('',(0.,-1.));
#2402 = ( GEOMETRIC_REPRESENTATION_CONTEXT(2) 
PARAMETRIC_REPRESENTATION_CONTEXT() REPRESENTATION_CONTEXT('2D SPACE',''
  ) );
#2403 = PCURVE('',#1710,#2404);
#2404 = DEFINITIONAL_REPRESENTATION('',(#2405),#2409);
#2405 = LINE('',#2406,#2407);
#2406 = CARTESIAN_POINT('',(13.920406117243,0.));
#2407 = VECTOR('',#2408,1.);
#2408 = DIRECTION('',(0.,-1.));
#2409 = ( GEOMETRIC_REPRESENTATION_CONTEXT(2) 
PARAMETRIC_REPRESENTATION_CONTEXT() REPRESENTATION_CONTEXT('2D SPACE',''
  ) );
#2410 = ADVANCED_FACE('',(#2411),#1710,.F.);
#2411 = FACE_BOUND('',#2412,.F.);
#2412 = EDGE_LOOP('',(#2413,#2436,#2457,#2458));
#2413 = ORIENTED_EDGE('',*,*,#2414,.F.);
#2414 = EDGE_CURVE('',#2415,#2366,#2417,.T.);
#2415 = VERTEX_POINT('',#2416);
#2416 = CARTESIAN_POINT('',(66.5,15.656786437627,9.6));
#2417 = SURFACE_CURVE('',#2418,(#2422,#2429),.PCURVE_S1.);
#2418 = LINE('',#2419,#2420);
#2419 = CARTESIAN_POINT('',(41.078393218813,41.078393218813,9.6));
#2420 = VECTOR('',#2421,1.);
#2421 = DIRECTION('',(-0.707106781187,0.707106781187,0.));
#2422 = PCURVE('',#1710,#2423);
#2423 = DEFINITIONAL_REPRESENTATION('',(#2424),#2428);
#2424 = LINE('',#2425,#2426);
#2425 = CARTESIAN_POINT('',(35.95158108727,-6.6));
#2426 = VECTOR('',#2427,1.);
#2427 = DIRECTION('',(1.,0.));
#2428 = ( GEOMETRIC_REPRESENTATION_CONTEXT(2) 
PARAMETRIC_REPRESENTATION_CONTEXT() REPRESENTATION_CONTEXT('2D SPACE',''
  ) );
#2429 = PCURVE('',#1919,#2430);
#2430 = DEFINITIONAL_REPRESENTATION('',(#2431),#2435);
#2431 = LINE('',#2432,#2433);
#2432 = CARTESIAN_POINT('',(108.57839321881,67.578393218813));
#2433 = VECTOR('',#2434,1.);
#2434 = DIRECTION('',(-0.707106781187,0.707106781187));
#2435 = ( GEOMETRIC_REPRESENTATION_CONTEXT(2) 
PARAMETRIC_REPRESENTATION_CONTEXT() REPRESENTATION_CONTEXT('2D SPACE',''
  ) );
#2436 = ORIENTED_EDGE('',*,*,#2437,.T.);
#2437 = EDGE_CURVE('',#2415,#1667,#2438,.T.);
#2438 = SURFACE_CURVE('',#2439,(#2443,#2450),.PCURVE_S1.);
#2439 = LINE('',#2440,#2441);
#2440 = CARTESIAN_POINT('',(66.5,15.656786437627,3.));
#2441 = VECTOR('',#2442,1.);
#2442 = DIRECTION('',(0.,0.,1.));
#2443 = PCURVE('',#1710,#2444);
#2444 = DEFINITIONAL_REPRESENTATION('',(#2445),#2449);
#2445 = LINE('',#2446,#2447);
#2446 = CARTESIAN_POINT('',(0.,0.));
#2447 = VECTOR('',#2448,1.);
#2448 = DIRECTION('',(0.,-1.));
#2449 = ( GEOMETRIC_REPRESENTATION_CONTEXT(2) 
PARAMETRIC_REPRESENTATION_CONTEXT() REPRESENTATION_CONTEXT('2D SPACE',''
  ) );
#2450 = PCURVE('',#1682,#2451);
#2451 = DEFINITIONAL_REPRESENTATION('',(#2452),#2456);
#2452 = LINE('',#2453,#2454);
#2453 = CARTESIAN_POINT('',(-5.329070518201E-15,0.));
#2454 = VECTOR('',#2455,1.);
#2455 = DIRECTION('',(0.,-1.));
#2456 = ( GEOMETRIC_REPRESENTATION_CONTEXT(2) 
PARAMETRIC_REPRESENTATION_CONTEXT() REPRESENTATION_CONTEXT('2D SPACE',''
  ) );
#2457 = ORIENTED_EDGE('',*,*,#1694,.T.);
#2458 = ORIENTED_EDGE('',*,*,#2390,.F.);
#2459 = ADVANCED_FACE('',(#2460),#1682,.T.);
#2460 = FACE_BOUND('',#2461,.T.);
#2461 = EDGE_LOOP('',(#2462,#2485,#2486,#2487));
#2462 = ORIENTED_EDGE('',*,*,#2463,.T.);
#2463 = EDGE_CURVE('',#2464,#2415,#2466,.T.);
#2464 = VERTEX_POINT('',#2465);
#2465 = CARTESIAN_POINT('',(66.5,-15.65678643762,9.6));
#2466 = SURFACE_CURVE('',#2467,(#2471,#2478),.PCURVE_S1.);
#2467 = LINE('',#2468,#2469);
#2468 = CARTESIAN_POINT('',(66.5,-26.5,9.6));
#2469 = VECTOR('',#2470,1.);
#2470 = DIRECTION('',(0.,1.,0.));
#2471 = PCURVE('',#1682,#2472);
#2472 = DEFINITIONAL_REPRESENTATION('',(#2473),#2477);
#2473 = LINE('',#2474,#2475);
#2474 = CARTESIAN_POINT('',(42.156786437627,-6.6));
#2475 = VECTOR('',#2476,1.);
#2476 = DIRECTION('',(-1.,0.));
#2477 = ( GEOMETRIC_REPRESENTATION_CONTEXT(2) 
PARAMETRIC_REPRESENTATION_CONTEXT() REPRESENTATION_CONTEXT('2D SPACE',''
  ) );
#2478 = PCURVE('',#1919,#2479);
#2479 = DEFINITIONAL_REPRESENTATION('',(#2480),#2484);
#2480 = LINE('',#2481,#2482);
#2481 = CARTESIAN_POINT('',(134.,0.));
#2482 = VECTOR('',#2483,1.);
#2483 = DIRECTION('',(0.,1.));
#2484 = ( GEOMETRIC_REPRESENTATION_CONTEXT(2) 
PARAMETRIC_REPRESENTATION_CONTEXT() REPRESENTATION_CONTEXT('2D SPACE',''
  ) );
#2485 = ORIENTED_EDGE('',*,*,#2437,.T.);
#2486 = ORIENTED_EDGE('',*,*,#1666,.T.);
#2487 = ORIENTED_EDGE('',*,*,#2488,.F.);
#2488 = EDGE_CURVE('',#2464,#1639,#2489,.T.);
#2489 = SURFACE_CURVE('',#2490,(#2494,#2501),.PCURVE_S1.);
#2490 = LINE('',#2491,#2492);
#2491 = CARTESIAN_POINT('',(66.5,-15.65678643762,3.));
#2492 = VECTOR('',#2493,1.);
#2493 = DIRECTION('',(0.,0.,1.));
#2494 = PCURVE('',#1682,#2495);
#2495 = DEFINITIONAL_REPRESENTATION('',(#2496),#2500);
#2496 = LINE('',#2497,#2498);
#2497 = CARTESIAN_POINT('',(31.313572875254,0.));
#2498 = VECTOR('',#2499,1.);
#2499 = DIRECTION('',(0.,-1.));
#2500 = ( GEOMETRIC_REPRESENTATION_CONTEXT(2) 
PARAMETRIC_REPRESENTATION_CONTEXT() REPRESENTATION_CONTEXT('2D SPACE',''
  ) );
#2501 = PCURVE('',#1654,#2502);
#2502 = DEFINITIONAL_REPRESENTATION('',(#2503),#2507);
#2503 = LINE('',#2504,#2505);
#2504 = CARTESIAN_POINT('',(-5.024295867788E-15,0.));
#2505 = VECTOR('',#2506,1.);
#2506 = DIRECTION('',(0.,-1.));
#2507 = ( GEOMETRIC_REPRESENTATION_CONTEXT(2) 
PARAMETRIC_REPRESENTATION_CONTEXT() REPRESENTATION_CONTEXT('2D SPACE',''
  ) );
#2508 = ADVANCED_FACE('',(#2509),#1654,.T.);
#2509 = FACE_BOUND('',#2510,.T.);
#2510 = EDGE_LOOP('',(#2511,#2534,#2535,#2536));
#2511 = ORIENTED_EDGE('',*,*,#2512,.F.);
#2512 = EDGE_CURVE('',#2464,#2513,#2515,.T.);
#2513 = VERTEX_POINT('',#2514);
#2514 = CARTESIAN_POINT('',(56.656786437627,-25.5,9.6));
#2515 = SURFACE_CURVE('',#2516,(#2520,#2527),.PCURVE_S1.);
#2516 = LINE('',#2517,#2518);
#2517 = CARTESIAN_POINT('',(27.828393218813,-54.32839321881,9.6));
#2518 = VECTOR('',#2519,1.);
#2519 = DIRECTION('',(-0.707106781187,-0.707106781187,0.));
#2520 = PCURVE('',#1654,#2521);
#2521 = DEFINITIONAL_REPRESENTATION('',(#2522),#2526);
#2522 = LINE('',#2523,#2524);
#2523 = CARTESIAN_POINT('',(54.689910788713,-6.6));
#2524 = VECTOR('',#2525,1.);
#2525 = DIRECTION('',(1.,0.));
#2526 = ( GEOMETRIC_REPRESENTATION_CONTEXT(2) 
PARAMETRIC_REPRESENTATION_CONTEXT() REPRESENTATION_CONTEXT('2D SPACE',''
  ) );
#2527 = PCURVE('',#1919,#2528);
#2528 = DEFINITIONAL_REPRESENTATION('',(#2529),#2533);
#2529 = LINE('',#2530,#2531);
#2530 = CARTESIAN_POINT('',(95.328393218813,-27.82839321881));
#2531 = VECTOR('',#2532,1.);
#2532 = DIRECTION('',(-0.707106781187,-0.707106781187));
#2533 = ( GEOMETRIC_REPRESENTATION_CONTEXT(2) 
PARAMETRIC_REPRESENTATION_CONTEXT() REPRESENTATION_CONTEXT('2D SPACE',''
  ) );
#2534 = ORIENTED_EDGE('',*,*,#2488,.T.);
#2535 = ORIENTED_EDGE('',*,*,#1638,.T.);
#2536 = ORIENTED_EDGE('',*,*,#2537,.F.);
#2537 = EDGE_CURVE('',#2513,#1611,#2538,.T.);
#2538 = SURFACE_CURVE('',#2539,(#2543,#2550),.PCURVE_S1.);
#2539 = LINE('',#2540,#2541);
#2540 = CARTESIAN_POINT('',(56.656786437627,-25.5,3.));
#2541 = VECTOR('',#2542,1.);
#2542 = DIRECTION('',(0.,0.,1.));
#2543 = PCURVE('',#1654,#2544);
#2544 = DEFINITIONAL_REPRESENTATION('',(#2545),#2549);
#2545 = LINE('',#2546,#2547);
#2546 = CARTESIAN_POINT('',(13.920406117243,0.));
#2547 = VECTOR('',#2548,1.);
#2548 = DIRECTION('',(0.,-1.));
#2549 = ( GEOMETRIC_REPRESENTATION_CONTEXT(2) 
PARAMETRIC_REPRESENTATION_CONTEXT() REPRESENTATION_CONTEXT('2D SPACE',''
  ) );
#2550 = PCURVE('',#1626,#2551);
#2551 = DEFINITIONAL_REPRESENTATION('',(#2552),#2556);
#2552 = LINE('',#2553,#2554);
#2553 = CARTESIAN_POINT('',(113.31357287525,0.));
#2554 = VECTOR('',#2555,1.);
#2555 = DIRECTION('',(0.,-1.));
#2556 = ( GEOMETRIC_REPRESENTATION_CONTEXT(2) 
PARAMETRIC_REPRESENTATION_CONTEXT() REPRESENTATION_CONTEXT('2D SPACE',''
  ) );
#2557 = ADVANCED_FACE('',(#2558),#1626,.F.);
#2558 = FACE_BOUND('',#2559,.F.);
#2559 = EDGE_LOOP('',(#2560,#2583,#2604,#2605));
#2560 = ORIENTED_EDGE('',*,*,#2561,.F.);
#2561 = EDGE_CURVE('',#2562,#2513,#2564,.T.);
#2562 = VERTEX_POINT('',#2563);
#2563 = CARTESIAN_POINT('',(-56.65678643762,-25.5,9.6));
#2564 = SURFACE_CURVE('',#2565,(#2569,#2576),.PCURVE_S1.);
#2565 = LINE('',#2566,#2567);
#2566 = CARTESIAN_POINT('',(-67.5,-25.5,9.6));
#2567 = VECTOR('',#2568,1.);
#2568 = DIRECTION('',(1.,0.,0.));
#2569 = PCURVE('',#1626,#2570);
#2570 = DEFINITIONAL_REPRESENTATION('',(#2571),#2575);
#2571 = LINE('',#2572,#2573);
#2572 = CARTESIAN_POINT('',(-10.84321356237,-6.6));
#2573 = VECTOR('',#2574,1.);
#2574 = DIRECTION('',(1.,0.));
#2575 = ( GEOMETRIC_REPRESENTATION_CONTEXT(2) 
PARAMETRIC_REPRESENTATION_CONTEXT() REPRESENTATION_CONTEXT('2D SPACE',''
  ) );
#2576 = PCURVE('',#1919,#2577);
#2577 = DEFINITIONAL_REPRESENTATION('',(#2578),#2582);
#2578 = LINE('',#2579,#2580);
#2579 = CARTESIAN_POINT('',(0.,1.));
#2580 = VECTOR('',#2581,1.);
#2581 = DIRECTION('',(1.,0.));
#2582 = ( GEOMETRIC_REPRESENTATION_CONTEXT(2) 
PARAMETRIC_REPRESENTATION_CONTEXT() REPRESENTATION_CONTEXT('2D SPACE',''
  ) );
#2583 = ORIENTED_EDGE('',*,*,#2584,.T.);
#2584 = EDGE_CURVE('',#2562,#1583,#2585,.T.);
#2585 = SURFACE_CURVE('',#2586,(#2590,#2597),.PCURVE_S1.);
#2586 = LINE('',#2587,#2588);
#2587 = CARTESIAN_POINT('',(-56.65678643762,-25.5,3.));
#2588 = VECTOR('',#2589,1.);
#2589 = DIRECTION('',(0.,0.,1.));
#2590 = PCURVE('',#1626,#2591);
#2591 = DEFINITIONAL_REPRESENTATION('',(#2592),#2596);
#2592 = LINE('',#2593,#2594);
#2593 = CARTESIAN_POINT('',(7.105427357601E-15,0.));
#2594 = VECTOR('',#2595,1.);
#2595 = DIRECTION('',(0.,-1.));
#2596 = ( GEOMETRIC_REPRESENTATION_CONTEXT(2) 
PARAMETRIC_REPRESENTATION_CONTEXT() REPRESENTATION_CONTEXT('2D SPACE',''
  ) );
#2597 = PCURVE('',#1598,#2598);
#2598 = DEFINITIONAL_REPRESENTATION('',(#2599),#2603);
#2599 = LINE('',#2600,#2601);
#2600 = CARTESIAN_POINT('',(13.920406117243,0.));
#2601 = VECTOR('',#2602,1.);
#2602 = DIRECTION('',(0.,-1.));
#2603 = ( GEOMETRIC_REPRESENTATION_CONTEXT(2) 
PARAMETRIC_REPRESENTATION_CONTEXT() REPRESENTATION_CONTEXT('2D SPACE',''
  ) );
#2604 = ORIENTED_EDGE('',*,*,#1610,.T.);
#2605 = ORIENTED_EDGE('',*,*,#2537,.F.);
#2606 = ADVANCED_FACE('',(#2607),#1598,.F.);
#2607 = FACE_BOUND('',#2608,.F.);
#2608 = EDGE_LOOP('',(#2609,#2632,#2653,#2654));
#2609 = ORIENTED_EDGE('',*,*,#2610,.F.);
#2610 = EDGE_CURVE('',#2611,#2562,#2613,.T.);
#2611 = VERTEX_POINT('',#2612);
#2612 = CARTESIAN_POINT('',(-66.5,-15.65678643762,9.6));
#2613 = SURFACE_CURVE('',#2614,(#2618,#2625),.PCURVE_S1.);
#2614 = LINE('',#2615,#2616);
#2615 = CARTESIAN_POINT('',(-61.57839321881,-20.57839321881,9.6));
#2616 = VECTOR('',#2617,1.);
#2617 = DIRECTION('',(0.707106781187,-0.707106781187,0.));
#2618 = PCURVE('',#1598,#2619);
#2619 = DEFINITIONAL_REPRESENTATION('',(#2620),#2624);
#2620 = LINE('',#2621,#2622);
#2621 = CARTESIAN_POINT('',(6.960203058621,-6.6));
#2622 = VECTOR('',#2623,1.);
#2623 = DIRECTION('',(1.,0.));
#2624 = ( GEOMETRIC_REPRESENTATION_CONTEXT(2) 
PARAMETRIC_REPRESENTATION_CONTEXT() REPRESENTATION_CONTEXT('2D SPACE',''
  ) );
#2625 = PCURVE('',#1919,#2626);
#2626 = DEFINITIONAL_REPRESENTATION('',(#2627),#2631);
#2627 = LINE('',#2628,#2629);
#2628 = CARTESIAN_POINT('',(5.921606781187,5.921606781187));
#2629 = VECTOR('',#2630,1.);
#2630 = DIRECTION('',(0.707106781187,-0.707106781187));
#2631 = ( GEOMETRIC_REPRESENTATION_CONTEXT(2) 
PARAMETRIC_REPRESENTATION_CONTEXT() REPRESENTATION_CONTEXT('2D SPACE',''
  ) );
#2632 = ORIENTED_EDGE('',*,*,#2633,.T.);
#2633 = EDGE_CURVE('',#2611,#1555,#2634,.T.);
#2634 = SURFACE_CURVE('',#2635,(#2639,#2646),.PCURVE_S1.);
#2635 = LINE('',#2636,#2637);
#2636 = CARTESIAN_POINT('',(-66.5,-15.65678643762,3.));
#2637 = VECTOR('',#2638,1.);
#2638 = DIRECTION('',(0.,0.,1.));
#2639 = PCURVE('',#1598,#2640);
#2640 = DEFINITIONAL_REPRESENTATION('',(#2641),#2645);
#2641 = LINE('',#2642,#2643);
#2642 = CARTESIAN_POINT('',(-3.768221900841E-15,0.));
#2643 = VECTOR('',#2644,1.);
#2644 = DIRECTION('',(0.,-1.));
#2645 = ( GEOMETRIC_REPRESENTATION_CONTEXT(2) 
PARAMETRIC_REPRESENTATION_CONTEXT() REPRESENTATION_CONTEXT('2D SPACE',''
  ) );
#2646 = PCURVE('',#1570,#2647);
#2647 = DEFINITIONAL_REPRESENTATION('',(#2648),#2652);
#2648 = LINE('',#2649,#2650);
#2649 = CARTESIAN_POINT('',(31.313572875254,0.));
#2650 = VECTOR('',#2651,1.);
#2651 = DIRECTION('',(0.,-1.));
#2652 = ( GEOMETRIC_REPRESENTATION_CONTEXT(2) 
PARAMETRIC_REPRESENTATION_CONTEXT() REPRESENTATION_CONTEXT('2D SPACE',''
  ) );
#2653 = ORIENTED_EDGE('',*,*,#1582,.T.);
#2654 = ORIENTED_EDGE('',*,*,#2584,.F.);
#2655 = ADVANCED_FACE('',(#2656),#1570,.F.);
#2656 = FACE_BOUND('',#2657,.F.);
#2657 = EDGE_LOOP('',(#2658,#2679,#2680,#2681));
#2658 = ORIENTED_EDGE('',*,*,#2659,.T.);
#2659 = EDGE_CURVE('',#2611,#2268,#2660,.T.);
#2660 = SURFACE_CURVE('',#2661,(#2665,#2672),.PCURVE_S1.);
#2661 = LINE('',#2662,#2663);
#2662 = CARTESIAN_POINT('',(-66.5,-26.5,9.6));
#2663 = VECTOR('',#2664,1.);
#2664 = DIRECTION('',(0.,1.,0.));
#2665 = PCURVE('',#1570,#2666);
#2666 = DEFINITIONAL_REPRESENTATION('',(#2667),#2671);
#2667 = LINE('',#2668,#2669);
#2668 = CARTESIAN_POINT('',(42.156786437627,-6.6));
#2669 = VECTOR('',#2670,1.);
#2670 = DIRECTION('',(-1.,0.));
#2671 = ( GEOMETRIC_REPRESENTATION_CONTEXT(2) 
PARAMETRIC_REPRESENTATION_CONTEXT() REPRESENTATION_CONTEXT('2D SPACE',''
  ) );
#2672 = PCURVE('',#1919,#2673);
#2673 = DEFINITIONAL_REPRESENTATION('',(#2674),#2678);
#2674 = LINE('',#2675,#2676);
#2675 = CARTESIAN_POINT('',(1.,0.));
#2676 = VECTOR('',#2677,1.);
#2677 = DIRECTION('',(0.,1.));
#2678 = ( GEOMETRIC_REPRESENTATION_CONTEXT(2) 
PARAMETRIC_REPRESENTATION_CONTEXT() REPRESENTATION_CONTEXT('2D SPACE',''
  ) );
#2679 = ORIENTED_EDGE('',*,*,#2292,.T.);
#2680 = ORIENTED_EDGE('',*,*,#1554,.T.);
#2681 = ORIENTED_EDGE('',*,*,#2633,.F.);
#2682 = ADVANCED_FACE('',(#2683),#1850,.T.);
#2683 = FACE_BOUND('',#2684,.T.);
#2684 = EDGE_LOOP('',(#2685,#2715,#2743,#2771,#2792,#2793,#2794,#2795));
#2685 = ORIENTED_EDGE('',*,*,#2686,.F.);
#2686 = EDGE_CURVE('',#2687,#2689,#2691,.T.);
#2687 = VERTEX_POINT('',#2688);
#2688 = CARTESIAN_POINT('',(57.071,26.5,3.));
#2689 = VERTEX_POINT('',#2690);
#2690 = CARTESIAN_POINT('',(57.071,26.5,9.6));
#2691 = SURFACE_CURVE('',#2692,(#2696,#2703),.PCURVE_S1.);
#2692 = LINE('',#2693,#2694);
#2693 = CARTESIAN_POINT('',(57.071,26.5,0.));
#2694 = VECTOR('',#2695,1.);
#2695 = DIRECTION('',(0.,0.,1.));
#2696 = PCURVE('',#1850,#2697);
#2697 = DEFINITIONAL_REPRESENTATION('',(#2698),#2702);
#2698 = LINE('',#2699,#2700);
#2699 = CARTESIAN_POINT('',(0.,124.571));
#2700 = VECTOR('',#2701,1.);
#2701 = DIRECTION('',(1.,0.));
#2702 = ( GEOMETRIC_REPRESENTATION_CONTEXT(2) 
PARAMETRIC_REPRESENTATION_CONTEXT() REPRESENTATION_CONTEXT('2D SPACE',''
  ) );
#2703 = PCURVE('',#2704,#2709);
#2704 = PLANE('',#2705);
#2705 = AXIS2_PLACEMENT_3D('',#2706,#2707,#2708);
#2706 = CARTESIAN_POINT('',(62.2855,21.2855,0.));
#2707 = DIRECTION('',(0.707106781187,0.707106781187,0.));
#2708 = DIRECTION('',(-0.,0.,-1.));
#2709 = DEFINITIONAL_REPRESENTATION('',(#2710),#2714);
#2710 = LINE('',#2711,#2712);
#2711 = CARTESIAN_POINT('',(-0.,7.374416620995));
#2712 = VECTOR('',#2713,1.);
#2713 = DIRECTION('',(-1.,0.));
#2714 = ( GEOMETRIC_REPRESENTATION_CONTEXT(2) 
PARAMETRIC_REPRESENTATION_CONTEXT() REPRESENTATION_CONTEXT('2D SPACE',''
  ) );
#2715 = ORIENTED_EDGE('',*,*,#2716,.F.);
#2716 = EDGE_CURVE('',#2717,#2687,#2719,.T.);
#2717 = VERTEX_POINT('',#2718);
#2718 = CARTESIAN_POINT('',(-57.071,26.5,3.));
#2719 = SURFACE_CURVE('',#2720,(#2724,#2731),.PCURVE_S1.);
#2720 = LINE('',#2721,#2722);
#2721 = CARTESIAN_POINT('',(-57.071,26.5,3.));
#2722 = VECTOR('',#2723,1.);
#2723 = DIRECTION('',(1.,0.,0.));
#2724 = PCURVE('',#1850,#2725);
#2725 = DEFINITIONAL_REPRESENTATION('',(#2726),#2730);
#2726 = LINE('',#2727,#2728);
#2727 = CARTESIAN_POINT('',(3.,10.429));
#2728 = VECTOR('',#2729,1.);
#2729 = DIRECTION('',(0.,1.));
#2730 = ( GEOMETRIC_REPRESENTATION_CONTEXT(2) 
PARAMETRIC_REPRESENTATION_CONTEXT() REPRESENTATION_CONTEXT('2D SPACE',''
  ) );
#2731 = PCURVE('',#2732,#2737);
#2732 = PLANE('',#2733);
#2733 = AXIS2_PLACEMENT_3D('',#2734,#2735,#2736);
#2734 = CARTESIAN_POINT('',(-57.071,25.,1.5));
#2735 = DIRECTION('',(0.,-0.707106781187,0.707106781187));
#2736 = DIRECTION('',(-1.,-0.,-0.));
#2737 = DEFINITIONAL_REPRESENTATION('',(#2738),#2742);
#2738 = LINE('',#2739,#2740);
#2739 = CARTESIAN_POINT('',(-0.,-2.12132034356));
#2740 = VECTOR('',#2741,1.);
#2741 = DIRECTION('',(-1.,0.));
#2742 = ( GEOMETRIC_REPRESENTATION_CONTEXT(2) 
PARAMETRIC_REPRESENTATION_CONTEXT() REPRESENTATION_CONTEXT('2D SPACE',''
  ) );
#2743 = ORIENTED_EDGE('',*,*,#2744,.T.);
#2744 = EDGE_CURVE('',#2717,#2745,#2747,.T.);
#2745 = VERTEX_POINT('',#2746);
#2746 = CARTESIAN_POINT('',(-57.071,26.5,9.6));
#2747 = SURFACE_CURVE('',#2748,(#2752,#2759),.PCURVE_S1.);
#2748 = LINE('',#2749,#2750);
#2749 = CARTESIAN_POINT('',(-57.071,26.5,0.));
#2750 = VECTOR('',#2751,1.);
#2751 = DIRECTION('',(0.,0.,1.));
#2752 = PCURVE('',#1850,#2753);
#2753 = DEFINITIONAL_REPRESENTATION('',(#2754),#2758);
#2754 = LINE('',#2755,#2756);
#2755 = CARTESIAN_POINT('',(0.,10.429));
#2756 = VECTOR('',#2757,1.);
#2757 = DIRECTION('',(1.,0.));
#2758 = ( GEOMETRIC_REPRESENTATION_CONTEXT(2) 
PARAMETRIC_REPRESENTATION_CONTEXT() REPRESENTATION_CONTEXT('2D SPACE',''
  ) );
#2759 = PCURVE('',#2760,#2765);
#2760 = PLANE('',#2761);
#2761 = AXIS2_PLACEMENT_3D('',#2762,#2763,#2764);
#2762 = CARTESIAN_POINT('',(-62.2855,21.2855,0.));
#2763 = DIRECTION('',(0.707106781187,-0.707106781187,0.));
#2764 = DIRECTION('',(-0.,-0.,-1.));
#2765 = DEFINITIONAL_REPRESENTATION('',(#2766),#2770);
#2766 = LINE('',#2767,#2768);
#2767 = CARTESIAN_POINT('',(-0.,7.374416620995));
#2768 = VECTOR('',#2769,1.);
#2769 = DIRECTION('',(-1.,0.));
#2770 = ( GEOMETRIC_REPRESENTATION_CONTEXT(2) 
PARAMETRIC_REPRESENTATION_CONTEXT() REPRESENTATION_CONTEXT('2D SPACE',''
  ) );
#2771 = ORIENTED_EDGE('',*,*,#2772,.T.);
#2772 = EDGE_CURVE('',#2745,#1983,#2773,.T.);
#2773 = SURFACE_CURVE('',#2774,(#2778,#2785),.PCURVE_S1.);
#2774 = LINE('',#2775,#2776);
#2775 = CARTESIAN_POINT('',(-67.5,26.5,9.6));
#2776 = VECTOR('',#2777,1.);
#2777 = DIRECTION('',(1.,0.,0.));
#2778 = PCURVE('',#1850,#2779);
#2779 = DEFINITIONAL_REPRESENTATION('',(#2780),#2784);
#2780 = LINE('',#2781,#2782);
#2781 = CARTESIAN_POINT('',(9.6,0.));
#2782 = VECTOR('',#2783,1.);
#2783 = DIRECTION('',(0.,1.));
#2784 = ( GEOMETRIC_REPRESENTATION_CONTEXT(2) 
PARAMETRIC_REPRESENTATION_CONTEXT() REPRESENTATION_CONTEXT('2D SPACE',''
  ) );
#2785 = PCURVE('',#1919,#2786);
#2786 = DEFINITIONAL_REPRESENTATION('',(#2787),#2791);
#2787 = LINE('',#2788,#2789);
#2788 = CARTESIAN_POINT('',(0.,53.));
#2789 = VECTOR('',#2790,1.);
#2790 = DIRECTION('',(1.,0.));
#2791 = ( GEOMETRIC_REPRESENTATION_CONTEXT(2) 
PARAMETRIC_REPRESENTATION_CONTEXT() REPRESENTATION_CONTEXT('2D SPACE',''
  ) );
#2792 = ORIENTED_EDGE('',*,*,#1982,.F.);
#2793 = ORIENTED_EDGE('',*,*,#1958,.T.);
#2794 = ORIENTED_EDGE('',*,*,#1832,.T.);
#2795 = ORIENTED_EDGE('',*,*,#2796,.T.);
#2796 = EDGE_CURVE('',#1835,#2689,#2797,.T.);
#2797 = SURFACE_CURVE('',#2798,(#2802,#2809),.PCURVE_S1.);
#2798 = LINE('',#2799,#2800);
#2799 = CARTESIAN_POINT('',(-67.5,26.5,9.6));
#2800 = VECTOR('',#2801,1.);
#2801 = DIRECTION('',(1.,0.,0.));
#2802 = PCURVE('',#1850,#2803);
#2803 = DEFINITIONAL_REPRESENTATION('',(#2804),#2808);
#2804 = LINE('',#2805,#2806);
#2805 = CARTESIAN_POINT('',(9.6,0.));
#2806 = VECTOR('',#2807,1.);
#2807 = DIRECTION('',(0.,1.));
#2808 = ( GEOMETRIC_REPRESENTATION_CONTEXT(2) 
PARAMETRIC_REPRESENTATION_CONTEXT() REPRESENTATION_CONTEXT('2D SPACE',''
  ) );
#2809 = PCURVE('',#1919,#2810);
#2810 = DEFINITIONAL_REPRESENTATION('',(#2811),#2815);
#2811 = LINE('',#2812,#2813);
#2812 = CARTESIAN_POINT('',(0.,53.));
#2813 = VECTOR('',#2814,1.);
#2814 = DIRECTION('',(1.,0.));
#2815 = ( GEOMETRIC_REPRESENTATION_CONTEXT(2) 
PARAMETRIC_REPRESENTATION_CONTEXT() REPRESENTATION_CONTEXT('2D SPACE',''
  ) );
#2816 = ADVANCED_FACE('',(#2817),#1919,.T.);
#2817 = FACE_BOUND('',#2818,.T.);
#2818 = EDGE_LOOP('',(#2819,#2849,#2877,#2905,#2933,#2961,#2982,#2983,
    #2984,#2985,#2986,#2987,#2988,#2989,#2990,#2991,#2992,#2993,#2994,
    #2995));
#2819 = ORIENTED_EDGE('',*,*,#2820,.F.);
#2820 = EDGE_CURVE('',#2821,#2823,#2825,.T.);
#2821 = VERTEX_POINT('',#2822);
#2822 = CARTESIAN_POINT('',(-67.5,-16.071,9.6));
#2823 = VERTEX_POINT('',#2824);
#2824 = CARTESIAN_POINT('',(-67.5,16.071,9.6));
#2825 = SURFACE_CURVE('',#2826,(#2830,#2837),.PCURVE_S1.);
#2826 = LINE('',#2827,#2828);
#2827 = CARTESIAN_POINT('',(-67.5,-26.5,9.6));
#2828 = VECTOR('',#2829,1.);
#2829 = DIRECTION('',(0.,1.,0.));
#2830 = PCURVE('',#1919,#2831);
#2831 = DEFINITIONAL_REPRESENTATION('',(#2832),#2836);
#2832 = LINE('',#2833,#2834);
#2833 = CARTESIAN_POINT('',(0.,0.));
#2834 = VECTOR('',#2835,1.);
#2835 = DIRECTION('',(0.,1.));
#2836 = ( GEOMETRIC_REPRESENTATION_CONTEXT(2) 
PARAMETRIC_REPRESENTATION_CONTEXT() REPRESENTATION_CONTEXT('2D SPACE',''
  ) );
#2837 = PCURVE('',#2838,#2843);
#2838 = PLANE('',#2839);
#2839 = AXIS2_PLACEMENT_3D('',#2840,#2841,#2842);
#2840 = CARTESIAN_POINT('',(-67.5,-26.5,0.));
#2841 = DIRECTION('',(1.,0.,0.));
#2842 = DIRECTION('',(0.,0.,1.));
#2843 = DEFINITIONAL_REPRESENTATION('',(#2844),#2848);
#2844 = LINE('',#2845,#2846);
#2845 = CARTESIAN_POINT('',(9.6,0.));
#2846 = VECTOR('',#2847,1.);
#2847 = DIRECTION('',(0.,-1.));
#2848 = ( GEOMETRIC_REPRESENTATION_CONTEXT(2) 
PARAMETRIC_REPRESENTATION_CONTEXT() REPRESENTATION_CONTEXT('2D SPACE',''
  ) );
#2849 = ORIENTED_EDGE('',*,*,#2850,.T.);
#2850 = EDGE_CURVE('',#2821,#2851,#2853,.T.);
#2851 = VERTEX_POINT('',#2852);
#2852 = CARTESIAN_POINT('',(-57.071,-26.5,9.6));
#2853 = SURFACE_CURVE('',#2854,(#2858,#2865),.PCURVE_S1.);
#2854 = LINE('',#2855,#2856);
#2855 = CARTESIAN_POINT('',(-62.2855,-21.2855,9.6));
#2856 = VECTOR('',#2857,1.);
#2857 = DIRECTION('',(0.707106781187,-0.707106781187,0.));
#2858 = PCURVE('',#1919,#2859);
#2859 = DEFINITIONAL_REPRESENTATION('',(#2860),#2864);
#2860 = LINE('',#2861,#2862);
#2861 = CARTESIAN_POINT('',(5.2145,5.2145));
#2862 = VECTOR('',#2863,1.);
#2863 = DIRECTION('',(0.707106781187,-0.707106781187));
#2864 = ( GEOMETRIC_REPRESENTATION_CONTEXT(2) 
PARAMETRIC_REPRESENTATION_CONTEXT() REPRESENTATION_CONTEXT('2D SPACE',''
  ) );
#2865 = PCURVE('',#2866,#2871);
#2866 = PLANE('',#2867);
#2867 = AXIS2_PLACEMENT_3D('',#2868,#2869,#2870);
#2868 = CARTESIAN_POINT('',(-62.2855,-21.2855,0.));
#2869 = DIRECTION('',(-0.707106781187,-0.707106781187,0.));
#2870 = DIRECTION('',(-0.,-0.,-1.));
#2871 = DEFINITIONAL_REPRESENTATION('',(#2872),#2876);
#2872 = LINE('',#2873,#2874);
#2873 = CARTESIAN_POINT('',(-9.6,0.));
#2874 = VECTOR('',#2875,1.);
#2875 = DIRECTION('',(-0.,1.));
#2876 = ( GEOMETRIC_REPRESENTATION_CONTEXT(2) 
PARAMETRIC_REPRESENTATION_CONTEXT() REPRESENTATION_CONTEXT('2D SPACE',''
  ) );
#2877 = ORIENTED_EDGE('',*,*,#2878,.T.);
#2878 = EDGE_CURVE('',#2851,#2879,#2881,.T.);
#2879 = VERTEX_POINT('',#2880);
#2880 = CARTESIAN_POINT('',(57.071,-26.5,9.6));
#2881 = SURFACE_CURVE('',#2882,(#2886,#2893),.PCURVE_S1.);
#2882 = LINE('',#2883,#2884);
#2883 = CARTESIAN_POINT('',(-67.5,-26.5,9.6));
#2884 = VECTOR('',#2885,1.);
#2885 = DIRECTION('',(1.,0.,0.));
#2886 = PCURVE('',#1919,#2887);
#2887 = DEFINITIONAL_REPRESENTATION('',(#2888),#2892);
#2888 = LINE('',#2889,#2890);
#2889 = CARTESIAN_POINT('',(0.,0.));
#2890 = VECTOR('',#2891,1.);
#2891 = DIRECTION('',(1.,0.));
#2892 = ( GEOMETRIC_REPRESENTATION_CONTEXT(2) 
PARAMETRIC_REPRESENTATION_CONTEXT() REPRESENTATION_CONTEXT('2D SPACE',''
  ) );
#2893 = PCURVE('',#2894,#2899);
#2894 = PLANE('',#2895);
#2895 = AXIS2_PLACEMENT_3D('',#2896,#2897,#2898);
#2896 = CARTESIAN_POINT('',(-67.5,-26.5,0.));
#2897 = DIRECTION('',(0.,1.,0.));
#2898 = DIRECTION('',(0.,0.,1.));
#2899 = DEFINITIONAL_REPRESENTATION('',(#2900),#2904);
#2900 = LINE('',#2901,#2902);
#2901 = CARTESIAN_POINT('',(9.6,0.));
#2902 = VECTOR('',#2903,1.);
#2903 = DIRECTION('',(0.,1.));
#2904 = ( GEOMETRIC_REPRESENTATION_CONTEXT(2) 
PARAMETRIC_REPRESENTATION_CONTEXT() REPRESENTATION_CONTEXT('2D SPACE',''
  ) );
#2905 = ORIENTED_EDGE('',*,*,#2906,.F.);
#2906 = EDGE_CURVE('',#2907,#2879,#2909,.T.);
#2907 = VERTEX_POINT('',#2908);
#2908 = CARTESIAN_POINT('',(67.5,-16.071,9.6));
#2909 = SURFACE_CURVE('',#2910,(#2914,#2921),.PCURVE_S1.);
#2910 = LINE('',#2911,#2912);
#2911 = CARTESIAN_POINT('',(28.5355,-55.0355,9.6));
#2912 = VECTOR('',#2913,1.);
#2913 = DIRECTION('',(-0.707106781187,-0.707106781187,0.));
#2914 = PCURVE('',#1919,#2915);
#2915 = DEFINITIONAL_REPRESENTATION('',(#2916),#2920);
#2916 = LINE('',#2917,#2918);
#2917 = CARTESIAN_POINT('',(96.0355,-28.5355));
#2918 = VECTOR('',#2919,1.);
#2919 = DIRECTION('',(-0.707106781187,-0.707106781187));
#2920 = ( GEOMETRIC_REPRESENTATION_CONTEXT(2) 
PARAMETRIC_REPRESENTATION_CONTEXT() REPRESENTATION_CONTEXT('2D SPACE',''
  ) );
#2921 = PCURVE('',#2922,#2927);
#2922 = PLANE('',#2923);
#2923 = AXIS2_PLACEMENT_3D('',#2924,#2925,#2926);
#2924 = CARTESIAN_POINT('',(62.2855,-21.2855,0.));
#2925 = DIRECTION('',(-0.707106781187,0.707106781187,0.));
#2926 = DIRECTION('',(-0.,-0.,-1.));
#2927 = DEFINITIONAL_REPRESENTATION('',(#2928),#2932);
#2928 = LINE('',#2929,#2930);
#2929 = CARTESIAN_POINT('',(-9.6,47.729707730092));
#2930 = VECTOR('',#2931,1.);
#2931 = DIRECTION('',(-0.,1.));
#2932 = ( GEOMETRIC_REPRESENTATION_CONTEXT(2) 
PARAMETRIC_REPRESENTATION_CONTEXT() REPRESENTATION_CONTEXT('2D SPACE',''
  ) );
#2933 = ORIENTED_EDGE('',*,*,#2934,.T.);
#2934 = EDGE_CURVE('',#2907,#2935,#2937,.T.);
#2935 = VERTEX_POINT('',#2936);
#2936 = CARTESIAN_POINT('',(67.5,16.071,9.6));
#2937 = SURFACE_CURVE('',#2938,(#2942,#2949),.PCURVE_S1.);
#2938 = LINE('',#2939,#2940);
#2939 = CARTESIAN_POINT('',(67.5,-26.5,9.6));
#2940 = VECTOR('',#2941,1.);
#2941 = DIRECTION('',(0.,1.,0.));
#2942 = PCURVE('',#1919,#2943);
#2943 = DEFINITIONAL_REPRESENTATION('',(#2944),#2948);
#2944 = LINE('',#2945,#2946);
#2945 = CARTESIAN_POINT('',(135.,0.));
#2946 = VECTOR('',#2947,1.);
#2947 = DIRECTION('',(0.,1.));
#2948 = ( GEOMETRIC_REPRESENTATION_CONTEXT(2) 
PARAMETRIC_REPRESENTATION_CONTEXT() REPRESENTATION_CONTEXT('2D SPACE',''
  ) );
#2949 = PCURVE('',#2950,#2955);
#2950 = PLANE('',#2951);
#2951 = AXIS2_PLACEMENT_3D('',#2952,#2953,#2954);
#2952 = CARTESIAN_POINT('',(67.5,-26.5,0.));
#2953 = DIRECTION('',(1.,0.,0.));
#2954 = DIRECTION('',(0.,0.,1.));
#2955 = DEFINITIONAL_REPRESENTATION('',(#2956),#2960);
#2956 = LINE('',#2957,#2958);
#2957 = CARTESIAN_POINT('',(9.6,0.));
#2958 = VECTOR('',#2959,1.);
#2959 = DIRECTION('',(0.,-1.));
#2960 = ( GEOMETRIC_REPRESENTATION_CONTEXT(2) 
PARAMETRIC_REPRESENTATION_CONTEXT() REPRESENTATION_CONTEXT('2D SPACE',''
  ) );
#2961 = ORIENTED_EDGE('',*,*,#2962,.T.);
#2962 = EDGE_CURVE('',#2935,#2689,#2963,.T.);
#2963 = SURFACE_CURVE('',#2964,(#2968,#2975),.PCURVE_S1.);
#2964 = LINE('',#2965,#2966);
#2965 = CARTESIAN_POINT('',(41.7855,41.7855,9.6));
#2966 = VECTOR('',#2967,1.);
#2967 = DIRECTION('',(-0.707106781187,0.707106781187,0.));
#2968 = PCURVE('',#1919,#2969);
#2969 = DEFINITIONAL_REPRESENTATION('',(#2970),#2974);
#2970 = LINE('',#2971,#2972);
#2971 = CARTESIAN_POINT('',(109.2855,68.2855));
#2972 = VECTOR('',#2973,1.);
#2973 = DIRECTION('',(-0.707106781187,0.707106781187));
#2974 = ( GEOMETRIC_REPRESENTATION_CONTEXT(2) 
PARAMETRIC_REPRESENTATION_CONTEXT() REPRESENTATION_CONTEXT('2D SPACE',''
  ) );
#2975 = PCURVE('',#2704,#2976);
#2976 = DEFINITIONAL_REPRESENTATION('',(#2977),#2981);
#2977 = LINE('',#2978,#2979);
#2978 = CARTESIAN_POINT('',(-9.6,28.991378028648));
#2979 = VECTOR('',#2980,1.);
#2980 = DIRECTION('',(-0.,1.));
#2981 = ( GEOMETRIC_REPRESENTATION_CONTEXT(2) 
PARAMETRIC_REPRESENTATION_CONTEXT() REPRESENTATION_CONTEXT('2D SPACE',''
  ) );
#2982 = ORIENTED_EDGE('',*,*,#2796,.F.);
#2983 = ORIENTED_EDGE('',*,*,#1906,.T.);
#2984 = ORIENTED_EDGE('',*,*,#2365,.T.);
#2985 = ORIENTED_EDGE('',*,*,#2414,.F.);
#2986 = ORIENTED_EDGE('',*,*,#2463,.F.);
#2987 = ORIENTED_EDGE('',*,*,#2512,.T.);
#2988 = ORIENTED_EDGE('',*,*,#2561,.F.);
#2989 = ORIENTED_EDGE('',*,*,#2610,.F.);
#2990 = ORIENTED_EDGE('',*,*,#2659,.T.);
#2991 = ORIENTED_EDGE('',*,*,#2267,.T.);
#2992 = ORIENTED_EDGE('',*,*,#2338,.T.);
#2993 = ORIENTED_EDGE('',*,*,#2029,.F.);
#2994 = ORIENTED_EDGE('',*,*,#2772,.F.);
#2995 = ORIENTED_EDGE('',*,*,#2996,.F.);
#2996 = EDGE_CURVE('',#2823,#2745,#2997,.T.);
#2997 = SURFACE_CURVE('',#2998,(#3002,#3009),.PCURVE_S1.);
#2998 = LINE('',#2999,#3000);
#2999 = CARTESIAN_POINT('',(-75.5355,8.0355,9.6));
#3000 = VECTOR('',#3001,1.);
#3001 = DIRECTION('',(0.707106781187,0.707106781187,-0.));
#3002 = PCURVE('',#1919,#3003);
#3003 = DEFINITIONAL_REPRESENTATION('',(#3004),#3008);
#3004 = LINE('',#3005,#3006);
#3005 = CARTESIAN_POINT('',(-8.0355,34.5355));
#3006 = VECTOR('',#3007,1.);
#3007 = DIRECTION('',(0.707106781187,0.707106781187));
#3008 = ( GEOMETRIC_REPRESENTATION_CONTEXT(2) 
PARAMETRIC_REPRESENTATION_CONTEXT() REPRESENTATION_CONTEXT('2D SPACE',''
  ) );
#3009 = PCURVE('',#2760,#3010);
#3010 = DEFINITIONAL_REPRESENTATION('',(#3011),#3015);
#3011 = LINE('',#3012,#3013);
#3012 = CARTESIAN_POINT('',(-9.6,-18.73832970144));
#3013 = VECTOR('',#3014,1.);
#3014 = DIRECTION('',(-0.,1.));
#3015 = ( GEOMETRIC_REPRESENTATION_CONTEXT(2) 
PARAMETRIC_REPRESENTATION_CONTEXT() REPRESENTATION_CONTEXT('2D SPACE',''
  ) );
#3016 = ADVANCED_FACE('',(#3017),#2071,.T.);
#3017 = FACE_BOUND('',#3018,.T.);
#3018 = EDGE_LOOP('',(#3019,#3042,#3069,#3070));
#3019 = ORIENTED_EDGE('',*,*,#3020,.T.);
#3020 = EDGE_CURVE('',#2055,#3021,#3023,.T.);
#3021 = VERTEX_POINT('',#3022);
#3022 = CARTESIAN_POINT('',(2.5,-11.5,19.424));
#3023 = SEAM_CURVE('',#3024,(#3028,#3035),.PCURVE_S1.);
#3024 = LINE('',#3025,#3026);
#3025 = CARTESIAN_POINT('',(2.5,-11.5,3.));
#3026 = VECTOR('',#3027,1.);
#3027 = DIRECTION('',(0.,0.,1.));
#3028 = PCURVE('',#2071,#3029);
#3029 = DEFINITIONAL_REPRESENTATION('',(#3030),#3034);
#3030 = LINE('',#3031,#3032);
#3031 = CARTESIAN_POINT('',(6.28318530718,-0.));
#3032 = VECTOR('',#3033,1.);
#3033 = DIRECTION('',(0.,1.));
#3034 = ( GEOMETRIC_REPRESENTATION_CONTEXT(2) 
PARAMETRIC_REPRESENTATION_CONTEXT() REPRESENTATION_CONTEXT('2D SPACE',''
  ) );
#3035 = PCURVE('',#2071,#3036);
#3036 = DEFINITIONAL_REPRESENTATION('',(#3037),#3041);
#3037 = LINE('',#3038,#3039);
#3038 = CARTESIAN_POINT('',(0.,-0.));
#3039 = VECTOR('',#3040,1.);
#3040 = DIRECTION('',(0.,1.));
#3041 = ( GEOMETRIC_REPRESENTATION_CONTEXT(2) 
PARAMETRIC_REPRESENTATION_CONTEXT() REPRESENTATION_CONTEXT('2D SPACE',''
  ) );
#3042 = ORIENTED_EDGE('',*,*,#3043,.F.);
#3043 = EDGE_CURVE('',#3021,#3021,#3044,.T.);
#3044 = SURFACE_CURVE('',#3045,(#3050,#3057),.PCURVE_S1.);
#3045 = CIRCLE('',#3046,2.5);
#3046 = AXIS2_PLACEMENT_3D('',#3047,#3048,#3049);
#3047 = CARTESIAN_POINT('',(0.,-11.5,19.424));
#3048 = DIRECTION('',(0.,0.,1.));
#3049 = DIRECTION('',(1.,0.,0.));
#3050 = PCURVE('',#2071,#3051);
#3051 = DEFINITIONAL_REPRESENTATION('',(#3052),#3056);
#3052 = LINE('',#3053,#3054);
#3053 = CARTESIAN_POINT('',(0.,16.424));
#3054 = VECTOR('',#3055,1.);
#3055 = DIRECTION('',(1.,0.));
#3056 = ( GEOMETRIC_REPRESENTATION_CONTEXT(2) 
PARAMETRIC_REPRESENTATION_CONTEXT() REPRESENTATION_CONTEXT('2D SPACE',''
  ) );
#3057 = PCURVE('',#3058,#3063);
#3058 = PLANE('',#3059);
#3059 = AXIS2_PLACEMENT_3D('',#3060,#3061,#3062);
#3060 = CARTESIAN_POINT('',(0.,-11.5,19.424));
#3061 = DIRECTION('',(0.,0.,1.));
#3062 = DIRECTION('',(1.,0.,0.));
#3063 = DEFINITIONAL_REPRESENTATION('',(#3064),#3068);
#3064 = CIRCLE('',#3065,2.5);
#3065 = AXIS2_PLACEMENT_2D('',#3066,#3067);
#3066 = CARTESIAN_POINT('',(0.,0.));
#3067 = DIRECTION('',(1.,0.));
#3068 = ( GEOMETRIC_REPRESENTATION_CONTEXT(2) 
PARAMETRIC_REPRESENTATION_CONTEXT() REPRESENTATION_CONTEXT('2D SPACE',''
  ) );
#3069 = ORIENTED_EDGE('',*,*,#3020,.F.);
#3070 = ORIENTED_EDGE('',*,*,#2054,.T.);
#3071 = ADVANCED_FACE('',(#3072),#2106,.T.);
#3072 = FACE_BOUND('',#3073,.T.);
#3073 = EDGE_LOOP('',(#3074,#3097,#3124,#3125));
#3074 = ORIENTED_EDGE('',*,*,#3075,.T.);
#3075 = EDGE_CURVE('',#2090,#3076,#3078,.T.);
#3076 = VERTEX_POINT('',#3077);
#3077 = CARTESIAN_POINT('',(53.5,-11.5,19.424));
#3078 = SEAM_CURVE('',#3079,(#3083,#3090),.PCURVE_S1.);
#3079 = LINE('',#3080,#3081);
#3080 = CARTESIAN_POINT('',(53.5,-11.5,3.));
#3081 = VECTOR('',#3082,1.);
#3082 = DIRECTION('',(0.,0.,1.));
#3083 = PCURVE('',#2106,#3084);
#3084 = DEFINITIONAL_REPRESENTATION('',(#3085),#3089);
#3085 = LINE('',#3086,#3087);
#3086 = CARTESIAN_POINT('',(6.28318530718,-0.));
#3087 = VECTOR('',#3088,1.);
#3088 = DIRECTION('',(0.,1.));
#3089 = ( GEOMETRIC_REPRESENTATION_CONTEXT(2) 
PARAMETRIC_REPRESENTATION_CONTEXT() REPRESENTATION_CONTEXT('2D SPACE',''
  ) );
#3090 = PCURVE('',#2106,#3091);
#3091 = DEFINITIONAL_REPRESENTATION('',(#3092),#3096);
#3092 = LINE('',#3093,#3094);
#3093 = CARTESIAN_POINT('',(0.,-0.));
#3094 = VECTOR('',#3095,1.);
#3095 = DIRECTION('',(0.,1.));
#3096 = ( GEOMETRIC_REPRESENTATION_CONTEXT(2) 
PARAMETRIC_REPRESENTATION_CONTEXT() REPRESENTATION_CONTEXT('2D SPACE',''
  ) );
#3097 = ORIENTED_EDGE('',*,*,#3098,.F.);
#3098 = EDGE_CURVE('',#3076,#3076,#3099,.T.);
#3099 = SURFACE_CURVE('',#3100,(#3105,#3112),.PCURVE_S1.);
#3100 = CIRCLE('',#3101,1.);
#3101 = AXIS2_PLACEMENT_3D('',#3102,#3103,#3104);
#3102 = CARTESIAN_POINT('',(52.5,-11.5,19.424));
#3103 = DIRECTION('',(0.,0.,1.));
#3104 = DIRECTION('',(1.,0.,0.));
#3105 = PCURVE('',#2106,#3106);
#3106 = DEFINITIONAL_REPRESENTATION('',(#3107),#3111);
#3107 = LINE('',#3108,#3109);
#3108 = CARTESIAN_POINT('',(0.,16.424));
#3109 = VECTOR('',#3110,1.);
#3110 = DIRECTION('',(1.,0.));
#3111 = ( GEOMETRIC_REPRESENTATION_CONTEXT(2) 
PARAMETRIC_REPRESENTATION_CONTEXT() REPRESENTATION_CONTEXT('2D SPACE',''
  ) );
#3112 = PCURVE('',#3113,#3118);
#3113 = PLANE('',#3114);
#3114 = AXIS2_PLACEMENT_3D('',#3115,#3116,#3117);
#3115 = CARTESIAN_POINT('',(52.5,-11.5,19.424));
#3116 = DIRECTION('',(0.,0.,1.));
#3117 = DIRECTION('',(1.,0.,0.));
#3118 = DEFINITIONAL_REPRESENTATION('',(#3119),#3123);
#3119 = CIRCLE('',#3120,1.);
#3120 = AXIS2_PLACEMENT_2D('',#3121,#3122);
#3121 = CARTESIAN_POINT('',(0.,0.));
#3122 = DIRECTION('',(1.,0.));
#3123 = ( GEOMETRIC_REPRESENTATION_CONTEXT(2) 
PARAMETRIC_REPRESENTATION_CONTEXT() REPRESENTATION_CONTEXT('2D SPACE',''
  ) );
#3124 = ORIENTED_EDGE('',*,*,#3075,.F.);
#3125 = ORIENTED_EDGE('',*,*,#2089,.T.);
#3126 = ADVANCED_FACE('',(#3127),#2141,.T.);
#3127 = FACE_BOUND('',#3128,.T.);
#3128 = EDGE_LOOP('',(#3129,#3152,#3153,#3154));
#3129 = ORIENTED_EDGE('',*,*,#3130,.T.);
#3130 = EDGE_CURVE('',#3131,#2125,#3133,.T.);
#3131 = VERTEX_POINT('',#3132);
#3132 = CARTESIAN_POINT('',(-28.5,1.,3.));
#3133 = SEAM_CURVE('',#3134,(#3138,#3145),.PCURVE_S1.);
#3134 = LINE('',#3135,#3136);
#3135 = CARTESIAN_POINT('',(-28.5,1.,3.));
#3136 = VECTOR('',#3137,1.);
#3137 = DIRECTION('',(0.,0.,1.));
#3138 = PCURVE('',#2141,#3139);
#3139 = DEFINITIONAL_REPRESENTATION('',(#3140),#3144);
#3140 = LINE('',#3141,#3142);
#3141 = CARTESIAN_POINT('',(0.,0.));
#3142 = VECTOR('',#3143,1.);
#3143 = DIRECTION('',(0.,-1.));
#3144 = ( GEOMETRIC_REPRESENTATION_CONTEXT(2) 
PARAMETRIC_REPRESENTATION_CONTEXT() REPRESENTATION_CONTEXT('2D SPACE',''
  ) );
#3145 = PCURVE('',#2141,#3146);
#3146 = DEFINITIONAL_REPRESENTATION('',(#3147),#3151);
#3147 = LINE('',#3148,#3149);
#3148 = CARTESIAN_POINT('',(6.28318530718,0.));
#3149 = VECTOR('',#3150,1.);
#3150 = DIRECTION('',(0.,-1.));
#3151 = ( GEOMETRIC_REPRESENTATION_CONTEXT(2) 
PARAMETRIC_REPRESENTATION_CONTEXT() REPRESENTATION_CONTEXT('2D SPACE',''
  ) );
#3152 = ORIENTED_EDGE('',*,*,#2124,.T.);
#3153 = ORIENTED_EDGE('',*,*,#3130,.F.);
#3154 = ORIENTED_EDGE('',*,*,#3155,.F.);
#3155 = EDGE_CURVE('',#3131,#3131,#3156,.T.);
#3156 = SURFACE_CURVE('',#3157,(#3162,#3169),.PCURVE_S1.);
#3157 = ELLIPSE('',#3158,9.5,8.);
#3158 = AXIS2_PLACEMENT_3D('',#3159,#3160,#3161);
#3159 = CARTESIAN_POINT('',(-38.,1.,3.));
#3160 = DIRECTION('',(0.,0.,1.));
#3161 = DIRECTION('',(1.,0.,0.));
#3162 = PCURVE('',#2141,#3163);
#3163 = DEFINITIONAL_REPRESENTATION('',(#3164),#3168);
#3164 = LINE('',#3165,#3166);
#3165 = CARTESIAN_POINT('',(0.,0.));
#3166 = VECTOR('',#3167,1.);
#3167 = DIRECTION('',(1.,0.));
#3168 = ( GEOMETRIC_REPRESENTATION_CONTEXT(2) 
PARAMETRIC_REPRESENTATION_CONTEXT() REPRESENTATION_CONTEXT('2D SPACE',''
  ) );
#3169 = PCURVE('',#3170,#3175);
#3170 = PLANE('',#3171);
#3171 = AXIS2_PLACEMENT_3D('',#3172,#3173,#3174);
#3172 = CARTESIAN_POINT('',(-37.79261567653,1.,3.));
#3173 = DIRECTION('',(0.,0.,1.));
#3174 = DIRECTION('',(1.,0.,0.));
#3175 = DEFINITIONAL_REPRESENTATION('',(#3176),#3180);
#3176 = ELLIPSE('',#3177,9.5,8.);
#3177 = AXIS2_PLACEMENT_2D('',#3178,#3179);
#3178 = CARTESIAN_POINT('',(-0.207384323467,-2.831872371184E-16));
#3179 = DIRECTION('',(1.,0.));
#3180 = ( GEOMETRIC_REPRESENTATION_CONTEXT(2) 
PARAMETRIC_REPRESENTATION_CONTEXT() REPRESENTATION_CONTEXT('2D SPACE',''
  ) );
#3181 = ADVANCED_FACE('',(#3182),#2179,.T.);
#3182 = FACE_BOUND('',#3183,.T.);
#3183 = EDGE_LOOP('',(#3184,#3207,#3234,#3235));
#3184 = ORIENTED_EDGE('',*,*,#3185,.T.);
#3185 = EDGE_CURVE('',#2163,#3186,#3188,.T.);
#3186 = VERTEX_POINT('',#3187);
#3187 = CARTESIAN_POINT('',(-51.5,13.5,19.424));
#3188 = SEAM_CURVE('',#3189,(#3193,#3200),.PCURVE_S1.);
#3189 = LINE('',#3190,#3191);
#3190 = CARTESIAN_POINT('',(-51.5,13.5,3.));
#3191 = VECTOR('',#3192,1.);
#3192 = DIRECTION('',(0.,0.,1.));
#3193 = PCURVE('',#2179,#3194);
#3194 = DEFINITIONAL_REPRESENTATION('',(#3195),#3199);
#3195 = LINE('',#3196,#3197);
#3196 = CARTESIAN_POINT('',(6.28318530718,-0.));
#3197 = VECTOR('',#3198,1.);
#3198 = DIRECTION('',(0.,1.));
#3199 = ( GEOMETRIC_REPRESENTATION_CONTEXT(2) 
PARAMETRIC_REPRESENTATION_CONTEXT() REPRESENTATION_CONTEXT('2D SPACE',''
  ) );
#3200 = PCURVE('',#2179,#3201);
#3201 = DEFINITIONAL_REPRESENTATION('',(#3202),#3206);
#3202 = LINE('',#3203,#3204);
#3203 = CARTESIAN_POINT('',(0.,-0.));
#3204 = VECTOR('',#3205,1.);
#3205 = DIRECTION('',(0.,1.));
#3206 = ( GEOMETRIC_REPRESENTATION_CONTEXT(2) 
PARAMETRIC_REPRESENTATION_CONTEXT() REPRESENTATION_CONTEXT('2D SPACE',''
  ) );
#3207 = ORIENTED_EDGE('',*,*,#3208,.F.);
#3208 = EDGE_CURVE('',#3186,#3186,#3209,.T.);
#3209 = SURFACE_CURVE('',#3210,(#3215,#3222),.PCURVE_S1.);
#3210 = CIRCLE('',#3211,1.);
#3211 = AXIS2_PLACEMENT_3D('',#3212,#3213,#3214);
#3212 = CARTESIAN_POINT('',(-52.5,13.5,19.424));
#3213 = DIRECTION('',(0.,0.,1.));
#3214 = DIRECTION('',(1.,0.,0.));
#3215 = PCURVE('',#2179,#3216);
#3216 = DEFINITIONAL_REPRESENTATION('',(#3217),#3221);
#3217 = LINE('',#3218,#3219);
#3218 = CARTESIAN_POINT('',(0.,16.424));
#3219 = VECTOR('',#3220,1.);
#3220 = DIRECTION('',(1.,0.));
#3221 = ( GEOMETRIC_REPRESENTATION_CONTEXT(2) 
PARAMETRIC_REPRESENTATION_CONTEXT() REPRESENTATION_CONTEXT('2D SPACE',''
  ) );
#3222 = PCURVE('',#3223,#3228);
#3223 = PLANE('',#3224);
#3224 = AXIS2_PLACEMENT_3D('',#3225,#3226,#3227);
#3225 = CARTESIAN_POINT('',(-52.5,13.5,19.424));
#3226 = DIRECTION('',(0.,0.,1.));
#3227 = DIRECTION('',(1.,0.,0.));
#3228 = DEFINITIONAL_REPRESENTATION('',(#3229),#3233);
#3229 = CIRCLE('',#3230,1.);
#3230 = AXIS2_PLACEMENT_2D('',#3231,#3232);
#3231 = CARTESIAN_POINT('',(0.,0.));
#3232 = DIRECTION('',(1.,0.));
#3233 = ( GEOMETRIC_REPRESENTATION_CONTEXT(2) 
PARAMETRIC_REPRESENTATION_CONTEXT() REPRESENTATION_CONTEXT('2D SPACE',''
  ) );
#3234 = ORIENTED_EDGE('',*,*,#3185,.F.);
#3235 = ORIENTED_EDGE('',*,*,#2162,.T.);
#3236 = ADVANCED_FACE('',(#3237),#2214,.T.);
#3237 = FACE_BOUND('',#3238,.T.);
#3238 = EDGE_LOOP('',(#3239,#3262,#3263,#3264));
#3239 = ORIENTED_EDGE('',*,*,#3240,.T.);
#3240 = EDGE_CURVE('',#3241,#2198,#3243,.T.);
#3241 = VERTEX_POINT('',#3242);
#3242 = CARTESIAN_POINT('',(47.5,1.,3.));
#3243 = SEAM_CURVE('',#3244,(#3248,#3255),.PCURVE_S1.);
#3244 = LINE('',#3245,#3246);
#3245 = CARTESIAN_POINT('',(47.5,1.,3.));
#3246 = VECTOR('',#3247,1.);
#3247 = DIRECTION('',(0.,0.,1.));
#3248 = PCURVE('',#2214,#3249);
#3249 = DEFINITIONAL_REPRESENTATION('',(#3250),#3254);
#3250 = LINE('',#3251,#3252);
#3251 = CARTESIAN_POINT('',(0.,0.));
#3252 = VECTOR('',#3253,1.);
#3253 = DIRECTION('',(0.,-1.));
#3254 = ( GEOMETRIC_REPRESENTATION_CONTEXT(2) 
PARAMETRIC_REPRESENTATION_CONTEXT() REPRESENTATION_CONTEXT('2D SPACE',''
  ) );
#3255 = PCURVE('',#2214,#3256);
#3256 = DEFINITIONAL_REPRESENTATION('',(#3257),#3261);
#3257 = LINE('',#3258,#3259);
#3258 = CARTESIAN_POINT('',(6.28318530718,0.));
#3259 = VECTOR('',#3260,1.);
#3260 = DIRECTION('',(0.,-1.));
#3261 = ( GEOMETRIC_REPRESENTATION_CONTEXT(2) 
PARAMETRIC_REPRESENTATION_CONTEXT() REPRESENTATION_CONTEXT('2D SPACE',''
  ) );
#3262 = ORIENTED_EDGE('',*,*,#2197,.T.);
#3263 = ORIENTED_EDGE('',*,*,#3240,.F.);
#3264 = ORIENTED_EDGE('',*,*,#3265,.F.);
#3265 = EDGE_CURVE('',#3241,#3241,#3266,.T.);
#3266 = SURFACE_CURVE('',#3267,(#3272,#3279),.PCURVE_S1.);
#3267 = ELLIPSE('',#3268,9.5,8.);
#3268 = AXIS2_PLACEMENT_3D('',#3269,#3270,#3271);
#3269 = CARTESIAN_POINT('',(38.,1.,3.));
#3270 = DIRECTION('',(0.,0.,1.));
#3271 = DIRECTION('',(1.,0.,0.));
#3272 = PCURVE('',#2214,#3273);
#3273 = DEFINITIONAL_REPRESENTATION('',(#3274),#3278);
#3274 = LINE('',#3275,#3276);
#3275 = CARTESIAN_POINT('',(0.,0.));
#3276 = VECTOR('',#3277,1.);
#3277 = DIRECTION('',(1.,0.));
#3278 = ( GEOMETRIC_REPRESENTATION_CONTEXT(2) 
PARAMETRIC_REPRESENTATION_CONTEXT() REPRESENTATION_CONTEXT('2D SPACE',''
  ) );
#3279 = PCURVE('',#3280,#3285);
#3280 = PLANE('',#3281);
#3281 = AXIS2_PLACEMENT_3D('',#3282,#3283,#3284);
#3282 = CARTESIAN_POINT('',(38.207384323467,1.,3.));
#3283 = DIRECTION('',(0.,0.,1.));
#3284 = DIRECTION('',(1.,0.,0.));
#3285 = DEFINITIONAL_REPRESENTATION('',(#3286),#3290);
#3286 = ELLIPSE('',#3287,9.5,8.);
#3287 = AXIS2_PLACEMENT_2D('',#3288,#3289);
#3288 = CARTESIAN_POINT('',(-0.207384323467,-2.831872371184E-16));
#3289 = DIRECTION('',(1.,0.));
#3290 = ( GEOMETRIC_REPRESENTATION_CONTEXT(2) 
PARAMETRIC_REPRESENTATION_CONTEXT() REPRESENTATION_CONTEXT('2D SPACE',''
  ) );
#3291 = ADVANCED_FACE('',(#3292),#2252,.T.);
#3292 = FACE_BOUND('',#3293,.T.);
#3293 = EDGE_LOOP('',(#3294,#3317,#3344,#3345));
#3294 = ORIENTED_EDGE('',*,*,#3295,.T.);
#3295 = EDGE_CURVE('',#2236,#3296,#3298,.T.);
#3296 = VERTEX_POINT('',#3297);
#3297 = CARTESIAN_POINT('',(53.5,13.5,19.424));
#3298 = SEAM_CURVE('',#3299,(#3303,#3310),.PCURVE_S1.);
#3299 = LINE('',#3300,#3301);
#3300 = CARTESIAN_POINT('',(53.5,13.5,3.));
#3301 = VECTOR('',#3302,1.);
#3302 = DIRECTION('',(0.,0.,1.));
#3303 = PCURVE('',#2252,#3304);
#3304 = DEFINITIONAL_REPRESENTATION('',(#3305),#3309);
#3305 = LINE('',#3306,#3307);
#3306 = CARTESIAN_POINT('',(6.28318530718,-0.));
#3307 = VECTOR('',#3308,1.);
#3308 = DIRECTION('',(0.,1.));
#3309 = ( GEOMETRIC_REPRESENTATION_CONTEXT(2) 
PARAMETRIC_REPRESENTATION_CONTEXT() REPRESENTATION_CONTEXT('2D SPACE',''
  ) );
#3310 = PCURVE('',#2252,#3311);
#3311 = DEFINITIONAL_REPRESENTATION('',(#3312),#3316);
#3312 = LINE('',#3313,#3314);
#3313 = CARTESIAN_POINT('',(0.,-0.));
#3314 = VECTOR('',#3315,1.);
#3315 = DIRECTION('',(0.,1.));
#3316 = ( GEOMETRIC_REPRESENTATION_CONTEXT(2) 
PARAMETRIC_REPRESENTATION_CONTEXT() REPRESENTATION_CONTEXT('2D SPACE',''
  ) );
#3317 = ORIENTED_EDGE('',*,*,#3318,.F.);
#3318 = EDGE_CURVE('',#3296,#3296,#3319,.T.);
#3319 = SURFACE_CURVE('',#3320,(#3325,#3332),.PCURVE_S1.);
#3320 = CIRCLE('',#3321,1.);
#3321 = AXIS2_PLACEMENT_3D('',#3322,#3323,#3324);
#3322 = CARTESIAN_POINT('',(52.5,13.5,19.424));
#3323 = DIRECTION('',(0.,0.,1.));
#3324 = DIRECTION('',(1.,0.,0.));
#3325 = PCURVE('',#2252,#3326);
#3326 = DEFINITIONAL_REPRESENTATION('',(#3327),#3331);
#3327 = LINE('',#3328,#3329);
#3328 = CARTESIAN_POINT('',(0.,16.424));
#3329 = VECTOR('',#3330,1.);
#3330 = DIRECTION('',(1.,0.));
#3331 = ( GEOMETRIC_REPRESENTATION_CONTEXT(2) 
PARAMETRIC_REPRESENTATION_CONTEXT() REPRESENTATION_CONTEXT('2D SPACE',''
  ) );
#3332 = PCURVE('',#3333,#3338);
#3333 = PLANE('',#3334);
#3334 = AXIS2_PLACEMENT_3D('',#3335,#3336,#3337);
#3335 = CARTESIAN_POINT('',(52.5,13.5,19.424));
#3336 = DIRECTION('',(0.,0.,1.));
#3337 = DIRECTION('',(1.,0.,0.));
#3338 = DEFINITIONAL_REPRESENTATION('',(#3339),#3343);
#3339 = CIRCLE('',#3340,1.);
#3340 = AXIS2_PLACEMENT_2D('',#3341,#3342);
#3341 = CARTESIAN_POINT('',(0.,0.));
#3342 = DIRECTION('',(1.,0.));
#3343 = ( GEOMETRIC_REPRESENTATION_CONTEXT(2) 
PARAMETRIC_REPRESENTATION_CONTEXT() REPRESENTATION_CONTEXT('2D SPACE',''
  ) );
#3344 = ORIENTED_EDGE('',*,*,#3295,.F.);
#3345 = ORIENTED_EDGE('',*,*,#2235,.T.);
#3346 = ADVANCED_FACE('',(#3347),#2704,.T.);
#3347 = FACE_BOUND('',#3348,.F.);
#3348 = EDGE_LOOP('',(#3349,#3372,#3373,#3374));
#3349 = ORIENTED_EDGE('',*,*,#3350,.T.);
#3350 = EDGE_CURVE('',#3351,#2935,#3353,.T.);
#3351 = VERTEX_POINT('',#3352);
#3352 = CARTESIAN_POINT('',(67.5,16.071,3.));
#3353 = SURFACE_CURVE('',#3354,(#3358,#3365),.PCURVE_S1.);
#3354 = LINE('',#3355,#3356);
#3355 = CARTESIAN_POINT('',(67.5,16.071,0.));
#3356 = VECTOR('',#3357,1.);
#3357 = DIRECTION('',(0.,0.,1.));
#3358 = PCURVE('',#2704,#3359);
#3359 = DEFINITIONAL_REPRESENTATION('',(#3360),#3364);
#3360 = LINE('',#3361,#3362);
#3361 = CARTESIAN_POINT('',(-0.,-7.374416620995));
#3362 = VECTOR('',#3363,1.);
#3363 = DIRECTION('',(-1.,0.));
#3364 = ( GEOMETRIC_REPRESENTATION_CONTEXT(2) 
PARAMETRIC_REPRESENTATION_CONTEXT() REPRESENTATION_CONTEXT('2D SPACE',''
  ) );
#3365 = PCURVE('',#2950,#3366);
#3366 = DEFINITIONAL_REPRESENTATION('',(#3367),#3371);
#3367 = LINE('',#3368,#3369);
#3368 = CARTESIAN_POINT('',(0.,-42.571));
#3369 = VECTOR('',#3370,1.);
#3370 = DIRECTION('',(1.,0.));
#3371 = ( GEOMETRIC_REPRESENTATION_CONTEXT(2) 
PARAMETRIC_REPRESENTATION_CONTEXT() REPRESENTATION_CONTEXT('2D SPACE',''
  ) );
#3372 = ORIENTED_EDGE('',*,*,#2962,.T.);
#3373 = ORIENTED_EDGE('',*,*,#2686,.F.);
#3374 = ORIENTED_EDGE('',*,*,#3375,.F.);
#3375 = EDGE_CURVE('',#3351,#2687,#3376,.T.);
#3376 = SURFACE_CURVE('',#3377,(#3381,#3388),.PCURVE_S1.);
#3377 = LINE('',#3378,#3379);
#3378 = CARTESIAN_POINT('',(67.5,16.071,3.));
#3379 = VECTOR('',#3380,1.);
#3380 = DIRECTION('',(-0.707106781187,0.707106781187,0.));
#3381 = PCURVE('',#2704,#3382);
#3382 = DEFINITIONAL_REPRESENTATION('',(#3383),#3387);
#3383 = LINE('',#3384,#3385);
#3384 = CARTESIAN_POINT('',(-3.,-7.374416620995));
#3385 = VECTOR('',#3386,1.);
#3386 = DIRECTION('',(-0.,1.));
#3387 = ( GEOMETRIC_REPRESENTATION_CONTEXT(2) 
PARAMETRIC_REPRESENTATION_CONTEXT() REPRESENTATION_CONTEXT('2D SPACE',''
  ) );
#3388 = PCURVE('',#3389,#3394);
#3389 = PLANE('',#3390);
#3390 = AXIS2_PLACEMENT_3D('',#3391,#3392,#3393);
#3391 = CARTESIAN_POINT('',(66.43933982822,15.01033982822,1.5));
#3392 = DIRECTION('',(0.5,0.5,-0.707106781187));
#3393 = DIRECTION('',(0.707106781187,-0.707106781187,-0.));
#3394 = DEFINITIONAL_REPRESENTATION('',(#3395),#3399);
#3395 = LINE('',#3396,#3397);
#3396 = CARTESIAN_POINT('',(-0.,-2.12132034356));
#3397 = VECTOR('',#3398,1.);
#3398 = DIRECTION('',(-1.,0.));
#3399 = ( GEOMETRIC_REPRESENTATION_CONTEXT(2) 
PARAMETRIC_REPRESENTATION_CONTEXT() REPRESENTATION_CONTEXT('2D SPACE',''
  ) );
#3400 = ADVANCED_FACE('',(#3401),#2732,.F.);
#3401 = FACE_BOUND('',#3402,.T.);
#3402 = EDGE_LOOP('',(#3403,#3431,#3432,#3455));
#3403 = ORIENTED_EDGE('',*,*,#3404,.F.);
#3404 = EDGE_CURVE('',#2717,#3405,#3407,.T.);
#3405 = VERTEX_POINT('',#3406);
#3406 = CARTESIAN_POINT('',(-55.82835931288,23.5,3.330669073875E-15));
#3407 = SURFACE_CURVE('',#3408,(#3412,#3419),.PCURVE_S1.);
#3408 = LINE('',#3409,#3410);
#3409 = CARTESIAN_POINT('',(-55.91612715245,23.711890308633,
    0.211890308633));
#3410 = VECTOR('',#3411,1.);
#3411 = DIRECTION('',(0.281084637715,-0.678598344546,-0.678598344546));
#3412 = PCURVE('',#2732,#3413);
#3413 = DEFINITIONAL_REPRESENTATION('',(#3414),#3418);
#3414 = LINE('',#3415,#3416);
#3415 = CARTESIAN_POINT('',(-1.154872847548,1.821662195356));
#3416 = VECTOR('',#3417,1.);
#3417 = DIRECTION('',(-0.281084637715,0.959682982261));
#3418 = ( GEOMETRIC_REPRESENTATION_CONTEXT(2) 
PARAMETRIC_REPRESENTATION_CONTEXT() REPRESENTATION_CONTEXT('2D SPACE',''
  ) );
#3419 = PCURVE('',#3420,#3425);
#3420 = PLANE('',#3421);
#3421 = AXIS2_PLACEMENT_3D('',#3422,#3423,#3424);
#3422 = CARTESIAN_POINT('',(-66.43933982822,15.01033982822,1.5));
#3423 = DIRECTION('',(0.5,-0.5,0.707106781187));
#3424 = DIRECTION('',(-0.707106781187,-0.707106781187,-0.));
#3425 = DEFINITIONAL_REPRESENTATION('',(#3426),#3430);
#3426 = LINE('',#3427,#3428);
#3427 = CARTESIAN_POINT('',(-13.59396039444,1.821662195356));
#3428 = VECTOR('',#3429,1.);
#3429 = DIRECTION('',(0.281084637715,0.959682982261));
#3430 = ( GEOMETRIC_REPRESENTATION_CONTEXT(2) 
PARAMETRIC_REPRESENTATION_CONTEXT() REPRESENTATION_CONTEXT('2D SPACE',''
  ) );
#3431 = ORIENTED_EDGE('',*,*,#2716,.T.);
#3432 = ORIENTED_EDGE('',*,*,#3433,.T.);
#3433 = EDGE_CURVE('',#2687,#3434,#3436,.T.);
#3434 = VERTEX_POINT('',#3435);
#3435 = CARTESIAN_POINT('',(55.828359312881,23.5,4.440892098501E-16));
#3436 = SURFACE_CURVE('',#3437,(#3441,#3448),.PCURVE_S1.);
#3437 = LINE('',#3438,#3439);
#3438 = CARTESIAN_POINT('',(51.407028850851,12.825964034834,
    -10.67403596516));
#3439 = VECTOR('',#3440,1.);
#3440 = DIRECTION('',(-0.281084637715,-0.678598344546,-0.678598344546));
#3441 = PCURVE('',#2732,#3442);
#3442 = DEFINITIONAL_REPRESENTATION('',(#3443),#3447);
#3443 = LINE('',#3444,#3445);
#3444 = CARTESIAN_POINT('',(-108.4780288508,17.216686770756));
#3445 = VECTOR('',#3446,1.);
#3446 = DIRECTION('',(0.281084637715,0.959682982261));
#3447 = ( GEOMETRIC_REPRESENTATION_CONTEXT(2) 
PARAMETRIC_REPRESENTATION_CONTEXT() REPRESENTATION_CONTEXT('2D SPACE',''
  ) );
#3448 = PCURVE('',#3389,#3449);
#3449 = DEFINITIONAL_REPRESENTATION('',(#3450),#3454);
#3450 = LINE('',#3451,#3452);
#3451 = CARTESIAN_POINT('',(-9.08486209284,17.216686770756));
#3452 = VECTOR('',#3453,1.);
#3453 = DIRECTION('',(0.281084637715,0.959682982261));
#3454 = ( GEOMETRIC_REPRESENTATION_CONTEXT(2) 
PARAMETRIC_REPRESENTATION_CONTEXT() REPRESENTATION_CONTEXT('2D SPACE',''
  ) );
#3455 = ORIENTED_EDGE('',*,*,#3456,.F.);
#3456 = EDGE_CURVE('',#3405,#3434,#3457,.T.);
#3457 = SURFACE_CURVE('',#3458,(#3462,#3469),.PCURVE_S1.);
#3458 = LINE('',#3459,#3460);
#3459 = CARTESIAN_POINT('',(-57.071,23.5,0.));
#3460 = VECTOR('',#3461,1.);
#3461 = DIRECTION('',(1.,0.,0.));
#3462 = PCURVE('',#2732,#3463);
#3463 = DEFINITIONAL_REPRESENTATION('',(#3464),#3468);
#3464 = LINE('',#3465,#3466);
#3465 = CARTESIAN_POINT('',(-0.,2.12132034356));
#3466 = VECTOR('',#3467,1.);
#3467 = DIRECTION('',(-1.,0.));
#3468 = ( GEOMETRIC_REPRESENTATION_CONTEXT(2) 
PARAMETRIC_REPRESENTATION_CONTEXT() REPRESENTATION_CONTEXT('2D SPACE',''
  ) );
#3469 = PCURVE('',#3470,#3475);
#3470 = PLANE('',#3471);
#3471 = AXIS2_PLACEMENT_3D('',#3472,#3473,#3474);
#3472 = CARTESIAN_POINT('',(-67.5,-26.5,0.));
#3473 = DIRECTION('',(0.,0.,1.));
#3474 = DIRECTION('',(1.,0.,0.));
#3475 = DEFINITIONAL_REPRESENTATION('',(#3476),#3480);
#3476 = LINE('',#3477,#3478);
#3477 = CARTESIAN_POINT('',(10.429,50.));
#3478 = VECTOR('',#3479,1.);
#3479 = DIRECTION('',(1.,0.));
#3480 = ( GEOMETRIC_REPRESENTATION_CONTEXT(2) 
PARAMETRIC_REPRESENTATION_CONTEXT() REPRESENTATION_CONTEXT('2D SPACE',''
  ) );
#3481 = ADVANCED_FACE('',(#3482),#2760,.F.);
#3482 = FACE_BOUND('',#3483,.T.);
#3483 = EDGE_LOOP('',(#3484,#3507,#3508,#3509));
#3484 = ORIENTED_EDGE('',*,*,#3485,.T.);
#3485 = EDGE_CURVE('',#3486,#2823,#3488,.T.);
#3486 = VERTEX_POINT('',#3487);
#3487 = CARTESIAN_POINT('',(-67.5,16.071,3.));
#3488 = SURFACE_CURVE('',#3489,(#3493,#3500),.PCURVE_S1.);
#3489 = LINE('',#3490,#3491);
#3490 = CARTESIAN_POINT('',(-67.5,16.071,0.));
#3491 = VECTOR('',#3492,1.);
#3492 = DIRECTION('',(0.,0.,1.));
#3493 = PCURVE('',#2760,#3494);
#3494 = DEFINITIONAL_REPRESENTATION('',(#3495),#3499);
#3495 = LINE('',#3496,#3497);
#3496 = CARTESIAN_POINT('',(-0.,-7.374416620995));
#3497 = VECTOR('',#3498,1.);
#3498 = DIRECTION('',(-1.,0.));
#3499 = ( GEOMETRIC_REPRESENTATION_CONTEXT(2) 
PARAMETRIC_REPRESENTATION_CONTEXT() REPRESENTATION_CONTEXT('2D SPACE',''
  ) );
#3500 = PCURVE('',#2838,#3501);
#3501 = DEFINITIONAL_REPRESENTATION('',(#3502),#3506);
#3502 = LINE('',#3503,#3504);
#3503 = CARTESIAN_POINT('',(0.,-42.571));
#3504 = VECTOR('',#3505,1.);
#3505 = DIRECTION('',(1.,0.));
#3506 = ( GEOMETRIC_REPRESENTATION_CONTEXT(2) 
PARAMETRIC_REPRESENTATION_CONTEXT() REPRESENTATION_CONTEXT('2D SPACE',''
  ) );
#3507 = ORIENTED_EDGE('',*,*,#2996,.T.);
#3508 = ORIENTED_EDGE('',*,*,#2744,.F.);
#3509 = ORIENTED_EDGE('',*,*,#3510,.F.);
#3510 = EDGE_CURVE('',#3486,#2717,#3511,.T.);
#3511 = SURFACE_CURVE('',#3512,(#3516,#3523),.PCURVE_S1.);
#3512 = LINE('',#3513,#3514);
#3513 = CARTESIAN_POINT('',(-67.5,16.071,3.));
#3514 = VECTOR('',#3515,1.);
#3515 = DIRECTION('',(0.707106781187,0.707106781187,-0.));
#3516 = PCURVE('',#2760,#3517);
#3517 = DEFINITIONAL_REPRESENTATION('',(#3518),#3522);
#3518 = LINE('',#3519,#3520);
#3519 = CARTESIAN_POINT('',(-3.,-7.374416620995));
#3520 = VECTOR('',#3521,1.);
#3521 = DIRECTION('',(-0.,1.));
#3522 = ( GEOMETRIC_REPRESENTATION_CONTEXT(2) 
PARAMETRIC_REPRESENTATION_CONTEXT() REPRESENTATION_CONTEXT('2D SPACE',''
  ) );
#3523 = PCURVE('',#3420,#3524);
#3524 = DEFINITIONAL_REPRESENTATION('',(#3525),#3529);
#3525 = LINE('',#3526,#3527);
#3526 = CARTESIAN_POINT('',(7.105427357601E-15,-2.12132034356));
#3527 = VECTOR('',#3528,1.);
#3528 = DIRECTION('',(-1.,0.));
#3529 = ( GEOMETRIC_REPRESENTATION_CONTEXT(2) 
PARAMETRIC_REPRESENTATION_CONTEXT() REPRESENTATION_CONTEXT('2D SPACE',''
  ) );
#3530 = ADVANCED_FACE('',(#3531),#2838,.F.);
#3531 = FACE_BOUND('',#3532,.F.);
#3532 = EDGE_LOOP('',(#3533,#3556,#3582,#3583));
#3533 = ORIENTED_EDGE('',*,*,#3534,.F.);
#3534 = EDGE_CURVE('',#3535,#2821,#3537,.T.);
#3535 = VERTEX_POINT('',#3536);
#3536 = CARTESIAN_POINT('',(-67.5,-16.071,3.));
#3537 = SURFACE_CURVE('',#3538,(#3542,#3549),.PCURVE_S1.);
#3538 = LINE('',#3539,#3540);
#3539 = CARTESIAN_POINT('',(-67.5,-16.071,0.));
#3540 = VECTOR('',#3541,1.);
#3541 = DIRECTION('',(0.,0.,1.));
#3542 = PCURVE('',#2838,#3543);
#3543 = DEFINITIONAL_REPRESENTATION('',(#3544),#3548);
#3544 = LINE('',#3545,#3546);
#3545 = CARTESIAN_POINT('',(0.,-10.429));
#3546 = VECTOR('',#3547,1.);
#3547 = DIRECTION('',(1.,0.));
#3548 = ( GEOMETRIC_REPRESENTATION_CONTEXT(2) 
PARAMETRIC_REPRESENTATION_CONTEXT() REPRESENTATION_CONTEXT('2D SPACE',''
  ) );
#3549 = PCURVE('',#2866,#3550);
#3550 = DEFINITIONAL_REPRESENTATION('',(#3551),#3555);
#3551 = LINE('',#3552,#3553);
#3552 = CARTESIAN_POINT('',(-0.,-7.374416620995));
#3553 = VECTOR('',#3554,1.);
#3554 = DIRECTION('',(-1.,0.));
#3555 = ( GEOMETRIC_REPRESENTATION_CONTEXT(2) 
PARAMETRIC_REPRESENTATION_CONTEXT() REPRESENTATION_CONTEXT('2D SPACE',''
  ) );
#3556 = ORIENTED_EDGE('',*,*,#3557,.T.);
#3557 = EDGE_CURVE('',#3535,#3486,#3558,.T.);
#3558 = SURFACE_CURVE('',#3559,(#3563,#3570),.PCURVE_S1.);
#3559 = LINE('',#3560,#3561);
#3560 = CARTESIAN_POINT('',(-67.5,-16.071,3.));
#3561 = VECTOR('',#3562,1.);
#3562 = DIRECTION('',(0.,1.,0.));
#3563 = PCURVE('',#2838,#3564);
#3564 = DEFINITIONAL_REPRESENTATION('',(#3565),#3569);
#3565 = LINE('',#3566,#3567);
#3566 = CARTESIAN_POINT('',(3.,-10.429));
#3567 = VECTOR('',#3568,1.);
#3568 = DIRECTION('',(0.,-1.));
#3569 = ( GEOMETRIC_REPRESENTATION_CONTEXT(2) 
PARAMETRIC_REPRESENTATION_CONTEXT() REPRESENTATION_CONTEXT('2D SPACE',''
  ) );
#3570 = PCURVE('',#3571,#3576);
#3571 = PLANE('',#3572);
#3572 = AXIS2_PLACEMENT_3D('',#3573,#3574,#3575);
#3573 = CARTESIAN_POINT('',(-66.,-16.071,1.5));
#3574 = DIRECTION('',(-0.707106781187,0.,-0.707106781187));
#3575 = DIRECTION('',(0.,1.,0.));
#3576 = DEFINITIONAL_REPRESENTATION('',(#3577),#3581);
#3577 = LINE('',#3578,#3579);
#3578 = CARTESIAN_POINT('',(0.,-2.12132034356));
#3579 = VECTOR('',#3580,1.);
#3580 = DIRECTION('',(1.,0.));
#3581 = ( GEOMETRIC_REPRESENTATION_CONTEXT(2) 
PARAMETRIC_REPRESENTATION_CONTEXT() REPRESENTATION_CONTEXT('2D SPACE',''
  ) );
#3582 = ORIENTED_EDGE('',*,*,#3485,.T.);
#3583 = ORIENTED_EDGE('',*,*,#2820,.F.);
#3584 = ADVANCED_FACE('',(#3585),#2950,.T.);
#3585 = FACE_BOUND('',#3586,.T.);
#3586 = EDGE_LOOP('',(#3587,#3610,#3636,#3637));
#3587 = ORIENTED_EDGE('',*,*,#3588,.F.);
#3588 = EDGE_CURVE('',#3589,#2907,#3591,.T.);
#3589 = VERTEX_POINT('',#3590);
#3590 = CARTESIAN_POINT('',(67.5,-16.071,3.));
#3591 = SURFACE_CURVE('',#3592,(#3596,#3603),.PCURVE_S1.);
#3592 = LINE('',#3593,#3594);
#3593 = CARTESIAN_POINT('',(67.5,-16.071,0.));
#3594 = VECTOR('',#3595,1.);
#3595 = DIRECTION('',(0.,0.,1.));
#3596 = PCURVE('',#2950,#3597);
#3597 = DEFINITIONAL_REPRESENTATION('',(#3598),#3602);
#3598 = LINE('',#3599,#3600);
#3599 = CARTESIAN_POINT('',(0.,-10.429));
#3600 = VECTOR('',#3601,1.);
#3601 = DIRECTION('',(1.,0.));
#3602 = ( GEOMETRIC_REPRESENTATION_CONTEXT(2) 
PARAMETRIC_REPRESENTATION_CONTEXT() REPRESENTATION_CONTEXT('2D SPACE',''
  ) );
#3603 = PCURVE('',#2922,#3604);
#3604 = DEFINITIONAL_REPRESENTATION('',(#3605),#3609);
#3605 = LINE('',#3606,#3607);
#3606 = CARTESIAN_POINT('',(-0.,-7.374416620995));
#3607 = VECTOR('',#3608,1.);
#3608 = DIRECTION('',(-1.,0.));
#3609 = ( GEOMETRIC_REPRESENTATION_CONTEXT(2) 
PARAMETRIC_REPRESENTATION_CONTEXT() REPRESENTATION_CONTEXT('2D SPACE',''
  ) );
#3610 = ORIENTED_EDGE('',*,*,#3611,.T.);
#3611 = EDGE_CURVE('',#3589,#3351,#3612,.T.);
#3612 = SURFACE_CURVE('',#3613,(#3617,#3624),.PCURVE_S1.);
#3613 = LINE('',#3614,#3615);
#3614 = CARTESIAN_POINT('',(67.5,-16.071,3.));
#3615 = VECTOR('',#3616,1.);
#3616 = DIRECTION('',(0.,1.,0.));
#3617 = PCURVE('',#2950,#3618);
#3618 = DEFINITIONAL_REPRESENTATION('',(#3619),#3623);
#3619 = LINE('',#3620,#3621);
#3620 = CARTESIAN_POINT('',(3.,-10.429));
#3621 = VECTOR('',#3622,1.);
#3622 = DIRECTION('',(0.,-1.));
#3623 = ( GEOMETRIC_REPRESENTATION_CONTEXT(2) 
PARAMETRIC_REPRESENTATION_CONTEXT() REPRESENTATION_CONTEXT('2D SPACE',''
  ) );
#3624 = PCURVE('',#3625,#3630);
#3625 = PLANE('',#3626);
#3626 = AXIS2_PLACEMENT_3D('',#3627,#3628,#3629);
#3627 = CARTESIAN_POINT('',(66.,-16.071,1.5));
#3628 = DIRECTION('',(-0.707106781187,0.,0.707106781187));
#3629 = DIRECTION('',(0.,1.,0.));
#3630 = DEFINITIONAL_REPRESENTATION('',(#3631),#3635);
#3631 = LINE('',#3632,#3633);
#3632 = CARTESIAN_POINT('',(0.,-2.12132034356));
#3633 = VECTOR('',#3634,1.);
#3634 = DIRECTION('',(1.,0.));
#3635 = ( GEOMETRIC_REPRESENTATION_CONTEXT(2) 
PARAMETRIC_REPRESENTATION_CONTEXT() REPRESENTATION_CONTEXT('2D SPACE',''
  ) );
#3636 = ORIENTED_EDGE('',*,*,#3350,.T.);
#3637 = ORIENTED_EDGE('',*,*,#2934,.F.);
#3638 = ADVANCED_FACE('',(#3639),#2922,.F.);
#3639 = FACE_BOUND('',#3640,.T.);
#3640 = EDGE_LOOP('',(#3641,#3642,#3643,#3666));
#3641 = ORIENTED_EDGE('',*,*,#3588,.T.);
#3642 = ORIENTED_EDGE('',*,*,#2906,.T.);
#3643 = ORIENTED_EDGE('',*,*,#3644,.F.);
#3644 = EDGE_CURVE('',#3645,#2879,#3647,.T.);
#3645 = VERTEX_POINT('',#3646);
#3646 = CARTESIAN_POINT('',(57.071,-26.5,3.));
#3647 = SURFACE_CURVE('',#3648,(#3652,#3659),.PCURVE_S1.);
#3648 = LINE('',#3649,#3650);
#3649 = CARTESIAN_POINT('',(57.071,-26.5,0.));
#3650 = VECTOR('',#3651,1.);
#3651 = DIRECTION('',(0.,0.,1.));
#3652 = PCURVE('',#2922,#3653);
#3653 = DEFINITIONAL_REPRESENTATION('',(#3654),#3658);
#3654 = LINE('',#3655,#3656);
#3655 = CARTESIAN_POINT('',(-0.,7.374416620995));
#3656 = VECTOR('',#3657,1.);
#3657 = DIRECTION('',(-1.,0.));
#3658 = ( GEOMETRIC_REPRESENTATION_CONTEXT(2) 
PARAMETRIC_REPRESENTATION_CONTEXT() REPRESENTATION_CONTEXT('2D SPACE',''
  ) );
#3659 = PCURVE('',#2894,#3660);
#3660 = DEFINITIONAL_REPRESENTATION('',(#3661),#3665);
#3661 = LINE('',#3662,#3663);
#3662 = CARTESIAN_POINT('',(0.,124.571));
#3663 = VECTOR('',#3664,1.);
#3664 = DIRECTION('',(1.,0.));
#3665 = ( GEOMETRIC_REPRESENTATION_CONTEXT(2) 
PARAMETRIC_REPRESENTATION_CONTEXT() REPRESENTATION_CONTEXT('2D SPACE',''
  ) );
#3666 = ORIENTED_EDGE('',*,*,#3667,.F.);
#3667 = EDGE_CURVE('',#3589,#3645,#3668,.T.);
#3668 = SURFACE_CURVE('',#3669,(#3673,#3680),.PCURVE_S1.);
#3669 = LINE('',#3670,#3671);
#3670 = CARTESIAN_POINT('',(67.5,-16.071,3.));
#3671 = VECTOR('',#3672,1.);
#3672 = DIRECTION('',(-0.707106781187,-0.707106781187,0.));
#3673 = PCURVE('',#2922,#3674);
#3674 = DEFINITIONAL_REPRESENTATION('',(#3675),#3679);
#3675 = LINE('',#3676,#3677);
#3676 = CARTESIAN_POINT('',(-3.,-7.374416620995));
#3677 = VECTOR('',#3678,1.);
#3678 = DIRECTION('',(-0.,1.));
#3679 = ( GEOMETRIC_REPRESENTATION_CONTEXT(2) 
PARAMETRIC_REPRESENTATION_CONTEXT() REPRESENTATION_CONTEXT('2D SPACE',''
  ) );
#3680 = PCURVE('',#3681,#3686);
#3681 = PLANE('',#3682);
#3682 = AXIS2_PLACEMENT_3D('',#3683,#3684,#3685);
#3683 = CARTESIAN_POINT('',(66.43933982822,-15.01033982822,1.5));
#3684 = DIRECTION('',(-0.5,0.5,0.707106781187));
#3685 = DIRECTION('',(0.707106781187,0.707106781187,-0.));
#3686 = DEFINITIONAL_REPRESENTATION('',(#3687),#3691);
#3687 = LINE('',#3688,#3689);
#3688 = CARTESIAN_POINT('',(7.105427357601E-15,-2.12132034356));
#3689 = VECTOR('',#3690,1.);
#3690 = DIRECTION('',(-1.,0.));
#3691 = ( GEOMETRIC_REPRESENTATION_CONTEXT(2) 
PARAMETRIC_REPRESENTATION_CONTEXT() REPRESENTATION_CONTEXT('2D SPACE',''
  ) );
#3692 = ADVANCED_FACE('',(#3693),#2894,.F.);
#3693 = FACE_BOUND('',#3694,.F.);
#3694 = EDGE_LOOP('',(#3695,#3718,#3719,#3720));
#3695 = ORIENTED_EDGE('',*,*,#3696,.T.);
#3696 = EDGE_CURVE('',#3697,#2851,#3699,.T.);
#3697 = VERTEX_POINT('',#3698);
#3698 = CARTESIAN_POINT('',(-57.071,-26.5,3.));
#3699 = SURFACE_CURVE('',#3700,(#3704,#3711),.PCURVE_S1.);
#3700 = LINE('',#3701,#3702);
#3701 = CARTESIAN_POINT('',(-57.071,-26.5,0.));
#3702 = VECTOR('',#3703,1.);
#3703 = DIRECTION('',(0.,0.,1.));
#3704 = PCURVE('',#2894,#3705);
#3705 = DEFINITIONAL_REPRESENTATION('',(#3706),#3710);
#3706 = LINE('',#3707,#3708);
#3707 = CARTESIAN_POINT('',(0.,10.429));
#3708 = VECTOR('',#3709,1.);
#3709 = DIRECTION('',(1.,0.));
#3710 = ( GEOMETRIC_REPRESENTATION_CONTEXT(2) 
PARAMETRIC_REPRESENTATION_CONTEXT() REPRESENTATION_CONTEXT('2D SPACE',''
  ) );
#3711 = PCURVE('',#2866,#3712);
#3712 = DEFINITIONAL_REPRESENTATION('',(#3713),#3717);
#3713 = LINE('',#3714,#3715);
#3714 = CARTESIAN_POINT('',(-0.,7.374416620995));
#3715 = VECTOR('',#3716,1.);
#3716 = DIRECTION('',(-1.,0.));
#3717 = ( GEOMETRIC_REPRESENTATION_CONTEXT(2) 
PARAMETRIC_REPRESENTATION_CONTEXT() REPRESENTATION_CONTEXT('2D SPACE',''
  ) );
#3718 = ORIENTED_EDGE('',*,*,#2878,.T.);
#3719 = ORIENTED_EDGE('',*,*,#3644,.F.);
#3720 = ORIENTED_EDGE('',*,*,#3721,.F.);
#3721 = EDGE_CURVE('',#3697,#3645,#3722,.T.);
#3722 = SURFACE_CURVE('',#3723,(#3727,#3734),.PCURVE_S1.);
#3723 = LINE('',#3724,#3725);
#3724 = CARTESIAN_POINT('',(-57.071,-26.5,3.));
#3725 = VECTOR('',#3726,1.);
#3726 = DIRECTION('',(1.,0.,0.));
#3727 = PCURVE('',#2894,#3728);
#3728 = DEFINITIONAL_REPRESENTATION('',(#3729),#3733);
#3729 = LINE('',#3730,#3731);
#3730 = CARTESIAN_POINT('',(3.,10.429));
#3731 = VECTOR('',#3732,1.);
#3732 = DIRECTION('',(0.,1.));
#3733 = ( GEOMETRIC_REPRESENTATION_CONTEXT(2) 
PARAMETRIC_REPRESENTATION_CONTEXT() REPRESENTATION_CONTEXT('2D SPACE',''
  ) );
#3734 = PCURVE('',#3735,#3740);
#3735 = PLANE('',#3736);
#3736 = AXIS2_PLACEMENT_3D('',#3737,#3738,#3739);
#3737 = CARTESIAN_POINT('',(-57.071,-25.,1.5));
#3738 = DIRECTION('',(0.,-0.707106781187,-0.707106781187));
#3739 = DIRECTION('',(-1.,-0.,-0.));
#3740 = DEFINITIONAL_REPRESENTATION('',(#3741),#3745);
#3741 = LINE('',#3742,#3743);
#3742 = CARTESIAN_POINT('',(-0.,-2.12132034356));
#3743 = VECTOR('',#3744,1.);
#3744 = DIRECTION('',(-1.,0.));
#3745 = ( GEOMETRIC_REPRESENTATION_CONTEXT(2) 
PARAMETRIC_REPRESENTATION_CONTEXT() REPRESENTATION_CONTEXT('2D SPACE',''
  ) );
#3746 = ADVANCED_FACE('',(#3747),#2866,.T.);
#3747 = FACE_BOUND('',#3748,.F.);
#3748 = EDGE_LOOP('',(#3749,#3750,#3751,#3752));
#3749 = ORIENTED_EDGE('',*,*,#3534,.T.);
#3750 = ORIENTED_EDGE('',*,*,#2850,.T.);
#3751 = ORIENTED_EDGE('',*,*,#3696,.F.);
#3752 = ORIENTED_EDGE('',*,*,#3753,.F.);
#3753 = EDGE_CURVE('',#3535,#3697,#3754,.T.);
#3754 = SURFACE_CURVE('',#3755,(#3759,#3766),.PCURVE_S1.);
#3755 = LINE('',#3756,#3757);
#3756 = CARTESIAN_POINT('',(-67.5,-16.071,3.));
#3757 = VECTOR('',#3758,1.);
#3758 = DIRECTION('',(0.707106781187,-0.707106781187,0.));
#3759 = PCURVE('',#2866,#3760);
#3760 = DEFINITIONAL_REPRESENTATION('',(#3761),#3765);
#3761 = LINE('',#3762,#3763);
#3762 = CARTESIAN_POINT('',(-3.,-7.374416620995));
#3763 = VECTOR('',#3764,1.);
#3764 = DIRECTION('',(-0.,1.));
#3765 = ( GEOMETRIC_REPRESENTATION_CONTEXT(2) 
PARAMETRIC_REPRESENTATION_CONTEXT() REPRESENTATION_CONTEXT('2D SPACE',''
  ) );
#3766 = PCURVE('',#3767,#3772);
#3767 = PLANE('',#3768);
#3768 = AXIS2_PLACEMENT_3D('',#3769,#3770,#3771);
#3769 = CARTESIAN_POINT('',(-66.43933982822,-15.01033982822,1.5));
#3770 = DIRECTION('',(-0.5,-0.5,-0.707106781187));
#3771 = DIRECTION('',(-0.707106781187,0.707106781187,-0.));
#3772 = DEFINITIONAL_REPRESENTATION('',(#3773),#3777);
#3773 = LINE('',#3774,#3775);
#3774 = CARTESIAN_POINT('',(7.105427357601E-15,-2.12132034356));
#3775 = VECTOR('',#3776,1.);
#3776 = DIRECTION('',(-1.,0.));
#3777 = ( GEOMETRIC_REPRESENTATION_CONTEXT(2) 
PARAMETRIC_REPRESENTATION_CONTEXT() REPRESENTATION_CONTEXT('2D SPACE',''
  ) );
#3778 = ADVANCED_FACE('',(#3779),#3058,.T.);
#3779 = FACE_BOUND('',#3780,.T.);
#3780 = EDGE_LOOP('',(#3781));
#3781 = ORIENTED_EDGE('',*,*,#3043,.T.);
#3782 = ADVANCED_FACE('',(#3783),#3113,.T.);
#3783 = FACE_BOUND('',#3784,.T.);
#3784 = EDGE_LOOP('',(#3785));
#3785 = ORIENTED_EDGE('',*,*,#3098,.T.);
#3786 = ADVANCED_FACE('',(#3787),#3170,.T.);
#3787 = FACE_BOUND('',#3788,.T.);
#3788 = EDGE_LOOP('',(#3789));
#3789 = ORIENTED_EDGE('',*,*,#3155,.T.);
#3790 = ADVANCED_FACE('',(#3791),#3223,.T.);
#3791 = FACE_BOUND('',#3792,.T.);
#3792 = EDGE_LOOP('',(#3793));
#3793 = ORIENTED_EDGE('',*,*,#3208,.T.);
#3794 = ADVANCED_FACE('',(#3795),#3280,.T.);
#3795 = FACE_BOUND('',#3796,.T.);
#3796 = EDGE_LOOP('',(#3797));
#3797 = ORIENTED_EDGE('',*,*,#3265,.T.);
#3798 = ADVANCED_FACE('',(#3799),#3333,.T.);
#3799 = FACE_BOUND('',#3800,.T.);
#3800 = EDGE_LOOP('',(#3801));
#3801 = ORIENTED_EDGE('',*,*,#3318,.T.);
#3802 = ADVANCED_FACE('',(#3803),#3389,.T.);
#3803 = FACE_BOUND('',#3804,.F.);
#3804 = EDGE_LOOP('',(#3805,#3828,#3829,#3830));
#3805 = ORIENTED_EDGE('',*,*,#3806,.F.);
#3806 = EDGE_CURVE('',#3351,#3807,#3809,.T.);
#3807 = VERTEX_POINT('',#3808);
#3808 = CARTESIAN_POINT('',(64.5,14.828359312881,-1.7763568394E-15));
#3809 = SURFACE_CURVE('',#3810,(#3814,#3821),.PCURVE_S1.);
#3810 = LINE('',#3811,#3812);
#3811 = CARTESIAN_POINT('',(63.053072949592,14.229022504837,
    -1.446927050408));
#3812 = VECTOR('',#3813,1.);
#3813 = DIRECTION('',(-0.678598344546,-0.281084637715,-0.678598344546));
#3814 = PCURVE('',#3389,#3815);
#3815 = DEFINITIONAL_REPRESENTATION('',(#3816),#3820);
#3816 = LINE('',#3817,#3818);
#3817 = CARTESIAN_POINT('',(-1.841977495163,4.167584202011));
#3818 = VECTOR('',#3819,1.);
#3819 = DIRECTION('',(-0.281084637715,0.959682982261));
#3820 = ( GEOMETRIC_REPRESENTATION_CONTEXT(2) 
PARAMETRIC_REPRESENTATION_CONTEXT() REPRESENTATION_CONTEXT('2D SPACE',''
  ) );
#3821 = PCURVE('',#3625,#3822);
#3822 = DEFINITIONAL_REPRESENTATION('',(#3823),#3827);
#3823 = LINE('',#3824,#3825);
#3824 = CARTESIAN_POINT('',(30.300022504837,4.167584202011));
#3825 = VECTOR('',#3826,1.);
#3826 = DIRECTION('',(-0.281084637715,0.959682982261));
#3827 = ( GEOMETRIC_REPRESENTATION_CONTEXT(2) 
PARAMETRIC_REPRESENTATION_CONTEXT() REPRESENTATION_CONTEXT('2D SPACE',''
  ) );
#3828 = ORIENTED_EDGE('',*,*,#3375,.T.);
#3829 = ORIENTED_EDGE('',*,*,#3433,.T.);
#3830 = ORIENTED_EDGE('',*,*,#3831,.F.);
#3831 = EDGE_CURVE('',#3807,#3434,#3832,.T.);
#3832 = SURFACE_CURVE('',#3833,(#3837,#3844),.PCURVE_S1.);
#3833 = LINE('',#3834,#3835);
#3834 = CARTESIAN_POINT('',(65.37867965644,13.94967965644,0.));
#3835 = VECTOR('',#3836,1.);
#3836 = DIRECTION('',(-0.707106781187,0.707106781187,0.));
#3837 = PCURVE('',#3389,#3838);
#3838 = DEFINITIONAL_REPRESENTATION('',(#3839),#3843);
#3839 = LINE('',#3840,#3841);
#3840 = CARTESIAN_POINT('',(-7.105427357601E-15,2.12132034356));
#3841 = VECTOR('',#3842,1.);
#3842 = DIRECTION('',(-1.,0.));
#3843 = ( GEOMETRIC_REPRESENTATION_CONTEXT(2) 
PARAMETRIC_REPRESENTATION_CONTEXT() REPRESENTATION_CONTEXT('2D SPACE',''
  ) );
#3844 = PCURVE('',#3470,#3845);
#3845 = DEFINITIONAL_REPRESENTATION('',(#3846),#3850);
#3846 = LINE('',#3847,#3848);
#3847 = CARTESIAN_POINT('',(132.87867965644,40.44967965644));
#3848 = VECTOR('',#3849,1.);
#3849 = DIRECTION('',(-0.707106781187,0.707106781187));
#3850 = ( GEOMETRIC_REPRESENTATION_CONTEXT(2) 
PARAMETRIC_REPRESENTATION_CONTEXT() REPRESENTATION_CONTEXT('2D SPACE',''
  ) );
#3851 = ADVANCED_FACE('',(#3852),#3420,.F.);
#3852 = FACE_BOUND('',#3853,.T.);
#3853 = EDGE_LOOP('',(#3854,#3877,#3878,#3879));
#3854 = ORIENTED_EDGE('',*,*,#3855,.F.);
#3855 = EDGE_CURVE('',#3486,#3856,#3858,.T.);
#3856 = VERTEX_POINT('',#3857);
#3857 = CARTESIAN_POINT('',(-64.5,14.828359312881,2.886579864025E-15));
#3858 = SURFACE_CURVE('',#3859,(#3863,#3870),.PCURVE_S1.);
#3859 = LINE('',#3860,#3861);
#3860 = CARTESIAN_POINT('',(-63.05307294959,14.229022504837,
    -1.446927050408));
#3861 = VECTOR('',#3862,1.);
#3862 = DIRECTION('',(0.678598344546,-0.281084637715,-0.678598344546));
#3863 = PCURVE('',#3420,#3864);
#3864 = DEFINITIONAL_REPRESENTATION('',(#3865),#3869);
#3865 = LINE('',#3866,#3867);
#3866 = CARTESIAN_POINT('',(-1.841977495163,4.167584202011));
#3867 = VECTOR('',#3868,1.);
#3868 = DIRECTION('',(-0.281084637715,0.959682982261));
#3869 = ( GEOMETRIC_REPRESENTATION_CONTEXT(2) 
PARAMETRIC_REPRESENTATION_CONTEXT() REPRESENTATION_CONTEXT('2D SPACE',''
  ) );
#3870 = PCURVE('',#3571,#3871);
#3871 = DEFINITIONAL_REPRESENTATION('',(#3872),#3876);
#3872 = LINE('',#3873,#3874);
#3873 = CARTESIAN_POINT('',(30.300022504837,4.167584202011));
#3874 = VECTOR('',#3875,1.);
#3875 = DIRECTION('',(-0.281084637715,0.959682982261));
#3876 = ( GEOMETRIC_REPRESENTATION_CONTEXT(2) 
PARAMETRIC_REPRESENTATION_CONTEXT() REPRESENTATION_CONTEXT('2D SPACE',''
  ) );
#3877 = ORIENTED_EDGE('',*,*,#3510,.T.);
#3878 = ORIENTED_EDGE('',*,*,#3404,.T.);
#3879 = ORIENTED_EDGE('',*,*,#3880,.F.);
#3880 = EDGE_CURVE('',#3856,#3405,#3881,.T.);
#3881 = SURFACE_CURVE('',#3882,(#3886,#3893),.PCURVE_S1.);
#3882 = LINE('',#3883,#3884);
#3883 = CARTESIAN_POINT('',(-65.37867965644,13.94967965644,0.));
#3884 = VECTOR('',#3885,1.);
#3885 = DIRECTION('',(0.707106781187,0.707106781187,-0.));
#3886 = PCURVE('',#3420,#3887);
#3887 = DEFINITIONAL_REPRESENTATION('',(#3888),#3892);
#3888 = LINE('',#3889,#3890);
#3889 = CARTESIAN_POINT('',(7.105427357601E-15,2.12132034356));
#3890 = VECTOR('',#3891,1.);
#3891 = DIRECTION('',(-1.,0.));
#3892 = ( GEOMETRIC_REPRESENTATION_CONTEXT(2) 
PARAMETRIC_REPRESENTATION_CONTEXT() REPRESENTATION_CONTEXT('2D SPACE',''
  ) );
#3893 = PCURVE('',#3470,#3894);
#3894 = DEFINITIONAL_REPRESENTATION('',(#3895),#3899);
#3895 = LINE('',#3896,#3897);
#3896 = CARTESIAN_POINT('',(2.12132034356,40.44967965644));
#3897 = VECTOR('',#3898,1.);
#3898 = DIRECTION('',(0.707106781187,0.707106781187));
#3899 = ( GEOMETRIC_REPRESENTATION_CONTEXT(2) 
PARAMETRIC_REPRESENTATION_CONTEXT() REPRESENTATION_CONTEXT('2D SPACE',''
  ) );
#3900 = ADVANCED_FACE('',(#3901),#3470,.F.);
#3901 = FACE_BOUND('',#3902,.F.);
#3902 = EDGE_LOOP('',(#3903,#3926,#3949,#3972,#3995,#4016,#4017,#4018));
#3903 = ORIENTED_EDGE('',*,*,#3904,.F.);
#3904 = EDGE_CURVE('',#3905,#3856,#3907,.T.);
#3905 = VERTEX_POINT('',#3906);
#3906 = CARTESIAN_POINT('',(-64.5,-14.82835931288,2.886579864025E-15));
#3907 = SURFACE_CURVE('',#3908,(#3912,#3919),.PCURVE_S1.);
#3908 = LINE('',#3909,#3910);
#3909 = CARTESIAN_POINT('',(-64.5,-16.071,0.));
#3910 = VECTOR('',#3911,1.);
#3911 = DIRECTION('',(0.,1.,0.));
#3912 = PCURVE('',#3470,#3913);
#3913 = DEFINITIONAL_REPRESENTATION('',(#3914),#3918);
#3914 = LINE('',#3915,#3916);
#3915 = CARTESIAN_POINT('',(3.,10.429));
#3916 = VECTOR('',#3917,1.);
#3917 = DIRECTION('',(0.,1.));
#3918 = ( GEOMETRIC_REPRESENTATION_CONTEXT(2) 
PARAMETRIC_REPRESENTATION_CONTEXT() REPRESENTATION_CONTEXT('2D SPACE',''
  ) );
#3919 = PCURVE('',#3571,#3920);
#3920 = DEFINITIONAL_REPRESENTATION('',(#3921),#3925);
#3921 = LINE('',#3922,#3923);
#3922 = CARTESIAN_POINT('',(0.,2.12132034356));
#3923 = VECTOR('',#3924,1.);
#3924 = DIRECTION('',(1.,0.));
#3925 = ( GEOMETRIC_REPRESENTATION_CONTEXT(2) 
PARAMETRIC_REPRESENTATION_CONTEXT() REPRESENTATION_CONTEXT('2D SPACE',''
  ) );
#3926 = ORIENTED_EDGE('',*,*,#3927,.T.);
#3927 = EDGE_CURVE('',#3905,#3928,#3930,.T.);
#3928 = VERTEX_POINT('',#3929);
#3929 = CARTESIAN_POINT('',(-55.82835931288,-23.5,-1.7763568394E-15));
#3930 = SURFACE_CURVE('',#3931,(#3935,#3942),.PCURVE_S1.);
#3931 = LINE('',#3932,#3933);
#3932 = CARTESIAN_POINT('',(-65.37867965644,-13.94967965644,0.));
#3933 = VECTOR('',#3934,1.);
#3934 = DIRECTION('',(0.707106781187,-0.707106781187,0.));
#3935 = PCURVE('',#3470,#3936);
#3936 = DEFINITIONAL_REPRESENTATION('',(#3937),#3941);
#3937 = LINE('',#3938,#3939);
#3938 = CARTESIAN_POINT('',(2.12132034356,12.55032034356));
#3939 = VECTOR('',#3940,1.);
#3940 = DIRECTION('',(0.707106781187,-0.707106781187));
#3941 = ( GEOMETRIC_REPRESENTATION_CONTEXT(2) 
PARAMETRIC_REPRESENTATION_CONTEXT() REPRESENTATION_CONTEXT('2D SPACE',''
  ) );
#3942 = PCURVE('',#3767,#3943);
#3943 = DEFINITIONAL_REPRESENTATION('',(#3944),#3948);
#3944 = LINE('',#3945,#3946);
#3945 = CARTESIAN_POINT('',(7.105427357601E-15,2.12132034356));
#3946 = VECTOR('',#3947,1.);
#3947 = DIRECTION('',(-1.,0.));
#3948 = ( GEOMETRIC_REPRESENTATION_CONTEXT(2) 
PARAMETRIC_REPRESENTATION_CONTEXT() REPRESENTATION_CONTEXT('2D SPACE',''
  ) );
#3949 = ORIENTED_EDGE('',*,*,#3950,.T.);
#3950 = EDGE_CURVE('',#3928,#3951,#3953,.T.);
#3951 = VERTEX_POINT('',#3952);
#3952 = CARTESIAN_POINT('',(55.828359312881,-23.5,4.440892098501E-16));
#3953 = SURFACE_CURVE('',#3954,(#3958,#3965),.PCURVE_S1.);
#3954 = LINE('',#3955,#3956);
#3955 = CARTESIAN_POINT('',(-57.071,-23.5,0.));
#3956 = VECTOR('',#3957,1.);
#3957 = DIRECTION('',(1.,0.,0.));
#3958 = PCURVE('',#3470,#3959);
#3959 = DEFINITIONAL_REPRESENTATION('',(#3960),#3964);
#3960 = LINE('',#3961,#3962);
#3961 = CARTESIAN_POINT('',(10.429,3.));
#3962 = VECTOR('',#3963,1.);
#3963 = DIRECTION('',(1.,0.));
#3964 = ( GEOMETRIC_REPRESENTATION_CONTEXT(2) 
PARAMETRIC_REPRESENTATION_CONTEXT() REPRESENTATION_CONTEXT('2D SPACE',''
  ) );
#3965 = PCURVE('',#3735,#3966);
#3966 = DEFINITIONAL_REPRESENTATION('',(#3967),#3971);
#3967 = LINE('',#3968,#3969);
#3968 = CARTESIAN_POINT('',(-0.,2.12132034356));
#3969 = VECTOR('',#3970,1.);
#3970 = DIRECTION('',(-1.,0.));
#3971 = ( GEOMETRIC_REPRESENTATION_CONTEXT(2) 
PARAMETRIC_REPRESENTATION_CONTEXT() REPRESENTATION_CONTEXT('2D SPACE',''
  ) );
#3972 = ORIENTED_EDGE('',*,*,#3973,.F.);
#3973 = EDGE_CURVE('',#3974,#3951,#3976,.T.);
#3974 = VERTEX_POINT('',#3975);
#3975 = CARTESIAN_POINT('',(64.5,-14.82835931288,-1.7763568394E-15));
#3976 = SURFACE_CURVE('',#3977,(#3981,#3988),.PCURVE_S1.);
#3977 = LINE('',#3978,#3979);
#3978 = CARTESIAN_POINT('',(65.37867965644,-13.94967965644,0.));
#3979 = VECTOR('',#3980,1.);
#3980 = DIRECTION('',(-0.707106781187,-0.707106781187,0.));
#3981 = PCURVE('',#3470,#3982);
#3982 = DEFINITIONAL_REPRESENTATION('',(#3983),#3987);
#3983 = LINE('',#3984,#3985);
#3984 = CARTESIAN_POINT('',(132.87867965644,12.55032034356));
#3985 = VECTOR('',#3986,1.);
#3986 = DIRECTION('',(-0.707106781187,-0.707106781187));
#3987 = ( GEOMETRIC_REPRESENTATION_CONTEXT(2) 
PARAMETRIC_REPRESENTATION_CONTEXT() REPRESENTATION_CONTEXT('2D SPACE',''
  ) );
#3988 = PCURVE('',#3681,#3989);
#3989 = DEFINITIONAL_REPRESENTATION('',(#3990),#3994);
#3990 = LINE('',#3991,#3992);
#3991 = CARTESIAN_POINT('',(7.105427357601E-15,2.12132034356));
#3992 = VECTOR('',#3993,1.);
#3993 = DIRECTION('',(-1.,0.));
#3994 = ( GEOMETRIC_REPRESENTATION_CONTEXT(2) 
PARAMETRIC_REPRESENTATION_CONTEXT() REPRESENTATION_CONTEXT('2D SPACE',''
  ) );
#3995 = ORIENTED_EDGE('',*,*,#3996,.T.);
#3996 = EDGE_CURVE('',#3974,#3807,#3997,.T.);
#3997 = SURFACE_CURVE('',#3998,(#4002,#4009),.PCURVE_S1.);
#3998 = LINE('',#3999,#4000);
#3999 = CARTESIAN_POINT('',(64.5,-16.071,0.));
#4000 = VECTOR('',#4001,1.);
#4001 = DIRECTION('',(0.,1.,0.));
#4002 = PCURVE('',#3470,#4003);
#4003 = DEFINITIONAL_REPRESENTATION('',(#4004),#4008);
#4004 = LINE('',#4005,#4006);
#4005 = CARTESIAN_POINT('',(132.,10.429));
#4006 = VECTOR('',#4007,1.);
#4007 = DIRECTION('',(0.,1.));
#4008 = ( GEOMETRIC_REPRESENTATION_CONTEXT(2) 
PARAMETRIC_REPRESENTATION_CONTEXT() REPRESENTATION_CONTEXT('2D SPACE',''
  ) );
#4009 = PCURVE('',#3625,#4010);
#4010 = DEFINITIONAL_REPRESENTATION('',(#4011),#4015);
#4011 = LINE('',#4012,#4013);
#4012 = CARTESIAN_POINT('',(0.,2.12132034356));
#4013 = VECTOR('',#4014,1.);
#4014 = DIRECTION('',(1.,0.));
#4015 = ( GEOMETRIC_REPRESENTATION_CONTEXT(2) 
PARAMETRIC_REPRESENTATION_CONTEXT() REPRESENTATION_CONTEXT('2D SPACE',''
  ) );
#4016 = ORIENTED_EDGE('',*,*,#3831,.T.);
#4017 = ORIENTED_EDGE('',*,*,#3456,.F.);
#4018 = ORIENTED_EDGE('',*,*,#3880,.F.);
#4019 = ADVANCED_FACE('',(#4020),#3571,.T.);
#4020 = FACE_BOUND('',#4021,.T.);
#4021 = EDGE_LOOP('',(#4022,#4043,#4044,#4045));
#4022 = ORIENTED_EDGE('',*,*,#4023,.F.);
#4023 = EDGE_CURVE('',#3535,#3905,#4024,.T.);
#4024 = SURFACE_CURVE('',#4025,(#4029,#4036),.PCURVE_S1.);
#4025 = LINE('',#4026,#4027);
#4026 = CARTESIAN_POINT('',(-66.11851286033,-15.4987692905,
    1.618512860339));
#4027 = VECTOR('',#4028,1.);
#4028 = DIRECTION('',(0.678598344546,0.281084637715,-0.678598344546));
#4029 = PCURVE('',#3571,#4030);
#4030 = DEFINITIONAL_REPRESENTATION('',(#4031),#4035);
#4031 = LINE('',#4032,#4033);
#4032 = CARTESIAN_POINT('',(0.572230709492,-0.167602494407));
#4033 = VECTOR('',#4034,1.);
#4034 = DIRECTION('',(0.281084637715,0.959682982261));
#4035 = ( GEOMETRIC_REPRESENTATION_CONTEXT(2) 
PARAMETRIC_REPRESENTATION_CONTEXT() REPRESENTATION_CONTEXT('2D SPACE',''
  ) );
#4036 = PCURVE('',#3767,#4037);
#4037 = DEFINITIONAL_REPRESENTATION('',(#4038),#4042);
#4038 = LINE('',#4039,#4040);
#4039 = CARTESIAN_POINT('',(-0.572230709492,-0.167602494407));
#4040 = VECTOR('',#4041,1.);
#4041 = DIRECTION('',(-0.281084637715,0.959682982261));
#4042 = ( GEOMETRIC_REPRESENTATION_CONTEXT(2) 
PARAMETRIC_REPRESENTATION_CONTEXT() REPRESENTATION_CONTEXT('2D SPACE',''
  ) );
#4043 = ORIENTED_EDGE('',*,*,#3557,.T.);
#4044 = ORIENTED_EDGE('',*,*,#3855,.T.);
#4045 = ORIENTED_EDGE('',*,*,#3904,.F.);
#4046 = ADVANCED_FACE('',(#4047),#3625,.F.);
#4047 = FACE_BOUND('',#4048,.F.);
#4048 = EDGE_LOOP('',(#4049,#4070,#4071,#4072));
#4049 = ORIENTED_EDGE('',*,*,#4050,.F.);
#4050 = EDGE_CURVE('',#3589,#3974,#4051,.T.);
#4051 = SURFACE_CURVE('',#4052,(#4056,#4063),.PCURVE_S1.);
#4052 = LINE('',#4053,#4054);
#4053 = CARTESIAN_POINT('',(66.118512860339,-15.4987692905,
    1.618512860339));
#4054 = VECTOR('',#4055,1.);
#4055 = DIRECTION('',(-0.678598344546,0.281084637715,-0.678598344546));
#4056 = PCURVE('',#3625,#4057);
#4057 = DEFINITIONAL_REPRESENTATION('',(#4058),#4062);
#4058 = LINE('',#4059,#4060);
#4059 = CARTESIAN_POINT('',(0.572230709492,-0.167602494407));
#4060 = VECTOR('',#4061,1.);
#4061 = DIRECTION('',(0.281084637715,0.959682982261));
#4062 = ( GEOMETRIC_REPRESENTATION_CONTEXT(2) 
PARAMETRIC_REPRESENTATION_CONTEXT() REPRESENTATION_CONTEXT('2D SPACE',''
  ) );
#4063 = PCURVE('',#3681,#4064);
#4064 = DEFINITIONAL_REPRESENTATION('',(#4065),#4069);
#4065 = LINE('',#4066,#4067);
#4066 = CARTESIAN_POINT('',(-0.572230709492,-0.167602494407));
#4067 = VECTOR('',#4068,1.);
#4068 = DIRECTION('',(-0.281084637715,0.959682982261));
#4069 = ( GEOMETRIC_REPRESENTATION_CONTEXT(2) 
PARAMETRIC_REPRESENTATION_CONTEXT() REPRESENTATION_CONTEXT('2D SPACE',''
  ) );
#4070 = ORIENTED_EDGE('',*,*,#3611,.T.);
#4071 = ORIENTED_EDGE('',*,*,#3806,.T.);
#4072 = ORIENTED_EDGE('',*,*,#3996,.F.);
#4073 = ADVANCED_FACE('',(#4074),#3681,.F.);
#4074 = FACE_BOUND('',#4075,.T.);
#4075 = EDGE_LOOP('',(#4076,#4077,#4078,#4099));
#4076 = ORIENTED_EDGE('',*,*,#4050,.F.);
#4077 = ORIENTED_EDGE('',*,*,#3667,.T.);
#4078 = ORIENTED_EDGE('',*,*,#4079,.T.);
#4079 = EDGE_CURVE('',#3645,#3951,#4080,.T.);
#4080 = SURFACE_CURVE('',#4081,(#4085,#4092),.PCURVE_S1.);
#4081 = LINE('',#4082,#4083);
#4082 = CARTESIAN_POINT('',(51.407028850851,-12.82596403483,
    -10.67403596516));
#4083 = VECTOR('',#4084,1.);
#4084 = DIRECTION('',(-0.281084637715,0.678598344546,-0.678598344546));
#4085 = PCURVE('',#3681,#4086);
#4086 = DEFINITIONAL_REPRESENTATION('',(#4087),#4091);
#4087 = LINE('',#4088,#4089);
#4088 = CARTESIAN_POINT('',(-9.08486209284,17.216686770756));
#4089 = VECTOR('',#4090,1.);
#4090 = DIRECTION('',(0.281084637715,0.959682982261));
#4091 = ( GEOMETRIC_REPRESENTATION_CONTEXT(2) 
PARAMETRIC_REPRESENTATION_CONTEXT() REPRESENTATION_CONTEXT('2D SPACE',''
  ) );
#4092 = PCURVE('',#3735,#4093);
#4093 = DEFINITIONAL_REPRESENTATION('',(#4094),#4098);
#4094 = LINE('',#4095,#4096);
#4095 = CARTESIAN_POINT('',(-108.4780288508,17.216686770756));
#4096 = VECTOR('',#4097,1.);
#4097 = DIRECTION('',(0.281084637715,0.959682982261));
#4098 = ( GEOMETRIC_REPRESENTATION_CONTEXT(2) 
PARAMETRIC_REPRESENTATION_CONTEXT() REPRESENTATION_CONTEXT('2D SPACE',''
  ) );
#4099 = ORIENTED_EDGE('',*,*,#3973,.F.);
#4100 = ADVANCED_FACE('',(#4101),#3735,.T.);
#4101 = FACE_BOUND('',#4102,.F.);
#4102 = EDGE_LOOP('',(#4103,#4124,#4125,#4126));
#4103 = ORIENTED_EDGE('',*,*,#4104,.F.);
#4104 = EDGE_CURVE('',#3697,#3928,#4105,.T.);
#4105 = SURFACE_CURVE('',#4106,(#4110,#4117),.PCURVE_S1.);
#4106 = LINE('',#4107,#4108);
#4107 = CARTESIAN_POINT('',(-55.91612715245,-23.71189030863,
    0.211890308633));
#4108 = VECTOR('',#4109,1.);
#4109 = DIRECTION('',(0.281084637715,0.678598344546,-0.678598344546));
#4110 = PCURVE('',#3735,#4111);
#4111 = DEFINITIONAL_REPRESENTATION('',(#4112),#4116);
#4112 = LINE('',#4113,#4114);
#4113 = CARTESIAN_POINT('',(-1.154872847548,1.821662195356));
#4114 = VECTOR('',#4115,1.);
#4115 = DIRECTION('',(-0.281084637715,0.959682982261));
#4116 = ( GEOMETRIC_REPRESENTATION_CONTEXT(2) 
PARAMETRIC_REPRESENTATION_CONTEXT() REPRESENTATION_CONTEXT('2D SPACE',''
  ) );
#4117 = PCURVE('',#3767,#4118);
#4118 = DEFINITIONAL_REPRESENTATION('',(#4119),#4123);
#4119 = LINE('',#4120,#4121);
#4120 = CARTESIAN_POINT('',(-13.59396039444,1.821662195356));
#4121 = VECTOR('',#4122,1.);
#4122 = DIRECTION('',(0.281084637715,0.959682982261));
#4123 = ( GEOMETRIC_REPRESENTATION_CONTEXT(2) 
PARAMETRIC_REPRESENTATION_CONTEXT() REPRESENTATION_CONTEXT('2D SPACE',''
  ) );
#4124 = ORIENTED_EDGE('',*,*,#3721,.T.);
#4125 = ORIENTED_EDGE('',*,*,#4079,.T.);
#4126 = ORIENTED_EDGE('',*,*,#3950,.F.);
#4127 = ADVANCED_FACE('',(#4128),#3767,.T.);
#4128 = FACE_BOUND('',#4129,.F.);
#4129 = EDGE_LOOP('',(#4130,#4131,#4132,#4133));
#4130 = ORIENTED_EDGE('',*,*,#4023,.F.);
#4131 = ORIENTED_EDGE('',*,*,#3753,.T.);
#4132 = ORIENTED_EDGE('',*,*,#4104,.T.);
#4133 = ORIENTED_EDGE('',*,*,#3927,.F.);
#4134 = ( GEOMETRIC_REPRESENTATION_CONTEXT(3) 
GLOBAL_UNCERTAINTY_ASSIGNED_CONTEXT((#4138)) 
GLOBAL_UNIT_ASSIGNED_CONTEXT((#4135,#4136,#4137)) REPRESENTATION_CONTEXT
('Context #1','3D Context with UNIT and UNCERTAINTY') );
#4135 = ( LENGTH_UNIT() NAMED_UNIT(*) SI_UNIT(.MILLI.,.METRE.) );
#4136 = ( NAMED_UNIT(*) PLANE_ANGLE_UNIT() SI_UNIT($,.RADIAN.) );
#4137 = ( NAMED_UNIT(*) SI_UNIT($,.STERADIAN.) SOLID_ANGLE_UNIT() );
#4138 = UNCERTAINTY_MEASURE_WITH_UNIT(LENGTH_MEASURE(1.E-05),#4135,
  'distance_accuracy_value','confusion accuracy');
#4139 = CONTEXT_DEPENDENT_SHAPE_REPRESENTATION(#4140,#4142);
#4140 = ( REPRESENTATION_RELATIONSHIP('','',#79,#56) 
REPRESENTATION_RELATIONSHIP_WITH_TRANSFORMATION(#4141) 
SHAPE_REPRESENTATION_RELATIONSHIP() );
#4141 = ITEM_DEFINED_TRANSFORMATION('','',#11,#57);
#4142 = PRODUCT_DEFINITION_SHAPE('Placement','Placement of an item',
  #4143);
#4143 = NEXT_ASSEMBLY_USAGE_OCCURRENCE('1','=>[0:1:1:3]','',#51,#74,$);
#4144 = PRODUCT_RELATED_PRODUCT_CATEGORY('part',$,(#76));
#4145 = SHAPE_DEFINITION_REPRESENTATION(#4146,#4152);
#4146 = PRODUCT_DEFINITION_SHAPE('','',#4147);
#4147 = PRODUCT_DEFINITION('design','',#4148,#4151);
#4148 = PRODUCT_DEFINITION_FORMATION('','',#4149);
#4149 = PRODUCT('ASSEMBLY','ASSEMBLY','',(#4150));
#4150 = PRODUCT_CONTEXT('',#2,'mechanical');
#4151 = PRODUCT_DEFINITION_CONTEXT('part definition',#2,'design');
#4152 = SHAPE_REPRESENTATION('',(#11,#4153),#4157);
#4153 = AXIS2_PLACEMENT_3D('',#4154,#4155,#4156);
#4154 = CARTESIAN_POINT('',(0.,0.,0.));
#4155 = DIRECTION('',(0.,0.,1.));
#4156 = DIRECTION('',(1.,0.,-0.));
#4157 = ( GEOMETRIC_REPRESENTATION_CONTEXT(3) 
GLOBAL_UNCERTAINTY_ASSIGNED_CONTEXT((#4161)) 
GLOBAL_UNIT_ASSIGNED_CONTEXT((#4158,#4159,#4160)) REPRESENTATION_CONTEXT
('Context #1','3D Context with UNIT and UNCERTAINTY') );
#4158 = ( LENGTH_UNIT() NAMED_UNIT(*) SI_UNIT(.MILLI.,.METRE.) );
#4159 = ( NAMED_UNIT(*) PLANE_ANGLE_UNIT() SI_UNIT($,.RADIAN.) );
#4160 = ( NAMED_UNIT(*) SI_UNIT($,.STERADIAN.) SOLID_ANGLE_UNIT() );
#4161 = UNCERTAINTY_MEASURE_WITH_UNIT(LENGTH_MEASURE(1.E-07),#4158,
  'distance_accuracy_value','confusion accuracy');
#4162 = CONTEXT_DEPENDENT_SHAPE_REPRESENTATION(#4163,#4165);
#4163 = ( REPRESENTATION_RELATIONSHIP('','',#4152,#10) 
REPRESENTATION_RELATIONSHIP_WITH_TRANSFORMATION(#4164) 
SHAPE_REPRESENTATION_RELATIONSHIP() );
#4164 = ITEM_DEFINED_TRANSFORMATION('','',#11,#19);
#4165 = PRODUCT_DEFINITION_SHAPE('Placement','Placement of an item',
  #4166);
#4166 = NEXT_ASSEMBLY_USAGE_OCCURRENCE('4','=>[0:1:1:4]','',#5,#4147,$);
#4167 = PRODUCT_RELATED_PRODUCT_CATEGORY('part',$,(#4149));
#4168 = SHAPE_DEFINITION_REPRESENTATION(#4169,#4175);
#4169 = PRODUCT_DEFINITION_SHAPE('','',#4170);
#4170 = PRODUCT_DEFINITION('design','',#4171,#4174);
#4171 = PRODUCT_DEFINITION_FORMATION('','',#4172);
#4172 = PRODUCT('SOLID','SOLID','',(#4173));
#4173 = PRODUCT_CONTEXT('',#2,'mechanical');
#4174 = PRODUCT_DEFINITION_CONTEXT('part definition',#2,'design');
#4175 = ADVANCED_BREP_SHAPE_REPRESENTATION('',(#11,#4176),#5587);
#4176 = MANIFOLD_SOLID_BREP('',#4177);
#4177 = CLOSED_SHELL('',(#4178,#4706,#4759,#4836,#4885,#5153,#5180,#5229
    ,#5278,#5327,#5354,#5403,#5430,#5479,#5528,#5555,#5559,#5566,#5573,
    #5580));
#4178 = ADVANCED_FACE('',(#4179),#4193,.T.);
#4179 = FACE_BOUND('',#4180,.F.);
#4180 = EDGE_LOOP('',(#4181,#4211,#4244,#4270,#4299,#4325,#4358,#4384,
    #4408,#4434,#4467,#4493,#4517,#4543,#4576,#4602,#4626,#4652,#4678,
    #4679));
#4181 = ORIENTED_EDGE('',*,*,#4182,.F.);
#4182 = EDGE_CURVE('',#4183,#4185,#4187,.T.);
#4183 = VERTEX_POINT('',#4184);
#4184 = CARTESIAN_POINT('',(42.8,1.,17.424));
#4185 = VERTEX_POINT('',#4186);
#4186 = CARTESIAN_POINT('',(42.8,1.,26.424));
#4187 = SEAM_CURVE('',#4188,(#4192,#4204),.PCURVE_S1.);
#4188 = LINE('',#4189,#4190);
#4189 = CARTESIAN_POINT('',(42.8,1.,11.95));
#4190 = VECTOR('',#4191,1.);
#4191 = DIRECTION('',(0.,0.,1.));
#4192 = PCURVE('',#4193,#4198);
#4193 = CYLINDRICAL_SURFACE('',#4194,4.8);
#4194 = AXIS2_PLACEMENT_3D('',#4195,#4196,#4197);
#4195 = CARTESIAN_POINT('',(38.,1.,11.95));
#4196 = DIRECTION('',(-0.,-0.,-1.));
#4197 = DIRECTION('',(1.,0.,0.));
#4198 = DEFINITIONAL_REPRESENTATION('',(#4199),#4203);
#4199 = LINE('',#4200,#4201);
#4200 = CARTESIAN_POINT('',(-6.28318530718,0.));
#4201 = VECTOR('',#4202,1.);
#4202 = DIRECTION('',(-0.,-1.));
#4203 = ( GEOMETRIC_REPRESENTATION_CONTEXT(2) 
PARAMETRIC_REPRESENTATION_CONTEXT() REPRESENTATION_CONTEXT('2D SPACE',''
  ) );
#4204 = PCURVE('',#4193,#4205);
#4205 = DEFINITIONAL_REPRESENTATION('',(#4206),#4210);
#4206 = LINE('',#4207,#4208);
#4207 = CARTESIAN_POINT('',(-0.,0.));
#4208 = VECTOR('',#4209,1.);
#4209 = DIRECTION('',(-0.,-1.));
#4210 = ( GEOMETRIC_REPRESENTATION_CONTEXT(2) 
PARAMETRIC_REPRESENTATION_CONTEXT() REPRESENTATION_CONTEXT('2D SPACE',''
  ) );
#4211 = ORIENTED_EDGE('',*,*,#4212,.T.);
#4212 = EDGE_CURVE('',#4183,#4213,#4215,.T.);
#4213 = VERTEX_POINT('',#4214);
#4214 = CARTESIAN_POINT('',(42.71487009365,1.E-01,17.424));
#4215 = SURFACE_CURVE('',#4216,(#4221,#4228),.PCURVE_S1.);
#4216 = CIRCLE('',#4217,4.8);
#4217 = AXIS2_PLACEMENT_3D('',#4218,#4219,#4220);
#4218 = CARTESIAN_POINT('',(38.,1.,17.424));
#4219 = DIRECTION('',(0.,0.,-1.));
#4220 = DIRECTION('',(1.,0.,0.));
#4221 = PCURVE('',#4193,#4222);
#4222 = DEFINITIONAL_REPRESENTATION('',(#4223),#4227);
#4223 = LINE('',#4224,#4225);
#4224 = CARTESIAN_POINT('',(-6.28318530718,-5.474));
#4225 = VECTOR('',#4226,1.);
#4226 = DIRECTION('',(1.,-0.));
#4227 = ( GEOMETRIC_REPRESENTATION_CONTEXT(2) 
PARAMETRIC_REPRESENTATION_CONTEXT() REPRESENTATION_CONTEXT('2D SPACE',''
  ) );
#4228 = PCURVE('',#4229,#4234);
#4229 = PLANE('',#4230);
#4230 = AXIS2_PLACEMENT_3D('',#4231,#4232,#4233);
#4231 = CARTESIAN_POINT('',(38.,1.,17.424));
#4232 = DIRECTION('',(0.,0.,1.));
#4233 = DIRECTION('',(1.,0.,0.));
#4234 = DEFINITIONAL_REPRESENTATION('',(#4235),#4243);
#4235 = ( BOUNDED_CURVE() B_SPLINE_CURVE(2,(#4236,#4237,#4238,#4239,
#4240,#4241,#4242),.UNSPECIFIED.,.T.,.F.) B_SPLINE_CURVE_WITH_KNOTS((1,2
    ,2,2,2,1),(-2.094395102393,0.,2.094395102393,4.188790204786,
6.28318530718,8.377580409573),.UNSPECIFIED.) CURVE() 
GEOMETRIC_REPRESENTATION_ITEM() RATIONAL_B_SPLINE_CURVE((1.,0.5,1.,0.5,
1.,0.5,1.)) REPRESENTATION_ITEM('') );
#4236 = CARTESIAN_POINT('',(4.8,0.));
#4237 = CARTESIAN_POINT('',(4.8,-8.313843876331));
#4238 = CARTESIAN_POINT('',(-2.4,-4.156921938165));
#4239 = CARTESIAN_POINT('',(-9.6,-1.175660927181E-15));
#4240 = CARTESIAN_POINT('',(-2.4,4.156921938165));
#4241 = CARTESIAN_POINT('',(4.8,8.313843876331));
#4242 = CARTESIAN_POINT('',(4.8,0.));
#4243 = ( GEOMETRIC_REPRESENTATION_CONTEXT(2) 
PARAMETRIC_REPRESENTATION_CONTEXT() REPRESENTATION_CONTEXT('2D SPACE',''
  ) );
#4244 = ORIENTED_EDGE('',*,*,#4245,.T.);
#4245 = EDGE_CURVE('',#4213,#4246,#4248,.T.);
#4246 = VERTEX_POINT('',#4247);
#4247 = CARTESIAN_POINT('',(42.71487009365,9.999999999995E-02,11.95));
#4248 = SURFACE_CURVE('',#4249,(#4253,#4259),.PCURVE_S1.);
#4249 = LINE('',#4250,#4251);
#4250 = CARTESIAN_POINT('',(42.714870093651,1.E-01,11.95));
#4251 = VECTOR('',#4252,1.);
#4252 = DIRECTION('',(-0.,-0.,-1.));
#4253 = PCURVE('',#4193,#4254);
#4254 = DEFINITIONAL_REPRESENTATION('',(#4255),#4258);
#4255 = B_SPLINE_CURVE_WITH_KNOTS('',1,(#4256,#4257),.UNSPECIFIED.,.F.,
  .F.,(2,2),(-6.0214,5.999999999062E-07),.PIECEWISE_BEZIER_KNOTS.);
#4256 = CARTESIAN_POINT('',(-6.094568921004,-6.0214));
#4257 = CARTESIAN_POINT('',(-6.094568921004,5.999999999062E-07));
#4258 = ( GEOMETRIC_REPRESENTATION_CONTEXT(2) 
PARAMETRIC_REPRESENTATION_CONTEXT() REPRESENTATION_CONTEXT('2D SPACE',''
  ) );
#4259 = PCURVE('',#4260,#4265);
#4260 = PLANE('',#4261);
#4261 = AXIS2_PLACEMENT_3D('',#4262,#4263,#4264);
#4262 = CARTESIAN_POINT('',(38.9,1.E-01,11.95));
#4263 = DIRECTION('',(0.,1.,0.));
#4264 = DIRECTION('',(1.,0.,0.));
#4265 = DEFINITIONAL_REPRESENTATION('',(#4266),#4269);
#4266 = B_SPLINE_CURVE_WITH_KNOTS('',1,(#4267,#4268),.UNSPECIFIED.,.F.,
  .F.,(2,2),(-6.0214,5.999999999062E-07),.PIECEWISE_BEZIER_KNOTS.);
#4267 = CARTESIAN_POINT('',(3.814870093651,-6.0214));
#4268 = CARTESIAN_POINT('',(3.814870093651,5.999999999062E-07));
#4269 = ( GEOMETRIC_REPRESENTATION_CONTEXT(2) 
PARAMETRIC_REPRESENTATION_CONTEXT() REPRESENTATION_CONTEXT('2D SPACE',''
  ) );
#4270 = ORIENTED_EDGE('',*,*,#4271,.F.);
#4271 = EDGE_CURVE('',#4272,#4246,#4274,.T.);
#4272 = VERTEX_POINT('',#4273);
#4273 = CARTESIAN_POINT('',(38.9,-3.71487009365,11.95));
#4274 = SURFACE_CURVE('',#4275,(#4280,#4287),.PCURVE_S1.);
#4275 = CIRCLE('',#4276,4.8);
#4276 = AXIS2_PLACEMENT_3D('',#4277,#4278,#4279);
#4277 = CARTESIAN_POINT('',(38.,1.,11.95));
#4278 = DIRECTION('',(0.,0.,1.));
#4279 = DIRECTION('',(1.,0.,0.));
#4280 = PCURVE('',#4193,#4281);
#4281 = DEFINITIONAL_REPRESENTATION('',(#4282),#4286);
#4282 = LINE('',#4283,#4284);
#4283 = CARTESIAN_POINT('',(-0.,0.));
#4284 = VECTOR('',#4285,1.);
#4285 = DIRECTION('',(-1.,0.));
#4286 = ( GEOMETRIC_REPRESENTATION_CONTEXT(2) 
PARAMETRIC_REPRESENTATION_CONTEXT() REPRESENTATION_CONTEXT('2D SPACE',''
  ) );
#4287 = PCURVE('',#4288,#4293);
#4288 = PLANE('',#4289);
#4289 = AXIS2_PLACEMENT_3D('',#4290,#4291,#4292);
#4290 = CARTESIAN_POINT('',(38.,1.,11.95));
#4291 = DIRECTION('',(0.,0.,1.));
#4292 = DIRECTION('',(1.,0.,0.));
#4293 = DEFINITIONAL_REPRESENTATION('',(#4294),#4298);
#4294 = CIRCLE('',#4295,4.8);
#4295 = AXIS2_PLACEMENT_2D('',#4296,#4297);
#4296 = CARTESIAN_POINT('',(0.,0.));
#4297 = DIRECTION('',(1.,0.));
#4298 = ( GEOMETRIC_REPRESENTATION_CONTEXT(2) 
PARAMETRIC_REPRESENTATION_CONTEXT() REPRESENTATION_CONTEXT('2D SPACE',''
  ) );
#4299 = ORIENTED_EDGE('',*,*,#4300,.F.);
#4300 = EDGE_CURVE('',#4301,#4272,#4303,.T.);
#4301 = VERTEX_POINT('',#4302);
#4302 = CARTESIAN_POINT('',(38.9,-3.714870093651,17.424));
#4303 = SURFACE_CURVE('',#4304,(#4308,#4314),.PCURVE_S1.);
#4304 = LINE('',#4305,#4306);
#4305 = CARTESIAN_POINT('',(38.9,-3.714870093651,11.95));
#4306 = VECTOR('',#4307,1.);
#4307 = DIRECTION('',(-0.,-0.,-1.));
#4308 = PCURVE('',#4193,#4309);
#4309 = DEFINITIONAL_REPRESENTATION('',(#4310),#4313);
#4310 = B_SPLINE_CURVE_WITH_KNOTS('',1,(#4311,#4312),.UNSPECIFIED.,.F.,
  .F.,(2,2),(-6.0214,5.999999999062E-07),.PIECEWISE_BEZIER_KNOTS.);
#4311 = CARTESIAN_POINT('',(-4.90100536656,-6.0214));
#4312 = CARTESIAN_POINT('',(-4.90100536656,5.999999999062E-07));
#4313 = ( GEOMETRIC_REPRESENTATION_CONTEXT(2) 
PARAMETRIC_REPRESENTATION_CONTEXT() REPRESENTATION_CONTEXT('2D SPACE',''
  ) );
#4314 = PCURVE('',#4315,#4320);
#4315 = PLANE('',#4316);
#4316 = AXIS2_PLACEMENT_3D('',#4317,#4318,#4319);
#4317 = CARTESIAN_POINT('',(38.9,-4.916,11.95));
#4318 = DIRECTION('',(-1.,0.,0.));
#4319 = DIRECTION('',(0.,1.,0.));
#4320 = DEFINITIONAL_REPRESENTATION('',(#4321),#4324);
#4321 = B_SPLINE_CURVE_WITH_KNOTS('',1,(#4322,#4323),.UNSPECIFIED.,.F.,
  .F.,(2,2),(-6.0214,5.999999999062E-07),.PIECEWISE_BEZIER_KNOTS.);
#4322 = CARTESIAN_POINT('',(1.201129906349,-6.0214));
#4323 = CARTESIAN_POINT('',(1.201129906349,5.999999999062E-07));
#4324 = ( GEOMETRIC_REPRESENTATION_CONTEXT(2) 
PARAMETRIC_REPRESENTATION_CONTEXT() REPRESENTATION_CONTEXT('2D SPACE',''
  ) );
#4325 = ORIENTED_EDGE('',*,*,#4326,.T.);
#4326 = EDGE_CURVE('',#4301,#4327,#4329,.T.);
#4327 = VERTEX_POINT('',#4328);
#4328 = CARTESIAN_POINT('',(37.1,-3.714870093651,17.424));
#4329 = SURFACE_CURVE('',#4330,(#4335,#4342),.PCURVE_S1.);
#4330 = CIRCLE('',#4331,4.8);
#4331 = AXIS2_PLACEMENT_3D('',#4332,#4333,#4334);
#4332 = CARTESIAN_POINT('',(38.,1.,17.424));
#4333 = DIRECTION('',(0.,0.,-1.));
#4334 = DIRECTION('',(1.,0.,0.));
#4335 = PCURVE('',#4193,#4336);
#4336 = DEFINITIONAL_REPRESENTATION('',(#4337),#4341);
#4337 = LINE('',#4338,#4339);
#4338 = CARTESIAN_POINT('',(-6.28318530718,-5.474));
#4339 = VECTOR('',#4340,1.);
#4340 = DIRECTION('',(1.,-0.));
#4341 = ( GEOMETRIC_REPRESENTATION_CONTEXT(2) 
PARAMETRIC_REPRESENTATION_CONTEXT() REPRESENTATION_CONTEXT('2D SPACE',''
  ) );
#4342 = PCURVE('',#4343,#4348);
#4343 = PLANE('',#4344);
#4344 = AXIS2_PLACEMENT_3D('',#4345,#4346,#4347);
#4345 = CARTESIAN_POINT('',(38.,1.,17.424));
#4346 = DIRECTION('',(0.,0.,1.));
#4347 = DIRECTION('',(1.,0.,0.));
#4348 = DEFINITIONAL_REPRESENTATION('',(#4349),#4357);
#4349 = ( BOUNDED_CURVE() B_SPLINE_CURVE(2,(#4350,#4351,#4352,#4353,
#4354,#4355,#4356),.UNSPECIFIED.,.T.,.F.) B_SPLINE_CURVE_WITH_KNOTS((1,2
    ,2,2,2,1),(-2.094395102393,0.,2.094395102393,4.188790204786,
6.28318530718,8.377580409573),.UNSPECIFIED.) CURVE() 
GEOMETRIC_REPRESENTATION_ITEM() RATIONAL_B_SPLINE_CURVE((1.,0.5,1.,0.5,
1.,0.5,1.)) REPRESENTATION_ITEM('') );
#4350 = CARTESIAN_POINT('',(4.8,0.));
#4351 = CARTESIAN_POINT('',(4.8,-8.313843876331));
#4352 = CARTESIAN_POINT('',(-2.4,-4.156921938165));
#4353 = CARTESIAN_POINT('',(-9.6,-1.175660927181E-15));
#4354 = CARTESIAN_POINT('',(-2.4,4.156921938165));
#4355 = CARTESIAN_POINT('',(4.8,8.313843876331));
#4356 = CARTESIAN_POINT('',(4.8,0.));
#4357 = ( GEOMETRIC_REPRESENTATION_CONTEXT(2) 
PARAMETRIC_REPRESENTATION_CONTEXT() REPRESENTATION_CONTEXT('2D SPACE',''
  ) );
#4358 = ORIENTED_EDGE('',*,*,#4359,.T.);
#4359 = EDGE_CURVE('',#4327,#4360,#4362,.T.);
#4360 = VERTEX_POINT('',#4361);
#4361 = CARTESIAN_POINT('',(37.1,-3.71487009365,11.95));
#4362 = SURFACE_CURVE('',#4363,(#4367,#4373),.PCURVE_S1.);
#4363 = LINE('',#4364,#4365);
#4364 = CARTESIAN_POINT('',(37.1,-3.714870093651,11.95));
#4365 = VECTOR('',#4366,1.);
#4366 = DIRECTION('',(-0.,-0.,-1.));
#4367 = PCURVE('',#4193,#4368);
#4368 = DEFINITIONAL_REPRESENTATION('',(#4369),#4372);
#4369 = B_SPLINE_CURVE_WITH_KNOTS('',1,(#4370,#4371),.UNSPECIFIED.,.F.,
  .F.,(2,2),(-6.0214,5.999999999062E-07),.PIECEWISE_BEZIER_KNOTS.);
#4370 = CARTESIAN_POINT('',(-4.523772594209,-6.0214));
#4371 = CARTESIAN_POINT('',(-4.523772594209,5.999999999062E-07));
#4372 = ( GEOMETRIC_REPRESENTATION_CONTEXT(2) 
PARAMETRIC_REPRESENTATION_CONTEXT() REPRESENTATION_CONTEXT('2D SPACE',''
  ) );
#4373 = PCURVE('',#4374,#4379);
#4374 = PLANE('',#4375);
#4375 = AXIS2_PLACEMENT_3D('',#4376,#4377,#4378);
#4376 = CARTESIAN_POINT('',(37.1,-4.916,11.95));
#4377 = DIRECTION('',(-1.,0.,0.));
#4378 = DIRECTION('',(0.,1.,0.));
#4379 = DEFINITIONAL_REPRESENTATION('',(#4380),#4383);
#4380 = B_SPLINE_CURVE_WITH_KNOTS('',1,(#4381,#4382),.UNSPECIFIED.,.F.,
  .F.,(2,2),(-6.0214,5.999999999062E-07),.PIECEWISE_BEZIER_KNOTS.);
#4381 = CARTESIAN_POINT('',(1.201129906349,-6.0214));
#4382 = CARTESIAN_POINT('',(1.201129906349,5.999999999062E-07));
#4383 = ( GEOMETRIC_REPRESENTATION_CONTEXT(2) 
PARAMETRIC_REPRESENTATION_CONTEXT() REPRESENTATION_CONTEXT('2D SPACE',''
  ) );
#4384 = ORIENTED_EDGE('',*,*,#4385,.F.);
#4385 = EDGE_CURVE('',#4386,#4360,#4388,.T.);
#4386 = VERTEX_POINT('',#4387);
#4387 = CARTESIAN_POINT('',(33.285129906349,0.1,11.95));
#4388 = SURFACE_CURVE('',#4389,(#4394,#4401),.PCURVE_S1.);
#4389 = CIRCLE('',#4390,4.8);
#4390 = AXIS2_PLACEMENT_3D('',#4391,#4392,#4393);
#4391 = CARTESIAN_POINT('',(38.,1.,11.95));
#4392 = DIRECTION('',(0.,0.,1.));
#4393 = DIRECTION('',(1.,0.,0.));
#4394 = PCURVE('',#4193,#4395);
#4395 = DEFINITIONAL_REPRESENTATION('',(#4396),#4400);
#4396 = LINE('',#4397,#4398);
#4397 = CARTESIAN_POINT('',(-0.,0.));
#4398 = VECTOR('',#4399,1.);
#4399 = DIRECTION('',(-1.,0.));
#4400 = ( GEOMETRIC_REPRESENTATION_CONTEXT(2) 
PARAMETRIC_REPRESENTATION_CONTEXT() REPRESENTATION_CONTEXT('2D SPACE',''
  ) );
#4401 = PCURVE('',#4288,#4402);
#4402 = DEFINITIONAL_REPRESENTATION('',(#4403),#4407);
#4403 = CIRCLE('',#4404,4.8);
#4404 = AXIS2_PLACEMENT_2D('',#4405,#4406);
#4405 = CARTESIAN_POINT('',(0.,0.));
#4406 = DIRECTION('',(1.,0.));
#4407 = ( GEOMETRIC_REPRESENTATION_CONTEXT(2) 
PARAMETRIC_REPRESENTATION_CONTEXT() REPRESENTATION_CONTEXT('2D SPACE',''
  ) );
#4408 = ORIENTED_EDGE('',*,*,#4409,.F.);
#4409 = EDGE_CURVE('',#4410,#4386,#4412,.T.);
#4410 = VERTEX_POINT('',#4411);
#4411 = CARTESIAN_POINT('',(33.28512990635,1.E-01,17.424));
#4412 = SURFACE_CURVE('',#4413,(#4417,#4423),.PCURVE_S1.);
#4413 = LINE('',#4414,#4415);
#4414 = CARTESIAN_POINT('',(33.285129906349,1.E-01,11.95));
#4415 = VECTOR('',#4416,1.);
#4416 = DIRECTION('',(-0.,-0.,-1.));
#4417 = PCURVE('',#4193,#4418);
#4418 = DEFINITIONAL_REPRESENTATION('',(#4419),#4422);
#4419 = B_SPLINE_CURVE_WITH_KNOTS('',1,(#4420,#4421),.UNSPECIFIED.,.F.,
  .F.,(2,2),(-6.0214,5.999999999062E-07),.PIECEWISE_BEZIER_KNOTS.);
#4420 = CARTESIAN_POINT('',(-3.330209039765,-6.0214));
#4421 = CARTESIAN_POINT('',(-3.330209039765,5.999999999062E-07));
#4422 = ( GEOMETRIC_REPRESENTATION_CONTEXT(2) 
PARAMETRIC_REPRESENTATION_CONTEXT() REPRESENTATION_CONTEXT('2D SPACE',''
  ) );
#4423 = PCURVE('',#4424,#4429);
#4424 = PLANE('',#4425);
#4425 = AXIS2_PLACEMENT_3D('',#4426,#4427,#4428);
#4426 = CARTESIAN_POINT('',(32.084,1.E-01,11.95));
#4427 = DIRECTION('',(0.,1.,0.));
#4428 = DIRECTION('',(1.,0.,0.));
#4429 = DEFINITIONAL_REPRESENTATION('',(#4430),#4433);
#4430 = B_SPLINE_CURVE_WITH_KNOTS('',1,(#4431,#4432),.UNSPECIFIED.,.F.,
  .F.,(2,2),(-6.0214,5.999999999062E-07),.PIECEWISE_BEZIER_KNOTS.);
#4431 = CARTESIAN_POINT('',(1.201129906349,-6.0214));
#4432 = CARTESIAN_POINT('',(1.201129906349,5.999999999062E-07));
#4433 = ( GEOMETRIC_REPRESENTATION_CONTEXT(2) 
PARAMETRIC_REPRESENTATION_CONTEXT() REPRESENTATION_CONTEXT('2D SPACE',''
  ) );
#4434 = ORIENTED_EDGE('',*,*,#4435,.T.);
#4435 = EDGE_CURVE('',#4410,#4436,#4438,.T.);
#4436 = VERTEX_POINT('',#4437);
#4437 = CARTESIAN_POINT('',(33.285129906349,1.9,17.424));
#4438 = SURFACE_CURVE('',#4439,(#4444,#4451),.PCURVE_S1.);
#4439 = CIRCLE('',#4440,4.8);
#4440 = AXIS2_PLACEMENT_3D('',#4441,#4442,#4443);
#4441 = CARTESIAN_POINT('',(38.,1.,17.424));
#4442 = DIRECTION('',(0.,0.,-1.));
#4443 = DIRECTION('',(1.,0.,0.));
#4444 = PCURVE('',#4193,#4445);
#4445 = DEFINITIONAL_REPRESENTATION('',(#4446),#4450);
#4446 = LINE('',#4447,#4448);
#4447 = CARTESIAN_POINT('',(-6.28318530718,-5.474));
#4448 = VECTOR('',#4449,1.);
#4449 = DIRECTION('',(1.,-0.));
#4450 = ( GEOMETRIC_REPRESENTATION_CONTEXT(2) 
PARAMETRIC_REPRESENTATION_CONTEXT() REPRESENTATION_CONTEXT('2D SPACE',''
  ) );
#4451 = PCURVE('',#4452,#4457);
#4452 = PLANE('',#4453);
#4453 = AXIS2_PLACEMENT_3D('',#4454,#4455,#4456);
#4454 = CARTESIAN_POINT('',(38.,1.,17.424));
#4455 = DIRECTION('',(0.,0.,1.));
#4456 = DIRECTION('',(1.,0.,0.));
#4457 = DEFINITIONAL_REPRESENTATION('',(#4458),#4466);
#4458 = ( BOUNDED_CURVE() B_SPLINE_CURVE(2,(#4459,#4460,#4461,#4462,
#4463,#4464,#4465),.UNSPECIFIED.,.T.,.F.) B_SPLINE_CURVE_WITH_KNOTS((1,2
    ,2,2,2,1),(-2.094395102393,0.,2.094395102393,4.188790204786,
6.28318530718,8.377580409573),.UNSPECIFIED.) CURVE() 
GEOMETRIC_REPRESENTATION_ITEM() RATIONAL_B_SPLINE_CURVE((1.,0.5,1.,0.5,
1.,0.5,1.)) REPRESENTATION_ITEM('') );
#4459 = CARTESIAN_POINT('',(4.8,0.));
#4460 = CARTESIAN_POINT('',(4.8,-8.313843876331));
#4461 = CARTESIAN_POINT('',(-2.4,-4.156921938165));
#4462 = CARTESIAN_POINT('',(-9.6,-1.175660927181E-15));
#4463 = CARTESIAN_POINT('',(-2.4,4.156921938165));
#4464 = CARTESIAN_POINT('',(4.8,8.313843876331));
#4465 = CARTESIAN_POINT('',(4.8,0.));
#4466 = ( GEOMETRIC_REPRESENTATION_CONTEXT(2) 
PARAMETRIC_REPRESENTATION_CONTEXT() REPRESENTATION_CONTEXT('2D SPACE',''
  ) );
#4467 = ORIENTED_EDGE('',*,*,#4468,.T.);
#4468 = EDGE_CURVE('',#4436,#4469,#4471,.T.);
#4469 = VERTEX_POINT('',#4470);
#4470 = CARTESIAN_POINT('',(33.285129906349,1.9,11.95));
#4471 = SURFACE_CURVE('',#4472,(#4476,#4482),.PCURVE_S1.);
#4472 = LINE('',#4473,#4474);
#4473 = CARTESIAN_POINT('',(33.285129906349,1.9,11.95));
#4474 = VECTOR('',#4475,1.);
#4475 = DIRECTION('',(-0.,-0.,-1.));
#4476 = PCURVE('',#4193,#4477);
#4477 = DEFINITIONAL_REPRESENTATION('',(#4478),#4481);
#4478 = B_SPLINE_CURVE_WITH_KNOTS('',1,(#4479,#4480),.UNSPECIFIED.,.F.,
  .F.,(2,2),(-6.0214,5.999999999062E-07),.PIECEWISE_BEZIER_KNOTS.);
#4479 = CARTESIAN_POINT('',(-2.952976267414,-6.0214));
#4480 = CARTESIAN_POINT('',(-2.952976267414,5.999999999062E-07));
#4481 = ( GEOMETRIC_REPRESENTATION_CONTEXT(2) 
PARAMETRIC_REPRESENTATION_CONTEXT() REPRESENTATION_CONTEXT('2D SPACE',''
  ) );
#4482 = PCURVE('',#4483,#4488);
#4483 = PLANE('',#4484);
#4484 = AXIS2_PLACEMENT_3D('',#4485,#4486,#4487);
#4485 = CARTESIAN_POINT('',(32.084,1.9,11.95));
#4486 = DIRECTION('',(0.,1.,0.));
#4487 = DIRECTION('',(1.,0.,0.));
#4488 = DEFINITIONAL_REPRESENTATION('',(#4489),#4492);
#4489 = B_SPLINE_CURVE_WITH_KNOTS('',1,(#4490,#4491),.UNSPECIFIED.,.F.,
  .F.,(2,2),(-6.0214,5.999999999062E-07),.PIECEWISE_BEZIER_KNOTS.);
#4490 = CARTESIAN_POINT('',(1.201129906349,-6.0214));
#4491 = CARTESIAN_POINT('',(1.201129906349,5.999999999062E-07));
#4492 = ( GEOMETRIC_REPRESENTATION_CONTEXT(2) 
PARAMETRIC_REPRESENTATION_CONTEXT() REPRESENTATION_CONTEXT('2D SPACE',''
  ) );
#4493 = ORIENTED_EDGE('',*,*,#4494,.F.);
#4494 = EDGE_CURVE('',#4495,#4469,#4497,.T.);
#4495 = VERTEX_POINT('',#4496);
#4496 = CARTESIAN_POINT('',(37.1,5.71487009365,11.95));
#4497 = SURFACE_CURVE('',#4498,(#4503,#4510),.PCURVE_S1.);
#4498 = CIRCLE('',#4499,4.8);
#4499 = AXIS2_PLACEMENT_3D('',#4500,#4501,#4502);
#4500 = CARTESIAN_POINT('',(38.,1.,11.95));
#4501 = DIRECTION('',(0.,0.,1.));
#4502 = DIRECTION('',(1.,0.,0.));
#4503 = PCURVE('',#4193,#4504);
#4504 = DEFINITIONAL_REPRESENTATION('',(#4505),#4509);
#4505 = LINE('',#4506,#4507);
#4506 = CARTESIAN_POINT('',(-0.,0.));
#4507 = VECTOR('',#4508,1.);
#4508 = DIRECTION('',(-1.,0.));
#4509 = ( GEOMETRIC_REPRESENTATION_CONTEXT(2) 
PARAMETRIC_REPRESENTATION_CONTEXT() REPRESENTATION_CONTEXT('2D SPACE',''
  ) );
#4510 = PCURVE('',#4288,#4511);
#4511 = DEFINITIONAL_REPRESENTATION('',(#4512),#4516);
#4512 = CIRCLE('',#4513,4.8);
#4513 = AXIS2_PLACEMENT_2D('',#4514,#4515);
#4514 = CARTESIAN_POINT('',(0.,0.));
#4515 = DIRECTION('',(1.,0.));
#4516 = ( GEOMETRIC_REPRESENTATION_CONTEXT(2) 
PARAMETRIC_REPRESENTATION_CONTEXT() REPRESENTATION_CONTEXT('2D SPACE',''
  ) );
#4517 = ORIENTED_EDGE('',*,*,#4518,.F.);
#4518 = EDGE_CURVE('',#4519,#4495,#4521,.T.);
#4519 = VERTEX_POINT('',#4520);
#4520 = CARTESIAN_POINT('',(37.1,5.714870093651,17.424));
#4521 = SURFACE_CURVE('',#4522,(#4526,#4532),.PCURVE_S1.);
#4522 = LINE('',#4523,#4524);
#4523 = CARTESIAN_POINT('',(37.1,5.714870093651,11.95));
#4524 = VECTOR('',#4525,1.);
#4525 = DIRECTION('',(-0.,-0.,-1.));
#4526 = PCURVE('',#4193,#4527);
#4527 = DEFINITIONAL_REPRESENTATION('',(#4528),#4531);
#4528 = B_SPLINE_CURVE_WITH_KNOTS('',1,(#4529,#4530),.UNSPECIFIED.,.F.,
  .F.,(2,2),(-6.0214,5.999999999062E-07),.PIECEWISE_BEZIER_KNOTS.);
#4529 = CARTESIAN_POINT('',(-1.75941271297,-6.0214));
#4530 = CARTESIAN_POINT('',(-1.75941271297,5.999999999062E-07));
#4531 = ( GEOMETRIC_REPRESENTATION_CONTEXT(2) 
PARAMETRIC_REPRESENTATION_CONTEXT() REPRESENTATION_CONTEXT('2D SPACE',''
  ) );
#4532 = PCURVE('',#4533,#4538);
#4533 = PLANE('',#4534);
#4534 = AXIS2_PLACEMENT_3D('',#4535,#4536,#4537);
#4535 = CARTESIAN_POINT('',(37.1,1.9,11.95));
#4536 = DIRECTION('',(-1.,0.,0.));
#4537 = DIRECTION('',(0.,1.,0.));
#4538 = DEFINITIONAL_REPRESENTATION('',(#4539),#4542);
#4539 = B_SPLINE_CURVE_WITH_KNOTS('',1,(#4540,#4541),.UNSPECIFIED.,.F.,
  .F.,(2,2),(-6.0214,5.999999999062E-07),.PIECEWISE_BEZIER_KNOTS.);
#4540 = CARTESIAN_POINT('',(3.814870093651,-6.0214));
#4541 = CARTESIAN_POINT('',(3.814870093651,5.999999999062E-07));
#4542 = ( GEOMETRIC_REPRESENTATION_CONTEXT(2) 
PARAMETRIC_REPRESENTATION_CONTEXT() REPRESENTATION_CONTEXT('2D SPACE',''
  ) );
#4543 = ORIENTED_EDGE('',*,*,#4544,.T.);
#4544 = EDGE_CURVE('',#4519,#4545,#4547,.T.);
#4545 = VERTEX_POINT('',#4546);
#4546 = CARTESIAN_POINT('',(38.9,5.714870093651,17.424));
#4547 = SURFACE_CURVE('',#4548,(#4553,#4560),.PCURVE_S1.);
#4548 = CIRCLE('',#4549,4.8);
#4549 = AXIS2_PLACEMENT_3D('',#4550,#4551,#4552);
#4550 = CARTESIAN_POINT('',(38.,1.,17.424));
#4551 = DIRECTION('',(0.,0.,-1.));
#4552 = DIRECTION('',(1.,0.,0.));
#4553 = PCURVE('',#4193,#4554);
#4554 = DEFINITIONAL_REPRESENTATION('',(#4555),#4559);
#4555 = LINE('',#4556,#4557);
#4556 = CARTESIAN_POINT('',(-6.28318530718,-5.474));
#4557 = VECTOR('',#4558,1.);
#4558 = DIRECTION('',(1.,-0.));
#4559 = ( GEOMETRIC_REPRESENTATION_CONTEXT(2) 
PARAMETRIC_REPRESENTATION_CONTEXT() REPRESENTATION_CONTEXT('2D SPACE',''
  ) );
#4560 = PCURVE('',#4561,#4566);
#4561 = PLANE('',#4562);
#4562 = AXIS2_PLACEMENT_3D('',#4563,#4564,#4565);
#4563 = CARTESIAN_POINT('',(38.,1.,17.424));
#4564 = DIRECTION('',(0.,0.,1.));
#4565 = DIRECTION('',(1.,0.,0.));
#4566 = DEFINITIONAL_REPRESENTATION('',(#4567),#4575);
#4567 = ( BOUNDED_CURVE() B_SPLINE_CURVE(2,(#4568,#4569,#4570,#4571,
#4572,#4573,#4574),.UNSPECIFIED.,.T.,.F.) B_SPLINE_CURVE_WITH_KNOTS((1,2
    ,2,2,2,1),(-2.094395102393,0.,2.094395102393,4.188790204786,
6.28318530718,8.377580409573),.UNSPECIFIED.) CURVE() 
GEOMETRIC_REPRESENTATION_ITEM() RATIONAL_B_SPLINE_CURVE((1.,0.5,1.,0.5,
1.,0.5,1.)) REPRESENTATION_ITEM('') );
#4568 = CARTESIAN_POINT('',(4.8,0.));
#4569 = CARTESIAN_POINT('',(4.8,-8.313843876331));
#4570 = CARTESIAN_POINT('',(-2.4,-4.156921938165));
#4571 = CARTESIAN_POINT('',(-9.6,-1.175660927181E-15));
#4572 = CARTESIAN_POINT('',(-2.4,4.156921938165));
#4573 = CARTESIAN_POINT('',(4.8,8.313843876331));
#4574 = CARTESIAN_POINT('',(4.8,0.));
#4575 = ( GEOMETRIC_REPRESENTATION_CONTEXT(2) 
PARAMETRIC_REPRESENTATION_CONTEXT() REPRESENTATION_CONTEXT('2D SPACE',''
  ) );
#4576 = ORIENTED_EDGE('',*,*,#4577,.T.);
#4577 = EDGE_CURVE('',#4545,#4578,#4580,.T.);
#4578 = VERTEX_POINT('',#4579);
#4579 = CARTESIAN_POINT('',(38.9,5.71487009365,11.95));
#4580 = SURFACE_CURVE('',#4581,(#4585,#4591),.PCURVE_S1.);
#4581 = LINE('',#4582,#4583);
#4582 = CARTESIAN_POINT('',(38.9,5.714870093651,11.95));
#4583 = VECTOR('',#4584,1.);
#4584 = DIRECTION('',(-0.,-0.,-1.));
#4585 = PCURVE('',#4193,#4586);
#4586 = DEFINITIONAL_REPRESENTATION('',(#4587),#4590);
#4587 = B_SPLINE_CURVE_WITH_KNOTS('',1,(#4588,#4589),.UNSPECIFIED.,.F.,
  .F.,(2,2),(-6.0214,5.999999999062E-07),.PIECEWISE_BEZIER_KNOTS.);
#4588 = CARTESIAN_POINT('',(-1.382179940619,-6.0214));
#4589 = CARTESIAN_POINT('',(-1.382179940619,5.999999999062E-07));
#4590 = ( GEOMETRIC_REPRESENTATION_CONTEXT(2) 
PARAMETRIC_REPRESENTATION_CONTEXT() REPRESENTATION_CONTEXT('2D SPACE',''
  ) );
#4591 = PCURVE('',#4592,#4597);
#4592 = PLANE('',#4593);
#4593 = AXIS2_PLACEMENT_3D('',#4594,#4595,#4596);
#4594 = CARTESIAN_POINT('',(38.9,1.9,11.95));
#4595 = DIRECTION('',(-1.,0.,0.));
#4596 = DIRECTION('',(0.,1.,0.));
#4597 = DEFINITIONAL_REPRESENTATION('',(#4598),#4601);
#4598 = B_SPLINE_CURVE_WITH_KNOTS('',1,(#4599,#4600),.UNSPECIFIED.,.F.,
  .F.,(2,2),(-6.0214,5.999999999062E-07),.PIECEWISE_BEZIER_KNOTS.);
#4599 = CARTESIAN_POINT('',(3.814870093651,-6.0214));
#4600 = CARTESIAN_POINT('',(3.814870093651,5.999999999062E-07));
#4601 = ( GEOMETRIC_REPRESENTATION_CONTEXT(2) 
PARAMETRIC_REPRESENTATION_CONTEXT() REPRESENTATION_CONTEXT('2D SPACE',''
  ) );
#4602 = ORIENTED_EDGE('',*,*,#4603,.F.);
#4603 = EDGE_CURVE('',#4604,#4578,#4606,.T.);
#4604 = VERTEX_POINT('',#4605);
#4605 = CARTESIAN_POINT('',(42.71487009365,1.9,11.95));
#4606 = SURFACE_CURVE('',#4607,(#4612,#4619),.PCURVE_S1.);
#4607 = CIRCLE('',#4608,4.8);
#4608 = AXIS2_PLACEMENT_3D('',#4609,#4610,#4611);
#4609 = CARTESIAN_POINT('',(38.,1.,11.95));
#4610 = DIRECTION('',(0.,0.,1.));
#4611 = DIRECTION('',(1.,0.,0.));
#4612 = PCURVE('',#4193,#4613);
#4613 = DEFINITIONAL_REPRESENTATION('',(#4614),#4618);
#4614 = LINE('',#4615,#4616);
#4615 = CARTESIAN_POINT('',(-0.,0.));
#4616 = VECTOR('',#4617,1.);
#4617 = DIRECTION('',(-1.,0.));
#4618 = ( GEOMETRIC_REPRESENTATION_CONTEXT(2) 
PARAMETRIC_REPRESENTATION_CONTEXT() REPRESENTATION_CONTEXT('2D SPACE',''
  ) );
#4619 = PCURVE('',#4288,#4620);
#4620 = DEFINITIONAL_REPRESENTATION('',(#4621),#4625);
#4621 = CIRCLE('',#4622,4.8);
#4622 = AXIS2_PLACEMENT_2D('',#4623,#4624);
#4623 = CARTESIAN_POINT('',(0.,0.));
#4624 = DIRECTION('',(1.,0.));
#4625 = ( GEOMETRIC_REPRESENTATION_CONTEXT(2) 
PARAMETRIC_REPRESENTATION_CONTEXT() REPRESENTATION_CONTEXT('2D SPACE',''
  ) );
#4626 = ORIENTED_EDGE('',*,*,#4627,.F.);
#4627 = EDGE_CURVE('',#4628,#4604,#4630,.T.);
#4628 = VERTEX_POINT('',#4629);
#4629 = CARTESIAN_POINT('',(42.714870093651,1.9,17.424));
#4630 = SURFACE_CURVE('',#4631,(#4635,#4641),.PCURVE_S1.);
#4631 = LINE('',#4632,#4633);
#4632 = CARTESIAN_POINT('',(42.714870093651,1.9,11.95));
#4633 = VECTOR('',#4634,1.);
#4634 = DIRECTION('',(-0.,-0.,-1.));
#4635 = PCURVE('',#4193,#4636);
#4636 = DEFINITIONAL_REPRESENTATION('',(#4637),#4640);
#4637 = B_SPLINE_CURVE_WITH_KNOTS('',1,(#4638,#4639),.UNSPECIFIED.,.F.,
  .F.,(2,2),(-6.0214,5.999999999062E-07),.PIECEWISE_BEZIER_KNOTS.);
#4638 = CARTESIAN_POINT('',(-0.188616386175,-6.0214));
#4639 = CARTESIAN_POINT('',(-0.188616386175,5.999999999062E-07));
#4640 = ( GEOMETRIC_REPRESENTATION_CONTEXT(2) 
PARAMETRIC_REPRESENTATION_CONTEXT() REPRESENTATION_CONTEXT('2D SPACE',''
  ) );
#4641 = PCURVE('',#4642,#4647);
#4642 = PLANE('',#4643);
#4643 = AXIS2_PLACEMENT_3D('',#4644,#4645,#4646);
#4644 = CARTESIAN_POINT('',(38.9,1.9,11.95));
#4645 = DIRECTION('',(0.,1.,0.));
#4646 = DIRECTION('',(1.,0.,0.));
#4647 = DEFINITIONAL_REPRESENTATION('',(#4648),#4651);
#4648 = B_SPLINE_CURVE_WITH_KNOTS('',1,(#4649,#4650),.UNSPECIFIED.,.F.,
  .F.,(2,2),(-6.0214,5.999999999062E-07),.PIECEWISE_BEZIER_KNOTS.);
#4649 = CARTESIAN_POINT('',(3.814870093651,-6.0214));
#4650 = CARTESIAN_POINT('',(3.814870093651,5.999999999062E-07));
#4651 = ( GEOMETRIC_REPRESENTATION_CONTEXT(2) 
PARAMETRIC_REPRESENTATION_CONTEXT() REPRESENTATION_CONTEXT('2D SPACE',''
  ) );
#4652 = ORIENTED_EDGE('',*,*,#4653,.T.);
#4653 = EDGE_CURVE('',#4628,#4183,#4654,.T.);
#4654 = SURFACE_CURVE('',#4655,(#4660,#4667),.PCURVE_S1.);
#4655 = CIRCLE('',#4656,4.8);
#4656 = AXIS2_PLACEMENT_3D('',#4657,#4658,#4659);
#4657 = CARTESIAN_POINT('',(38.,1.,17.424));
#4658 = DIRECTION('',(0.,0.,-1.));
#4659 = DIRECTION('',(1.,0.,0.));
#4660 = PCURVE('',#4193,#4661);
#4661 = DEFINITIONAL_REPRESENTATION('',(#4662),#4666);
#4662 = LINE('',#4663,#4664);
#4663 = CARTESIAN_POINT('',(-6.28318530718,-5.474));
#4664 = VECTOR('',#4665,1.);
#4665 = DIRECTION('',(1.,-0.));
#4666 = ( GEOMETRIC_REPRESENTATION_CONTEXT(2) 
PARAMETRIC_REPRESENTATION_CONTEXT() REPRESENTATION_CONTEXT('2D SPACE',''
  ) );
#4667 = PCURVE('',#4229,#4668);
#4668 = DEFINITIONAL_REPRESENTATION('',(#4669),#4677);
#4669 = ( BOUNDED_CURVE() B_SPLINE_CURVE(2,(#4670,#4671,#4672,#4673,
#4674,#4675,#4676),.UNSPECIFIED.,.T.,.F.) B_SPLINE_CURVE_WITH_KNOTS((1,2
    ,2,2,2,1),(-2.094395102393,0.,2.094395102393,4.188790204786,
6.28318530718,8.377580409573),.UNSPECIFIED.) CURVE() 
GEOMETRIC_REPRESENTATION_ITEM() RATIONAL_B_SPLINE_CURVE((1.,0.5,1.,0.5,
1.,0.5,1.)) REPRESENTATION_ITEM('') );
#4670 = CARTESIAN_POINT('',(4.8,0.));
#4671 = CARTESIAN_POINT('',(4.8,-8.313843876331));
#4672 = CARTESIAN_POINT('',(-2.4,-4.156921938165));
#4673 = CARTESIAN_POINT('',(-9.6,-1.175660927181E-15));
#4674 = CARTESIAN_POINT('',(-2.4,4.156921938165));
#4675 = CARTESIAN_POINT('',(4.8,8.313843876331));
#4676 = CARTESIAN_POINT('',(4.8,0.));
#4677 = ( GEOMETRIC_REPRESENTATION_CONTEXT(2) 
PARAMETRIC_REPRESENTATION_CONTEXT() REPRESENTATION_CONTEXT('2D SPACE',''
  ) );
#4678 = ORIENTED_EDGE('',*,*,#4182,.T.);
#4679 = ORIENTED_EDGE('',*,*,#4680,.T.);
#4680 = EDGE_CURVE('',#4185,#4185,#4681,.T.);
#4681 = SURFACE_CURVE('',#4682,(#4687,#4694),.PCURVE_S1.);
#4682 = CIRCLE('',#4683,4.8);
#4683 = AXIS2_PLACEMENT_3D('',#4684,#4685,#4686);
#4684 = CARTESIAN_POINT('',(38.,1.,26.424));
#4685 = DIRECTION('',(0.,0.,1.));
#4686 = DIRECTION('',(1.,0.,-0.));
#4687 = PCURVE('',#4193,#4688);
#4688 = DEFINITIONAL_REPRESENTATION('',(#4689),#4693);
#4689 = LINE('',#4690,#4691);
#4690 = CARTESIAN_POINT('',(-0.,-14.474));
#4691 = VECTOR('',#4692,1.);
#4692 = DIRECTION('',(-1.,0.));
#4693 = ( GEOMETRIC_REPRESENTATION_CONTEXT(2) 
PARAMETRIC_REPRESENTATION_CONTEXT() REPRESENTATION_CONTEXT('2D SPACE',''
  ) );
#4694 = PCURVE('',#4695,#4700);
#4695 = CONICAL_SURFACE('',#4696,4.8,0.785398163397);
#4696 = AXIS2_PLACEMENT_3D('',#4697,#4698,#4699);
#4697 = CARTESIAN_POINT('',(38.,1.,26.424));
#4698 = DIRECTION('',(-0.,-0.,-1.));
#4699 = DIRECTION('',(1.,0.,0.));
#4700 = DEFINITIONAL_REPRESENTATION('',(#4701),#4705);
#4701 = LINE('',#4702,#4703);
#4702 = CARTESIAN_POINT('',(-0.,-0.));
#4703 = VECTOR('',#4704,1.);
#4704 = DIRECTION('',(-1.,-0.));
#4705 = ( GEOMETRIC_REPRESENTATION_CONTEXT(2) 
PARAMETRIC_REPRESENTATION_CONTEXT() REPRESENTATION_CONTEXT('2D SPACE',''
  ) );
#4706 = ADVANCED_FACE('',(#4707),#4695,.T.);
#4707 = FACE_BOUND('',#4708,.T.);
#4708 = EDGE_LOOP('',(#4709,#4730,#4731,#4732));
#4709 = ORIENTED_EDGE('',*,*,#4710,.F.);
#4710 = EDGE_CURVE('',#4185,#4711,#4713,.T.);
#4711 = VERTEX_POINT('',#4712);
#4712 = CARTESIAN_POINT('',(41.8,1.,27.424));
#4713 = SEAM_CURVE('',#4714,(#4718,#4724),.PCURVE_S1.);
#4714 = LINE('',#4715,#4716);
#4715 = CARTESIAN_POINT('',(42.8,1.,26.424));
#4716 = VECTOR('',#4717,1.);
#4717 = DIRECTION('',(-0.707106781187,0.,0.707106781187));
#4718 = PCURVE('',#4695,#4719);
#4719 = DEFINITIONAL_REPRESENTATION('',(#4720),#4723);
#4720 = B_SPLINE_CURVE_WITH_KNOTS('',1,(#4721,#4722),.UNSPECIFIED.,.F.,
  .F.,(2,2),(0.,1.414213562373),.PIECEWISE_BEZIER_KNOTS.);
#4721 = CARTESIAN_POINT('',(0.,0.));
#4722 = CARTESIAN_POINT('',(0.,-1.));
#4723 = ( GEOMETRIC_REPRESENTATION_CONTEXT(2) 
PARAMETRIC_REPRESENTATION_CONTEXT() REPRESENTATION_CONTEXT('2D SPACE',''
  ) );
#4724 = PCURVE('',#4695,#4725);
#4725 = DEFINITIONAL_REPRESENTATION('',(#4726),#4729);
#4726 = B_SPLINE_CURVE_WITH_KNOTS('',1,(#4727,#4728),.UNSPECIFIED.,.F.,
  .F.,(2,2),(0.,1.414213562373),.PIECEWISE_BEZIER_KNOTS.);
#4727 = CARTESIAN_POINT('',(-6.28318530718,0.));
#4728 = CARTESIAN_POINT('',(-6.28318530718,-1.));
#4729 = ( GEOMETRIC_REPRESENTATION_CONTEXT(2) 
PARAMETRIC_REPRESENTATION_CONTEXT() REPRESENTATION_CONTEXT('2D SPACE',''
  ) );
#4730 = ORIENTED_EDGE('',*,*,#4680,.T.);
#4731 = ORIENTED_EDGE('',*,*,#4710,.T.);
#4732 = ORIENTED_EDGE('',*,*,#4733,.F.);
#4733 = EDGE_CURVE('',#4711,#4711,#4734,.T.);
#4734 = SURFACE_CURVE('',#4735,(#4740,#4747),.PCURVE_S1.);
#4735 = CIRCLE('',#4736,3.8);
#4736 = AXIS2_PLACEMENT_3D('',#4737,#4738,#4739);
#4737 = CARTESIAN_POINT('',(38.,1.,27.424));
#4738 = DIRECTION('',(0.,0.,1.));
#4739 = DIRECTION('',(1.,0.,-0.));
#4740 = PCURVE('',#4695,#4741);
#4741 = DEFINITIONAL_REPRESENTATION('',(#4742),#4746);
#4742 = LINE('',#4743,#4744);
#4743 = CARTESIAN_POINT('',(-0.,-1.));
#4744 = VECTOR('',#4745,1.);
#4745 = DIRECTION('',(-1.,-0.));
#4746 = ( GEOMETRIC_REPRESENTATION_CONTEXT(2) 
PARAMETRIC_REPRESENTATION_CONTEXT() REPRESENTATION_CONTEXT('2D SPACE',''
  ) );
#4747 = PCURVE('',#4748,#4753);
#4748 = PLANE('',#4749);
#4749 = AXIS2_PLACEMENT_3D('',#4750,#4751,#4752);
#4750 = CARTESIAN_POINT('',(38.,1.,27.424));
#4751 = DIRECTION('',(0.,0.,1.));
#4752 = DIRECTION('',(1.,0.,0.));
#4753 = DEFINITIONAL_REPRESENTATION('',(#4754),#4758);
#4754 = CIRCLE('',#4755,3.8);
#4755 = AXIS2_PLACEMENT_2D('',#4756,#4757);
#4756 = CARTESIAN_POINT('',(0.,0.));
#4757 = DIRECTION('',(1.,0.));
#4758 = ( GEOMETRIC_REPRESENTATION_CONTEXT(2) 
PARAMETRIC_REPRESENTATION_CONTEXT() REPRESENTATION_CONTEXT('2D SPACE',''
  ) );
#4759 = ADVANCED_FACE('',(#4760),#4229,.T.);
#4760 = FACE_BOUND('',#4761,.T.);
#4761 = EDGE_LOOP('',(#4762,#4763,#4786,#4814,#4835));
#4762 = ORIENTED_EDGE('',*,*,#4212,.T.);
#4763 = ORIENTED_EDGE('',*,*,#4764,.T.);
#4764 = EDGE_CURVE('',#4213,#4765,#4767,.T.);
#4765 = VERTEX_POINT('',#4766);
#4766 = CARTESIAN_POINT('',(43.916,1.E-01,17.424));
#4767 = SURFACE_CURVE('',#4768,(#4772,#4779),.PCURVE_S1.);
#4768 = LINE('',#4769,#4770);
#4769 = CARTESIAN_POINT('',(38.,1.E-01,17.424));
#4770 = VECTOR('',#4771,1.);
#4771 = DIRECTION('',(1.,0.,0.));
#4772 = PCURVE('',#4229,#4773);
#4773 = DEFINITIONAL_REPRESENTATION('',(#4774),#4778);
#4774 = LINE('',#4775,#4776);
#4775 = CARTESIAN_POINT('',(0.,-0.9));
#4776 = VECTOR('',#4777,1.);
#4777 = DIRECTION('',(1.,0.));
#4778 = ( GEOMETRIC_REPRESENTATION_CONTEXT(2) 
PARAMETRIC_REPRESENTATION_CONTEXT() REPRESENTATION_CONTEXT('2D SPACE',''
  ) );
#4779 = PCURVE('',#4260,#4780);
#4780 = DEFINITIONAL_REPRESENTATION('',(#4781),#4785);
#4781 = LINE('',#4782,#4783);
#4782 = CARTESIAN_POINT('',(-0.9,-5.474));
#4783 = VECTOR('',#4784,1.);
#4784 = DIRECTION('',(1.,0.));
#4785 = ( GEOMETRIC_REPRESENTATION_CONTEXT(2) 
PARAMETRIC_REPRESENTATION_CONTEXT() REPRESENTATION_CONTEXT('2D SPACE',''
  ) );
#4786 = ORIENTED_EDGE('',*,*,#4787,.T.);
#4787 = EDGE_CURVE('',#4765,#4788,#4790,.T.);
#4788 = VERTEX_POINT('',#4789);
#4789 = CARTESIAN_POINT('',(43.916,1.9,17.424));
#4790 = SURFACE_CURVE('',#4791,(#4795,#4802),.PCURVE_S1.);
#4791 = LINE('',#4792,#4793);
#4792 = CARTESIAN_POINT('',(43.916,1.,17.424));
#4793 = VECTOR('',#4794,1.);
#4794 = DIRECTION('',(0.,1.,0.));
#4795 = PCURVE('',#4229,#4796);
#4796 = DEFINITIONAL_REPRESENTATION('',(#4797),#4801);
#4797 = LINE('',#4798,#4799);
#4798 = CARTESIAN_POINT('',(5.916,0.));
#4799 = VECTOR('',#4800,1.);
#4800 = DIRECTION('',(0.,1.));
#4801 = ( GEOMETRIC_REPRESENTATION_CONTEXT(2) 
PARAMETRIC_REPRESENTATION_CONTEXT() REPRESENTATION_CONTEXT('2D SPACE',''
  ) );
#4802 = PCURVE('',#4803,#4808);
#4803 = PLANE('',#4804);
#4804 = AXIS2_PLACEMENT_3D('',#4805,#4806,#4807);
#4805 = CARTESIAN_POINT('',(43.916,1.E-01,11.95));
#4806 = DIRECTION('',(-1.,0.,0.));
#4807 = DIRECTION('',(0.,1.,0.));
#4808 = DEFINITIONAL_REPRESENTATION('',(#4809),#4813);
#4809 = LINE('',#4810,#4811);
#4810 = CARTESIAN_POINT('',(0.9,-5.474));
#4811 = VECTOR('',#4812,1.);
#4812 = DIRECTION('',(1.,0.));
#4813 = ( GEOMETRIC_REPRESENTATION_CONTEXT(2) 
PARAMETRIC_REPRESENTATION_CONTEXT() REPRESENTATION_CONTEXT('2D SPACE',''
  ) );
#4814 = ORIENTED_EDGE('',*,*,#4815,.F.);
#4815 = EDGE_CURVE('',#4628,#4788,#4816,.T.);
#4816 = SURFACE_CURVE('',#4817,(#4821,#4828),.PCURVE_S1.);
#4817 = LINE('',#4818,#4819);
#4818 = CARTESIAN_POINT('',(38.,1.9,17.424));
#4819 = VECTOR('',#4820,1.);
#4820 = DIRECTION('',(1.,0.,0.));
#4821 = PCURVE('',#4229,#4822);
#4822 = DEFINITIONAL_REPRESENTATION('',(#4823),#4827);
#4823 = LINE('',#4824,#4825);
#4824 = CARTESIAN_POINT('',(0.,0.9));
#4825 = VECTOR('',#4826,1.);
#4826 = DIRECTION('',(1.,0.));
#4827 = ( GEOMETRIC_REPRESENTATION_CONTEXT(2) 
PARAMETRIC_REPRESENTATION_CONTEXT() REPRESENTATION_CONTEXT('2D SPACE',''
  ) );
#4828 = PCURVE('',#4642,#4829);
#4829 = DEFINITIONAL_REPRESENTATION('',(#4830),#4834);
#4830 = LINE('',#4831,#4832);
#4831 = CARTESIAN_POINT('',(-0.9,-5.474));
#4832 = VECTOR('',#4833,1.);
#4833 = DIRECTION('',(1.,0.));
#4834 = ( GEOMETRIC_REPRESENTATION_CONTEXT(2) 
PARAMETRIC_REPRESENTATION_CONTEXT() REPRESENTATION_CONTEXT('2D SPACE',''
  ) );
#4835 = ORIENTED_EDGE('',*,*,#4653,.T.);
#4836 = ADVANCED_FACE('',(#4837),#4260,.F.);
#4837 = FACE_BOUND('',#4838,.F.);
#4838 = EDGE_LOOP('',(#4839,#4862,#4863,#4864));
#4839 = ORIENTED_EDGE('',*,*,#4840,.F.);
#4840 = EDGE_CURVE('',#4246,#4841,#4843,.T.);
#4841 = VERTEX_POINT('',#4842);
#4842 = CARTESIAN_POINT('',(43.916,1.E-01,11.95));
#4843 = SURFACE_CURVE('',#4844,(#4848,#4855),.PCURVE_S1.);
#4844 = LINE('',#4845,#4846);
#4845 = CARTESIAN_POINT('',(38.,1.E-01,11.95));
#4846 = VECTOR('',#4847,1.);
#4847 = DIRECTION('',(1.,0.,0.));
#4848 = PCURVE('',#4260,#4849);
#4849 = DEFINITIONAL_REPRESENTATION('',(#4850),#4854);
#4850 = LINE('',#4851,#4852);
#4851 = CARTESIAN_POINT('',(-0.9,0.));
#4852 = VECTOR('',#4853,1.);
#4853 = DIRECTION('',(1.,0.));
#4854 = ( GEOMETRIC_REPRESENTATION_CONTEXT(2) 
PARAMETRIC_REPRESENTATION_CONTEXT() REPRESENTATION_CONTEXT('2D SPACE',''
  ) );
#4855 = PCURVE('',#4288,#4856);
#4856 = DEFINITIONAL_REPRESENTATION('',(#4857),#4861);
#4857 = LINE('',#4858,#4859);
#4858 = CARTESIAN_POINT('',(0.,-0.9));
#4859 = VECTOR('',#4860,1.);
#4860 = DIRECTION('',(1.,0.));
#4861 = ( GEOMETRIC_REPRESENTATION_CONTEXT(2) 
PARAMETRIC_REPRESENTATION_CONTEXT() REPRESENTATION_CONTEXT('2D SPACE',''
  ) );
#4862 = ORIENTED_EDGE('',*,*,#4245,.F.);
#4863 = ORIENTED_EDGE('',*,*,#4764,.T.);
#4864 = ORIENTED_EDGE('',*,*,#4865,.F.);
#4865 = EDGE_CURVE('',#4841,#4765,#4866,.T.);
#4866 = SURFACE_CURVE('',#4867,(#4871,#4878),.PCURVE_S1.);
#4867 = LINE('',#4868,#4869);
#4868 = CARTESIAN_POINT('',(43.916,1.E-01,11.95));
#4869 = VECTOR('',#4870,1.);
#4870 = DIRECTION('',(0.,0.,1.));
#4871 = PCURVE('',#4260,#4872);
#4872 = DEFINITIONAL_REPRESENTATION('',(#4873),#4877);
#4873 = LINE('',#4874,#4875);
#4874 = CARTESIAN_POINT('',(5.016,0.));
#4875 = VECTOR('',#4876,1.);
#4876 = DIRECTION('',(0.,-1.));
#4877 = ( GEOMETRIC_REPRESENTATION_CONTEXT(2) 
PARAMETRIC_REPRESENTATION_CONTEXT() REPRESENTATION_CONTEXT('2D SPACE',''
  ) );
#4878 = PCURVE('',#4803,#4879);
#4879 = DEFINITIONAL_REPRESENTATION('',(#4880),#4884);
#4880 = LINE('',#4881,#4882);
#4881 = CARTESIAN_POINT('',(0.,0.));
#4882 = VECTOR('',#4883,1.);
#4883 = DIRECTION('',(0.,-1.));
#4884 = ( GEOMETRIC_REPRESENTATION_CONTEXT(2) 
PARAMETRIC_REPRESENTATION_CONTEXT() REPRESENTATION_CONTEXT('2D SPACE',''
  ) );
#4885 = ADVANCED_FACE('',(#4886),#4288,.F.);
#4886 = FACE_BOUND('',#4887,.F.);
#4887 = EDGE_LOOP('',(#4888,#4918,#4939,#4940,#4963,#4991,#5012,#5013,
    #5014,#5037,#5058,#5059,#5082,#5110,#5131,#5132));
#4888 = ORIENTED_EDGE('',*,*,#4889,.F.);
#4889 = EDGE_CURVE('',#4890,#4892,#4894,.T.);
#4890 = VERTEX_POINT('',#4891);
#4891 = CARTESIAN_POINT('',(32.084,1.E-01,11.95));
#4892 = VERTEX_POINT('',#4893);
#4893 = CARTESIAN_POINT('',(32.084,1.9,11.95));
#4894 = SURFACE_CURVE('',#4895,(#4899,#4906),.PCURVE_S1.);
#4895 = LINE('',#4896,#4897);
#4896 = CARTESIAN_POINT('',(32.084,1.,11.95));
#4897 = VECTOR('',#4898,1.);
#4898 = DIRECTION('',(0.,1.,0.));
#4899 = PCURVE('',#4288,#4900);
#4900 = DEFINITIONAL_REPRESENTATION('',(#4901),#4905);
#4901 = LINE('',#4902,#4903);
#4902 = CARTESIAN_POINT('',(-5.916,0.));
#4903 = VECTOR('',#4904,1.);
#4904 = DIRECTION('',(0.,1.));
#4905 = ( GEOMETRIC_REPRESENTATION_CONTEXT(2) 
PARAMETRIC_REPRESENTATION_CONTEXT() REPRESENTATION_CONTEXT('2D SPACE',''
  ) );
#4906 = PCURVE('',#4907,#4912);
#4907 = PLANE('',#4908);
#4908 = AXIS2_PLACEMENT_3D('',#4909,#4910,#4911);
#4909 = CARTESIAN_POINT('',(32.084,1.E-01,11.95));
#4910 = DIRECTION('',(-1.,0.,0.));
#4911 = DIRECTION('',(0.,1.,0.));
#4912 = DEFINITIONAL_REPRESENTATION('',(#4913),#4917);
#4913 = LINE('',#4914,#4915);
#4914 = CARTESIAN_POINT('',(0.9,0.));
#4915 = VECTOR('',#4916,1.);
#4916 = DIRECTION('',(1.,0.));
#4917 = ( GEOMETRIC_REPRESENTATION_CONTEXT(2) 
PARAMETRIC_REPRESENTATION_CONTEXT() REPRESENTATION_CONTEXT('2D SPACE',''
  ) );
#4918 = ORIENTED_EDGE('',*,*,#4919,.T.);
#4919 = EDGE_CURVE('',#4890,#4386,#4920,.T.);
#4920 = SURFACE_CURVE('',#4921,(#4925,#4932),.PCURVE_S1.);
#4921 = LINE('',#4922,#4923);
#4922 = CARTESIAN_POINT('',(38.,1.E-01,11.95));
#4923 = VECTOR('',#4924,1.);
#4924 = DIRECTION('',(1.,0.,0.));
#4925 = PCURVE('',#4288,#4926);
#4926 = DEFINITIONAL_REPRESENTATION('',(#4927),#4931);
#4927 = LINE('',#4928,#4929);
#4928 = CARTESIAN_POINT('',(0.,-0.9));
#4929 = VECTOR('',#4930,1.);
#4930 = DIRECTION('',(1.,0.));
#4931 = ( GEOMETRIC_REPRESENTATION_CONTEXT(2) 
PARAMETRIC_REPRESENTATION_CONTEXT() REPRESENTATION_CONTEXT('2D SPACE',''
  ) );
#4932 = PCURVE('',#4424,#4933);
#4933 = DEFINITIONAL_REPRESENTATION('',(#4934),#4938);
#4934 = LINE('',#4935,#4936);
#4935 = CARTESIAN_POINT('',(5.916,0.));
#4936 = VECTOR('',#4937,1.);
#4937 = DIRECTION('',(1.,0.));
#4938 = ( GEOMETRIC_REPRESENTATION_CONTEXT(2) 
PARAMETRIC_REPRESENTATION_CONTEXT() REPRESENTATION_CONTEXT('2D SPACE',''
  ) );
#4939 = ORIENTED_EDGE('',*,*,#4385,.T.);
#4940 = ORIENTED_EDGE('',*,*,#4941,.F.);
#4941 = EDGE_CURVE('',#4942,#4360,#4944,.T.);
#4942 = VERTEX_POINT('',#4943);
#4943 = CARTESIAN_POINT('',(37.1,-4.916,11.95));
#4944 = SURFACE_CURVE('',#4945,(#4949,#4956),.PCURVE_S1.);
#4945 = LINE('',#4946,#4947);
#4946 = CARTESIAN_POINT('',(37.1,1.,11.95));
#4947 = VECTOR('',#4948,1.);
#4948 = DIRECTION('',(0.,1.,0.));
#4949 = PCURVE('',#4288,#4950);
#4950 = DEFINITIONAL_REPRESENTATION('',(#4951),#4955);
#4951 = LINE('',#4952,#4953);
#4952 = CARTESIAN_POINT('',(-0.9,0.));
#4953 = VECTOR('',#4954,1.);
#4954 = DIRECTION('',(0.,1.));
#4955 = ( GEOMETRIC_REPRESENTATION_CONTEXT(2) 
PARAMETRIC_REPRESENTATION_CONTEXT() REPRESENTATION_CONTEXT('2D SPACE',''
  ) );
#4956 = PCURVE('',#4374,#4957);
#4957 = DEFINITIONAL_REPRESENTATION('',(#4958),#4962);
#4958 = LINE('',#4959,#4960);
#4959 = CARTESIAN_POINT('',(5.916,0.));
#4960 = VECTOR('',#4961,1.);
#4961 = DIRECTION('',(1.,0.));
#4962 = ( GEOMETRIC_REPRESENTATION_CONTEXT(2) 
PARAMETRIC_REPRESENTATION_CONTEXT() REPRESENTATION_CONTEXT('2D SPACE',''
  ) );
#4963 = ORIENTED_EDGE('',*,*,#4964,.T.);
#4964 = EDGE_CURVE('',#4942,#4965,#4967,.T.);
#4965 = VERTEX_POINT('',#4966);
#4966 = CARTESIAN_POINT('',(38.9,-4.916,11.95));
#4967 = SURFACE_CURVE('',#4968,(#4972,#4979),.PCURVE_S1.);
#4968 = LINE('',#4969,#4970);
#4969 = CARTESIAN_POINT('',(38.,-4.916,11.95));
#4970 = VECTOR('',#4971,1.);
#4971 = DIRECTION('',(1.,0.,0.));
#4972 = PCURVE('',#4288,#4973);
#4973 = DEFINITIONAL_REPRESENTATION('',(#4974),#4978);
#4974 = LINE('',#4975,#4976);
#4975 = CARTESIAN_POINT('',(0.,-5.916));
#4976 = VECTOR('',#4977,1.);
#4977 = DIRECTION('',(1.,0.));
#4978 = ( GEOMETRIC_REPRESENTATION_CONTEXT(2) 
PARAMETRIC_REPRESENTATION_CONTEXT() REPRESENTATION_CONTEXT('2D SPACE',''
  ) );
#4979 = PCURVE('',#4980,#4985);
#4980 = PLANE('',#4981);
#4981 = AXIS2_PLACEMENT_3D('',#4982,#4983,#4984);
#4982 = CARTESIAN_POINT('',(37.1,-4.916,11.95));
#4983 = DIRECTION('',(0.,1.,0.));
#4984 = DIRECTION('',(1.,0.,0.));
#4985 = DEFINITIONAL_REPRESENTATION('',(#4986),#4990);
#4986 = LINE('',#4987,#4988);
#4987 = CARTESIAN_POINT('',(0.9,0.));
#4988 = VECTOR('',#4989,1.);
#4989 = DIRECTION('',(1.,0.));
#4990 = ( GEOMETRIC_REPRESENTATION_CONTEXT(2) 
PARAMETRIC_REPRESENTATION_CONTEXT() REPRESENTATION_CONTEXT('2D SPACE',''
  ) );
#4991 = ORIENTED_EDGE('',*,*,#4992,.T.);
#4992 = EDGE_CURVE('',#4965,#4272,#4993,.T.);
#4993 = SURFACE_CURVE('',#4994,(#4998,#5005),.PCURVE_S1.);
#4994 = LINE('',#4995,#4996);
#4995 = CARTESIAN_POINT('',(38.9,1.,11.95));
#4996 = VECTOR('',#4997,1.);
#4997 = DIRECTION('',(0.,1.,0.));
#4998 = PCURVE('',#4288,#4999);
#4999 = DEFINITIONAL_REPRESENTATION('',(#5000),#5004);
#5000 = LINE('',#5001,#5002);
#5001 = CARTESIAN_POINT('',(0.9,0.));
#5002 = VECTOR('',#5003,1.);
#5003 = DIRECTION('',(0.,1.));
#5004 = ( GEOMETRIC_REPRESENTATION_CONTEXT(2) 
PARAMETRIC_REPRESENTATION_CONTEXT() REPRESENTATION_CONTEXT('2D SPACE',''
  ) );
#5005 = PCURVE('',#4315,#5006);
#5006 = DEFINITIONAL_REPRESENTATION('',(#5007),#5011);
#5007 = LINE('',#5008,#5009);
#5008 = CARTESIAN_POINT('',(5.916,0.));
#5009 = VECTOR('',#5010,1.);
#5010 = DIRECTION('',(1.,0.));
#5011 = ( GEOMETRIC_REPRESENTATION_CONTEXT(2) 
PARAMETRIC_REPRESENTATION_CONTEXT() REPRESENTATION_CONTEXT('2D SPACE',''
  ) );
#5012 = ORIENTED_EDGE('',*,*,#4271,.T.);
#5013 = ORIENTED_EDGE('',*,*,#4840,.T.);
#5014 = ORIENTED_EDGE('',*,*,#5015,.T.);
#5015 = EDGE_CURVE('',#4841,#5016,#5018,.T.);
#5016 = VERTEX_POINT('',#5017);
#5017 = CARTESIAN_POINT('',(43.916,1.9,11.95));
#5018 = SURFACE_CURVE('',#5019,(#5023,#5030),.PCURVE_S1.);
#5019 = LINE('',#5020,#5021);
#5020 = CARTESIAN_POINT('',(43.916,1.,11.95));
#5021 = VECTOR('',#5022,1.);
#5022 = DIRECTION('',(0.,1.,0.));
#5023 = PCURVE('',#4288,#5024);
#5024 = DEFINITIONAL_REPRESENTATION('',(#5025),#5029);
#5025 = LINE('',#5026,#5027);
#5026 = CARTESIAN_POINT('',(5.916,0.));
#5027 = VECTOR('',#5028,1.);
#5028 = DIRECTION('',(0.,1.));
#5029 = ( GEOMETRIC_REPRESENTATION_CONTEXT(2) 
PARAMETRIC_REPRESENTATION_CONTEXT() REPRESENTATION_CONTEXT('2D SPACE',''
  ) );
#5030 = PCURVE('',#4803,#5031);
#5031 = DEFINITIONAL_REPRESENTATION('',(#5032),#5036);
#5032 = LINE('',#5033,#5034);
#5033 = CARTESIAN_POINT('',(0.9,0.));
#5034 = VECTOR('',#5035,1.);
#5035 = DIRECTION('',(1.,0.));
#5036 = ( GEOMETRIC_REPRESENTATION_CONTEXT(2) 
PARAMETRIC_REPRESENTATION_CONTEXT() REPRESENTATION_CONTEXT('2D SPACE',''
  ) );
#5037 = ORIENTED_EDGE('',*,*,#5038,.F.);
#5038 = EDGE_CURVE('',#4604,#5016,#5039,.T.);
#5039 = SURFACE_CURVE('',#5040,(#5044,#5051),.PCURVE_S1.);
#5040 = LINE('',#5041,#5042);
#5041 = CARTESIAN_POINT('',(38.,1.9,11.95));
#5042 = VECTOR('',#5043,1.);
#5043 = DIRECTION('',(1.,0.,0.));
#5044 = PCURVE('',#4288,#5045);
#5045 = DEFINITIONAL_REPRESENTATION('',(#5046),#5050);
#5046 = LINE('',#5047,#5048);
#5047 = CARTESIAN_POINT('',(0.,0.9));
#5048 = VECTOR('',#5049,1.);
#5049 = DIRECTION('',(1.,0.));
#5050 = ( GEOMETRIC_REPRESENTATION_CONTEXT(2) 
PARAMETRIC_REPRESENTATION_CONTEXT() REPRESENTATION_CONTEXT('2D SPACE',''
  ) );
#5051 = PCURVE('',#4642,#5052);
#5052 = DEFINITIONAL_REPRESENTATION('',(#5053),#5057);
#5053 = LINE('',#5054,#5055);
#5054 = CARTESIAN_POINT('',(-0.9,0.));
#5055 = VECTOR('',#5056,1.);
#5056 = DIRECTION('',(1.,0.));
#5057 = ( GEOMETRIC_REPRESENTATION_CONTEXT(2) 
PARAMETRIC_REPRESENTATION_CONTEXT() REPRESENTATION_CONTEXT('2D SPACE',''
  ) );
#5058 = ORIENTED_EDGE('',*,*,#4603,.T.);
#5059 = ORIENTED_EDGE('',*,*,#5060,.T.);
#5060 = EDGE_CURVE('',#4578,#5061,#5063,.T.);
#5061 = VERTEX_POINT('',#5062);
#5062 = CARTESIAN_POINT('',(38.9,6.916,11.95));
#5063 = SURFACE_CURVE('',#5064,(#5068,#5075),.PCURVE_S1.);
#5064 = LINE('',#5065,#5066);
#5065 = CARTESIAN_POINT('',(38.9,1.,11.95));
#5066 = VECTOR('',#5067,1.);
#5067 = DIRECTION('',(0.,1.,0.));
#5068 = PCURVE('',#4288,#5069);
#5069 = DEFINITIONAL_REPRESENTATION('',(#5070),#5074);
#5070 = LINE('',#5071,#5072);
#5071 = CARTESIAN_POINT('',(0.9,0.));
#5072 = VECTOR('',#5073,1.);
#5073 = DIRECTION('',(0.,1.));
#5074 = ( GEOMETRIC_REPRESENTATION_CONTEXT(2) 
PARAMETRIC_REPRESENTATION_CONTEXT() REPRESENTATION_CONTEXT('2D SPACE',''
  ) );
#5075 = PCURVE('',#4592,#5076);
#5076 = DEFINITIONAL_REPRESENTATION('',(#5077),#5081);
#5077 = LINE('',#5078,#5079);
#5078 = CARTESIAN_POINT('',(-0.9,0.));
#5079 = VECTOR('',#5080,1.);
#5080 = DIRECTION('',(1.,0.));
#5081 = ( GEOMETRIC_REPRESENTATION_CONTEXT(2) 
PARAMETRIC_REPRESENTATION_CONTEXT() REPRESENTATION_CONTEXT('2D SPACE',''
  ) );
#5082 = ORIENTED_EDGE('',*,*,#5083,.F.);
#5083 = EDGE_CURVE('',#5084,#5061,#5086,.T.);
#5084 = VERTEX_POINT('',#5085);
#5085 = CARTESIAN_POINT('',(37.1,6.916,11.95));
#5086 = SURFACE_CURVE('',#5087,(#5091,#5098),.PCURVE_S1.);
#5087 = LINE('',#5088,#5089);
#5088 = CARTESIAN_POINT('',(38.,6.916,11.95));
#5089 = VECTOR('',#5090,1.);
#5090 = DIRECTION('',(1.,0.,0.));
#5091 = PCURVE('',#4288,#5092);
#5092 = DEFINITIONAL_REPRESENTATION('',(#5093),#5097);
#5093 = LINE('',#5094,#5095);
#5094 = CARTESIAN_POINT('',(0.,5.916));
#5095 = VECTOR('',#5096,1.);
#5096 = DIRECTION('',(1.,0.));
#5097 = ( GEOMETRIC_REPRESENTATION_CONTEXT(2) 
PARAMETRIC_REPRESENTATION_CONTEXT() REPRESENTATION_CONTEXT('2D SPACE',''
  ) );
#5098 = PCURVE('',#5099,#5104);
#5099 = PLANE('',#5100);
#5100 = AXIS2_PLACEMENT_3D('',#5101,#5102,#5103);
#5101 = CARTESIAN_POINT('',(37.1,6.916,11.95));
#5102 = DIRECTION('',(0.,1.,0.));
#5103 = DIRECTION('',(1.,0.,0.));
#5104 = DEFINITIONAL_REPRESENTATION('',(#5105),#5109);
#5105 = LINE('',#5106,#5107);
#5106 = CARTESIAN_POINT('',(0.9,0.));
#5107 = VECTOR('',#5108,1.);
#5108 = DIRECTION('',(1.,0.));
#5109 = ( GEOMETRIC_REPRESENTATION_CONTEXT(2) 
PARAMETRIC_REPRESENTATION_CONTEXT() REPRESENTATION_CONTEXT('2D SPACE',''
  ) );
#5110 = ORIENTED_EDGE('',*,*,#5111,.F.);
#5111 = EDGE_CURVE('',#4495,#5084,#5112,.T.);
#5112 = SURFACE_CURVE('',#5113,(#5117,#5124),.PCURVE_S1.);
#5113 = LINE('',#5114,#5115);
#5114 = CARTESIAN_POINT('',(37.1,1.,11.95));
#5115 = VECTOR('',#5116,1.);
#5116 = DIRECTION('',(0.,1.,0.));
#5117 = PCURVE('',#4288,#5118);
#5118 = DEFINITIONAL_REPRESENTATION('',(#5119),#5123);
#5119 = LINE('',#5120,#5121);
#5120 = CARTESIAN_POINT('',(-0.9,0.));
#5121 = VECTOR('',#5122,1.);
#5122 = DIRECTION('',(0.,1.));
#5123 = ( GEOMETRIC_REPRESENTATION_CONTEXT(2) 
PARAMETRIC_REPRESENTATION_CONTEXT() REPRESENTATION_CONTEXT('2D SPACE',''
  ) );
#5124 = PCURVE('',#4533,#5125);
#5125 = DEFINITIONAL_REPRESENTATION('',(#5126),#5130);
#5126 = LINE('',#5127,#5128);
#5127 = CARTESIAN_POINT('',(-0.9,0.));
#5128 = VECTOR('',#5129,1.);
#5129 = DIRECTION('',(1.,0.));
#5130 = ( GEOMETRIC_REPRESENTATION_CONTEXT(2) 
PARAMETRIC_REPRESENTATION_CONTEXT() REPRESENTATION_CONTEXT('2D SPACE',''
  ) );
#5131 = ORIENTED_EDGE('',*,*,#4494,.T.);
#5132 = ORIENTED_EDGE('',*,*,#5133,.F.);
#5133 = EDGE_CURVE('',#4892,#4469,#5134,.T.);
#5134 = SURFACE_CURVE('',#5135,(#5139,#5146),.PCURVE_S1.);
#5135 = LINE('',#5136,#5137);
#5136 = CARTESIAN_POINT('',(38.,1.9,11.95));
#5137 = VECTOR('',#5138,1.);
#5138 = DIRECTION('',(1.,0.,0.));
#5139 = PCURVE('',#4288,#5140);
#5140 = DEFINITIONAL_REPRESENTATION('',(#5141),#5145);
#5141 = LINE('',#5142,#5143);
#5142 = CARTESIAN_POINT('',(0.,0.9));
#5143 = VECTOR('',#5144,1.);
#5144 = DIRECTION('',(1.,0.));
#5145 = ( GEOMETRIC_REPRESENTATION_CONTEXT(2) 
PARAMETRIC_REPRESENTATION_CONTEXT() REPRESENTATION_CONTEXT('2D SPACE',''
  ) );
#5146 = PCURVE('',#4483,#5147);
#5147 = DEFINITIONAL_REPRESENTATION('',(#5148),#5152);
#5148 = LINE('',#5149,#5150);
#5149 = CARTESIAN_POINT('',(5.916,0.));
#5150 = VECTOR('',#5151,1.);
#5151 = DIRECTION('',(1.,0.));
#5152 = ( GEOMETRIC_REPRESENTATION_CONTEXT(2) 
PARAMETRIC_REPRESENTATION_CONTEXT() REPRESENTATION_CONTEXT('2D SPACE',''
  ) );
#5153 = ADVANCED_FACE('',(#5154),#4642,.T.);
#5154 = FACE_BOUND('',#5155,.T.);
#5155 = EDGE_LOOP('',(#5156,#5157,#5158,#5159));
#5156 = ORIENTED_EDGE('',*,*,#5038,.F.);
#5157 = ORIENTED_EDGE('',*,*,#4627,.F.);
#5158 = ORIENTED_EDGE('',*,*,#4815,.T.);
#5159 = ORIENTED_EDGE('',*,*,#5160,.F.);
#5160 = EDGE_CURVE('',#5016,#4788,#5161,.T.);
#5161 = SURFACE_CURVE('',#5162,(#5166,#5173),.PCURVE_S1.);
#5162 = LINE('',#5163,#5164);
#5163 = CARTESIAN_POINT('',(43.916,1.9,11.95));
#5164 = VECTOR('',#5165,1.);
#5165 = DIRECTION('',(0.,0.,1.));
#5166 = PCURVE('',#4642,#5167);
#5167 = DEFINITIONAL_REPRESENTATION('',(#5168),#5172);
#5168 = LINE('',#5169,#5170);
#5169 = CARTESIAN_POINT('',(5.016,0.));
#5170 = VECTOR('',#5171,1.);
#5171 = DIRECTION('',(0.,-1.));
#5172 = ( GEOMETRIC_REPRESENTATION_CONTEXT(2) 
PARAMETRIC_REPRESENTATION_CONTEXT() REPRESENTATION_CONTEXT('2D SPACE',''
  ) );
#5173 = PCURVE('',#4803,#5174);
#5174 = DEFINITIONAL_REPRESENTATION('',(#5175),#5179);
#5175 = LINE('',#5176,#5177);
#5176 = CARTESIAN_POINT('',(1.8,0.));
#5177 = VECTOR('',#5178,1.);
#5178 = DIRECTION('',(0.,-1.));
#5179 = ( GEOMETRIC_REPRESENTATION_CONTEXT(2) 
PARAMETRIC_REPRESENTATION_CONTEXT() REPRESENTATION_CONTEXT('2D SPACE',''
  ) );
#5180 = ADVANCED_FACE('',(#5181),#4315,.F.);
#5181 = FACE_BOUND('',#5182,.F.);
#5182 = EDGE_LOOP('',(#5183,#5184,#5207,#5228));
#5183 = ORIENTED_EDGE('',*,*,#4992,.F.);
#5184 = ORIENTED_EDGE('',*,*,#5185,.T.);
#5185 = EDGE_CURVE('',#4965,#5186,#5188,.T.);
#5186 = VERTEX_POINT('',#5187);
#5187 = CARTESIAN_POINT('',(38.9,-4.916,17.424));
#5188 = SURFACE_CURVE('',#5189,(#5193,#5200),.PCURVE_S1.);
#5189 = LINE('',#5190,#5191);
#5190 = CARTESIAN_POINT('',(38.9,-4.916,11.95));
#5191 = VECTOR('',#5192,1.);
#5192 = DIRECTION('',(0.,0.,1.));
#5193 = PCURVE('',#4315,#5194);
#5194 = DEFINITIONAL_REPRESENTATION('',(#5195),#5199);
#5195 = LINE('',#5196,#5197);
#5196 = CARTESIAN_POINT('',(0.,0.));
#5197 = VECTOR('',#5198,1.);
#5198 = DIRECTION('',(0.,-1.));
#5199 = ( GEOMETRIC_REPRESENTATION_CONTEXT(2) 
PARAMETRIC_REPRESENTATION_CONTEXT() REPRESENTATION_CONTEXT('2D SPACE',''
  ) );
#5200 = PCURVE('',#4980,#5201);
#5201 = DEFINITIONAL_REPRESENTATION('',(#5202),#5206);
#5202 = LINE('',#5203,#5204);
#5203 = CARTESIAN_POINT('',(1.8,0.));
#5204 = VECTOR('',#5205,1.);
#5205 = DIRECTION('',(0.,-1.));
#5206 = ( GEOMETRIC_REPRESENTATION_CONTEXT(2) 
PARAMETRIC_REPRESENTATION_CONTEXT() REPRESENTATION_CONTEXT('2D SPACE',''
  ) );
#5207 = ORIENTED_EDGE('',*,*,#5208,.T.);
#5208 = EDGE_CURVE('',#5186,#4301,#5209,.T.);
#5209 = SURFACE_CURVE('',#5210,(#5214,#5221),.PCURVE_S1.);
#5210 = LINE('',#5211,#5212);
#5211 = CARTESIAN_POINT('',(38.9,1.,17.424));
#5212 = VECTOR('',#5213,1.);
#5213 = DIRECTION('',(0.,1.,0.));
#5214 = PCURVE('',#4315,#5215);
#5215 = DEFINITIONAL_REPRESENTATION('',(#5216),#5220);
#5216 = LINE('',#5217,#5218);
#5217 = CARTESIAN_POINT('',(5.916,-5.474));
#5218 = VECTOR('',#5219,1.);
#5219 = DIRECTION('',(1.,0.));
#5220 = ( GEOMETRIC_REPRESENTATION_CONTEXT(2) 
PARAMETRIC_REPRESENTATION_CONTEXT() REPRESENTATION_CONTEXT('2D SPACE',''
  ) );
#5221 = PCURVE('',#4343,#5222);
#5222 = DEFINITIONAL_REPRESENTATION('',(#5223),#5227);
#5223 = LINE('',#5224,#5225);
#5224 = CARTESIAN_POINT('',(0.9,0.));
#5225 = VECTOR('',#5226,1.);
#5226 = DIRECTION('',(0.,1.));
#5227 = ( GEOMETRIC_REPRESENTATION_CONTEXT(2) 
PARAMETRIC_REPRESENTATION_CONTEXT() REPRESENTATION_CONTEXT('2D SPACE',''
  ) );
#5228 = ORIENTED_EDGE('',*,*,#4300,.T.);
#5229 = ADVANCED_FACE('',(#5230),#4343,.T.);
#5230 = FACE_BOUND('',#5231,.T.);
#5231 = EDGE_LOOP('',(#5232,#5233,#5256,#5277));
#5232 = ORIENTED_EDGE('',*,*,#4326,.T.);
#5233 = ORIENTED_EDGE('',*,*,#5234,.F.);
#5234 = EDGE_CURVE('',#5235,#4327,#5237,.T.);
#5235 = VERTEX_POINT('',#5236);
#5236 = CARTESIAN_POINT('',(37.1,-4.916,17.424));
#5237 = SURFACE_CURVE('',#5238,(#5242,#5249),.PCURVE_S1.);
#5238 = LINE('',#5239,#5240);
#5239 = CARTESIAN_POINT('',(37.1,1.,17.424));
#5240 = VECTOR('',#5241,1.);
#5241 = DIRECTION('',(0.,1.,0.));
#5242 = PCURVE('',#4343,#5243);
#5243 = DEFINITIONAL_REPRESENTATION('',(#5244),#5248);
#5244 = LINE('',#5245,#5246);
#5245 = CARTESIAN_POINT('',(-0.9,0.));
#5246 = VECTOR('',#5247,1.);
#5247 = DIRECTION('',(0.,1.));
#5248 = ( GEOMETRIC_REPRESENTATION_CONTEXT(2) 
PARAMETRIC_REPRESENTATION_CONTEXT() REPRESENTATION_CONTEXT('2D SPACE',''
  ) );
#5249 = PCURVE('',#4374,#5250);
#5250 = DEFINITIONAL_REPRESENTATION('',(#5251),#5255);
#5251 = LINE('',#5252,#5253);
#5252 = CARTESIAN_POINT('',(5.916,-5.474));
#5253 = VECTOR('',#5254,1.);
#5254 = DIRECTION('',(1.,0.));
#5255 = ( GEOMETRIC_REPRESENTATION_CONTEXT(2) 
PARAMETRIC_REPRESENTATION_CONTEXT() REPRESENTATION_CONTEXT('2D SPACE',''
  ) );
#5256 = ORIENTED_EDGE('',*,*,#5257,.T.);
#5257 = EDGE_CURVE('',#5235,#5186,#5258,.T.);
#5258 = SURFACE_CURVE('',#5259,(#5263,#5270),.PCURVE_S1.);
#5259 = LINE('',#5260,#5261);
#5260 = CARTESIAN_POINT('',(38.,-4.916,17.424));
#5261 = VECTOR('',#5262,1.);
#5262 = DIRECTION('',(1.,0.,0.));
#5263 = PCURVE('',#4343,#5264);
#5264 = DEFINITIONAL_REPRESENTATION('',(#5265),#5269);
#5265 = LINE('',#5266,#5267);
#5266 = CARTESIAN_POINT('',(0.,-5.916));
#5267 = VECTOR('',#5268,1.);
#5268 = DIRECTION('',(1.,0.));
#5269 = ( GEOMETRIC_REPRESENTATION_CONTEXT(2) 
PARAMETRIC_REPRESENTATION_CONTEXT() REPRESENTATION_CONTEXT('2D SPACE',''
  ) );
#5270 = PCURVE('',#4980,#5271);
#5271 = DEFINITIONAL_REPRESENTATION('',(#5272),#5276);
#5272 = LINE('',#5273,#5274);
#5273 = CARTESIAN_POINT('',(0.9,-5.474));
#5274 = VECTOR('',#5275,1.);
#5275 = DIRECTION('',(1.,0.));
#5276 = ( GEOMETRIC_REPRESENTATION_CONTEXT(2) 
PARAMETRIC_REPRESENTATION_CONTEXT() REPRESENTATION_CONTEXT('2D SPACE',''
  ) );
#5277 = ORIENTED_EDGE('',*,*,#5208,.T.);
#5278 = ADVANCED_FACE('',(#5279),#4592,.F.);
#5279 = FACE_BOUND('',#5280,.F.);
#5280 = EDGE_LOOP('',(#5281,#5282,#5283,#5306));
#5281 = ORIENTED_EDGE('',*,*,#5060,.F.);
#5282 = ORIENTED_EDGE('',*,*,#4577,.F.);
#5283 = ORIENTED_EDGE('',*,*,#5284,.T.);
#5284 = EDGE_CURVE('',#4545,#5285,#5287,.T.);
#5285 = VERTEX_POINT('',#5286);
#5286 = CARTESIAN_POINT('',(38.9,6.916,17.424));
#5287 = SURFACE_CURVE('',#5288,(#5292,#5299),.PCURVE_S1.);
#5288 = LINE('',#5289,#5290);
#5289 = CARTESIAN_POINT('',(38.9,1.,17.424));
#5290 = VECTOR('',#5291,1.);
#5291 = DIRECTION('',(0.,1.,0.));
#5292 = PCURVE('',#4592,#5293);
#5293 = DEFINITIONAL_REPRESENTATION('',(#5294),#5298);
#5294 = LINE('',#5295,#5296);
#5295 = CARTESIAN_POINT('',(-0.9,-5.474));
#5296 = VECTOR('',#5297,1.);
#5297 = DIRECTION('',(1.,0.));
#5298 = ( GEOMETRIC_REPRESENTATION_CONTEXT(2) 
PARAMETRIC_REPRESENTATION_CONTEXT() REPRESENTATION_CONTEXT('2D SPACE',''
  ) );
#5299 = PCURVE('',#4561,#5300);
#5300 = DEFINITIONAL_REPRESENTATION('',(#5301),#5305);
#5301 = LINE('',#5302,#5303);
#5302 = CARTESIAN_POINT('',(0.9,0.));
#5303 = VECTOR('',#5304,1.);
#5304 = DIRECTION('',(0.,1.));
#5305 = ( GEOMETRIC_REPRESENTATION_CONTEXT(2) 
PARAMETRIC_REPRESENTATION_CONTEXT() REPRESENTATION_CONTEXT('2D SPACE',''
  ) );
#5306 = ORIENTED_EDGE('',*,*,#5307,.F.);
#5307 = EDGE_CURVE('',#5061,#5285,#5308,.T.);
#5308 = SURFACE_CURVE('',#5309,(#5313,#5320),.PCURVE_S1.);
#5309 = LINE('',#5310,#5311);
#5310 = CARTESIAN_POINT('',(38.9,6.916,11.95));
#5311 = VECTOR('',#5312,1.);
#5312 = DIRECTION('',(0.,0.,1.));
#5313 = PCURVE('',#4592,#5314);
#5314 = DEFINITIONAL_REPRESENTATION('',(#5315),#5319);
#5315 = LINE('',#5316,#5317);
#5316 = CARTESIAN_POINT('',(5.016,0.));
#5317 = VECTOR('',#5318,1.);
#5318 = DIRECTION('',(0.,-1.));
#5319 = ( GEOMETRIC_REPRESENTATION_CONTEXT(2) 
PARAMETRIC_REPRESENTATION_CONTEXT() REPRESENTATION_CONTEXT('2D SPACE',''
  ) );
#5320 = PCURVE('',#5099,#5321);
#5321 = DEFINITIONAL_REPRESENTATION('',(#5322),#5326);
#5322 = LINE('',#5323,#5324);
#5323 = CARTESIAN_POINT('',(1.8,0.));
#5324 = VECTOR('',#5325,1.);
#5325 = DIRECTION('',(0.,-1.));
#5326 = ( GEOMETRIC_REPRESENTATION_CONTEXT(2) 
PARAMETRIC_REPRESENTATION_CONTEXT() REPRESENTATION_CONTEXT('2D SPACE',''
  ) );
#5327 = ADVANCED_FACE('',(#5328),#4374,.T.);
#5328 = FACE_BOUND('',#5329,.T.);
#5329 = EDGE_LOOP('',(#5330,#5331,#5352,#5353));
#5330 = ORIENTED_EDGE('',*,*,#4941,.F.);
#5331 = ORIENTED_EDGE('',*,*,#5332,.T.);
#5332 = EDGE_CURVE('',#4942,#5235,#5333,.T.);
#5333 = SURFACE_CURVE('',#5334,(#5338,#5345),.PCURVE_S1.);
#5334 = LINE('',#5335,#5336);
#5335 = CARTESIAN_POINT('',(37.1,-4.916,11.95));
#5336 = VECTOR('',#5337,1.);
#5337 = DIRECTION('',(0.,0.,1.));
#5338 = PCURVE('',#4374,#5339);
#5339 = DEFINITIONAL_REPRESENTATION('',(#5340),#5344);
#5340 = LINE('',#5341,#5342);
#5341 = CARTESIAN_POINT('',(0.,0.));
#5342 = VECTOR('',#5343,1.);
#5343 = DIRECTION('',(0.,-1.));
#5344 = ( GEOMETRIC_REPRESENTATION_CONTEXT(2) 
PARAMETRIC_REPRESENTATION_CONTEXT() REPRESENTATION_CONTEXT('2D SPACE',''
  ) );
#5345 = PCURVE('',#4980,#5346);
#5346 = DEFINITIONAL_REPRESENTATION('',(#5347),#5351);
#5347 = LINE('',#5348,#5349);
#5348 = CARTESIAN_POINT('',(0.,0.));
#5349 = VECTOR('',#5350,1.);
#5350 = DIRECTION('',(0.,-1.));
#5351 = ( GEOMETRIC_REPRESENTATION_CONTEXT(2) 
PARAMETRIC_REPRESENTATION_CONTEXT() REPRESENTATION_CONTEXT('2D SPACE',''
  ) );
#5352 = ORIENTED_EDGE('',*,*,#5234,.T.);
#5353 = ORIENTED_EDGE('',*,*,#4359,.T.);
#5354 = ADVANCED_FACE('',(#5355),#4561,.T.);
#5355 = FACE_BOUND('',#5356,.T.);
#5356 = EDGE_LOOP('',(#5357,#5380,#5381,#5382));
#5357 = ORIENTED_EDGE('',*,*,#5358,.F.);
#5358 = EDGE_CURVE('',#4519,#5359,#5361,.T.);
#5359 = VERTEX_POINT('',#5360);
#5360 = CARTESIAN_POINT('',(37.1,6.916,17.424));
#5361 = SURFACE_CURVE('',#5362,(#5366,#5373),.PCURVE_S1.);
#5362 = LINE('',#5363,#5364);
#5363 = CARTESIAN_POINT('',(37.1,1.,17.424));
#5364 = VECTOR('',#5365,1.);
#5365 = DIRECTION('',(0.,1.,0.));
#5366 = PCURVE('',#4561,#5367);
#5367 = DEFINITIONAL_REPRESENTATION('',(#5368),#5372);
#5368 = LINE('',#5369,#5370);
#5369 = CARTESIAN_POINT('',(-0.9,0.));
#5370 = VECTOR('',#5371,1.);
#5371 = DIRECTION('',(0.,1.));
#5372 = ( GEOMETRIC_REPRESENTATION_CONTEXT(2) 
PARAMETRIC_REPRESENTATION_CONTEXT() REPRESENTATION_CONTEXT('2D SPACE',''
  ) );
#5373 = PCURVE('',#4533,#5374);
#5374 = DEFINITIONAL_REPRESENTATION('',(#5375),#5379);
#5375 = LINE('',#5376,#5377);
#5376 = CARTESIAN_POINT('',(-0.9,-5.474));
#5377 = VECTOR('',#5378,1.);
#5378 = DIRECTION('',(1.,0.));
#5379 = ( GEOMETRIC_REPRESENTATION_CONTEXT(2) 
PARAMETRIC_REPRESENTATION_CONTEXT() REPRESENTATION_CONTEXT('2D SPACE',''
  ) );
#5380 = ORIENTED_EDGE('',*,*,#4544,.T.);
#5381 = ORIENTED_EDGE('',*,*,#5284,.T.);
#5382 = ORIENTED_EDGE('',*,*,#5383,.F.);
#5383 = EDGE_CURVE('',#5359,#5285,#5384,.T.);
#5384 = SURFACE_CURVE('',#5385,(#5389,#5396),.PCURVE_S1.);
#5385 = LINE('',#5386,#5387);
#5386 = CARTESIAN_POINT('',(38.,6.916,17.424));
#5387 = VECTOR('',#5388,1.);
#5388 = DIRECTION('',(1.,0.,0.));
#5389 = PCURVE('',#4561,#5390);
#5390 = DEFINITIONAL_REPRESENTATION('',(#5391),#5395);
#5391 = LINE('',#5392,#5393);
#5392 = CARTESIAN_POINT('',(0.,5.916));
#5393 = VECTOR('',#5394,1.);
#5394 = DIRECTION('',(1.,0.));
#5395 = ( GEOMETRIC_REPRESENTATION_CONTEXT(2) 
PARAMETRIC_REPRESENTATION_CONTEXT() REPRESENTATION_CONTEXT('2D SPACE',''
  ) );
#5396 = PCURVE('',#5099,#5397);
#5397 = DEFINITIONAL_REPRESENTATION('',(#5398),#5402);
#5398 = LINE('',#5399,#5400);
#5399 = CARTESIAN_POINT('',(0.9,-5.474));
#5400 = VECTOR('',#5401,1.);
#5401 = DIRECTION('',(1.,0.));
#5402 = ( GEOMETRIC_REPRESENTATION_CONTEXT(2) 
PARAMETRIC_REPRESENTATION_CONTEXT() REPRESENTATION_CONTEXT('2D SPACE',''
  ) );
#5403 = ADVANCED_FACE('',(#5404),#4533,.T.);
#5404 = FACE_BOUND('',#5405,.T.);
#5405 = EDGE_LOOP('',(#5406,#5407,#5408,#5409));
#5406 = ORIENTED_EDGE('',*,*,#5111,.F.);
#5407 = ORIENTED_EDGE('',*,*,#4518,.F.);
#5408 = ORIENTED_EDGE('',*,*,#5358,.T.);
#5409 = ORIENTED_EDGE('',*,*,#5410,.F.);
#5410 = EDGE_CURVE('',#5084,#5359,#5411,.T.);
#5411 = SURFACE_CURVE('',#5412,(#5416,#5423),.PCURVE_S1.);
#5412 = LINE('',#5413,#5414);
#5413 = CARTESIAN_POINT('',(37.1,6.916,11.95));
#5414 = VECTOR('',#5415,1.);
#5415 = DIRECTION('',(0.,0.,1.));
#5416 = PCURVE('',#4533,#5417);
#5417 = DEFINITIONAL_REPRESENTATION('',(#5418),#5422);
#5418 = LINE('',#5419,#5420);
#5419 = CARTESIAN_POINT('',(5.016,0.));
#5420 = VECTOR('',#5421,1.);
#5421 = DIRECTION('',(0.,-1.));
#5422 = ( GEOMETRIC_REPRESENTATION_CONTEXT(2) 
PARAMETRIC_REPRESENTATION_CONTEXT() REPRESENTATION_CONTEXT('2D SPACE',''
  ) );
#5423 = PCURVE('',#5099,#5424);
#5424 = DEFINITIONAL_REPRESENTATION('',(#5425),#5429);
#5425 = LINE('',#5426,#5427);
#5426 = CARTESIAN_POINT('',(0.,0.));
#5427 = VECTOR('',#5428,1.);
#5428 = DIRECTION('',(0.,-1.));
#5429 = ( GEOMETRIC_REPRESENTATION_CONTEXT(2) 
PARAMETRIC_REPRESENTATION_CONTEXT() REPRESENTATION_CONTEXT('2D SPACE',''
  ) );
#5430 = ADVANCED_FACE('',(#5431),#4424,.F.);
#5431 = FACE_BOUND('',#5432,.F.);
#5432 = EDGE_LOOP('',(#5433,#5434,#5457,#5478));
#5433 = ORIENTED_EDGE('',*,*,#4919,.F.);
#5434 = ORIENTED_EDGE('',*,*,#5435,.T.);
#5435 = EDGE_CURVE('',#4890,#5436,#5438,.T.);
#5436 = VERTEX_POINT('',#5437);
#5437 = CARTESIAN_POINT('',(32.084,1.E-01,17.424));
#5438 = SURFACE_CURVE('',#5439,(#5443,#5450),.PCURVE_S1.);
#5439 = LINE('',#5440,#5441);
#5440 = CARTESIAN_POINT('',(32.084,1.E-01,11.95));
#5441 = VECTOR('',#5442,1.);
#5442 = DIRECTION('',(0.,0.,1.));
#5443 = PCURVE('',#4424,#5444);
#5444 = DEFINITIONAL_REPRESENTATION('',(#5445),#5449);
#5445 = LINE('',#5446,#5447);
#5446 = CARTESIAN_POINT('',(0.,0.));
#5447 = VECTOR('',#5448,1.);
#5448 = DIRECTION('',(0.,-1.));
#5449 = ( GEOMETRIC_REPRESENTATION_CONTEXT(2) 
PARAMETRIC_REPRESENTATION_CONTEXT() REPRESENTATION_CONTEXT('2D SPACE',''
  ) );
#5450 = PCURVE('',#4907,#5451);
#5451 = DEFINITIONAL_REPRESENTATION('',(#5452),#5456);
#5452 = LINE('',#5453,#5454);
#5453 = CARTESIAN_POINT('',(0.,0.));
#5454 = VECTOR('',#5455,1.);
#5455 = DIRECTION('',(0.,-1.));
#5456 = ( GEOMETRIC_REPRESENTATION_CONTEXT(2) 
PARAMETRIC_REPRESENTATION_CONTEXT() REPRESENTATION_CONTEXT('2D SPACE',''
  ) );
#5457 = ORIENTED_EDGE('',*,*,#5458,.T.);
#5458 = EDGE_CURVE('',#5436,#4410,#5459,.T.);
#5459 = SURFACE_CURVE('',#5460,(#5464,#5471),.PCURVE_S1.);
#5460 = LINE('',#5461,#5462);
#5461 = CARTESIAN_POINT('',(38.,1.E-01,17.424));
#5462 = VECTOR('',#5463,1.);
#5463 = DIRECTION('',(1.,0.,0.));
#5464 = PCURVE('',#4424,#5465);
#5465 = DEFINITIONAL_REPRESENTATION('',(#5466),#5470);
#5466 = LINE('',#5467,#5468);
#5467 = CARTESIAN_POINT('',(5.916,-5.474));
#5468 = VECTOR('',#5469,1.);
#5469 = DIRECTION('',(1.,0.));
#5470 = ( GEOMETRIC_REPRESENTATION_CONTEXT(2) 
PARAMETRIC_REPRESENTATION_CONTEXT() REPRESENTATION_CONTEXT('2D SPACE',''
  ) );
#5471 = PCURVE('',#4452,#5472);
#5472 = DEFINITIONAL_REPRESENTATION('',(#5473),#5477);
#5473 = LINE('',#5474,#5475);
#5474 = CARTESIAN_POINT('',(0.,-0.9));
#5475 = VECTOR('',#5476,1.);
#5476 = DIRECTION('',(1.,0.));
#5477 = ( GEOMETRIC_REPRESENTATION_CONTEXT(2) 
PARAMETRIC_REPRESENTATION_CONTEXT() REPRESENTATION_CONTEXT('2D SPACE',''
  ) );
#5478 = ORIENTED_EDGE('',*,*,#4409,.T.);
#5479 = ADVANCED_FACE('',(#5480),#4452,.T.);
#5480 = FACE_BOUND('',#5481,.T.);
#5481 = EDGE_LOOP('',(#5482,#5505,#5506,#5507));
#5482 = ORIENTED_EDGE('',*,*,#5483,.F.);
#5483 = EDGE_CURVE('',#5436,#5484,#5486,.T.);
#5484 = VERTEX_POINT('',#5485);
#5485 = CARTESIAN_POINT('',(32.084,1.9,17.424));
#5486 = SURFACE_CURVE('',#5487,(#5491,#5498),.PCURVE_S1.);
#5487 = LINE('',#5488,#5489);
#5488 = CARTESIAN_POINT('',(32.084,1.,17.424));
#5489 = VECTOR('',#5490,1.);
#5490 = DIRECTION('',(0.,1.,0.));
#5491 = PCURVE('',#4452,#5492);
#5492 = DEFINITIONAL_REPRESENTATION('',(#5493),#5497);
#5493 = LINE('',#5494,#5495);
#5494 = CARTESIAN_POINT('',(-5.916,0.));
#5495 = VECTOR('',#5496,1.);
#5496 = DIRECTION('',(0.,1.));
#5497 = ( GEOMETRIC_REPRESENTATION_CONTEXT(2) 
PARAMETRIC_REPRESENTATION_CONTEXT() REPRESENTATION_CONTEXT('2D SPACE',''
  ) );
#5498 = PCURVE('',#4907,#5499);
#5499 = DEFINITIONAL_REPRESENTATION('',(#5500),#5504);
#5500 = LINE('',#5501,#5502);
#5501 = CARTESIAN_POINT('',(0.9,-5.474));
#5502 = VECTOR('',#5503,1.);
#5503 = DIRECTION('',(1.,0.));
#5504 = ( GEOMETRIC_REPRESENTATION_CONTEXT(2) 
PARAMETRIC_REPRESENTATION_CONTEXT() REPRESENTATION_CONTEXT('2D SPACE',''
  ) );
#5505 = ORIENTED_EDGE('',*,*,#5458,.T.);
#5506 = ORIENTED_EDGE('',*,*,#4435,.T.);
#5507 = ORIENTED_EDGE('',*,*,#5508,.F.);
#5508 = EDGE_CURVE('',#5484,#4436,#5509,.T.);
#5509 = SURFACE_CURVE('',#5510,(#5514,#5521),.PCURVE_S1.);
#5510 = LINE('',#5511,#5512);
#5511 = CARTESIAN_POINT('',(38.,1.9,17.424));
#5512 = VECTOR('',#5513,1.);
#5513 = DIRECTION('',(1.,0.,0.));
#5514 = PCURVE('',#4452,#5515);
#5515 = DEFINITIONAL_REPRESENTATION('',(#5516),#5520);
#5516 = LINE('',#5517,#5518);
#5517 = CARTESIAN_POINT('',(0.,0.9));
#5518 = VECTOR('',#5519,1.);
#5519 = DIRECTION('',(1.,0.));
#5520 = ( GEOMETRIC_REPRESENTATION_CONTEXT(2) 
PARAMETRIC_REPRESENTATION_CONTEXT() REPRESENTATION_CONTEXT('2D SPACE',''
  ) );
#5521 = PCURVE('',#4483,#5522);
#5522 = DEFINITIONAL_REPRESENTATION('',(#5523),#5527);
#5523 = LINE('',#5524,#5525);
#5524 = CARTESIAN_POINT('',(5.916,-5.474));
#5525 = VECTOR('',#5526,1.);
#5526 = DIRECTION('',(1.,0.));
#5527 = ( GEOMETRIC_REPRESENTATION_CONTEXT(2) 
PARAMETRIC_REPRESENTATION_CONTEXT() REPRESENTATION_CONTEXT('2D SPACE',''
  ) );
#5528 = ADVANCED_FACE('',(#5529),#4483,.T.);
#5529 = FACE_BOUND('',#5530,.T.);
#5530 = EDGE_LOOP('',(#5531,#5532,#5553,#5554));
#5531 = ORIENTED_EDGE('',*,*,#5133,.F.);
#5532 = ORIENTED_EDGE('',*,*,#5533,.T.);
#5533 = EDGE_CURVE('',#4892,#5484,#5534,.T.);
#5534 = SURFACE_CURVE('',#5535,(#5539,#5546),.PCURVE_S1.);
#5535 = LINE('',#5536,#5537);
#5536 = CARTESIAN_POINT('',(32.084,1.9,11.95));
#5537 = VECTOR('',#5538,1.);
#5538 = DIRECTION('',(0.,0.,1.));
#5539 = PCURVE('',#4483,#5540);
#5540 = DEFINITIONAL_REPRESENTATION('',(#5541),#5545);
#5541 = LINE('',#5542,#5543);
#5542 = CARTESIAN_POINT('',(0.,0.));
#5543 = VECTOR('',#5544,1.);
#5544 = DIRECTION('',(0.,-1.));
#5545 = ( GEOMETRIC_REPRESENTATION_CONTEXT(2) 
PARAMETRIC_REPRESENTATION_CONTEXT() REPRESENTATION_CONTEXT('2D SPACE',''
  ) );
#5546 = PCURVE('',#4907,#5547);
#5547 = DEFINITIONAL_REPRESENTATION('',(#5548),#5552);
#5548 = LINE('',#5549,#5550);
#5549 = CARTESIAN_POINT('',(1.8,0.));
#5550 = VECTOR('',#5551,1.);
#5551 = DIRECTION('',(0.,-1.));
#5552 = ( GEOMETRIC_REPRESENTATION_CONTEXT(2) 
PARAMETRIC_REPRESENTATION_CONTEXT() REPRESENTATION_CONTEXT('2D SPACE',''
  ) );
#5553 = ORIENTED_EDGE('',*,*,#5508,.T.);
#5554 = ORIENTED_EDGE('',*,*,#4468,.T.);
#5555 = ADVANCED_FACE('',(#5556),#4748,.T.);
#5556 = FACE_BOUND('',#5557,.T.);
#5557 = EDGE_LOOP('',(#5558));
#5558 = ORIENTED_EDGE('',*,*,#4733,.T.);
#5559 = ADVANCED_FACE('',(#5560),#4803,.F.);
#5560 = FACE_BOUND('',#5561,.F.);
#5561 = EDGE_LOOP('',(#5562,#5563,#5564,#5565));
#5562 = ORIENTED_EDGE('',*,*,#4865,.T.);
#5563 = ORIENTED_EDGE('',*,*,#4787,.T.);
#5564 = ORIENTED_EDGE('',*,*,#5160,.F.);
#5565 = ORIENTED_EDGE('',*,*,#5015,.F.);
#5566 = ADVANCED_FACE('',(#5567),#4907,.T.);
#5567 = FACE_BOUND('',#5568,.T.);
#5568 = EDGE_LOOP('',(#5569,#5570,#5571,#5572));
#5569 = ORIENTED_EDGE('',*,*,#5435,.T.);
#5570 = ORIENTED_EDGE('',*,*,#5483,.T.);
#5571 = ORIENTED_EDGE('',*,*,#5533,.F.);
#5572 = ORIENTED_EDGE('',*,*,#4889,.F.);
#5573 = ADVANCED_FACE('',(#5574),#4980,.F.);
#5574 = FACE_BOUND('',#5575,.F.);
#5575 = EDGE_LOOP('',(#5576,#5577,#5578,#5579));
#5576 = ORIENTED_EDGE('',*,*,#5332,.T.);
#5577 = ORIENTED_EDGE('',*,*,#5257,.T.);
#5578 = ORIENTED_EDGE('',*,*,#5185,.F.);
#5579 = ORIENTED_EDGE('',*,*,#4964,.F.);
#5580 = ADVANCED_FACE('',(#5581),#5099,.T.);
#5581 = FACE_BOUND('',#5582,.T.);
#5582 = EDGE_LOOP('',(#5583,#5584,#5585,#5586));
#5583 = ORIENTED_EDGE('',*,*,#5410,.T.);
#5584 = ORIENTED_EDGE('',*,*,#5383,.T.);
#5585 = ORIENTED_EDGE('',*,*,#5307,.F.);
#5586 = ORIENTED_EDGE('',*,*,#5083,.F.);
#5587 = ( GEOMETRIC_REPRESENTATION_CONTEXT(3) 
GLOBAL_UNCERTAINTY_ASSIGNED_CONTEXT((#5591)) 
GLOBAL_UNIT_ASSIGNED_CONTEXT((#5588,#5589,#5590)) REPRESENTATION_CONTEXT
('Context #1','3D Context with UNIT and UNCERTAINTY') );
#5588 = ( LENGTH_UNIT() NAMED_UNIT(*) SI_UNIT(.MILLI.,.METRE.) );
#5589 = ( NAMED_UNIT(*) PLANE_ANGLE_UNIT() SI_UNIT($,.RADIAN.) );
#5590 = ( NAMED_UNIT(*) SI_UNIT($,.STERADIAN.) SOLID_ANGLE_UNIT() );
#5591 = UNCERTAINTY_MEASURE_WITH_UNIT(LENGTH_MEASURE(1.E-07),#5588,
  'distance_accuracy_value','confusion accuracy');
#5592 = CONTEXT_DEPENDENT_SHAPE_REPRESENTATION(#5593,#5595);
#5593 = ( REPRESENTATION_RELATIONSHIP('','',#4175,#4152) 
REPRESENTATION_RELATIONSHIP_WITH_TRANSFORMATION(#5594) 
SHAPE_REPRESENTATION_RELATIONSHIP() );
#5594 = ITEM_DEFINED_TRANSFORMATION('','',#11,#4153);
#5595 = PRODUCT_DEFINITION_SHAPE('Placement','Placement of an item',
  #5596);
#5596 = NEXT_ASSEMBLY_USAGE_OCCURRENCE('3','=>[0:1:1:5]','',#4147,#4170,
  $);
#5597 = PRODUCT_RELATED_PRODUCT_CATEGORY('part',$,(#4172));
#5598 = CONTEXT_DEPENDENT_SHAPE_REPRESENTATION(#5599,#5601);
#5599 = ( REPRESENTATION_RELATIONSHIP('','',#4152,#10) 
REPRESENTATION_RELATIONSHIP_WITH_TRANSFORMATION(#5600) 
SHAPE_REPRESENTATION_RELATIONSHIP() );
#5600 = ITEM_DEFINED_TRANSFORMATION('','',#11,#23);
#5601 = PRODUCT_DEFINITION_SHAPE('Placement','Placement of an item',
  #5602);
#5602 = NEXT_ASSEMBLY_USAGE_OCCURRENCE('5','=>[0:1:1:4]','',#5,#4147,$);
#5603 = CONTEXT_DEPENDENT_SHAPE_REPRESENTATION(#5604,#5606);
#5604 = ( REPRESENTATION_RELATIONSHIP('','',#4152,#10) 
REPRESENTATION_RELATIONSHIP_WITH_TRANSFORMATION(#5605) 
SHAPE_REPRESENTATION_RELATIONSHIP() );
#5605 = ITEM_DEFINED_TRANSFORMATION('','',#11,#27);
#5606 = PRODUCT_DEFINITION_SHAPE('Placement','Placement of an item',
  #5607);
#5607 = NEXT_ASSEMBLY_USAGE_OCCURRENCE('6','=>[0:1:1:4]','',#5,#4147,$);
#5608 = CONTEXT_DEPENDENT_SHAPE_REPRESENTATION(#5609,#5611);
#5609 = ( REPRESENTATION_RELATIONSHIP('','',#4152,#10) 
REPRESENTATION_RELATIONSHIP_WITH_TRANSFORMATION(#5610) 
SHAPE_REPRESENTATION_RELATIONSHIP() );
#5610 = ITEM_DEFINED_TRANSFORMATION('','',#11,#31);
#5611 = PRODUCT_DEFINITION_SHAPE('Placement','Placement of an item',
  #5612);
#5612 = NEXT_ASSEMBLY_USAGE_OCCURRENCE('7','=>[0:1:1:4]','',#5,#4147,$);
#5613 = SHAPE_DEFINITION_REPRESENTATION(#5614,#5620);
#5614 = PRODUCT_DEFINITION_SHAPE('','',#5615);
#5615 = PRODUCT_DEFINITION('design','',#5616,#5619);
#5616 = PRODUCT_DEFINITION_FORMATION('','',#5617);
#5617 = PRODUCT('ASSEMBLY','ASSEMBLY','',(#5618));
#5618 = PRODUCT_CONTEXT('',#2,'mechanical');
#5619 = PRODUCT_DEFINITION_CONTEXT('part definition',#2,'design');
#5620 = SHAPE_REPRESENTATION('',(#11,#5621),#5625);
#5621 = AXIS2_PLACEMENT_3D('',#5622,#5623,#5624);
#5622 = CARTESIAN_POINT('',(0.,0.,0.));
#5623 = DIRECTION('',(0.,0.,1.));
#5624 = DIRECTION('',(1.,0.,-0.));
#5625 = ( GEOMETRIC_REPRESENTATION_CONTEXT(3) 
GLOBAL_UNCERTAINTY_ASSIGNED_CONTEXT((#5629)) 
GLOBAL_UNIT_ASSIGNED_CONTEXT((#5626,#5627,#5628)) REPRESENTATION_CONTEXT
('Context #1','3D Context with UNIT and UNCERTAINTY') );
#5626 = ( LENGTH_UNIT() NAMED_UNIT(*) SI_UNIT(.MILLI.,.METRE.) );
#5627 = ( NAMED_UNIT(*) PLANE_ANGLE_UNIT() SI_UNIT($,.RADIAN.) );
#5628 = ( NAMED_UNIT(*) SI_UNIT($,.STERADIAN.) SOLID_ANGLE_UNIT() );
#5629 = UNCERTAINTY_MEASURE_WITH_UNIT(LENGTH_MEASURE(5.E-06),#5626,
  'distance_accuracy_value','confusion accuracy');
#5630 = CONTEXT_DEPENDENT_SHAPE_REPRESENTATION(#5631,#5633);
#5631 = ( REPRESENTATION_RELATIONSHIP('','',#5620,#10) 
REPRESENTATION_RELATIONSHIP_WITH_TRANSFORMATION(#5632) 
SHAPE_REPRESENTATION_RELATIONSHIP() );
#5632 = ITEM_DEFINED_TRANSFORMATION('','',#11,#35);
#5633 = PRODUCT_DEFINITION_SHAPE('Placement','Placement of an item',
  #5634);
#5634 = NEXT_ASSEMBLY_USAGE_OCCURRENCE('9','=>[0:1:1:6]','',#5,#5615,$);
#5635 = PRODUCT_RELATED_PRODUCT_CATEGORY('part',$,(#5617));
#5636 = SHAPE_DEFINITION_REPRESENTATION(#5637,#5643);
#5637 = PRODUCT_DEFINITION_SHAPE('','',#5638);
#5638 = PRODUCT_DEFINITION('design','',#5639,#5642);
#5639 = PRODUCT_DEFINITION_FORMATION('','',#5640);
#5640 = PRODUCT('SOLID','SOLID','',(#5641));
#5641 = PRODUCT_CONTEXT('',#2,'mechanical');
#5642 = PRODUCT_DEFINITION_CONTEXT('part definition',#2,'design');
#5643 = ADVANCED_BREP_SHAPE_REPRESENTATION('',(#11,#5644),#15968);
#5644 = MANIFOLD_SOLID_BREP('',#5645);
#5645 = CLOSED_SHELL('',(#5646,#8296,#8368,#8415,#8462,#8509,#8610,#8657
    ,#8891,#8938,#8987,#9034,#9083,#9130,#9157,#9204,#9283,#9338,#9393,
    #9448,#9521,#9594,#9667,#9740,#9795,#9850,#9923,#9996,#10069,#10142,
    #10215,#10288,#10361,#10434,#10507,#10580,#10653,#10726,#10781,
    #11111,#11138,#11165,#11419,#11468,#11522,#12170,#12250,#12299,
    #12348,#12375,#12424,#12451,#12486,#12521,#12556,#12603,#12657,
    #12682,#12729,#12783,#12808,#12855,#12909,#12934,#12981,#13035,
    #13060,#13098,#13133,#13180,#13234,#13259,#13306,#13360,#13385,
    #13432,#13486,#13511,#13558,#13612,#13637,#13664,#13671,#13698,
    #13725,#13732,#13759,#13786,#13793,#13820,#13827,#13874,#13928,
    #13953,#14000,#14054,#14079,#14126,#14180,#14205,#14252,#14306,
    #14331,#14366,#14437,#14464,#14513,#14562,#14611,#14660,#14687,
    #14714,#14741,#14768,#14795,#14822,#14849,#14856,#14899,#14975,
    #15024,#15073,#15122,#15171,#15220,#15269,#15318,#15367,#15416,
    #15465,#15492,#15535,#15578,#15585,#15644,#15703,#15762,#15812,
    #15871,#15930,#15948,#15952,#15956,#15960,#15964));
#5646 = ADVANCED_FACE('',(#5647,#6095,#6130,#6165,#6200,#6703,#6737,
    #6772,#7275,#7758,#7793),#5661,.F.);
#5647 = FACE_BOUND('',#5648,.F.);
#5648 = EDGE_LOOP('',(#5649,#5684,#5712,#5740,#5768,#5796,#5824,#5852,
    #5880,#5907,#5935,#5963,#5991,#6019,#6042,#6069));
#5649 = ORIENTED_EDGE('',*,*,#5650,.F.);
#5650 = EDGE_CURVE('',#5651,#5653,#5655,.T.);
#5651 = VERTEX_POINT('',#5652);
#5652 = CARTESIAN_POINT('',(-66.5,15.656786437627,-3.));
#5653 = VERTEX_POINT('',#5654);
#5654 = CARTESIAN_POINT('',(-56.65678643762,25.5,-3.));
#5655 = SURFACE_CURVE('',#5656,(#5660,#5672),.PCURVE_S1.);
#5656 = LINE('',#5657,#5658);
#5657 = CARTESIAN_POINT('',(-74.82839321881,7.328393218813,-3.));
#5658 = VECTOR('',#5659,1.);
#5659 = DIRECTION('',(0.707106781187,0.707106781187,-0.));
#5660 = PCURVE('',#5661,#5666);
#5661 = PLANE('',#5662);
#5662 = AXIS2_PLACEMENT_3D('',#5663,#5664,#5665);
#5663 = CARTESIAN_POINT('',(-67.5,-26.5,-3.));
#5664 = DIRECTION('',(0.,0.,1.));
#5665 = DIRECTION('',(1.,0.,0.));
#5666 = DEFINITIONAL_REPRESENTATION('',(#5667),#5671);
#5667 = LINE('',#5668,#5669);
#5668 = CARTESIAN_POINT('',(-7.328393218813,33.828393218813));
#5669 = VECTOR('',#5670,1.);
#5670 = DIRECTION('',(0.707106781187,0.707106781187));
#5671 = ( GEOMETRIC_REPRESENTATION_CONTEXT(2) 
PARAMETRIC_REPRESENTATION_CONTEXT() REPRESENTATION_CONTEXT('2D SPACE',''
  ) );
#5672 = PCURVE('',#5673,#5678);
#5673 = PLANE('',#5674);
#5674 = AXIS2_PLACEMENT_3D('',#5675,#5676,#5677);
#5675 = CARTESIAN_POINT('',(-61.57839321881,20.578393218813,-12.824));
#5676 = DIRECTION('',(0.707106781187,-0.707106781187,0.));
#5677 = DIRECTION('',(-0.,-0.,-1.));
#5678 = DEFINITIONAL_REPRESENTATION('',(#5679),#5683);
#5679 = LINE('',#5680,#5681);
#5680 = CARTESIAN_POINT('',(-9.824,-18.73832970144));
#5681 = VECTOR('',#5682,1.);
#5682 = DIRECTION('',(-0.,1.));
#5683 = ( GEOMETRIC_REPRESENTATION_CONTEXT(2) 
PARAMETRIC_REPRESENTATION_CONTEXT() REPRESENTATION_CONTEXT('2D SPACE',''
  ) );
#5684 = ORIENTED_EDGE('',*,*,#5685,.T.);
#5685 = EDGE_CURVE('',#5651,#5686,#5688,.T.);
#5686 = VERTEX_POINT('',#5687);
#5687 = CARTESIAN_POINT('',(-66.5,-15.65678643762,-3.));
#5688 = SURFACE_CURVE('',#5689,(#5693,#5700),.PCURVE_S1.);
#5689 = LINE('',#5690,#5691);
#5690 = CARTESIAN_POINT('',(-66.5,-26.5,-3.));
#5691 = VECTOR('',#5692,1.);
#5692 = DIRECTION('',(0.,-1.,0.));
#5693 = PCURVE('',#5661,#5694);
#5694 = DEFINITIONAL_REPRESENTATION('',(#5695),#5699);
#5695 = LINE('',#5696,#5697);
#5696 = CARTESIAN_POINT('',(1.,0.));
#5697 = VECTOR('',#5698,1.);
#5698 = DIRECTION('',(0.,-1.));
#5699 = ( GEOMETRIC_REPRESENTATION_CONTEXT(2) 
PARAMETRIC_REPRESENTATION_CONTEXT() REPRESENTATION_CONTEXT('2D SPACE',''
  ) );
#5700 = PCURVE('',#5701,#5706);
#5701 = PLANE('',#5702);
#5702 = AXIS2_PLACEMENT_3D('',#5703,#5704,#5705);
#5703 = CARTESIAN_POINT('',(-66.5,-26.5,-12.824));
#5704 = DIRECTION('',(1.,0.,0.));
#5705 = DIRECTION('',(0.,0.,1.));
#5706 = DEFINITIONAL_REPRESENTATION('',(#5707),#5711);
#5707 = LINE('',#5708,#5709);
#5708 = CARTESIAN_POINT('',(9.824,0.));
#5709 = VECTOR('',#5710,1.);
#5710 = DIRECTION('',(0.,1.));
#5711 = ( GEOMETRIC_REPRESENTATION_CONTEXT(2) 
PARAMETRIC_REPRESENTATION_CONTEXT() REPRESENTATION_CONTEXT('2D SPACE',''
  ) );
#5712 = ORIENTED_EDGE('',*,*,#5713,.T.);
#5713 = EDGE_CURVE('',#5686,#5714,#5716,.T.);
#5714 = VERTEX_POINT('',#5715);
#5715 = CARTESIAN_POINT('',(-56.65678643762,-25.5,-3.));
#5716 = SURFACE_CURVE('',#5717,(#5721,#5728),.PCURVE_S1.);
#5717 = LINE('',#5718,#5719);
#5718 = CARTESIAN_POINT('',(-61.57839321881,-20.57839321881,-3.));
#5719 = VECTOR('',#5720,1.);
#5720 = DIRECTION('',(0.707106781187,-0.707106781187,0.));
#5721 = PCURVE('',#5661,#5722);
#5722 = DEFINITIONAL_REPRESENTATION('',(#5723),#5727);
#5723 = LINE('',#5724,#5725);
#5724 = CARTESIAN_POINT('',(5.921606781187,5.921606781187));
#5725 = VECTOR('',#5726,1.);
#5726 = DIRECTION('',(0.707106781187,-0.707106781187));
#5727 = ( GEOMETRIC_REPRESENTATION_CONTEXT(2) 
PARAMETRIC_REPRESENTATION_CONTEXT() REPRESENTATION_CONTEXT('2D SPACE',''
  ) );
#5728 = PCURVE('',#5729,#5734);
#5729 = PLANE('',#5730);
#5730 = AXIS2_PLACEMENT_3D('',#5731,#5732,#5733);
#5731 = CARTESIAN_POINT('',(-61.57839321881,-20.57839321881,-12.824));
#5732 = DIRECTION('',(-0.707106781187,-0.707106781187,0.));
#5733 = DIRECTION('',(-0.,-0.,-1.));
#5734 = DEFINITIONAL_REPRESENTATION('',(#5735),#5739);
#5735 = LINE('',#5736,#5737);
#5736 = CARTESIAN_POINT('',(-9.824,0.));
#5737 = VECTOR('',#5738,1.);
#5738 = DIRECTION('',(-0.,1.));
#5739 = ( GEOMETRIC_REPRESENTATION_CONTEXT(2) 
PARAMETRIC_REPRESENTATION_CONTEXT() REPRESENTATION_CONTEXT('2D SPACE',''
  ) );
#5740 = ORIENTED_EDGE('',*,*,#5741,.T.);
#5741 = EDGE_CURVE('',#5714,#5742,#5744,.T.);
#5742 = VERTEX_POINT('',#5743);
#5743 = CARTESIAN_POINT('',(56.656786437627,-25.5,-3.));
#5744 = SURFACE_CURVE('',#5745,(#5749,#5756),.PCURVE_S1.);
#5745 = LINE('',#5746,#5747);
#5746 = CARTESIAN_POINT('',(-67.5,-25.5,-3.));
#5747 = VECTOR('',#5748,1.);
#5748 = DIRECTION('',(1.,0.,0.));
#5749 = PCURVE('',#5661,#5750);
#5750 = DEFINITIONAL_REPRESENTATION('',(#5751),#5755);
#5751 = LINE('',#5752,#5753);
#5752 = CARTESIAN_POINT('',(0.,1.));
#5753 = VECTOR('',#5754,1.);
#5754 = DIRECTION('',(1.,0.));
#5755 = ( GEOMETRIC_REPRESENTATION_CONTEXT(2) 
PARAMETRIC_REPRESENTATION_CONTEXT() REPRESENTATION_CONTEXT('2D SPACE',''
  ) );
#5756 = PCURVE('',#5757,#5762);
#5757 = PLANE('',#5758);
#5758 = AXIS2_PLACEMENT_3D('',#5759,#5760,#5761);
#5759 = CARTESIAN_POINT('',(-67.5,-25.5,-12.824));
#5760 = DIRECTION('',(0.,1.,0.));
#5761 = DIRECTION('',(0.,0.,1.));
#5762 = DEFINITIONAL_REPRESENTATION('',(#5763),#5767);
#5763 = LINE('',#5764,#5765);
#5764 = CARTESIAN_POINT('',(9.824,0.));
#5765 = VECTOR('',#5766,1.);
#5766 = DIRECTION('',(0.,1.));
#5767 = ( GEOMETRIC_REPRESENTATION_CONTEXT(2) 
PARAMETRIC_REPRESENTATION_CONTEXT() REPRESENTATION_CONTEXT('2D SPACE',''
  ) );
#5768 = ORIENTED_EDGE('',*,*,#5769,.F.);
#5769 = EDGE_CURVE('',#5770,#5742,#5772,.T.);
#5770 = VERTEX_POINT('',#5771);
#5771 = CARTESIAN_POINT('',(66.5,-15.65678643762,-3.));
#5772 = SURFACE_CURVE('',#5773,(#5777,#5784),.PCURVE_S1.);
#5773 = LINE('',#5774,#5775);
#5774 = CARTESIAN_POINT('',(27.828393218813,-54.32839321881,-3.));
#5775 = VECTOR('',#5776,1.);
#5776 = DIRECTION('',(-0.707106781187,-0.707106781187,0.));
#5777 = PCURVE('',#5661,#5778);
#5778 = DEFINITIONAL_REPRESENTATION('',(#5779),#5783);
#5779 = LINE('',#5780,#5781);
#5780 = CARTESIAN_POINT('',(95.328393218813,-27.82839321881));
#5781 = VECTOR('',#5782,1.);
#5782 = DIRECTION('',(-0.707106781187,-0.707106781187));
#5783 = ( GEOMETRIC_REPRESENTATION_CONTEXT(2) 
PARAMETRIC_REPRESENTATION_CONTEXT() REPRESENTATION_CONTEXT('2D SPACE',''
  ) );
#5784 = PCURVE('',#5785,#5790);
#5785 = PLANE('',#5786);
#5786 = AXIS2_PLACEMENT_3D('',#5787,#5788,#5789);
#5787 = CARTESIAN_POINT('',(61.578393218813,-20.57839321881,-12.824));
#5788 = DIRECTION('',(-0.707106781187,0.707106781187,0.));
#5789 = DIRECTION('',(-0.,-0.,-1.));
#5790 = DEFINITIONAL_REPRESENTATION('',(#5791),#5795);
#5791 = LINE('',#5792,#5793);
#5792 = CARTESIAN_POINT('',(-9.824,47.729707730092));
#5793 = VECTOR('',#5794,1.);
#5794 = DIRECTION('',(-0.,1.));
#5795 = ( GEOMETRIC_REPRESENTATION_CONTEXT(2) 
PARAMETRIC_REPRESENTATION_CONTEXT() REPRESENTATION_CONTEXT('2D SPACE',''
  ) );
#5796 = ORIENTED_EDGE('',*,*,#5797,.F.);
#5797 = EDGE_CURVE('',#5798,#5770,#5800,.T.);
#5798 = VERTEX_POINT('',#5799);
#5799 = CARTESIAN_POINT('',(66.5,15.656786437627,-3.));
#5800 = SURFACE_CURVE('',#5801,(#5805,#5812),.PCURVE_S1.);
#5801 = LINE('',#5802,#5803);
#5802 = CARTESIAN_POINT('',(66.5,-26.5,-3.));
#5803 = VECTOR('',#5804,1.);
#5804 = DIRECTION('',(0.,-1.,0.));
#5805 = PCURVE('',#5661,#5806);
#5806 = DEFINITIONAL_REPRESENTATION('',(#5807),#5811);
#5807 = LINE('',#5808,#5809);
#5808 = CARTESIAN_POINT('',(134.,0.));
#5809 = VECTOR('',#5810,1.);
#5810 = DIRECTION('',(0.,-1.));
#5811 = ( GEOMETRIC_REPRESENTATION_CONTEXT(2) 
PARAMETRIC_REPRESENTATION_CONTEXT() REPRESENTATION_CONTEXT('2D SPACE',''
  ) );
#5812 = PCURVE('',#5813,#5818);
#5813 = PLANE('',#5814);
#5814 = AXIS2_PLACEMENT_3D('',#5815,#5816,#5817);
#5815 = CARTESIAN_POINT('',(66.5,-26.5,-12.824));
#5816 = DIRECTION('',(1.,0.,0.));
#5817 = DIRECTION('',(0.,0.,1.));
#5818 = DEFINITIONAL_REPRESENTATION('',(#5819),#5823);
#5819 = LINE('',#5820,#5821);
#5820 = CARTESIAN_POINT('',(9.824,0.));
#5821 = VECTOR('',#5822,1.);
#5822 = DIRECTION('',(0.,1.));
#5823 = ( GEOMETRIC_REPRESENTATION_CONTEXT(2) 
PARAMETRIC_REPRESENTATION_CONTEXT() REPRESENTATION_CONTEXT('2D SPACE',''
  ) );
#5824 = ORIENTED_EDGE('',*,*,#5825,.T.);
#5825 = EDGE_CURVE('',#5798,#5826,#5828,.T.);
#5826 = VERTEX_POINT('',#5827);
#5827 = CARTESIAN_POINT('',(56.656786437627,25.5,-3.));
#5828 = SURFACE_CURVE('',#5829,(#5833,#5840),.PCURVE_S1.);
#5829 = LINE('',#5830,#5831);
#5830 = CARTESIAN_POINT('',(41.078393218813,41.078393218813,-3.));
#5831 = VECTOR('',#5832,1.);
#5832 = DIRECTION('',(-0.707106781187,0.707106781187,0.));
#5833 = PCURVE('',#5661,#5834);
#5834 = DEFINITIONAL_REPRESENTATION('',(#5835),#5839);
#5835 = LINE('',#5836,#5837);
#5836 = CARTESIAN_POINT('',(108.57839321881,67.578393218813));
#5837 = VECTOR('',#5838,1.);
#5838 = DIRECTION('',(-0.707106781187,0.707106781187));
#5839 = ( GEOMETRIC_REPRESENTATION_CONTEXT(2) 
PARAMETRIC_REPRESENTATION_CONTEXT() REPRESENTATION_CONTEXT('2D SPACE',''
  ) );
#5840 = PCURVE('',#5841,#5846);
#5841 = PLANE('',#5842);
#5842 = AXIS2_PLACEMENT_3D('',#5843,#5844,#5845);
#5843 = CARTESIAN_POINT('',(61.578393218813,20.578393218813,-12.824));
#5844 = DIRECTION('',(0.707106781187,0.707106781187,0.));
#5845 = DIRECTION('',(-0.,0.,-1.));
#5846 = DEFINITIONAL_REPRESENTATION('',(#5847),#5851);
#5847 = LINE('',#5848,#5849);
#5848 = CARTESIAN_POINT('',(-9.824,28.991378028648));
#5849 = VECTOR('',#5850,1.);
#5850 = DIRECTION('',(-0.,1.));
#5851 = ( GEOMETRIC_REPRESENTATION_CONTEXT(2) 
PARAMETRIC_REPRESENTATION_CONTEXT() REPRESENTATION_CONTEXT('2D SPACE',''
  ) );
#5852 = ORIENTED_EDGE('',*,*,#5853,.F.);
#5853 = EDGE_CURVE('',#5854,#5826,#5856,.T.);
#5854 = VERTEX_POINT('',#5855);
#5855 = CARTESIAN_POINT('',(18.5195,25.5,-3.));
#5856 = SURFACE_CURVE('',#5857,(#5861,#5868),.PCURVE_S1.);
#5857 = LINE('',#5858,#5859);
#5858 = CARTESIAN_POINT('',(-67.5,25.5,-3.));
#5859 = VECTOR('',#5860,1.);
#5860 = DIRECTION('',(1.,0.,0.));
#5861 = PCURVE('',#5661,#5862);
#5862 = DEFINITIONAL_REPRESENTATION('',(#5863),#5867);
#5863 = LINE('',#5864,#5865);
#5864 = CARTESIAN_POINT('',(0.,52.));
#5865 = VECTOR('',#5866,1.);
#5866 = DIRECTION('',(1.,0.));
#5867 = ( GEOMETRIC_REPRESENTATION_CONTEXT(2) 
PARAMETRIC_REPRESENTATION_CONTEXT() REPRESENTATION_CONTEXT('2D SPACE',''
  ) );
#5868 = PCURVE('',#5869,#5874);
#5869 = PLANE('',#5870);
#5870 = AXIS2_PLACEMENT_3D('',#5871,#5872,#5873);
#5871 = CARTESIAN_POINT('',(-67.5,25.5,-12.824));
#5872 = DIRECTION('',(0.,1.,0.));
#5873 = DIRECTION('',(0.,0.,1.));
#5874 = DEFINITIONAL_REPRESENTATION('',(#5875),#5879);
#5875 = LINE('',#5876,#5877);
#5876 = CARTESIAN_POINT('',(9.824,0.));
#5877 = VECTOR('',#5878,1.);
#5878 = DIRECTION('',(0.,1.));
#5879 = ( GEOMETRIC_REPRESENTATION_CONTEXT(2) 
PARAMETRIC_REPRESENTATION_CONTEXT() REPRESENTATION_CONTEXT('2D SPACE',''
  ) );
#5880 = ORIENTED_EDGE('',*,*,#5881,.T.);
#5881 = EDGE_CURVE('',#5854,#5882,#5884,.T.);
#5882 = VERTEX_POINT('',#5883);
#5883 = CARTESIAN_POINT('',(18.5195,23.5,-3.));
#5884 = SURFACE_CURVE('',#5885,(#5889,#5896),.PCURVE_S1.);
#5885 = LINE('',#5886,#5887);
#5886 = CARTESIAN_POINT('',(18.5195,0.,-3.));
#5887 = VECTOR('',#5888,1.);
#5888 = DIRECTION('',(0.,-1.,0.));
#5889 = PCURVE('',#5661,#5890);
#5890 = DEFINITIONAL_REPRESENTATION('',(#5891),#5895);
#5891 = LINE('',#5892,#5893);
#5892 = CARTESIAN_POINT('',(86.0195,26.5));
#5893 = VECTOR('',#5894,1.);
#5894 = DIRECTION('',(0.,-1.));
#5895 = ( GEOMETRIC_REPRESENTATION_CONTEXT(2) 
PARAMETRIC_REPRESENTATION_CONTEXT() REPRESENTATION_CONTEXT('2D SPACE',''
  ) );
#5896 = PCURVE('',#5897,#5902);
#5897 = PLANE('',#5898);
#5898 = AXIS2_PLACEMENT_3D('',#5899,#5900,#5901);
#5899 = CARTESIAN_POINT('',(18.5195,26.5,-13.824));
#5900 = DIRECTION('',(-1.,0.,0.));
#5901 = DIRECTION('',(0.,0.,1.));
#5902 = DEFINITIONAL_REPRESENTATION('',(#5903),#5906);
#5903 = B_SPLINE_CURVE_WITH_KNOTS('',1,(#5904,#5905),.UNSPECIFIED.,.F.,
  .F.,(2,2),(-25.5,-23.5),.PIECEWISE_BEZIER_KNOTS.);
#5904 = CARTESIAN_POINT('',(10.824,-1.));
#5905 = CARTESIAN_POINT('',(10.824,-3.));
#5906 = ( GEOMETRIC_REPRESENTATION_CONTEXT(2) 
PARAMETRIC_REPRESENTATION_CONTEXT() REPRESENTATION_CONTEXT('2D SPACE',''
  ) );
#5907 = ORIENTED_EDGE('',*,*,#5908,.T.);
#5908 = EDGE_CURVE('',#5882,#5909,#5911,.T.);
#5909 = VERTEX_POINT('',#5910);
#5910 = CARTESIAN_POINT('',(17.6195,23.5,-3.));
#5911 = SURFACE_CURVE('',#5912,(#5916,#5923),.PCURVE_S1.);
#5912 = LINE('',#5913,#5914);
#5913 = CARTESIAN_POINT('',(-33.75,23.5,-3.));
#5914 = VECTOR('',#5915,1.);
#5915 = DIRECTION('',(-1.,0.,0.));
#5916 = PCURVE('',#5661,#5917);
#5917 = DEFINITIONAL_REPRESENTATION('',(#5918),#5922);
#5918 = LINE('',#5919,#5920);
#5919 = CARTESIAN_POINT('',(33.75,50.));
#5920 = VECTOR('',#5921,1.);
#5921 = DIRECTION('',(-1.,0.));
#5922 = ( GEOMETRIC_REPRESENTATION_CONTEXT(2) 
PARAMETRIC_REPRESENTATION_CONTEXT() REPRESENTATION_CONTEXT('2D SPACE',''
  ) );
#5923 = PCURVE('',#5924,#5929);
#5924 = PLANE('',#5925);
#5925 = AXIS2_PLACEMENT_3D('',#5926,#5927,#5928);
#5926 = CARTESIAN_POINT('',(0.,23.5,-6.412));
#5927 = DIRECTION('',(0.,1.,0.));
#5928 = DIRECTION('',(0.,0.,1.));
#5929 = DEFINITIONAL_REPRESENTATION('',(#5930),#5934);
#5930 = LINE('',#5931,#5932);
#5931 = CARTESIAN_POINT('',(3.412,-33.75));
#5932 = VECTOR('',#5933,1.);
#5933 = DIRECTION('',(0.,-1.));
#5934 = ( GEOMETRIC_REPRESENTATION_CONTEXT(2) 
PARAMETRIC_REPRESENTATION_CONTEXT() REPRESENTATION_CONTEXT('2D SPACE',''
  ) );
#5935 = ORIENTED_EDGE('',*,*,#5936,.T.);
#5936 = EDGE_CURVE('',#5909,#5937,#5939,.T.);
#5937 = VERTEX_POINT('',#5938);
#5938 = CARTESIAN_POINT('',(17.6195,2.547,-3.));
#5939 = SURFACE_CURVE('',#5940,(#5944,#5951),.PCURVE_S1.);
#5940 = LINE('',#5941,#5942);
#5941 = CARTESIAN_POINT('',(17.6195,23.5,-3.));
#5942 = VECTOR('',#5943,1.);
#5943 = DIRECTION('',(-0.,-1.,-0.));
#5944 = PCURVE('',#5661,#5945);
#5945 = DEFINITIONAL_REPRESENTATION('',(#5946),#5950);
#5946 = LINE('',#5947,#5948);
#5947 = CARTESIAN_POINT('',(85.1195,50.));
#5948 = VECTOR('',#5949,1.);
#5949 = DIRECTION('',(0.,-1.));
#5950 = ( GEOMETRIC_REPRESENTATION_CONTEXT(2) 
PARAMETRIC_REPRESENTATION_CONTEXT() REPRESENTATION_CONTEXT('2D SPACE',''
  ) );
#5951 = PCURVE('',#5952,#5957);
#5952 = PLANE('',#5953);
#5953 = AXIS2_PLACEMENT_3D('',#5954,#5955,#5956);
#5954 = CARTESIAN_POINT('',(17.6195,23.5,-14.824));
#5955 = DIRECTION('',(-1.,0.,0.));
#5956 = DIRECTION('',(0.,0.,1.));
#5957 = DEFINITIONAL_REPRESENTATION('',(#5958),#5962);
#5958 = LINE('',#5959,#5960);
#5959 = CARTESIAN_POINT('',(11.824,0.));
#5960 = VECTOR('',#5961,1.);
#5961 = DIRECTION('',(0.,-1.));
#5962 = ( GEOMETRIC_REPRESENTATION_CONTEXT(2) 
PARAMETRIC_REPRESENTATION_CONTEXT() REPRESENTATION_CONTEXT('2D SPACE',''
  ) );
#5963 = ORIENTED_EDGE('',*,*,#5964,.F.);
#5964 = EDGE_CURVE('',#5965,#5937,#5967,.T.);
#5965 = VERTEX_POINT('',#5966);
#5966 = CARTESIAN_POINT('',(-17.6195,2.547,-3.));
#5967 = SURFACE_CURVE('',#5968,(#5972,#5979),.PCURVE_S1.);
#5968 = LINE('',#5969,#5970);
#5969 = CARTESIAN_POINT('',(-5.921189464668E-16,2.547,-3.));
#5970 = VECTOR('',#5971,1.);
#5971 = DIRECTION('',(1.,0.,0.));
#5972 = PCURVE('',#5661,#5973);
#5973 = DEFINITIONAL_REPRESENTATION('',(#5974),#5978);
#5974 = LINE('',#5975,#5976);
#5975 = CARTESIAN_POINT('',(67.5,29.047));
#5976 = VECTOR('',#5977,1.);
#5977 = DIRECTION('',(1.,0.));
#5978 = ( GEOMETRIC_REPRESENTATION_CONTEXT(2) 
PARAMETRIC_REPRESENTATION_CONTEXT() REPRESENTATION_CONTEXT('2D SPACE',''
  ) );
#5979 = PCURVE('',#5980,#5985);
#5980 = PLANE('',#5981);
#5981 = AXIS2_PLACEMENT_3D('',#5982,#5983,#5984);
#5982 = CARTESIAN_POINT('',(-5.921189464668E-16,2.547,-8.912));
#5983 = DIRECTION('',(0.,1.,0.));
#5984 = DIRECTION('',(0.,0.,1.));
#5985 = DEFINITIONAL_REPRESENTATION('',(#5986),#5990);
#5986 = LINE('',#5987,#5988);
#5987 = CARTESIAN_POINT('',(5.912,0.));
#5988 = VECTOR('',#5989,1.);
#5989 = DIRECTION('',(0.,1.));
#5990 = ( GEOMETRIC_REPRESENTATION_CONTEXT(2) 
PARAMETRIC_REPRESENTATION_CONTEXT() REPRESENTATION_CONTEXT('2D SPACE',''
  ) );
#5991 = ORIENTED_EDGE('',*,*,#5992,.F.);
#5992 = EDGE_CURVE('',#5993,#5965,#5995,.T.);
#5993 = VERTEX_POINT('',#5994);
#5994 = CARTESIAN_POINT('',(-17.6195,23.5,-3.));
#5995 = SURFACE_CURVE('',#5996,(#6000,#6007),.PCURVE_S1.);
#5996 = LINE('',#5997,#5998);
#5997 = CARTESIAN_POINT('',(-17.6195,23.5,-3.));
#5998 = VECTOR('',#5999,1.);
#5999 = DIRECTION('',(-0.,-1.,-0.));
#6000 = PCURVE('',#5661,#6001);
#6001 = DEFINITIONAL_REPRESENTATION('',(#6002),#6006);
#6002 = LINE('',#6003,#6004);
#6003 = CARTESIAN_POINT('',(49.8805,50.));
#6004 = VECTOR('',#6005,1.);
#6005 = DIRECTION('',(0.,-1.));
#6006 = ( GEOMETRIC_REPRESENTATION_CONTEXT(2) 
PARAMETRIC_REPRESENTATION_CONTEXT() REPRESENTATION_CONTEXT('2D SPACE',''
  ) );
#6007 = PCURVE('',#6008,#6013);
#6008 = PLANE('',#6009);
#6009 = AXIS2_PLACEMENT_3D('',#6010,#6011,#6012);
#6010 = CARTESIAN_POINT('',(-17.6195,23.5,-14.824));
#6011 = DIRECTION('',(-1.,0.,0.));
#6012 = DIRECTION('',(0.,0.,1.));
#6013 = DEFINITIONAL_REPRESENTATION('',(#6014),#6018);
#6014 = LINE('',#6015,#6016);
#6015 = CARTESIAN_POINT('',(11.824,0.));
#6016 = VECTOR('',#6017,1.);
#6017 = DIRECTION('',(0.,-1.));
#6018 = ( GEOMETRIC_REPRESENTATION_CONTEXT(2) 
PARAMETRIC_REPRESENTATION_CONTEXT() REPRESENTATION_CONTEXT('2D SPACE',''
  ) );
#6019 = ORIENTED_EDGE('',*,*,#6020,.T.);
#6020 = EDGE_CURVE('',#5993,#6021,#6023,.T.);
#6021 = VERTEX_POINT('',#6022);
#6022 = CARTESIAN_POINT('',(-18.5195,23.5,-3.));
#6023 = SURFACE_CURVE('',#6024,(#6028,#6035),.PCURVE_S1.);
#6024 = LINE('',#6025,#6026);
#6025 = CARTESIAN_POINT('',(-33.75,23.5,-3.));
#6026 = VECTOR('',#6027,1.);
#6027 = DIRECTION('',(-1.,0.,0.));
#6028 = PCURVE('',#5661,#6029);
#6029 = DEFINITIONAL_REPRESENTATION('',(#6030),#6034);
#6030 = LINE('',#6031,#6032);
#6031 = CARTESIAN_POINT('',(33.75,50.));
#6032 = VECTOR('',#6033,1.);
#6033 = DIRECTION('',(-1.,0.));
#6034 = ( GEOMETRIC_REPRESENTATION_CONTEXT(2) 
PARAMETRIC_REPRESENTATION_CONTEXT() REPRESENTATION_CONTEXT('2D SPACE',''
  ) );
#6035 = PCURVE('',#5924,#6036);
#6036 = DEFINITIONAL_REPRESENTATION('',(#6037),#6041);
#6037 = LINE('',#6038,#6039);
#6038 = CARTESIAN_POINT('',(3.412,-33.75));
#6039 = VECTOR('',#6040,1.);
#6040 = DIRECTION('',(0.,-1.));
#6041 = ( GEOMETRIC_REPRESENTATION_CONTEXT(2) 
PARAMETRIC_REPRESENTATION_CONTEXT() REPRESENTATION_CONTEXT('2D SPACE',''
  ) );
#6042 = ORIENTED_EDGE('',*,*,#6043,.F.);
#6043 = EDGE_CURVE('',#6044,#6021,#6046,.T.);
#6044 = VERTEX_POINT('',#6045);
#6045 = CARTESIAN_POINT('',(-18.5195,25.5,-3.));
#6046 = SURFACE_CURVE('',#6047,(#6051,#6058),.PCURVE_S1.);
#6047 = LINE('',#6048,#6049);
#6048 = CARTESIAN_POINT('',(-18.5195,0.,-3.));
#6049 = VECTOR('',#6050,1.);
#6050 = DIRECTION('',(0.,-1.,0.));
#6051 = PCURVE('',#5661,#6052);
#6052 = DEFINITIONAL_REPRESENTATION('',(#6053),#6057);
#6053 = LINE('',#6054,#6055);
#6054 = CARTESIAN_POINT('',(48.9805,26.5));
#6055 = VECTOR('',#6056,1.);
#6056 = DIRECTION('',(0.,-1.));
#6057 = ( GEOMETRIC_REPRESENTATION_CONTEXT(2) 
PARAMETRIC_REPRESENTATION_CONTEXT() REPRESENTATION_CONTEXT('2D SPACE',''
  ) );
#6058 = PCURVE('',#6059,#6064);
#6059 = PLANE('',#6060);
#6060 = AXIS2_PLACEMENT_3D('',#6061,#6062,#6063);
#6061 = CARTESIAN_POINT('',(-18.5195,26.5,-13.824));
#6062 = DIRECTION('',(-1.,0.,0.));
#6063 = DIRECTION('',(0.,0.,1.));
#6064 = DEFINITIONAL_REPRESENTATION('',(#6065),#6068);
#6065 = B_SPLINE_CURVE_WITH_KNOTS('',1,(#6066,#6067),.UNSPECIFIED.,.F.,
  .F.,(2,2),(-25.5,-23.5),.PIECEWISE_BEZIER_KNOTS.);
#6066 = CARTESIAN_POINT('',(10.824,-1.));
#6067 = CARTESIAN_POINT('',(10.824,-3.));
#6068 = ( GEOMETRIC_REPRESENTATION_CONTEXT(2) 
PARAMETRIC_REPRESENTATION_CONTEXT() REPRESENTATION_CONTEXT('2D SPACE',''
  ) );
#6069 = ORIENTED_EDGE('',*,*,#6070,.F.);
#6070 = EDGE_CURVE('',#5653,#6044,#6071,.T.);
#6071 = SURFACE_CURVE('',#6072,(#6076,#6083),.PCURVE_S1.);
#6072 = LINE('',#6073,#6074);
#6073 = CARTESIAN_POINT('',(-67.5,25.5,-3.));
#6074 = VECTOR('',#6075,1.);
#6075 = DIRECTION('',(1.,0.,0.));
#6076 = PCURVE('',#5661,#6077);
#6077 = DEFINITIONAL_REPRESENTATION('',(#6078),#6082);
#6078 = LINE('',#6079,#6080);
#6079 = CARTESIAN_POINT('',(0.,52.));
#6080 = VECTOR('',#6081,1.);
#6081 = DIRECTION('',(1.,0.));
#6082 = ( GEOMETRIC_REPRESENTATION_CONTEXT(2) 
PARAMETRIC_REPRESENTATION_CONTEXT() REPRESENTATION_CONTEXT('2D SPACE',''
  ) );
#6083 = PCURVE('',#6084,#6089);
#6084 = PLANE('',#6085);
#6085 = AXIS2_PLACEMENT_3D('',#6086,#6087,#6088);
#6086 = CARTESIAN_POINT('',(-67.5,25.5,-12.824));
#6087 = DIRECTION('',(0.,1.,0.));
#6088 = DIRECTION('',(0.,0.,1.));
#6089 = DEFINITIONAL_REPRESENTATION('',(#6090),#6094);
#6090 = LINE('',#6091,#6092);
#6091 = CARTESIAN_POINT('',(9.824,0.));
#6092 = VECTOR('',#6093,1.);
#6093 = DIRECTION('',(0.,1.));
#6094 = ( GEOMETRIC_REPRESENTATION_CONTEXT(2) 
PARAMETRIC_REPRESENTATION_CONTEXT() REPRESENTATION_CONTEXT('2D SPACE',''
  ) );
#6095 = FACE_BOUND('',#6096,.F.);
#6096 = EDGE_LOOP('',(#6097));
#6097 = ORIENTED_EDGE('',*,*,#6098,.T.);
#6098 = EDGE_CURVE('',#6099,#6099,#6101,.T.);
#6099 = VERTEX_POINT('',#6100);
#6100 = CARTESIAN_POINT('',(-50.,-11.5,-3.));
#6101 = SURFACE_CURVE('',#6102,(#6107,#6118),.PCURVE_S1.);
#6102 = CIRCLE('',#6103,2.5);
#6103 = AXIS2_PLACEMENT_3D('',#6104,#6105,#6106);
#6104 = CARTESIAN_POINT('',(-52.5,-11.5,-3.));
#6105 = DIRECTION('',(0.,0.,-1.));
#6106 = DIRECTION('',(1.,0.,0.));
#6107 = PCURVE('',#5661,#6108);
#6108 = DEFINITIONAL_REPRESENTATION('',(#6109),#6117);
#6109 = ( BOUNDED_CURVE() B_SPLINE_CURVE(2,(#6110,#6111,#6112,#6113,
#6114,#6115,#6116),.UNSPECIFIED.,.T.,.F.) B_SPLINE_CURVE_WITH_KNOTS((1,2
    ,2,2,2,1),(-2.094395102393,0.,2.094395102393,4.188790204786,
6.28318530718,8.377580409573),.UNSPECIFIED.) CURVE() 
GEOMETRIC_REPRESENTATION_ITEM() RATIONAL_B_SPLINE_CURVE((1.,0.5,1.,0.5,
1.,0.5,1.)) REPRESENTATION_ITEM('') );
#6110 = CARTESIAN_POINT('',(17.5,15.));
#6111 = CARTESIAN_POINT('',(17.5,10.669872981078));
#6112 = CARTESIAN_POINT('',(13.75,12.834936490539));
#6113 = CARTESIAN_POINT('',(10.,15.));
#6114 = CARTESIAN_POINT('',(13.75,17.165063509461));
#6115 = CARTESIAN_POINT('',(17.5,19.330127018922));
#6116 = CARTESIAN_POINT('',(17.5,15.));
#6117 = ( GEOMETRIC_REPRESENTATION_CONTEXT(2) 
PARAMETRIC_REPRESENTATION_CONTEXT() REPRESENTATION_CONTEXT('2D SPACE',''
  ) );
#6118 = PCURVE('',#6119,#6124);
#6119 = CYLINDRICAL_SURFACE('',#6120,2.5);
#6120 = AXIS2_PLACEMENT_3D('',#6121,#6122,#6123);
#6121 = CARTESIAN_POINT('',(-52.5,-11.5,-3.));
#6122 = DIRECTION('',(-0.,-0.,1.));
#6123 = DIRECTION('',(1.,0.,0.));
#6124 = DEFINITIONAL_REPRESENTATION('',(#6125),#6129);
#6125 = LINE('',#6126,#6127);
#6126 = CARTESIAN_POINT('',(-0.,0.));
#6127 = VECTOR('',#6128,1.);
#6128 = DIRECTION('',(-1.,0.));
#6129 = ( GEOMETRIC_REPRESENTATION_CONTEXT(2) 
PARAMETRIC_REPRESENTATION_CONTEXT() REPRESENTATION_CONTEXT('2D SPACE',''
  ) );
#6130 = FACE_BOUND('',#6131,.F.);
#6131 = EDGE_LOOP('',(#6132));
#6132 = ORIENTED_EDGE('',*,*,#6133,.T.);
#6133 = EDGE_CURVE('',#6134,#6134,#6136,.T.);
#6134 = VERTEX_POINT('',#6135);
#6135 = CARTESIAN_POINT('',(4.,-11.5,-3.));
#6136 = SURFACE_CURVE('',#6137,(#6142,#6153),.PCURVE_S1.);
#6137 = CIRCLE('',#6138,4.);
#6138 = AXIS2_PLACEMENT_3D('',#6139,#6140,#6141);
#6139 = CARTESIAN_POINT('',(3.204641703779E-15,-11.5,-3.));
#6140 = DIRECTION('',(0.,0.,-1.));
#6141 = DIRECTION('',(1.,0.,0.));
#6142 = PCURVE('',#5661,#6143);
#6143 = DEFINITIONAL_REPRESENTATION('',(#6144),#6152);
#6144 = ( BOUNDED_CURVE() B_SPLINE_CURVE(2,(#6145,#6146,#6147,#6148,
#6149,#6150,#6151),.UNSPECIFIED.,.T.,.F.) B_SPLINE_CURVE_WITH_KNOTS((1,2
    ,2,2,2,1),(-2.094395102393,0.,2.094395102393,4.188790204786,
6.28318530718,8.377580409573),.UNSPECIFIED.) CURVE() 
GEOMETRIC_REPRESENTATION_ITEM() RATIONAL_B_SPLINE_CURVE((1.,0.5,1.,0.5,
1.,0.5,1.)) REPRESENTATION_ITEM('') );
#6145 = CARTESIAN_POINT('',(71.5,15.));
#6146 = CARTESIAN_POINT('',(71.5,8.071796769724));
#6147 = CARTESIAN_POINT('',(65.5,11.535898384862));
#6148 = CARTESIAN_POINT('',(59.5,15.));
#6149 = CARTESIAN_POINT('',(65.5,18.464101615138));
#6150 = CARTESIAN_POINT('',(71.5,21.928203230276));
#6151 = CARTESIAN_POINT('',(71.5,15.));
#6152 = ( GEOMETRIC_REPRESENTATION_CONTEXT(2) 
PARAMETRIC_REPRESENTATION_CONTEXT() REPRESENTATION_CONTEXT('2D SPACE',''
  ) );
#6153 = PCURVE('',#6154,#6159);
#6154 = CYLINDRICAL_SURFACE('',#6155,4.);
#6155 = AXIS2_PLACEMENT_3D('',#6156,#6157,#6158);
#6156 = CARTESIAN_POINT('',(3.204641703779E-15,-11.5,-3.));
#6157 = DIRECTION('',(-0.,-0.,1.));
#6158 = DIRECTION('',(1.,0.,0.));
#6159 = DEFINITIONAL_REPRESENTATION('',(#6160),#6164);
#6160 = LINE('',#6161,#6162);
#6161 = CARTESIAN_POINT('',(-0.,0.));
#6162 = VECTOR('',#6163,1.);
#6163 = DIRECTION('',(-1.,0.));
#6164 = ( GEOMETRIC_REPRESENTATION_CONTEXT(2) 
PARAMETRIC_REPRESENTATION_CONTEXT() REPRESENTATION_CONTEXT('2D SPACE',''
  ) );
#6165 = FACE_BOUND('',#6166,.F.);
#6166 = EDGE_LOOP('',(#6167));
#6167 = ORIENTED_EDGE('',*,*,#6168,.T.);
#6168 = EDGE_CURVE('',#6169,#6169,#6171,.T.);
#6169 = VERTEX_POINT('',#6170);
#6170 = CARTESIAN_POINT('',(55.,-11.5,-3.));
#6171 = SURFACE_CURVE('',#6172,(#6177,#6188),.PCURVE_S1.);
#6172 = CIRCLE('',#6173,2.5);
#6173 = AXIS2_PLACEMENT_3D('',#6174,#6175,#6176);
#6174 = CARTESIAN_POINT('',(52.5,-11.5,-3.));
#6175 = DIRECTION('',(0.,0.,-1.));
#6176 = DIRECTION('',(1.,0.,0.));
#6177 = PCURVE('',#5661,#6178);
#6178 = DEFINITIONAL_REPRESENTATION('',(#6179),#6187);
#6179 = ( BOUNDED_CURVE() B_SPLINE_CURVE(2,(#6180,#6181,#6182,#6183,
#6184,#6185,#6186),.UNSPECIFIED.,.T.,.F.) B_SPLINE_CURVE_WITH_KNOTS((1,2
    ,2,2,2,1),(-2.094395102393,0.,2.094395102393,4.188790204786,
6.28318530718,8.377580409573),.UNSPECIFIED.) CURVE() 
GEOMETRIC_REPRESENTATION_ITEM() RATIONAL_B_SPLINE_CURVE((1.,0.5,1.,0.5,
1.,0.5,1.)) REPRESENTATION_ITEM('') );
#6180 = CARTESIAN_POINT('',(122.5,15.));
#6181 = CARTESIAN_POINT('',(122.5,10.669872981078));
#6182 = CARTESIAN_POINT('',(118.75,12.834936490539));
#6183 = CARTESIAN_POINT('',(115.,15.));
#6184 = CARTESIAN_POINT('',(118.75,17.165063509461));
#6185 = CARTESIAN_POINT('',(122.5,19.330127018922));
#6186 = CARTESIAN_POINT('',(122.5,15.));
#6187 = ( GEOMETRIC_REPRESENTATION_CONTEXT(2) 
PARAMETRIC_REPRESENTATION_CONTEXT() REPRESENTATION_CONTEXT('2D SPACE',''
  ) );
#6188 = PCURVE('',#6189,#6194);
#6189 = CYLINDRICAL_SURFACE('',#6190,2.5);
#6190 = AXIS2_PLACEMENT_3D('',#6191,#6192,#6193);
#6191 = CARTESIAN_POINT('',(52.5,-11.5,-3.));
#6192 = DIRECTION('',(-0.,-0.,1.));
#6193 = DIRECTION('',(1.,0.,0.));
#6194 = DEFINITIONAL_REPRESENTATION('',(#6195),#6199);
#6195 = LINE('',#6196,#6197);
#6196 = CARTESIAN_POINT('',(-0.,0.));
#6197 = VECTOR('',#6198,1.);
#6198 = DIRECTION('',(-1.,0.));
#6199 = ( GEOMETRIC_REPRESENTATION_CONTEXT(2) 
PARAMETRIC_REPRESENTATION_CONTEXT() REPRESENTATION_CONTEXT('2D SPACE',''
  ) );
#6200 = FACE_BOUND('',#6201,.F.);
#6201 = EDGE_LOOP('',(#6202,#6237,#6265,#6298,#6326,#6354,#6387,#6415,
    #6443,#6471,#6504,#6532,#6560,#6588,#6621,#6649,#6677));
#6202 = ORIENTED_EDGE('',*,*,#6203,.T.);
#6203 = EDGE_CURVE('',#6204,#6206,#6208,.T.);
#6204 = VERTEX_POINT('',#6205);
#6205 = CARTESIAN_POINT('',(39.,-1.5839202169,-3.));
#6206 = VERTEX_POINT('',#6207);
#6207 = CARTESIAN_POINT('',(43.9160797831,-6.5,-3.));
#6208 = SURFACE_CURVE('',#6209,(#6214,#6225),.PCURVE_S1.);
#6209 = CIRCLE('',#6210,6.);
#6210 = AXIS2_PLACEMENT_3D('',#6211,#6212,#6213);
#6211 = CARTESIAN_POINT('',(38.,-7.5,-3.));
#6212 = DIRECTION('',(0.,0.,-1.));
#6213 = DIRECTION('',(1.,0.,0.));
#6214 = PCURVE('',#5661,#6215);
#6215 = DEFINITIONAL_REPRESENTATION('',(#6216),#6224);
#6216 = ( BOUNDED_CURVE() B_SPLINE_CURVE(2,(#6217,#6218,#6219,#6220,
#6221,#6222,#6223),.UNSPECIFIED.,.T.,.F.) B_SPLINE_CURVE_WITH_KNOTS((1,2
    ,2,2,2,1),(-2.094395102393,0.,2.094395102393,4.188790204786,
6.28318530718,8.377580409573),.UNSPECIFIED.) CURVE() 
GEOMETRIC_REPRESENTATION_ITEM() RATIONAL_B_SPLINE_CURVE((1.,0.5,1.,0.5,
1.,0.5,1.)) REPRESENTATION_ITEM('') );
#6217 = CARTESIAN_POINT('',(111.5,19.));
#6218 = CARTESIAN_POINT('',(111.5,8.607695154587));
#6219 = CARTESIAN_POINT('',(102.5,13.803847577293));
#6220 = CARTESIAN_POINT('',(93.5,19.));
#6221 = CARTESIAN_POINT('',(102.5,24.196152422707));
#6222 = CARTESIAN_POINT('',(111.5,29.392304845413));
#6223 = CARTESIAN_POINT('',(111.5,19.));
#6224 = ( GEOMETRIC_REPRESENTATION_CONTEXT(2) 
PARAMETRIC_REPRESENTATION_CONTEXT() REPRESENTATION_CONTEXT('2D SPACE',''
  ) );
#6225 = PCURVE('',#6226,#6231);
#6226 = CYLINDRICAL_SURFACE('',#6227,6.);
#6227 = AXIS2_PLACEMENT_3D('',#6228,#6229,#6230);
#6228 = CARTESIAN_POINT('',(38.,-7.5,-3.));
#6229 = DIRECTION('',(-0.,-0.,1.));
#6230 = DIRECTION('',(1.,0.,0.));
#6231 = DEFINITIONAL_REPRESENTATION('',(#6232),#6236);
#6232 = LINE('',#6233,#6234);
#6233 = CARTESIAN_POINT('',(-0.,0.));
#6234 = VECTOR('',#6235,1.);
#6235 = DIRECTION('',(-1.,0.));
#6236 = ( GEOMETRIC_REPRESENTATION_CONTEXT(2) 
PARAMETRIC_REPRESENTATION_CONTEXT() REPRESENTATION_CONTEXT('2D SPACE',''
  ) );
#6237 = ORIENTED_EDGE('',*,*,#6238,.F.);
#6238 = EDGE_CURVE('',#6239,#6206,#6241,.T.);
#6239 = VERTEX_POINT('',#6240);
#6240 = CARTESIAN_POINT('',(42.898979485566,-6.5,-3.));
#6241 = SURFACE_CURVE('',#6242,(#6246,#6253),.PCURVE_S1.);
#6242 = LINE('',#6243,#6244);
#6243 = CARTESIAN_POINT('',(38.,-6.5,-3.));
#6244 = VECTOR('',#6245,1.);
#6245 = DIRECTION('',(1.,0.,0.));
#6246 = PCURVE('',#5661,#6247);
#6247 = DEFINITIONAL_REPRESENTATION('',(#6248),#6252);
#6248 = LINE('',#6249,#6250);
#6249 = CARTESIAN_POINT('',(105.5,20.));
#6250 = VECTOR('',#6251,1.);
#6251 = DIRECTION('',(1.,0.));
#6252 = ( GEOMETRIC_REPRESENTATION_CONTEXT(2) 
PARAMETRIC_REPRESENTATION_CONTEXT() REPRESENTATION_CONTEXT('2D SPACE',''
  ) );
#6253 = PCURVE('',#6254,#6259);
#6254 = PLANE('',#6255);
#6255 = AXIS2_PLACEMENT_3D('',#6256,#6257,#6258);
#6256 = CARTESIAN_POINT('',(39.,-6.5,-3.));
#6257 = DIRECTION('',(0.,-1.,0.));
#6258 = DIRECTION('',(1.,0.,0.));
#6259 = DEFINITIONAL_REPRESENTATION('',(#6260),#6264);
#6260 = LINE('',#6261,#6262);
#6261 = CARTESIAN_POINT('',(-1.,0.));
#6262 = VECTOR('',#6263,1.);
#6263 = DIRECTION('',(1.,0.));
#6264 = ( GEOMETRIC_REPRESENTATION_CONTEXT(2) 
PARAMETRIC_REPRESENTATION_CONTEXT() REPRESENTATION_CONTEXT('2D SPACE',''
  ) );
#6265 = ORIENTED_EDGE('',*,*,#6266,.T.);
#6266 = EDGE_CURVE('',#6239,#6267,#6269,.T.);
#6267 = VERTEX_POINT('',#6268);
#6268 = CARTESIAN_POINT('',(43.,-7.5,-3.));
#6269 = SURFACE_CURVE('',#6270,(#6275,#6286),.PCURVE_S1.);
#6270 = CIRCLE('',#6271,5.);
#6271 = AXIS2_PLACEMENT_3D('',#6272,#6273,#6274);
#6272 = CARTESIAN_POINT('',(38.,-7.5,-3.));
#6273 = DIRECTION('',(0.,0.,-1.));
#6274 = DIRECTION('',(1.,0.,0.));
#6275 = PCURVE('',#5661,#6276);
#6276 = DEFINITIONAL_REPRESENTATION('',(#6277),#6285);
#6277 = ( BOUNDED_CURVE() B_SPLINE_CURVE(2,(#6278,#6279,#6280,#6281,
#6282,#6283,#6284),.UNSPECIFIED.,.T.,.F.) B_SPLINE_CURVE_WITH_KNOTS((1,2
    ,2,2,2,1),(-2.094395102393,0.,2.094395102393,4.188790204786,
6.28318530718,8.377580409573),.UNSPECIFIED.) CURVE() 
GEOMETRIC_REPRESENTATION_ITEM() RATIONAL_B_SPLINE_CURVE((1.,0.5,1.,0.5,
1.,0.5,1.)) REPRESENTATION_ITEM('') );
#6278 = CARTESIAN_POINT('',(110.5,19.));
#6279 = CARTESIAN_POINT('',(110.5,10.339745962156));
#6280 = CARTESIAN_POINT('',(103.,14.669872981078));
#6281 = CARTESIAN_POINT('',(95.5,19.));
#6282 = CARTESIAN_POINT('',(103.,23.330127018922));
#6283 = CARTESIAN_POINT('',(110.5,27.660254037844));
#6284 = CARTESIAN_POINT('',(110.5,19.));
#6285 = ( GEOMETRIC_REPRESENTATION_CONTEXT(2) 
PARAMETRIC_REPRESENTATION_CONTEXT() REPRESENTATION_CONTEXT('2D SPACE',''
  ) );
#6286 = PCURVE('',#6287,#6292);
#6287 = CYLINDRICAL_SURFACE('',#6288,5.);
#6288 = AXIS2_PLACEMENT_3D('',#6289,#6290,#6291);
#6289 = CARTESIAN_POINT('',(38.,-7.5,-3.));
#6290 = DIRECTION('',(0.,0.,-1.));
#6291 = DIRECTION('',(1.,0.,0.));
#6292 = DEFINITIONAL_REPRESENTATION('',(#6293),#6297);
#6293 = LINE('',#6294,#6295);
#6294 = CARTESIAN_POINT('',(0.,0.));
#6295 = VECTOR('',#6296,1.);
#6296 = DIRECTION('',(1.,0.));
#6297 = ( GEOMETRIC_REPRESENTATION_CONTEXT(2) 
PARAMETRIC_REPRESENTATION_CONTEXT() REPRESENTATION_CONTEXT('2D SPACE',''
  ) );
#6298 = ORIENTED_EDGE('',*,*,#6299,.T.);
#6299 = EDGE_CURVE('',#6267,#6300,#6302,.T.);
#6300 = VERTEX_POINT('',#6301);
#6301 = CARTESIAN_POINT('',(42.898979485566,-8.5,-3.));
#6302 = SURFACE_CURVE('',#6303,(#6308,#6319),.PCURVE_S1.);
#6303 = CIRCLE('',#6304,5.);
#6304 = AXIS2_PLACEMENT_3D('',#6305,#6306,#6307);
#6305 = CARTESIAN_POINT('',(38.,-7.5,-3.));
#6306 = DIRECTION('',(0.,0.,-1.));
#6307 = DIRECTION('',(1.,0.,0.));
#6308 = PCURVE('',#5661,#6309);
#6309 = DEFINITIONAL_REPRESENTATION('',(#6310),#6318);
#6310 = ( BOUNDED_CURVE() B_SPLINE_CURVE(2,(#6311,#6312,#6313,#6314,
#6315,#6316,#6317),.UNSPECIFIED.,.T.,.F.) B_SPLINE_CURVE_WITH_KNOTS((1,2
    ,2,2,2,1),(-2.094395102393,0.,2.094395102393,4.188790204786,
6.28318530718,8.377580409573),.UNSPECIFIED.) CURVE() 
GEOMETRIC_REPRESENTATION_ITEM() RATIONAL_B_SPLINE_CURVE((1.,0.5,1.,0.5,
1.,0.5,1.)) REPRESENTATION_ITEM('') );
#6311 = CARTESIAN_POINT('',(110.5,19.));
#6312 = CARTESIAN_POINT('',(110.5,10.339745962156));
#6313 = CARTESIAN_POINT('',(103.,14.669872981078));
#6314 = CARTESIAN_POINT('',(95.5,19.));
#6315 = CARTESIAN_POINT('',(103.,23.330127018922));
#6316 = CARTESIAN_POINT('',(110.5,27.660254037844));
#6317 = CARTESIAN_POINT('',(110.5,19.));
#6318 = ( GEOMETRIC_REPRESENTATION_CONTEXT(2) 
PARAMETRIC_REPRESENTATION_CONTEXT() REPRESENTATION_CONTEXT('2D SPACE',''
  ) );
#6319 = PCURVE('',#6287,#6320);
#6320 = DEFINITIONAL_REPRESENTATION('',(#6321),#6325);
#6321 = LINE('',#6322,#6323);
#6322 = CARTESIAN_POINT('',(0.,0.));
#6323 = VECTOR('',#6324,1.);
#6324 = DIRECTION('',(1.,0.));
#6325 = ( GEOMETRIC_REPRESENTATION_CONTEXT(2) 
PARAMETRIC_REPRESENTATION_CONTEXT() REPRESENTATION_CONTEXT('2D SPACE',''
  ) );
#6326 = ORIENTED_EDGE('',*,*,#6327,.T.);
#6327 = EDGE_CURVE('',#6300,#6328,#6330,.T.);
#6328 = VERTEX_POINT('',#6329);
#6329 = CARTESIAN_POINT('',(43.9160797831,-8.5,-3.));
#6330 = SURFACE_CURVE('',#6331,(#6335,#6342),.PCURVE_S1.);
#6331 = LINE('',#6332,#6333);
#6332 = CARTESIAN_POINT('',(38.,-8.5,-3.));
#6333 = VECTOR('',#6334,1.);
#6334 = DIRECTION('',(1.,0.,0.));
#6335 = PCURVE('',#5661,#6336);
#6336 = DEFINITIONAL_REPRESENTATION('',(#6337),#6341);
#6337 = LINE('',#6338,#6339);
#6338 = CARTESIAN_POINT('',(105.5,18.));
#6339 = VECTOR('',#6340,1.);
#6340 = DIRECTION('',(1.,0.));
#6341 = ( GEOMETRIC_REPRESENTATION_CONTEXT(2) 
PARAMETRIC_REPRESENTATION_CONTEXT() REPRESENTATION_CONTEXT('2D SPACE',''
  ) );
#6342 = PCURVE('',#6343,#6348);
#6343 = PLANE('',#6344);
#6344 = AXIS2_PLACEMENT_3D('',#6345,#6346,#6347);
#6345 = CARTESIAN_POINT('',(39.,-8.5,-3.));
#6346 = DIRECTION('',(0.,-1.,0.));
#6347 = DIRECTION('',(1.,0.,0.));
#6348 = DEFINITIONAL_REPRESENTATION('',(#6349),#6353);
#6349 = LINE('',#6350,#6351);
#6350 = CARTESIAN_POINT('',(-1.,0.));
#6351 = VECTOR('',#6352,1.);
#6352 = DIRECTION('',(1.,0.));
#6353 = ( GEOMETRIC_REPRESENTATION_CONTEXT(2) 
PARAMETRIC_REPRESENTATION_CONTEXT() REPRESENTATION_CONTEXT('2D SPACE',''
  ) );
#6354 = ORIENTED_EDGE('',*,*,#6355,.T.);
#6355 = EDGE_CURVE('',#6328,#6356,#6358,.T.);
#6356 = VERTEX_POINT('',#6357);
#6357 = CARTESIAN_POINT('',(39.,-13.4160797831,-3.));
#6358 = SURFACE_CURVE('',#6359,(#6364,#6375),.PCURVE_S1.);
#6359 = CIRCLE('',#6360,6.);
#6360 = AXIS2_PLACEMENT_3D('',#6361,#6362,#6363);
#6361 = CARTESIAN_POINT('',(38.,-7.5,-3.));
#6362 = DIRECTION('',(0.,0.,-1.));
#6363 = DIRECTION('',(1.,0.,0.));
#6364 = PCURVE('',#5661,#6365);
#6365 = DEFINITIONAL_REPRESENTATION('',(#6366),#6374);
#6366 = ( BOUNDED_CURVE() B_SPLINE_CURVE(2,(#6367,#6368,#6369,#6370,
#6371,#6372,#6373),.UNSPECIFIED.,.T.,.F.) B_SPLINE_CURVE_WITH_KNOTS((1,2
    ,2,2,2,1),(-2.094395102393,0.,2.094395102393,4.188790204786,
6.28318530718,8.377580409573),.UNSPECIFIED.) CURVE() 
GEOMETRIC_REPRESENTATION_ITEM() RATIONAL_B_SPLINE_CURVE((1.,0.5,1.,0.5,
1.,0.5,1.)) REPRESENTATION_ITEM('') );
#6367 = CARTESIAN_POINT('',(111.5,19.));
#6368 = CARTESIAN_POINT('',(111.5,8.607695154587));
#6369 = CARTESIAN_POINT('',(102.5,13.803847577293));
#6370 = CARTESIAN_POINT('',(93.5,19.));
#6371 = CARTESIAN_POINT('',(102.5,24.196152422707));
#6372 = CARTESIAN_POINT('',(111.5,29.392304845413));
#6373 = CARTESIAN_POINT('',(111.5,19.));
#6374 = ( GEOMETRIC_REPRESENTATION_CONTEXT(2) 
PARAMETRIC_REPRESENTATION_CONTEXT() REPRESENTATION_CONTEXT('2D SPACE',''
  ) );
#6375 = PCURVE('',#6376,#6381);
#6376 = CYLINDRICAL_SURFACE('',#6377,6.);
#6377 = AXIS2_PLACEMENT_3D('',#6378,#6379,#6380);
#6378 = CARTESIAN_POINT('',(38.,-7.5,-3.));
#6379 = DIRECTION('',(-0.,-0.,1.));
#6380 = DIRECTION('',(1.,0.,0.));
#6381 = DEFINITIONAL_REPRESENTATION('',(#6382),#6386);
#6382 = LINE('',#6383,#6384);
#6383 = CARTESIAN_POINT('',(-0.,0.));
#6384 = VECTOR('',#6385,1.);
#6385 = DIRECTION('',(-1.,0.));
#6386 = ( GEOMETRIC_REPRESENTATION_CONTEXT(2) 
PARAMETRIC_REPRESENTATION_CONTEXT() REPRESENTATION_CONTEXT('2D SPACE',''
  ) );
#6387 = ORIENTED_EDGE('',*,*,#6388,.F.);
#6388 = EDGE_CURVE('',#6389,#6356,#6391,.T.);
#6389 = VERTEX_POINT('',#6390);
#6390 = CARTESIAN_POINT('',(39.,-12.39897948556,-3.));
#6391 = SURFACE_CURVE('',#6392,(#6396,#6403),.PCURVE_S1.);
#6392 = LINE('',#6393,#6394);
#6393 = CARTESIAN_POINT('',(39.,-7.5,-3.));
#6394 = VECTOR('',#6395,1.);
#6395 = DIRECTION('',(0.,-1.,0.));
#6396 = PCURVE('',#5661,#6397);
#6397 = DEFINITIONAL_REPRESENTATION('',(#6398),#6402);
#6398 = LINE('',#6399,#6400);
#6399 = CARTESIAN_POINT('',(106.5,19.));
#6400 = VECTOR('',#6401,1.);
#6401 = DIRECTION('',(0.,-1.));
#6402 = ( GEOMETRIC_REPRESENTATION_CONTEXT(2) 
PARAMETRIC_REPRESENTATION_CONTEXT() REPRESENTATION_CONTEXT('2D SPACE',''
  ) );
#6403 = PCURVE('',#6404,#6409);
#6404 = PLANE('',#6405);
#6405 = AXIS2_PLACEMENT_3D('',#6406,#6407,#6408);
#6406 = CARTESIAN_POINT('',(39.,-8.5,-3.));
#6407 = DIRECTION('',(-1.,0.,0.));
#6408 = DIRECTION('',(0.,-1.,0.));
#6409 = DEFINITIONAL_REPRESENTATION('',(#6410),#6414);
#6410 = LINE('',#6411,#6412);
#6411 = CARTESIAN_POINT('',(-1.,0.));
#6412 = VECTOR('',#6413,1.);
#6413 = DIRECTION('',(1.,0.));
#6414 = ( GEOMETRIC_REPRESENTATION_CONTEXT(2) 
PARAMETRIC_REPRESENTATION_CONTEXT() REPRESENTATION_CONTEXT('2D SPACE',''
  ) );
#6415 = ORIENTED_EDGE('',*,*,#6416,.T.);
#6416 = EDGE_CURVE('',#6389,#6417,#6419,.T.);
#6417 = VERTEX_POINT('',#6418);
#6418 = CARTESIAN_POINT('',(37.,-12.39897948556,-3.));
#6419 = SURFACE_CURVE('',#6420,(#6425,#6436),.PCURVE_S1.);
#6420 = CIRCLE('',#6421,5.);
#6421 = AXIS2_PLACEMENT_3D('',#6422,#6423,#6424);
#6422 = CARTESIAN_POINT('',(38.,-7.5,-3.));
#6423 = DIRECTION('',(0.,0.,-1.));
#6424 = DIRECTION('',(1.,0.,0.));
#6425 = PCURVE('',#5661,#6426);
#6426 = DEFINITIONAL_REPRESENTATION('',(#6427),#6435);
#6427 = ( BOUNDED_CURVE() B_SPLINE_CURVE(2,(#6428,#6429,#6430,#6431,
#6432,#6433,#6434),.UNSPECIFIED.,.T.,.F.) B_SPLINE_CURVE_WITH_KNOTS((1,2
    ,2,2,2,1),(-2.094395102393,0.,2.094395102393,4.188790204786,
6.28318530718,8.377580409573),.UNSPECIFIED.) CURVE() 
GEOMETRIC_REPRESENTATION_ITEM() RATIONAL_B_SPLINE_CURVE((1.,0.5,1.,0.5,
1.,0.5,1.)) REPRESENTATION_ITEM('') );
#6428 = CARTESIAN_POINT('',(110.5,19.));
#6429 = CARTESIAN_POINT('',(110.5,10.339745962156));
#6430 = CARTESIAN_POINT('',(103.,14.669872981078));
#6431 = CARTESIAN_POINT('',(95.5,19.));
#6432 = CARTESIAN_POINT('',(103.,23.330127018922));
#6433 = CARTESIAN_POINT('',(110.5,27.660254037844));
#6434 = CARTESIAN_POINT('',(110.5,19.));
#6435 = ( GEOMETRIC_REPRESENTATION_CONTEXT(2) 
PARAMETRIC_REPRESENTATION_CONTEXT() REPRESENTATION_CONTEXT('2D SPACE',''
  ) );
#6436 = PCURVE('',#6287,#6437);
#6437 = DEFINITIONAL_REPRESENTATION('',(#6438),#6442);
#6438 = LINE('',#6439,#6440);
#6439 = CARTESIAN_POINT('',(0.,0.));
#6440 = VECTOR('',#6441,1.);
#6441 = DIRECTION('',(1.,0.));
#6442 = ( GEOMETRIC_REPRESENTATION_CONTEXT(2) 
PARAMETRIC_REPRESENTATION_CONTEXT() REPRESENTATION_CONTEXT('2D SPACE',''
  ) );
#6443 = ORIENTED_EDGE('',*,*,#6444,.T.);
#6444 = EDGE_CURVE('',#6417,#6445,#6447,.T.);
#6445 = VERTEX_POINT('',#6446);
#6446 = CARTESIAN_POINT('',(37.,-13.4160797831,-3.));
#6447 = SURFACE_CURVE('',#6448,(#6452,#6459),.PCURVE_S1.);
#6448 = LINE('',#6449,#6450);
#6449 = CARTESIAN_POINT('',(37.,-7.5,-3.));
#6450 = VECTOR('',#6451,1.);
#6451 = DIRECTION('',(0.,-1.,0.));
#6452 = PCURVE('',#5661,#6453);
#6453 = DEFINITIONAL_REPRESENTATION('',(#6454),#6458);
#6454 = LINE('',#6455,#6456);
#6455 = CARTESIAN_POINT('',(104.5,19.));
#6456 = VECTOR('',#6457,1.);
#6457 = DIRECTION('',(0.,-1.));
#6458 = ( GEOMETRIC_REPRESENTATION_CONTEXT(2) 
PARAMETRIC_REPRESENTATION_CONTEXT() REPRESENTATION_CONTEXT('2D SPACE',''
  ) );
#6459 = PCURVE('',#6460,#6465);
#6460 = PLANE('',#6461);
#6461 = AXIS2_PLACEMENT_3D('',#6462,#6463,#6464);
#6462 = CARTESIAN_POINT('',(37.,-8.5,-3.));
#6463 = DIRECTION('',(-1.,0.,0.));
#6464 = DIRECTION('',(0.,-1.,0.));
#6465 = DEFINITIONAL_REPRESENTATION('',(#6466),#6470);
#6466 = LINE('',#6467,#6468);
#6467 = CARTESIAN_POINT('',(-1.,0.));
#6468 = VECTOR('',#6469,1.);
#6469 = DIRECTION('',(1.,0.));
#6470 = ( GEOMETRIC_REPRESENTATION_CONTEXT(2) 
PARAMETRIC_REPRESENTATION_CONTEXT() REPRESENTATION_CONTEXT('2D SPACE',''
  ) );
#6471 = ORIENTED_EDGE('',*,*,#6472,.T.);
#6472 = EDGE_CURVE('',#6445,#6473,#6475,.T.);
#6473 = VERTEX_POINT('',#6474);
#6474 = CARTESIAN_POINT('',(32.0839202169,-8.5,-3.));
#6475 = SURFACE_CURVE('',#6476,(#6481,#6492),.PCURVE_S1.);
#6476 = CIRCLE('',#6477,6.);
#6477 = AXIS2_PLACEMENT_3D('',#6478,#6479,#6480);
#6478 = CARTESIAN_POINT('',(38.,-7.5,-3.));
#6479 = DIRECTION('',(0.,0.,-1.));
#6480 = DIRECTION('',(1.,0.,0.));
#6481 = PCURVE('',#5661,#6482);
#6482 = DEFINITIONAL_REPRESENTATION('',(#6483),#6491);
#6483 = ( BOUNDED_CURVE() B_SPLINE_CURVE(2,(#6484,#6485,#6486,#6487,
#6488,#6489,#6490),.UNSPECIFIED.,.T.,.F.) B_SPLINE_CURVE_WITH_KNOTS((1,2
    ,2,2,2,1),(-2.094395102393,0.,2.094395102393,4.188790204786,
6.28318530718,8.377580409573),.UNSPECIFIED.) CURVE() 
GEOMETRIC_REPRESENTATION_ITEM() RATIONAL_B_SPLINE_CURVE((1.,0.5,1.,0.5,
1.,0.5,1.)) REPRESENTATION_ITEM('') );
#6484 = CARTESIAN_POINT('',(111.5,19.));
#6485 = CARTESIAN_POINT('',(111.5,8.607695154587));
#6486 = CARTESIAN_POINT('',(102.5,13.803847577293));
#6487 = CARTESIAN_POINT('',(93.5,19.));
#6488 = CARTESIAN_POINT('',(102.5,24.196152422707));
#6489 = CARTESIAN_POINT('',(111.5,29.392304845413));
#6490 = CARTESIAN_POINT('',(111.5,19.));
#6491 = ( GEOMETRIC_REPRESENTATION_CONTEXT(2) 
PARAMETRIC_REPRESENTATION_CONTEXT() REPRESENTATION_CONTEXT('2D SPACE',''
  ) );
#6492 = PCURVE('',#6493,#6498);
#6493 = CYLINDRICAL_SURFACE('',#6494,6.);
#6494 = AXIS2_PLACEMENT_3D('',#6495,#6496,#6497);
#6495 = CARTESIAN_POINT('',(38.,-7.5,-3.));
#6496 = DIRECTION('',(-0.,-0.,1.));
#6497 = DIRECTION('',(1.,0.,0.));
#6498 = DEFINITIONAL_REPRESENTATION('',(#6499),#6503);
#6499 = LINE('',#6500,#6501);
#6500 = CARTESIAN_POINT('',(-0.,0.));
#6501 = VECTOR('',#6502,1.);
#6502 = DIRECTION('',(-1.,0.));
#6503 = ( GEOMETRIC_REPRESENTATION_CONTEXT(2) 
PARAMETRIC_REPRESENTATION_CONTEXT() REPRESENTATION_CONTEXT('2D SPACE',''
  ) );
#6504 = ORIENTED_EDGE('',*,*,#6505,.T.);
#6505 = EDGE_CURVE('',#6473,#6506,#6508,.T.);
#6506 = VERTEX_POINT('',#6507);
#6507 = CARTESIAN_POINT('',(33.101020514434,-8.5,-3.));
#6508 = SURFACE_CURVE('',#6509,(#6513,#6520),.PCURVE_S1.);
#6509 = LINE('',#6510,#6511);
#6510 = CARTESIAN_POINT('',(38.,-8.5,-3.));
#6511 = VECTOR('',#6512,1.);
#6512 = DIRECTION('',(1.,0.,0.));
#6513 = PCURVE('',#5661,#6514);
#6514 = DEFINITIONAL_REPRESENTATION('',(#6515),#6519);
#6515 = LINE('',#6516,#6517);
#6516 = CARTESIAN_POINT('',(105.5,18.));
#6517 = VECTOR('',#6518,1.);
#6518 = DIRECTION('',(1.,0.));
#6519 = ( GEOMETRIC_REPRESENTATION_CONTEXT(2) 
PARAMETRIC_REPRESENTATION_CONTEXT() REPRESENTATION_CONTEXT('2D SPACE',''
  ) );
#6520 = PCURVE('',#6521,#6526);
#6521 = PLANE('',#6522);
#6522 = AXIS2_PLACEMENT_3D('',#6523,#6524,#6525);
#6523 = CARTESIAN_POINT('',(32.,-8.5,-3.));
#6524 = DIRECTION('',(0.,-1.,0.));
#6525 = DIRECTION('',(1.,0.,0.));
#6526 = DEFINITIONAL_REPRESENTATION('',(#6527),#6531);
#6527 = LINE('',#6528,#6529);
#6528 = CARTESIAN_POINT('',(6.,0.));
#6529 = VECTOR('',#6530,1.);
#6530 = DIRECTION('',(1.,0.));
#6531 = ( GEOMETRIC_REPRESENTATION_CONTEXT(2) 
PARAMETRIC_REPRESENTATION_CONTEXT() REPRESENTATION_CONTEXT('2D SPACE',''
  ) );
#6532 = ORIENTED_EDGE('',*,*,#6533,.T.);
#6533 = EDGE_CURVE('',#6506,#6534,#6536,.T.);
#6534 = VERTEX_POINT('',#6535);
#6535 = CARTESIAN_POINT('',(33.101020514434,-6.5,-3.));
#6536 = SURFACE_CURVE('',#6537,(#6542,#6553),.PCURVE_S1.);
#6537 = CIRCLE('',#6538,5.);
#6538 = AXIS2_PLACEMENT_3D('',#6539,#6540,#6541);
#6539 = CARTESIAN_POINT('',(38.,-7.5,-3.));
#6540 = DIRECTION('',(0.,0.,-1.));
#6541 = DIRECTION('',(1.,0.,0.));
#6542 = PCURVE('',#5661,#6543);
#6543 = DEFINITIONAL_REPRESENTATION('',(#6544),#6552);
#6544 = ( BOUNDED_CURVE() B_SPLINE_CURVE(2,(#6545,#6546,#6547,#6548,
#6549,#6550,#6551),.UNSPECIFIED.,.T.,.F.) B_SPLINE_CURVE_WITH_KNOTS((1,2
    ,2,2,2,1),(-2.094395102393,0.,2.094395102393,4.188790204786,
6.28318530718,8.377580409573),.UNSPECIFIED.) CURVE() 
GEOMETRIC_REPRESENTATION_ITEM() RATIONAL_B_SPLINE_CURVE((1.,0.5,1.,0.5,
1.,0.5,1.)) REPRESENTATION_ITEM('') );
#6545 = CARTESIAN_POINT('',(110.5,19.));
#6546 = CARTESIAN_POINT('',(110.5,10.339745962156));
#6547 = CARTESIAN_POINT('',(103.,14.669872981078));
#6548 = CARTESIAN_POINT('',(95.5,19.));
#6549 = CARTESIAN_POINT('',(103.,23.330127018922));
#6550 = CARTESIAN_POINT('',(110.5,27.660254037844));
#6551 = CARTESIAN_POINT('',(110.5,19.));
#6552 = ( GEOMETRIC_REPRESENTATION_CONTEXT(2) 
PARAMETRIC_REPRESENTATION_CONTEXT() REPRESENTATION_CONTEXT('2D SPACE',''
  ) );
#6553 = PCURVE('',#6287,#6554);
#6554 = DEFINITIONAL_REPRESENTATION('',(#6555),#6559);
#6555 = LINE('',#6556,#6557);
#6556 = CARTESIAN_POINT('',(0.,0.));
#6557 = VECTOR('',#6558,1.);
#6558 = DIRECTION('',(1.,0.));
#6559 = ( GEOMETRIC_REPRESENTATION_CONTEXT(2) 
PARAMETRIC_REPRESENTATION_CONTEXT() REPRESENTATION_CONTEXT('2D SPACE',''
  ) );
#6560 = ORIENTED_EDGE('',*,*,#6561,.F.);
#6561 = EDGE_CURVE('',#6562,#6534,#6564,.T.);
#6562 = VERTEX_POINT('',#6563);
#6563 = CARTESIAN_POINT('',(32.0839202169,-6.5,-3.));
#6564 = SURFACE_CURVE('',#6565,(#6569,#6576),.PCURVE_S1.);
#6565 = LINE('',#6566,#6567);
#6566 = CARTESIAN_POINT('',(38.,-6.5,-3.));
#6567 = VECTOR('',#6568,1.);
#6568 = DIRECTION('',(1.,0.,0.));
#6569 = PCURVE('',#5661,#6570);
#6570 = DEFINITIONAL_REPRESENTATION('',(#6571),#6575);
#6571 = LINE('',#6572,#6573);
#6572 = CARTESIAN_POINT('',(105.5,20.));
#6573 = VECTOR('',#6574,1.);
#6574 = DIRECTION('',(1.,0.));
#6575 = ( GEOMETRIC_REPRESENTATION_CONTEXT(2) 
PARAMETRIC_REPRESENTATION_CONTEXT() REPRESENTATION_CONTEXT('2D SPACE',''
  ) );
#6576 = PCURVE('',#6577,#6582);
#6577 = PLANE('',#6578);
#6578 = AXIS2_PLACEMENT_3D('',#6579,#6580,#6581);
#6579 = CARTESIAN_POINT('',(32.,-6.5,-3.));
#6580 = DIRECTION('',(0.,-1.,0.));
#6581 = DIRECTION('',(1.,0.,0.));
#6582 = DEFINITIONAL_REPRESENTATION('',(#6583),#6587);
#6583 = LINE('',#6584,#6585);
#6584 = CARTESIAN_POINT('',(6.,0.));
#6585 = VECTOR('',#6586,1.);
#6586 = DIRECTION('',(1.,0.));
#6587 = ( GEOMETRIC_REPRESENTATION_CONTEXT(2) 
PARAMETRIC_REPRESENTATION_CONTEXT() REPRESENTATION_CONTEXT('2D SPACE',''
  ) );
#6588 = ORIENTED_EDGE('',*,*,#6589,.T.);
#6589 = EDGE_CURVE('',#6562,#6590,#6592,.T.);
#6590 = VERTEX_POINT('',#6591);
#6591 = CARTESIAN_POINT('',(37.,-1.5839202169,-3.));
#6592 = SURFACE_CURVE('',#6593,(#6598,#6609),.PCURVE_S1.);
#6593 = CIRCLE('',#6594,6.);
#6594 = AXIS2_PLACEMENT_3D('',#6595,#6596,#6597);
#6595 = CARTESIAN_POINT('',(38.,-7.5,-3.));
#6596 = DIRECTION('',(0.,0.,-1.));
#6597 = DIRECTION('',(1.,0.,0.));
#6598 = PCURVE('',#5661,#6599);
#6599 = DEFINITIONAL_REPRESENTATION('',(#6600),#6608);
#6600 = ( BOUNDED_CURVE() B_SPLINE_CURVE(2,(#6601,#6602,#6603,#6604,
#6605,#6606,#6607),.UNSPECIFIED.,.T.,.F.) B_SPLINE_CURVE_WITH_KNOTS((1,2
    ,2,2,2,1),(-2.094395102393,0.,2.094395102393,4.188790204786,
6.28318530718,8.377580409573),.UNSPECIFIED.) CURVE() 
GEOMETRIC_REPRESENTATION_ITEM() RATIONAL_B_SPLINE_CURVE((1.,0.5,1.,0.5,
1.,0.5,1.)) REPRESENTATION_ITEM('') );
#6601 = CARTESIAN_POINT('',(111.5,19.));
#6602 = CARTESIAN_POINT('',(111.5,8.607695154587));
#6603 = CARTESIAN_POINT('',(102.5,13.803847577293));
#6604 = CARTESIAN_POINT('',(93.5,19.));
#6605 = CARTESIAN_POINT('',(102.5,24.196152422707));
#6606 = CARTESIAN_POINT('',(111.5,29.392304845413));
#6607 = CARTESIAN_POINT('',(111.5,19.));
#6608 = ( GEOMETRIC_REPRESENTATION_CONTEXT(2) 
PARAMETRIC_REPRESENTATION_CONTEXT() REPRESENTATION_CONTEXT('2D SPACE',''
  ) );
#6609 = PCURVE('',#6610,#6615);
#6610 = CYLINDRICAL_SURFACE('',#6611,6.);
#6611 = AXIS2_PLACEMENT_3D('',#6612,#6613,#6614);
#6612 = CARTESIAN_POINT('',(38.,-7.5,-3.));
#6613 = DIRECTION('',(-0.,-0.,1.));
#6614 = DIRECTION('',(1.,0.,0.));
#6615 = DEFINITIONAL_REPRESENTATION('',(#6616),#6620);
#6616 = LINE('',#6617,#6618);
#6617 = CARTESIAN_POINT('',(-0.,0.));
#6618 = VECTOR('',#6619,1.);
#6619 = DIRECTION('',(-1.,0.));
#6620 = ( GEOMETRIC_REPRESENTATION_CONTEXT(2) 
PARAMETRIC_REPRESENTATION_CONTEXT() REPRESENTATION_CONTEXT('2D SPACE',''
  ) );
#6621 = ORIENTED_EDGE('',*,*,#6622,.T.);
#6622 = EDGE_CURVE('',#6590,#6623,#6625,.T.);
#6623 = VERTEX_POINT('',#6624);
#6624 = CARTESIAN_POINT('',(37.,-2.601020514434,-3.));
#6625 = SURFACE_CURVE('',#6626,(#6630,#6637),.PCURVE_S1.);
#6626 = LINE('',#6627,#6628);
#6627 = CARTESIAN_POINT('',(37.,-7.5,-3.));
#6628 = VECTOR('',#6629,1.);
#6629 = DIRECTION('',(0.,-1.,0.));
#6630 = PCURVE('',#5661,#6631);
#6631 = DEFINITIONAL_REPRESENTATION('',(#6632),#6636);
#6632 = LINE('',#6633,#6634);
#6633 = CARTESIAN_POINT('',(104.5,19.));
#6634 = VECTOR('',#6635,1.);
#6635 = DIRECTION('',(0.,-1.));
#6636 = ( GEOMETRIC_REPRESENTATION_CONTEXT(2) 
PARAMETRIC_REPRESENTATION_CONTEXT() REPRESENTATION_CONTEXT('2D SPACE',''
  ) );
#6637 = PCURVE('',#6638,#6643);
#6638 = PLANE('',#6639);
#6639 = AXIS2_PLACEMENT_3D('',#6640,#6641,#6642);
#6640 = CARTESIAN_POINT('',(37.,-1.5,-3.));
#6641 = DIRECTION('',(-1.,0.,0.));
#6642 = DIRECTION('',(0.,-1.,0.));
#6643 = DEFINITIONAL_REPRESENTATION('',(#6644),#6648);
#6644 = LINE('',#6645,#6646);
#6645 = CARTESIAN_POINT('',(6.,0.));
#6646 = VECTOR('',#6647,1.);
#6647 = DIRECTION('',(1.,0.));
#6648 = ( GEOMETRIC_REPRESENTATION_CONTEXT(2) 
PARAMETRIC_REPRESENTATION_CONTEXT() REPRESENTATION_CONTEXT('2D SPACE',''
  ) );
#6649 = ORIENTED_EDGE('',*,*,#6650,.T.);
#6650 = EDGE_CURVE('',#6623,#6651,#6653,.T.);
#6651 = VERTEX_POINT('',#6652);
#6652 = CARTESIAN_POINT('',(39.,-2.601020514434,-3.));
#6653 = SURFACE_CURVE('',#6654,(#6659,#6670),.PCURVE_S1.);
#6654 = CIRCLE('',#6655,5.);
#6655 = AXIS2_PLACEMENT_3D('',#6656,#6657,#6658);
#6656 = CARTESIAN_POINT('',(38.,-7.5,-3.));
#6657 = DIRECTION('',(0.,0.,-1.));
#6658 = DIRECTION('',(1.,0.,0.));
#6659 = PCURVE('',#5661,#6660);
#6660 = DEFINITIONAL_REPRESENTATION('',(#6661),#6669);
#6661 = ( BOUNDED_CURVE() B_SPLINE_CURVE(2,(#6662,#6663,#6664,#6665,
#6666,#6667,#6668),.UNSPECIFIED.,.T.,.F.) B_SPLINE_CURVE_WITH_KNOTS((1,2
    ,2,2,2,1),(-2.094395102393,0.,2.094395102393,4.188790204786,
6.28318530718,8.377580409573),.UNSPECIFIED.) CURVE() 
GEOMETRIC_REPRESENTATION_ITEM() RATIONAL_B_SPLINE_CURVE((1.,0.5,1.,0.5,
1.,0.5,1.)) REPRESENTATION_ITEM('') );
#6662 = CARTESIAN_POINT('',(110.5,19.));
#6663 = CARTESIAN_POINT('',(110.5,10.339745962156));
#6664 = CARTESIAN_POINT('',(103.,14.669872981078));
#6665 = CARTESIAN_POINT('',(95.5,19.));
#6666 = CARTESIAN_POINT('',(103.,23.330127018922));
#6667 = CARTESIAN_POINT('',(110.5,27.660254037844));
#6668 = CARTESIAN_POINT('',(110.5,19.));
#6669 = ( GEOMETRIC_REPRESENTATION_CONTEXT(2) 
PARAMETRIC_REPRESENTATION_CONTEXT() REPRESENTATION_CONTEXT('2D SPACE',''
  ) );
#6670 = PCURVE('',#6287,#6671);
#6671 = DEFINITIONAL_REPRESENTATION('',(#6672),#6676);
#6672 = LINE('',#6673,#6674);
#6673 = CARTESIAN_POINT('',(0.,0.));
#6674 = VECTOR('',#6675,1.);
#6675 = DIRECTION('',(1.,0.));
#6676 = ( GEOMETRIC_REPRESENTATION_CONTEXT(2) 
PARAMETRIC_REPRESENTATION_CONTEXT() REPRESENTATION_CONTEXT('2D SPACE',''
  ) );
#6677 = ORIENTED_EDGE('',*,*,#6678,.F.);
#6678 = EDGE_CURVE('',#6204,#6651,#6679,.T.);
#6679 = SURFACE_CURVE('',#6680,(#6684,#6691),.PCURVE_S1.);
#6680 = LINE('',#6681,#6682);
#6681 = CARTESIAN_POINT('',(39.,-7.5,-3.));
#6682 = VECTOR('',#6683,1.);
#6683 = DIRECTION('',(0.,-1.,0.));
#6684 = PCURVE('',#5661,#6685);
#6685 = DEFINITIONAL_REPRESENTATION('',(#6686),#6690);
#6686 = LINE('',#6687,#6688);
#6687 = CARTESIAN_POINT('',(106.5,19.));
#6688 = VECTOR('',#6689,1.);
#6689 = DIRECTION('',(0.,-1.));
#6690 = ( GEOMETRIC_REPRESENTATION_CONTEXT(2) 
PARAMETRIC_REPRESENTATION_CONTEXT() REPRESENTATION_CONTEXT('2D SPACE',''
  ) );
#6691 = PCURVE('',#6692,#6697);
#6692 = PLANE('',#6693);
#6693 = AXIS2_PLACEMENT_3D('',#6694,#6695,#6696);
#6694 = CARTESIAN_POINT('',(39.,-1.5,-3.));
#6695 = DIRECTION('',(-1.,0.,0.));
#6696 = DIRECTION('',(0.,-1.,0.));
#6697 = DEFINITIONAL_REPRESENTATION('',(#6698),#6702);
#6698 = LINE('',#6699,#6700);
#6699 = CARTESIAN_POINT('',(6.,0.));
#6700 = VECTOR('',#6701,1.);
#6701 = DIRECTION('',(1.,0.));
#6702 = ( GEOMETRIC_REPRESENTATION_CONTEXT(2) 
PARAMETRIC_REPRESENTATION_CONTEXT() REPRESENTATION_CONTEXT('2D SPACE',''
  ) );
#6703 = FACE_BOUND('',#6704,.F.);
#6704 = EDGE_LOOP('',(#6705));
#6705 = ORIENTED_EDGE('',*,*,#6706,.F.);
#6706 = EDGE_CURVE('',#6707,#6707,#6709,.T.);
#6707 = VERTEX_POINT('',#6708);
#6708 = CARTESIAN_POINT('',(-20.771,1.,-3.));
#6709 = SURFACE_CURVE('',#6710,(#6715,#6722),.PCURVE_S1.);
#6710 = ELLIPSE('',#6711,17.229,15.409);
#6711 = AXIS2_PLACEMENT_3D('',#6712,#6713,#6714);
#6712 = CARTESIAN_POINT('',(-38.,1.,-3.));
#6713 = DIRECTION('',(0.,0.,1.));
#6714 = DIRECTION('',(1.,0.,0.));
#6715 = PCURVE('',#5661,#6716);
#6716 = DEFINITIONAL_REPRESENTATION('',(#6717),#6721);
#6717 = ELLIPSE('',#6718,17.229,15.409);
#6718 = AXIS2_PLACEMENT_2D('',#6719,#6720);
#6719 = CARTESIAN_POINT('',(29.5,27.5));
#6720 = DIRECTION('',(1.,0.));
#6721 = ( GEOMETRIC_REPRESENTATION_CONTEXT(2) 
PARAMETRIC_REPRESENTATION_CONTEXT() REPRESENTATION_CONTEXT('2D SPACE',''
  ) );
#6722 = PCURVE('',#6723,#6731);
#6723 = SURFACE_OF_LINEAR_EXTRUSION('',#6724,#6729);
#6724 = ELLIPSE('',#6725,17.229,15.409);
#6725 = AXIS2_PLACEMENT_3D('',#6726,#6727,#6728);
#6726 = CARTESIAN_POINT('',(-38.,1.,-3.));
#6727 = DIRECTION('',(0.,0.,1.));
#6728 = DIRECTION('',(1.,0.,0.));
#6729 = VECTOR('',#6730,1.);
#6730 = DIRECTION('',(0.,0.,1.));
#6731 = DEFINITIONAL_REPRESENTATION('',(#6732),#6736);
#6732 = LINE('',#6733,#6734);
#6733 = CARTESIAN_POINT('',(0.,0.));
#6734 = VECTOR('',#6735,1.);
#6735 = DIRECTION('',(1.,0.));
#6736 = ( GEOMETRIC_REPRESENTATION_CONTEXT(2) 
PARAMETRIC_REPRESENTATION_CONTEXT() REPRESENTATION_CONTEXT('2D SPACE',''
  ) );
#6737 = FACE_BOUND('',#6738,.F.);
#6738 = EDGE_LOOP('',(#6739));
#6739 = ORIENTED_EDGE('',*,*,#6740,.T.);
#6740 = EDGE_CURVE('',#6741,#6741,#6743,.T.);
#6741 = VERTEX_POINT('',#6742);
#6742 = CARTESIAN_POINT('',(-50.,13.5,-3.));
#6743 = SURFACE_CURVE('',#6744,(#6749,#6760),.PCURVE_S1.);
#6744 = CIRCLE('',#6745,2.5);
#6745 = AXIS2_PLACEMENT_3D('',#6746,#6747,#6748);
#6746 = CARTESIAN_POINT('',(-52.5,13.5,-3.));
#6747 = DIRECTION('',(0.,0.,-1.));
#6748 = DIRECTION('',(1.,0.,0.));
#6749 = PCURVE('',#5661,#6750);
#6750 = DEFINITIONAL_REPRESENTATION('',(#6751),#6759);
#6751 = ( BOUNDED_CURVE() B_SPLINE_CURVE(2,(#6752,#6753,#6754,#6755,
#6756,#6757,#6758),.UNSPECIFIED.,.T.,.F.) B_SPLINE_CURVE_WITH_KNOTS((1,2
    ,2,2,2,1),(-2.094395102393,0.,2.094395102393,4.188790204786,
6.28318530718,8.377580409573),.UNSPECIFIED.) CURVE() 
GEOMETRIC_REPRESENTATION_ITEM() RATIONAL_B_SPLINE_CURVE((1.,0.5,1.,0.5,
1.,0.5,1.)) REPRESENTATION_ITEM('') );
#6752 = CARTESIAN_POINT('',(17.5,40.));
#6753 = CARTESIAN_POINT('',(17.5,35.669872981078));
#6754 = CARTESIAN_POINT('',(13.75,37.834936490539));
#6755 = CARTESIAN_POINT('',(10.,40.));
#6756 = CARTESIAN_POINT('',(13.75,42.165063509461));
#6757 = CARTESIAN_POINT('',(17.5,44.330127018922));
#6758 = CARTESIAN_POINT('',(17.5,40.));
#6759 = ( GEOMETRIC_REPRESENTATION_CONTEXT(2) 
PARAMETRIC_REPRESENTATION_CONTEXT() REPRESENTATION_CONTEXT('2D SPACE',''
  ) );
#6760 = PCURVE('',#6761,#6766);
#6761 = CYLINDRICAL_SURFACE('',#6762,2.5);
#6762 = AXIS2_PLACEMENT_3D('',#6763,#6764,#6765);
#6763 = CARTESIAN_POINT('',(-52.5,13.5,-3.));
#6764 = DIRECTION('',(-0.,-0.,1.));
#6765 = DIRECTION('',(1.,0.,0.));
#6766 = DEFINITIONAL_REPRESENTATION('',(#6767),#6771);
#6767 = LINE('',#6768,#6769);
#6768 = CARTESIAN_POINT('',(-0.,0.));
#6769 = VECTOR('',#6770,1.);
#6770 = DIRECTION('',(-1.,0.));
#6771 = ( GEOMETRIC_REPRESENTATION_CONTEXT(2) 
PARAMETRIC_REPRESENTATION_CONTEXT() REPRESENTATION_CONTEXT('2D SPACE',''
  ) );
#6772 = FACE_BOUND('',#6773,.F.);
#6773 = EDGE_LOOP('',(#6774,#6809,#6837,#6870,#6898,#6926,#6959,#6987,
    #7015,#7043,#7076,#7104,#7132,#7160,#7193,#7221,#7249));
#6774 = ORIENTED_EDGE('',*,*,#6775,.T.);
#6775 = EDGE_CURVE('',#6776,#6778,#6780,.T.);
#6776 = VERTEX_POINT('',#6777);
#6777 = CARTESIAN_POINT('',(29.,6.9160797831,-3.));
#6778 = VERTEX_POINT('',#6779);
#6779 = CARTESIAN_POINT('',(33.9160797831,2.,-3.));
#6780 = SURFACE_CURVE('',#6781,(#6786,#6797),.PCURVE_S1.);
#6781 = CIRCLE('',#6782,6.);
#6782 = AXIS2_PLACEMENT_3D('',#6783,#6784,#6785);
#6783 = CARTESIAN_POINT('',(28.,1.,-3.));
#6784 = DIRECTION('',(0.,0.,-1.));
#6785 = DIRECTION('',(1.,0.,0.));
#6786 = PCURVE('',#5661,#6787);
#6787 = DEFINITIONAL_REPRESENTATION('',(#6788),#6796);
#6788 = ( BOUNDED_CURVE() B_SPLINE_CURVE(2,(#6789,#6790,#6791,#6792,
#6793,#6794,#6795),.UNSPECIFIED.,.T.,.F.) B_SPLINE_CURVE_WITH_KNOTS((1,2
    ,2,2,2,1),(-2.094395102393,0.,2.094395102393,4.188790204786,
6.28318530718,8.377580409573),.UNSPECIFIED.) CURVE() 
GEOMETRIC_REPRESENTATION_ITEM() RATIONAL_B_SPLINE_CURVE((1.,0.5,1.,0.5,
1.,0.5,1.)) REPRESENTATION_ITEM('') );
#6789 = CARTESIAN_POINT('',(101.5,27.5));
#6790 = CARTESIAN_POINT('',(101.5,17.107695154587));
#6791 = CARTESIAN_POINT('',(92.5,22.303847577293));
#6792 = CARTESIAN_POINT('',(83.5,27.5));
#6793 = CARTESIAN_POINT('',(92.5,32.696152422707));
#6794 = CARTESIAN_POINT('',(101.5,37.892304845413));
#6795 = CARTESIAN_POINT('',(101.5,27.5));
#6796 = ( GEOMETRIC_REPRESENTATION_CONTEXT(2) 
PARAMETRIC_REPRESENTATION_CONTEXT() REPRESENTATION_CONTEXT('2D SPACE',''
  ) );
#6797 = PCURVE('',#6798,#6803);
#6798 = CYLINDRICAL_SURFACE('',#6799,6.);
#6799 = AXIS2_PLACEMENT_3D('',#6800,#6801,#6802);
#6800 = CARTESIAN_POINT('',(28.,1.,-3.));
#6801 = DIRECTION('',(-0.,-0.,1.));
#6802 = DIRECTION('',(1.,0.,0.));
#6803 = DEFINITIONAL_REPRESENTATION('',(#6804),#6808);
#6804 = LINE('',#6805,#6806);
#6805 = CARTESIAN_POINT('',(-0.,0.));
#6806 = VECTOR('',#6807,1.);
#6807 = DIRECTION('',(-1.,0.));
#6808 = ( GEOMETRIC_REPRESENTATION_CONTEXT(2) 
PARAMETRIC_REPRESENTATION_CONTEXT() REPRESENTATION_CONTEXT('2D SPACE',''
  ) );
#6809 = ORIENTED_EDGE('',*,*,#6810,.F.);
#6810 = EDGE_CURVE('',#6811,#6778,#6813,.T.);
#6811 = VERTEX_POINT('',#6812);
#6812 = CARTESIAN_POINT('',(32.898979485566,2.,-3.));
#6813 = SURFACE_CURVE('',#6814,(#6818,#6825),.PCURVE_S1.);
#6814 = LINE('',#6815,#6816);
#6815 = CARTESIAN_POINT('',(28.,2.,-3.));
#6816 = VECTOR('',#6817,1.);
#6817 = DIRECTION('',(1.,0.,0.));
#6818 = PCURVE('',#5661,#6819);
#6819 = DEFINITIONAL_REPRESENTATION('',(#6820),#6824);
#6820 = LINE('',#6821,#6822);
#6821 = CARTESIAN_POINT('',(95.5,28.5));
#6822 = VECTOR('',#6823,1.);
#6823 = DIRECTION('',(1.,0.));
#6824 = ( GEOMETRIC_REPRESENTATION_CONTEXT(2) 
PARAMETRIC_REPRESENTATION_CONTEXT() REPRESENTATION_CONTEXT('2D SPACE',''
  ) );
#6825 = PCURVE('',#6826,#6831);
#6826 = PLANE('',#6827);
#6827 = AXIS2_PLACEMENT_3D('',#6828,#6829,#6830);
#6828 = CARTESIAN_POINT('',(29.,2.,-3.));
#6829 = DIRECTION('',(0.,-1.,0.));
#6830 = DIRECTION('',(1.,0.,0.));
#6831 = DEFINITIONAL_REPRESENTATION('',(#6832),#6836);
#6832 = LINE('',#6833,#6834);
#6833 = CARTESIAN_POINT('',(-1.,0.));
#6834 = VECTOR('',#6835,1.);
#6835 = DIRECTION('',(1.,0.));
#6836 = ( GEOMETRIC_REPRESENTATION_CONTEXT(2) 
PARAMETRIC_REPRESENTATION_CONTEXT() REPRESENTATION_CONTEXT('2D SPACE',''
  ) );
#6837 = ORIENTED_EDGE('',*,*,#6838,.T.);
#6838 = EDGE_CURVE('',#6811,#6839,#6841,.T.);
#6839 = VERTEX_POINT('',#6840);
#6840 = CARTESIAN_POINT('',(33.,1.,-3.));
#6841 = SURFACE_CURVE('',#6842,(#6847,#6858),.PCURVE_S1.);
#6842 = CIRCLE('',#6843,5.);
#6843 = AXIS2_PLACEMENT_3D('',#6844,#6845,#6846);
#6844 = CARTESIAN_POINT('',(28.,1.,-3.));
#6845 = DIRECTION('',(0.,0.,-1.));
#6846 = DIRECTION('',(1.,0.,0.));
#6847 = PCURVE('',#5661,#6848);
#6848 = DEFINITIONAL_REPRESENTATION('',(#6849),#6857);
#6849 = ( BOUNDED_CURVE() B_SPLINE_CURVE(2,(#6850,#6851,#6852,#6853,
#6854,#6855,#6856),.UNSPECIFIED.,.T.,.F.) B_SPLINE_CURVE_WITH_KNOTS((1,2
    ,2,2,2,1),(-2.094395102393,0.,2.094395102393,4.188790204786,
6.28318530718,8.377580409573),.UNSPECIFIED.) CURVE() 
GEOMETRIC_REPRESENTATION_ITEM() RATIONAL_B_SPLINE_CURVE((1.,0.5,1.,0.5,
1.,0.5,1.)) REPRESENTATION_ITEM('') );
#6850 = CARTESIAN_POINT('',(100.5,27.5));
#6851 = CARTESIAN_POINT('',(100.5,18.839745962156));
#6852 = CARTESIAN_POINT('',(93.,23.169872981078));
#6853 = CARTESIAN_POINT('',(85.5,27.5));
#6854 = CARTESIAN_POINT('',(93.,31.830127018922));
#6855 = CARTESIAN_POINT('',(100.5,36.160254037844));
#6856 = CARTESIAN_POINT('',(100.5,27.5));
#6857 = ( GEOMETRIC_REPRESENTATION_CONTEXT(2) 
PARAMETRIC_REPRESENTATION_CONTEXT() REPRESENTATION_CONTEXT('2D SPACE',''
  ) );
#6858 = PCURVE('',#6859,#6864);
#6859 = CYLINDRICAL_SURFACE('',#6860,5.);
#6860 = AXIS2_PLACEMENT_3D('',#6861,#6862,#6863);
#6861 = CARTESIAN_POINT('',(28.,1.,-3.));
#6862 = DIRECTION('',(0.,0.,-1.));
#6863 = DIRECTION('',(1.,0.,0.));
#6864 = DEFINITIONAL_REPRESENTATION('',(#6865),#6869);
#6865 = LINE('',#6866,#6867);
#6866 = CARTESIAN_POINT('',(0.,0.));
#6867 = VECTOR('',#6868,1.);
#6868 = DIRECTION('',(1.,0.));
#6869 = ( GEOMETRIC_REPRESENTATION_CONTEXT(2) 
PARAMETRIC_REPRESENTATION_CONTEXT() REPRESENTATION_CONTEXT('2D SPACE',''
  ) );
#6870 = ORIENTED_EDGE('',*,*,#6871,.T.);
#6871 = EDGE_CURVE('',#6839,#6872,#6874,.T.);
#6872 = VERTEX_POINT('',#6873);
#6873 = CARTESIAN_POINT('',(32.898979485566,-2.22044604925E-16,-3.));
#6874 = SURFACE_CURVE('',#6875,(#6880,#6891),.PCURVE_S1.);
#6875 = CIRCLE('',#6876,5.);
#6876 = AXIS2_PLACEMENT_3D('',#6877,#6878,#6879);
#6877 = CARTESIAN_POINT('',(28.,1.,-3.));
#6878 = DIRECTION('',(0.,0.,-1.));
#6879 = DIRECTION('',(1.,0.,0.));
#6880 = PCURVE('',#5661,#6881);
#6881 = DEFINITIONAL_REPRESENTATION('',(#6882),#6890);
#6882 = ( BOUNDED_CURVE() B_SPLINE_CURVE(2,(#6883,#6884,#6885,#6886,
#6887,#6888,#6889),.UNSPECIFIED.,.T.,.F.) B_SPLINE_CURVE_WITH_KNOTS((1,2
    ,2,2,2,1),(-2.094395102393,0.,2.094395102393,4.188790204786,
6.28318530718,8.377580409573),.UNSPECIFIED.) CURVE() 
GEOMETRIC_REPRESENTATION_ITEM() RATIONAL_B_SPLINE_CURVE((1.,0.5,1.,0.5,
1.,0.5,1.)) REPRESENTATION_ITEM('') );
#6883 = CARTESIAN_POINT('',(100.5,27.5));
#6884 = CARTESIAN_POINT('',(100.5,18.839745962156));
#6885 = CARTESIAN_POINT('',(93.,23.169872981078));
#6886 = CARTESIAN_POINT('',(85.5,27.5));
#6887 = CARTESIAN_POINT('',(93.,31.830127018922));
#6888 = CARTESIAN_POINT('',(100.5,36.160254037844));
#6889 = CARTESIAN_POINT('',(100.5,27.5));
#6890 = ( GEOMETRIC_REPRESENTATION_CONTEXT(2) 
PARAMETRIC_REPRESENTATION_CONTEXT() REPRESENTATION_CONTEXT('2D SPACE',''
  ) );
#6891 = PCURVE('',#6859,#6892);
#6892 = DEFINITIONAL_REPRESENTATION('',(#6893),#6897);
#6893 = LINE('',#6894,#6895);
#6894 = CARTESIAN_POINT('',(0.,0.));
#6895 = VECTOR('',#6896,1.);
#6896 = DIRECTION('',(1.,0.));
#6897 = ( GEOMETRIC_REPRESENTATION_CONTEXT(2) 
PARAMETRIC_REPRESENTATION_CONTEXT() REPRESENTATION_CONTEXT('2D SPACE',''
  ) );
#6898 = ORIENTED_EDGE('',*,*,#6899,.T.);
#6899 = EDGE_CURVE('',#6872,#6900,#6902,.T.);
#6900 = VERTEX_POINT('',#6901);
#6901 = CARTESIAN_POINT('',(33.9160797831,-8.304468224196E-14,-3.));
#6902 = SURFACE_CURVE('',#6903,(#6907,#6914),.PCURVE_S1.);
#6903 = LINE('',#6904,#6905);
#6904 = CARTESIAN_POINT('',(28.,-2.22044604925E-16,-3.));
#6905 = VECTOR('',#6906,1.);
#6906 = DIRECTION('',(1.,0.,0.));
#6907 = PCURVE('',#5661,#6908);
#6908 = DEFINITIONAL_REPRESENTATION('',(#6909),#6913);
#6909 = LINE('',#6910,#6911);
#6910 = CARTESIAN_POINT('',(95.5,26.5));
#6911 = VECTOR('',#6912,1.);
#6912 = DIRECTION('',(1.,0.));
#6913 = ( GEOMETRIC_REPRESENTATION_CONTEXT(2) 
PARAMETRIC_REPRESENTATION_CONTEXT() REPRESENTATION_CONTEXT('2D SPACE',''
  ) );
#6914 = PCURVE('',#6915,#6920);
#6915 = PLANE('',#6916);
#6916 = AXIS2_PLACEMENT_3D('',#6917,#6918,#6919);
#6917 = CARTESIAN_POINT('',(29.,-2.22044604925E-16,-3.));
#6918 = DIRECTION('',(0.,-1.,0.));
#6919 = DIRECTION('',(1.,0.,0.));
#6920 = DEFINITIONAL_REPRESENTATION('',(#6921),#6925);
#6921 = LINE('',#6922,#6923);
#6922 = CARTESIAN_POINT('',(-1.,0.));
#6923 = VECTOR('',#6924,1.);
#6924 = DIRECTION('',(1.,0.));
#6925 = ( GEOMETRIC_REPRESENTATION_CONTEXT(2) 
PARAMETRIC_REPRESENTATION_CONTEXT() REPRESENTATION_CONTEXT('2D SPACE',''
  ) );
#6926 = ORIENTED_EDGE('',*,*,#6927,.T.);
#6927 = EDGE_CURVE('',#6900,#6928,#6930,.T.);
#6928 = VERTEX_POINT('',#6929);
#6929 = CARTESIAN_POINT('',(29.,-4.9160797831,-3.));
#6930 = SURFACE_CURVE('',#6931,(#6936,#6947),.PCURVE_S1.);
#6931 = CIRCLE('',#6932,6.);
#6932 = AXIS2_PLACEMENT_3D('',#6933,#6934,#6935);
#6933 = CARTESIAN_POINT('',(28.,1.,-3.));
#6934 = DIRECTION('',(0.,0.,-1.));
#6935 = DIRECTION('',(1.,0.,0.));
#6936 = PCURVE('',#5661,#6937);
#6937 = DEFINITIONAL_REPRESENTATION('',(#6938),#6946);
#6938 = ( BOUNDED_CURVE() B_SPLINE_CURVE(2,(#6939,#6940,#6941,#6942,
#6943,#6944,#6945),.UNSPECIFIED.,.T.,.F.) B_SPLINE_CURVE_WITH_KNOTS((1,2
    ,2,2,2,1),(-2.094395102393,0.,2.094395102393,4.188790204786,
6.28318530718,8.377580409573),.UNSPECIFIED.) CURVE() 
GEOMETRIC_REPRESENTATION_ITEM() RATIONAL_B_SPLINE_CURVE((1.,0.5,1.,0.5,
1.,0.5,1.)) REPRESENTATION_ITEM('') );
#6939 = CARTESIAN_POINT('',(101.5,27.5));
#6940 = CARTESIAN_POINT('',(101.5,17.107695154587));
#6941 = CARTESIAN_POINT('',(92.5,22.303847577293));
#6942 = CARTESIAN_POINT('',(83.5,27.5));
#6943 = CARTESIAN_POINT('',(92.5,32.696152422707));
#6944 = CARTESIAN_POINT('',(101.5,37.892304845413));
#6945 = CARTESIAN_POINT('',(101.5,27.5));
#6946 = ( GEOMETRIC_REPRESENTATION_CONTEXT(2) 
PARAMETRIC_REPRESENTATION_CONTEXT() REPRESENTATION_CONTEXT('2D SPACE',''
  ) );
#6947 = PCURVE('',#6948,#6953);
#6948 = CYLINDRICAL_SURFACE('',#6949,6.);
#6949 = AXIS2_PLACEMENT_3D('',#6950,#6951,#6952);
#6950 = CARTESIAN_POINT('',(28.,1.,-3.));
#6951 = DIRECTION('',(-0.,-0.,1.));
#6952 = DIRECTION('',(1.,0.,0.));
#6953 = DEFINITIONAL_REPRESENTATION('',(#6954),#6958);
#6954 = LINE('',#6955,#6956);
#6955 = CARTESIAN_POINT('',(-0.,0.));
#6956 = VECTOR('',#6957,1.);
#6957 = DIRECTION('',(-1.,0.));
#6958 = ( GEOMETRIC_REPRESENTATION_CONTEXT(2) 
PARAMETRIC_REPRESENTATION_CONTEXT() REPRESENTATION_CONTEXT('2D SPACE',''
  ) );
#6959 = ORIENTED_EDGE('',*,*,#6960,.F.);
#6960 = EDGE_CURVE('',#6961,#6928,#6963,.T.);
#6961 = VERTEX_POINT('',#6962);
#6962 = CARTESIAN_POINT('',(29.,-3.898979485566,-3.));
#6963 = SURFACE_CURVE('',#6964,(#6968,#6975),.PCURVE_S1.);
#6964 = LINE('',#6965,#6966);
#6965 = CARTESIAN_POINT('',(29.,1.,-3.));
#6966 = VECTOR('',#6967,1.);
#6967 = DIRECTION('',(0.,-1.,0.));
#6968 = PCURVE('',#5661,#6969);
#6969 = DEFINITIONAL_REPRESENTATION('',(#6970),#6974);
#6970 = LINE('',#6971,#6972);
#6971 = CARTESIAN_POINT('',(96.5,27.5));
#6972 = VECTOR('',#6973,1.);
#6973 = DIRECTION('',(0.,-1.));
#6974 = ( GEOMETRIC_REPRESENTATION_CONTEXT(2) 
PARAMETRIC_REPRESENTATION_CONTEXT() REPRESENTATION_CONTEXT('2D SPACE',''
  ) );
#6975 = PCURVE('',#6976,#6981);
#6976 = PLANE('',#6977);
#6977 = AXIS2_PLACEMENT_3D('',#6978,#6979,#6980);
#6978 = CARTESIAN_POINT('',(29.,-2.22044604925E-16,-3.));
#6979 = DIRECTION('',(-1.,0.,0.));
#6980 = DIRECTION('',(0.,-1.,0.));
#6981 = DEFINITIONAL_REPRESENTATION('',(#6982),#6986);
#6982 = LINE('',#6983,#6984);
#6983 = CARTESIAN_POINT('',(-1.,0.));
#6984 = VECTOR('',#6985,1.);
#6985 = DIRECTION('',(1.,0.));
#6986 = ( GEOMETRIC_REPRESENTATION_CONTEXT(2) 
PARAMETRIC_REPRESENTATION_CONTEXT() REPRESENTATION_CONTEXT('2D SPACE',''
  ) );
#6987 = ORIENTED_EDGE('',*,*,#6988,.T.);
#6988 = EDGE_CURVE('',#6961,#6989,#6991,.T.);
#6989 = VERTEX_POINT('',#6990);
#6990 = CARTESIAN_POINT('',(27.,-3.898979485566,-3.));
#6991 = SURFACE_CURVE('',#6992,(#6997,#7008),.PCURVE_S1.);
#6992 = CIRCLE('',#6993,5.);
#6993 = AXIS2_PLACEMENT_3D('',#6994,#6995,#6996);
#6994 = CARTESIAN_POINT('',(28.,1.,-3.));
#6995 = DIRECTION('',(0.,0.,-1.));
#6996 = DIRECTION('',(1.,0.,0.));
#6997 = PCURVE('',#5661,#6998);
#6998 = DEFINITIONAL_REPRESENTATION('',(#6999),#7007);
#6999 = ( BOUNDED_CURVE() B_SPLINE_CURVE(2,(#7000,#7001,#7002,#7003,
#7004,#7005,#7006),.UNSPECIFIED.,.T.,.F.) B_SPLINE_CURVE_WITH_KNOTS((1,2
    ,2,2,2,1),(-2.094395102393,0.,2.094395102393,4.188790204786,
6.28318530718,8.377580409573),.UNSPECIFIED.) CURVE() 
GEOMETRIC_REPRESENTATION_ITEM() RATIONAL_B_SPLINE_CURVE((1.,0.5,1.,0.5,
1.,0.5,1.)) REPRESENTATION_ITEM('') );
#7000 = CARTESIAN_POINT('',(100.5,27.5));
#7001 = CARTESIAN_POINT('',(100.5,18.839745962156));
#7002 = CARTESIAN_POINT('',(93.,23.169872981078));
#7003 = CARTESIAN_POINT('',(85.5,27.5));
#7004 = CARTESIAN_POINT('',(93.,31.830127018922));
#7005 = CARTESIAN_POINT('',(100.5,36.160254037844));
#7006 = CARTESIAN_POINT('',(100.5,27.5));
#7007 = ( GEOMETRIC_REPRESENTATION_CONTEXT(2) 
PARAMETRIC_REPRESENTATION_CONTEXT() REPRESENTATION_CONTEXT('2D SPACE',''
  ) );
#7008 = PCURVE('',#6859,#7009);
#7009 = DEFINITIONAL_REPRESENTATION('',(#7010),#7014);
#7010 = LINE('',#7011,#7012);
#7011 = CARTESIAN_POINT('',(0.,0.));
#7012 = VECTOR('',#7013,1.);
#7013 = DIRECTION('',(1.,0.));
#7014 = ( GEOMETRIC_REPRESENTATION_CONTEXT(2) 
PARAMETRIC_REPRESENTATION_CONTEXT() REPRESENTATION_CONTEXT('2D SPACE',''
  ) );
#7015 = ORIENTED_EDGE('',*,*,#7016,.T.);
#7016 = EDGE_CURVE('',#6989,#7017,#7019,.T.);
#7017 = VERTEX_POINT('',#7018);
#7018 = CARTESIAN_POINT('',(27.,-4.9160797831,-3.));
#7019 = SURFACE_CURVE('',#7020,(#7024,#7031),.PCURVE_S1.);
#7020 = LINE('',#7021,#7022);
#7021 = CARTESIAN_POINT('',(27.,1.,-3.));
#7022 = VECTOR('',#7023,1.);
#7023 = DIRECTION('',(0.,-1.,0.));
#7024 = PCURVE('',#5661,#7025);
#7025 = DEFINITIONAL_REPRESENTATION('',(#7026),#7030);
#7026 = LINE('',#7027,#7028);
#7027 = CARTESIAN_POINT('',(94.5,27.5));
#7028 = VECTOR('',#7029,1.);
#7029 = DIRECTION('',(0.,-1.));
#7030 = ( GEOMETRIC_REPRESENTATION_CONTEXT(2) 
PARAMETRIC_REPRESENTATION_CONTEXT() REPRESENTATION_CONTEXT('2D SPACE',''
  ) );
#7031 = PCURVE('',#7032,#7037);
#7032 = PLANE('',#7033);
#7033 = AXIS2_PLACEMENT_3D('',#7034,#7035,#7036);
#7034 = CARTESIAN_POINT('',(27.,-2.22044604925E-16,-3.));
#7035 = DIRECTION('',(-1.,0.,0.));
#7036 = DIRECTION('',(0.,-1.,0.));
#7037 = DEFINITIONAL_REPRESENTATION('',(#7038),#7042);
#7038 = LINE('',#7039,#7040);
#7039 = CARTESIAN_POINT('',(-1.,0.));
#7040 = VECTOR('',#7041,1.);
#7041 = DIRECTION('',(1.,0.));
#7042 = ( GEOMETRIC_REPRESENTATION_CONTEXT(2) 
PARAMETRIC_REPRESENTATION_CONTEXT() REPRESENTATION_CONTEXT('2D SPACE',''
  ) );
#7043 = ORIENTED_EDGE('',*,*,#7044,.T.);
#7044 = EDGE_CURVE('',#7017,#7045,#7047,.T.);
#7045 = VERTEX_POINT('',#7046);
#7046 = CARTESIAN_POINT('',(22.0839202169,1.216804434989E-13,-3.));
#7047 = SURFACE_CURVE('',#7048,(#7053,#7064),.PCURVE_S1.);
#7048 = CIRCLE('',#7049,6.);
#7049 = AXIS2_PLACEMENT_3D('',#7050,#7051,#7052);
#7050 = CARTESIAN_POINT('',(28.,1.,-3.));
#7051 = DIRECTION('',(0.,0.,-1.));
#7052 = DIRECTION('',(1.,0.,0.));
#7053 = PCURVE('',#5661,#7054);
#7054 = DEFINITIONAL_REPRESENTATION('',(#7055),#7063);
#7055 = ( BOUNDED_CURVE() B_SPLINE_CURVE(2,(#7056,#7057,#7058,#7059,
#7060,#7061,#7062),.UNSPECIFIED.,.T.,.F.) B_SPLINE_CURVE_WITH_KNOTS((1,2
    ,2,2,2,1),(-2.094395102393,0.,2.094395102393,4.188790204786,
6.28318530718,8.377580409573),.UNSPECIFIED.) CURVE() 
GEOMETRIC_REPRESENTATION_ITEM() RATIONAL_B_SPLINE_CURVE((1.,0.5,1.,0.5,
1.,0.5,1.)) REPRESENTATION_ITEM('') );
#7056 = CARTESIAN_POINT('',(101.5,27.5));
#7057 = CARTESIAN_POINT('',(101.5,17.107695154587));
#7058 = CARTESIAN_POINT('',(92.5,22.303847577293));
#7059 = CARTESIAN_POINT('',(83.5,27.5));
#7060 = CARTESIAN_POINT('',(92.5,32.696152422707));
#7061 = CARTESIAN_POINT('',(101.5,37.892304845413));
#7062 = CARTESIAN_POINT('',(101.5,27.5));
#7063 = ( GEOMETRIC_REPRESENTATION_CONTEXT(2) 
PARAMETRIC_REPRESENTATION_CONTEXT() REPRESENTATION_CONTEXT('2D SPACE',''
  ) );
#7064 = PCURVE('',#7065,#7070);
#7065 = CYLINDRICAL_SURFACE('',#7066,6.);
#7066 = AXIS2_PLACEMENT_3D('',#7067,#7068,#7069);
#7067 = CARTESIAN_POINT('',(28.,1.,-3.));
#7068 = DIRECTION('',(-0.,-0.,1.));
#7069 = DIRECTION('',(1.,0.,0.));
#7070 = DEFINITIONAL_REPRESENTATION('',(#7071),#7075);
#7071 = LINE('',#7072,#7073);
#7072 = CARTESIAN_POINT('',(-0.,0.));
#7073 = VECTOR('',#7074,1.);
#7074 = DIRECTION('',(-1.,0.));
#7075 = ( GEOMETRIC_REPRESENTATION_CONTEXT(2) 
PARAMETRIC_REPRESENTATION_CONTEXT() REPRESENTATION_CONTEXT('2D SPACE',''
  ) );
#7076 = ORIENTED_EDGE('',*,*,#7077,.T.);
#7077 = EDGE_CURVE('',#7045,#7078,#7080,.T.);
#7078 = VERTEX_POINT('',#7079);
#7079 = CARTESIAN_POINT('',(23.101020514434,-2.22044604925E-16,-3.));
#7080 = SURFACE_CURVE('',#7081,(#7085,#7092),.PCURVE_S1.);
#7081 = LINE('',#7082,#7083);
#7082 = CARTESIAN_POINT('',(28.,-2.22044604925E-16,-3.));
#7083 = VECTOR('',#7084,1.);
#7084 = DIRECTION('',(1.,0.,0.));
#7085 = PCURVE('',#5661,#7086);
#7086 = DEFINITIONAL_REPRESENTATION('',(#7087),#7091);
#7087 = LINE('',#7088,#7089);
#7088 = CARTESIAN_POINT('',(95.5,26.5));
#7089 = VECTOR('',#7090,1.);
#7090 = DIRECTION('',(1.,0.));
#7091 = ( GEOMETRIC_REPRESENTATION_CONTEXT(2) 
PARAMETRIC_REPRESENTATION_CONTEXT() REPRESENTATION_CONTEXT('2D SPACE',''
  ) );
#7092 = PCURVE('',#7093,#7098);
#7093 = PLANE('',#7094);
#7094 = AXIS2_PLACEMENT_3D('',#7095,#7096,#7097);
#7095 = CARTESIAN_POINT('',(22.,-2.22044604925E-16,-3.));
#7096 = DIRECTION('',(0.,-1.,0.));
#7097 = DIRECTION('',(1.,0.,0.));
#7098 = DEFINITIONAL_REPRESENTATION('',(#7099),#7103);
#7099 = LINE('',#7100,#7101);
#7100 = CARTESIAN_POINT('',(6.,0.));
#7101 = VECTOR('',#7102,1.);
#7102 = DIRECTION('',(1.,0.));
#7103 = ( GEOMETRIC_REPRESENTATION_CONTEXT(2) 
PARAMETRIC_REPRESENTATION_CONTEXT() REPRESENTATION_CONTEXT('2D SPACE',''
  ) );
#7104 = ORIENTED_EDGE('',*,*,#7105,.T.);
#7105 = EDGE_CURVE('',#7078,#7106,#7108,.T.);
#7106 = VERTEX_POINT('',#7107);
#7107 = CARTESIAN_POINT('',(23.101020514434,2.,-3.));
#7108 = SURFACE_CURVE('',#7109,(#7114,#7125),.PCURVE_S1.);
#7109 = CIRCLE('',#7110,5.);
#7110 = AXIS2_PLACEMENT_3D('',#7111,#7112,#7113);
#7111 = CARTESIAN_POINT('',(28.,1.,-3.));
#7112 = DIRECTION('',(0.,0.,-1.));
#7113 = DIRECTION('',(1.,0.,0.));
#7114 = PCURVE('',#5661,#7115);
#7115 = DEFINITIONAL_REPRESENTATION('',(#7116),#7124);
#7116 = ( BOUNDED_CURVE() B_SPLINE_CURVE(2,(#7117,#7118,#7119,#7120,
#7121,#7122,#7123),.UNSPECIFIED.,.T.,.F.) B_SPLINE_CURVE_WITH_KNOTS((1,2
    ,2,2,2,1),(-2.094395102393,0.,2.094395102393,4.188790204786,
6.28318530718,8.377580409573),.UNSPECIFIED.) CURVE() 
GEOMETRIC_REPRESENTATION_ITEM() RATIONAL_B_SPLINE_CURVE((1.,0.5,1.,0.5,
1.,0.5,1.)) REPRESENTATION_ITEM('') );
#7117 = CARTESIAN_POINT('',(100.5,27.5));
#7118 = CARTESIAN_POINT('',(100.5,18.839745962156));
#7119 = CARTESIAN_POINT('',(93.,23.169872981078));
#7120 = CARTESIAN_POINT('',(85.5,27.5));
#7121 = CARTESIAN_POINT('',(93.,31.830127018922));
#7122 = CARTESIAN_POINT('',(100.5,36.160254037844));
#7123 = CARTESIAN_POINT('',(100.5,27.5));
#7124 = ( GEOMETRIC_REPRESENTATION_CONTEXT(2) 
PARAMETRIC_REPRESENTATION_CONTEXT() REPRESENTATION_CONTEXT('2D SPACE',''
  ) );
#7125 = PCURVE('',#6859,#7126);
#7126 = DEFINITIONAL_REPRESENTATION('',(#7127),#7131);
#7127 = LINE('',#7128,#7129);
#7128 = CARTESIAN_POINT('',(0.,0.));
#7129 = VECTOR('',#7130,1.);
#7130 = DIRECTION('',(1.,0.));
#7131 = ( GEOMETRIC_REPRESENTATION_CONTEXT(2) 
PARAMETRIC_REPRESENTATION_CONTEXT() REPRESENTATION_CONTEXT('2D SPACE',''
  ) );
#7132 = ORIENTED_EDGE('',*,*,#7133,.F.);
#7133 = EDGE_CURVE('',#7134,#7106,#7136,.T.);
#7134 = VERTEX_POINT('',#7135);
#7135 = CARTESIAN_POINT('',(22.0839202169,2.,-3.));
#7136 = SURFACE_CURVE('',#7137,(#7141,#7148),.PCURVE_S1.);
#7137 = LINE('',#7138,#7139);
#7138 = CARTESIAN_POINT('',(28.,2.,-3.));
#7139 = VECTOR('',#7140,1.);
#7140 = DIRECTION('',(1.,0.,0.));
#7141 = PCURVE('',#5661,#7142);
#7142 = DEFINITIONAL_REPRESENTATION('',(#7143),#7147);
#7143 = LINE('',#7144,#7145);
#7144 = CARTESIAN_POINT('',(95.5,28.5));
#7145 = VECTOR('',#7146,1.);
#7146 = DIRECTION('',(1.,0.));
#7147 = ( GEOMETRIC_REPRESENTATION_CONTEXT(2) 
PARAMETRIC_REPRESENTATION_CONTEXT() REPRESENTATION_CONTEXT('2D SPACE',''
  ) );
#7148 = PCURVE('',#7149,#7154);
#7149 = PLANE('',#7150);
#7150 = AXIS2_PLACEMENT_3D('',#7151,#7152,#7153);
#7151 = CARTESIAN_POINT('',(22.,2.,-3.));
#7152 = DIRECTION('',(0.,-1.,0.));
#7153 = DIRECTION('',(1.,0.,0.));
#7154 = DEFINITIONAL_REPRESENTATION('',(#7155),#7159);
#7155 = LINE('',#7156,#7157);
#7156 = CARTESIAN_POINT('',(6.,0.));
#7157 = VECTOR('',#7158,1.);
#7158 = DIRECTION('',(1.,0.));
#7159 = ( GEOMETRIC_REPRESENTATION_CONTEXT(2) 
PARAMETRIC_REPRESENTATION_CONTEXT() REPRESENTATION_CONTEXT('2D SPACE',''
  ) );
#7160 = ORIENTED_EDGE('',*,*,#7161,.T.);
#7161 = EDGE_CURVE('',#7134,#7162,#7164,.T.);
#7162 = VERTEX_POINT('',#7163);
#7163 = CARTESIAN_POINT('',(27.,6.9160797831,-3.));
#7164 = SURFACE_CURVE('',#7165,(#7170,#7181),.PCURVE_S1.);
#7165 = CIRCLE('',#7166,6.);
#7166 = AXIS2_PLACEMENT_3D('',#7167,#7168,#7169);
#7167 = CARTESIAN_POINT('',(28.,1.,-3.));
#7168 = DIRECTION('',(0.,0.,-1.));
#7169 = DIRECTION('',(1.,0.,0.));
#7170 = PCURVE('',#5661,#7171);
#7171 = DEFINITIONAL_REPRESENTATION('',(#7172),#7180);
#7172 = ( BOUNDED_CURVE() B_SPLINE_CURVE(2,(#7173,#7174,#7175,#7176,
#7177,#7178,#7179),.UNSPECIFIED.,.T.,.F.) B_SPLINE_CURVE_WITH_KNOTS((1,2
    ,2,2,2,1),(-2.094395102393,0.,2.094395102393,4.188790204786,
6.28318530718,8.377580409573),.UNSPECIFIED.) CURVE() 
GEOMETRIC_REPRESENTATION_ITEM() RATIONAL_B_SPLINE_CURVE((1.,0.5,1.,0.5,
1.,0.5,1.)) REPRESENTATION_ITEM('') );
#7173 = CARTESIAN_POINT('',(101.5,27.5));
#7174 = CARTESIAN_POINT('',(101.5,17.107695154587));
#7175 = CARTESIAN_POINT('',(92.5,22.303847577293));
#7176 = CARTESIAN_POINT('',(83.5,27.5));
#7177 = CARTESIAN_POINT('',(92.5,32.696152422707));
#7178 = CARTESIAN_POINT('',(101.5,37.892304845413));
#7179 = CARTESIAN_POINT('',(101.5,27.5));
#7180 = ( GEOMETRIC_REPRESENTATION_CONTEXT(2) 
PARAMETRIC_REPRESENTATION_CONTEXT() REPRESENTATION_CONTEXT('2D SPACE',''
  ) );
#7181 = PCURVE('',#7182,#7187);
#7182 = CYLINDRICAL_SURFACE('',#7183,6.);
#7183 = AXIS2_PLACEMENT_3D('',#7184,#7185,#7186);
#7184 = CARTESIAN_POINT('',(28.,1.,-3.));
#7185 = DIRECTION('',(-0.,-0.,1.));
#7186 = DIRECTION('',(1.,0.,0.));
#7187 = DEFINITIONAL_REPRESENTATION('',(#7188),#7192);
#7188 = LINE('',#7189,#7190);
#7189 = CARTESIAN_POINT('',(-0.,0.));
#7190 = VECTOR('',#7191,1.);
#7191 = DIRECTION('',(-1.,0.));
#7192 = ( GEOMETRIC_REPRESENTATION_CONTEXT(2) 
PARAMETRIC_REPRESENTATION_CONTEXT() REPRESENTATION_CONTEXT('2D SPACE',''
  ) );
#7193 = ORIENTED_EDGE('',*,*,#7194,.T.);
#7194 = EDGE_CURVE('',#7162,#7195,#7197,.T.);
#7195 = VERTEX_POINT('',#7196);
#7196 = CARTESIAN_POINT('',(27.,5.898979485566,-3.));
#7197 = SURFACE_CURVE('',#7198,(#7202,#7209),.PCURVE_S1.);
#7198 = LINE('',#7199,#7200);
#7199 = CARTESIAN_POINT('',(27.,1.,-3.));
#7200 = VECTOR('',#7201,1.);
#7201 = DIRECTION('',(0.,-1.,0.));
#7202 = PCURVE('',#5661,#7203);
#7203 = DEFINITIONAL_REPRESENTATION('',(#7204),#7208);
#7204 = LINE('',#7205,#7206);
#7205 = CARTESIAN_POINT('',(94.5,27.5));
#7206 = VECTOR('',#7207,1.);
#7207 = DIRECTION('',(0.,-1.));
#7208 = ( GEOMETRIC_REPRESENTATION_CONTEXT(2) 
PARAMETRIC_REPRESENTATION_CONTEXT() REPRESENTATION_CONTEXT('2D SPACE',''
  ) );
#7209 = PCURVE('',#7210,#7215);
#7210 = PLANE('',#7211);
#7211 = AXIS2_PLACEMENT_3D('',#7212,#7213,#7214);
#7212 = CARTESIAN_POINT('',(27.,7.,-3.));
#7213 = DIRECTION('',(-1.,0.,0.));
#7214 = DIRECTION('',(0.,-1.,0.));
#7215 = DEFINITIONAL_REPRESENTATION('',(#7216),#7220);
#7216 = LINE('',#7217,#7218);
#7217 = CARTESIAN_POINT('',(6.,0.));
#7218 = VECTOR('',#7219,1.);
#7219 = DIRECTION('',(1.,0.));
#7220 = ( GEOMETRIC_REPRESENTATION_CONTEXT(2) 
PARAMETRIC_REPRESENTATION_CONTEXT() REPRESENTATION_CONTEXT('2D SPACE',''
  ) );
#7221 = ORIENTED_EDGE('',*,*,#7222,.T.);
#7222 = EDGE_CURVE('',#7195,#7223,#7225,.T.);
#7223 = VERTEX_POINT('',#7224);
#7224 = CARTESIAN_POINT('',(29.,5.898979485566,-3.));
#7225 = SURFACE_CURVE('',#7226,(#7231,#7242),.PCURVE_S1.);
#7226 = CIRCLE('',#7227,5.);
#7227 = AXIS2_PLACEMENT_3D('',#7228,#7229,#7230);
#7228 = CARTESIAN_POINT('',(28.,1.,-3.));
#7229 = DIRECTION('',(0.,0.,-1.));
#7230 = DIRECTION('',(1.,0.,0.));
#7231 = PCURVE('',#5661,#7232);
#7232 = DEFINITIONAL_REPRESENTATION('',(#7233),#7241);
#7233 = ( BOUNDED_CURVE() B_SPLINE_CURVE(2,(#7234,#7235,#7236,#7237,
#7238,#7239,#7240),.UNSPECIFIED.,.T.,.F.) B_SPLINE_CURVE_WITH_KNOTS((1,2
    ,2,2,2,1),(-2.094395102393,0.,2.094395102393,4.188790204786,
6.28318530718,8.377580409573),.UNSPECIFIED.) CURVE() 
GEOMETRIC_REPRESENTATION_ITEM() RATIONAL_B_SPLINE_CURVE((1.,0.5,1.,0.5,
1.,0.5,1.)) REPRESENTATION_ITEM('') );
#7234 = CARTESIAN_POINT('',(100.5,27.5));
#7235 = CARTESIAN_POINT('',(100.5,18.839745962156));
#7236 = CARTESIAN_POINT('',(93.,23.169872981078));
#7237 = CARTESIAN_POINT('',(85.5,27.5));
#7238 = CARTESIAN_POINT('',(93.,31.830127018922));
#7239 = CARTESIAN_POINT('',(100.5,36.160254037844));
#7240 = CARTESIAN_POINT('',(100.5,27.5));
#7241 = ( GEOMETRIC_REPRESENTATION_CONTEXT(2) 
PARAMETRIC_REPRESENTATION_CONTEXT() REPRESENTATION_CONTEXT('2D SPACE',''
  ) );
#7242 = PCURVE('',#6859,#7243);
#7243 = DEFINITIONAL_REPRESENTATION('',(#7244),#7248);
#7244 = LINE('',#7245,#7246);
#7245 = CARTESIAN_POINT('',(0.,0.));
#7246 = VECTOR('',#7247,1.);
#7247 = DIRECTION('',(1.,0.));
#7248 = ( GEOMETRIC_REPRESENTATION_CONTEXT(2) 
PARAMETRIC_REPRESENTATION_CONTEXT() REPRESENTATION_CONTEXT('2D SPACE',''
  ) );
#7249 = ORIENTED_EDGE('',*,*,#7250,.F.);
#7250 = EDGE_CURVE('',#6776,#7223,#7251,.T.);
#7251 = SURFACE_CURVE('',#7252,(#7256,#7263),.PCURVE_S1.);
#7252 = LINE('',#7253,#7254);
#7253 = CARTESIAN_POINT('',(29.,1.,-3.));
#7254 = VECTOR('',#7255,1.);
#7255 = DIRECTION('',(0.,-1.,0.));
#7256 = PCURVE('',#5661,#7257);
#7257 = DEFINITIONAL_REPRESENTATION('',(#7258),#7262);
#7258 = LINE('',#7259,#7260);
#7259 = CARTESIAN_POINT('',(96.5,27.5));
#7260 = VECTOR('',#7261,1.);
#7261 = DIRECTION('',(0.,-1.));
#7262 = ( GEOMETRIC_REPRESENTATION_CONTEXT(2) 
PARAMETRIC_REPRESENTATION_CONTEXT() REPRESENTATION_CONTEXT('2D SPACE',''
  ) );
#7263 = PCURVE('',#7264,#7269);
#7264 = PLANE('',#7265);
#7265 = AXIS2_PLACEMENT_3D('',#7266,#7267,#7268);
#7266 = CARTESIAN_POINT('',(29.,7.,-3.));
#7267 = DIRECTION('',(-1.,0.,0.));
#7268 = DIRECTION('',(0.,-1.,0.));
#7269 = DEFINITIONAL_REPRESENTATION('',(#7270),#7274);
#7270 = LINE('',#7271,#7272);
#7271 = CARTESIAN_POINT('',(6.,0.));
#7272 = VECTOR('',#7273,1.);
#7273 = DIRECTION('',(1.,0.));
#7274 = ( GEOMETRIC_REPRESENTATION_CONTEXT(2) 
PARAMETRIC_REPRESENTATION_CONTEXT() REPRESENTATION_CONTEXT('2D SPACE',''
  ) );
#7275 = FACE_BOUND('',#7276,.F.);
#7276 = EDGE_LOOP('',(#7277,#7312,#7340,#7369,#7393,#7421,#7454,#7482,
    #7506,#7534,#7567,#7595,#7619,#7647,#7680,#7708,#7732));
#7277 = ORIENTED_EDGE('',*,*,#7278,.T.);
#7278 = EDGE_CURVE('',#7279,#7281,#7283,.T.);
#7279 = VERTEX_POINT('',#7280);
#7280 = CARTESIAN_POINT('',(49.,6.9160797831,-3.));
#7281 = VERTEX_POINT('',#7282);
#7282 = CARTESIAN_POINT('',(53.9160797831,2.,-3.));
#7283 = SURFACE_CURVE('',#7284,(#7289,#7300),.PCURVE_S1.);
#7284 = CIRCLE('',#7285,6.);
#7285 = AXIS2_PLACEMENT_3D('',#7286,#7287,#7288);
#7286 = CARTESIAN_POINT('',(48.,1.,-3.));
#7287 = DIRECTION('',(0.,0.,-1.));
#7288 = DIRECTION('',(1.,0.,0.));
#7289 = PCURVE('',#5661,#7290);
#7290 = DEFINITIONAL_REPRESENTATION('',(#7291),#7299);
#7291 = ( BOUNDED_CURVE() B_SPLINE_CURVE(2,(#7292,#7293,#7294,#7295,
#7296,#7297,#7298),.UNSPECIFIED.,.T.,.F.) B_SPLINE_CURVE_WITH_KNOTS((1,2
    ,2,2,2,1),(-2.094395102393,0.,2.094395102393,4.188790204786,
6.28318530718,8.377580409573),.UNSPECIFIED.) CURVE() 
GEOMETRIC_REPRESENTATION_ITEM() RATIONAL_B_SPLINE_CURVE((1.,0.5,1.,0.5,
1.,0.5,1.)) REPRESENTATION_ITEM('') );
#7292 = CARTESIAN_POINT('',(121.5,27.5));
#7293 = CARTESIAN_POINT('',(121.5,17.107695154587));
#7294 = CARTESIAN_POINT('',(112.5,22.303847577293));
#7295 = CARTESIAN_POINT('',(103.5,27.5));
#7296 = CARTESIAN_POINT('',(112.5,32.696152422707));
#7297 = CARTESIAN_POINT('',(121.5,37.892304845413));
#7298 = CARTESIAN_POINT('',(121.5,27.5));
#7299 = ( GEOMETRIC_REPRESENTATION_CONTEXT(2) 
PARAMETRIC_REPRESENTATION_CONTEXT() REPRESENTATION_CONTEXT('2D SPACE',''
  ) );
#7300 = PCURVE('',#7301,#7306);
#7301 = CYLINDRICAL_SURFACE('',#7302,6.);
#7302 = AXIS2_PLACEMENT_3D('',#7303,#7304,#7305);
#7303 = CARTESIAN_POINT('',(48.,1.,-3.));
#7304 = DIRECTION('',(-0.,-0.,1.));
#7305 = DIRECTION('',(1.,0.,0.));
#7306 = DEFINITIONAL_REPRESENTATION('',(#7307),#7311);
#7307 = LINE('',#7308,#7309);
#7308 = CARTESIAN_POINT('',(-0.,0.));
#7309 = VECTOR('',#7310,1.);
#7310 = DIRECTION('',(-1.,0.));
#7311 = ( GEOMETRIC_REPRESENTATION_CONTEXT(2) 
PARAMETRIC_REPRESENTATION_CONTEXT() REPRESENTATION_CONTEXT('2D SPACE',''
  ) );
#7312 = ORIENTED_EDGE('',*,*,#7313,.F.);
#7313 = EDGE_CURVE('',#7314,#7281,#7316,.T.);
#7314 = VERTEX_POINT('',#7315);
#7315 = CARTESIAN_POINT('',(52.898979485566,2.,-3.));
#7316 = SURFACE_CURVE('',#7317,(#7321,#7328),.PCURVE_S1.);
#7317 = LINE('',#7318,#7319);
#7318 = CARTESIAN_POINT('',(48.,2.,-3.));
#7319 = VECTOR('',#7320,1.);
#7320 = DIRECTION('',(1.,0.,0.));
#7321 = PCURVE('',#5661,#7322);
#7322 = DEFINITIONAL_REPRESENTATION('',(#7323),#7327);
#7323 = LINE('',#7324,#7325);
#7324 = CARTESIAN_POINT('',(115.5,28.5));
#7325 = VECTOR('',#7326,1.);
#7326 = DIRECTION('',(1.,0.));
#7327 = ( GEOMETRIC_REPRESENTATION_CONTEXT(2) 
PARAMETRIC_REPRESENTATION_CONTEXT() REPRESENTATION_CONTEXT('2D SPACE',''
  ) );
#7328 = PCURVE('',#7329,#7334);
#7329 = PLANE('',#7330);
#7330 = AXIS2_PLACEMENT_3D('',#7331,#7332,#7333);
#7331 = CARTESIAN_POINT('',(49.,2.,-3.));
#7332 = DIRECTION('',(0.,-1.,0.));
#7333 = DIRECTION('',(1.,0.,0.));
#7334 = DEFINITIONAL_REPRESENTATION('',(#7335),#7339);
#7335 = LINE('',#7336,#7337);
#7336 = CARTESIAN_POINT('',(-1.,0.));
#7337 = VECTOR('',#7338,1.);
#7338 = DIRECTION('',(1.,0.));
#7339 = ( GEOMETRIC_REPRESENTATION_CONTEXT(2) 
PARAMETRIC_REPRESENTATION_CONTEXT() REPRESENTATION_CONTEXT('2D SPACE',''
  ) );
#7340 = ORIENTED_EDGE('',*,*,#7341,.F.);
#7341 = EDGE_CURVE('',#7342,#7314,#7344,.T.);
#7342 = VERTEX_POINT('',#7343);
#7343 = CARTESIAN_POINT('',(53.,1.,-3.));
#7344 = SURFACE_CURVE('',#7345,(#7350,#7357),.PCURVE_S1.);
#7345 = CIRCLE('',#7346,5.);
#7346 = AXIS2_PLACEMENT_3D('',#7347,#7348,#7349);
#7347 = CARTESIAN_POINT('',(48.,1.,-3.));
#7348 = DIRECTION('',(-0.,0.,1.));
#7349 = DIRECTION('',(1.,3.10862446895E-16,0.));
#7350 = PCURVE('',#5661,#7351);
#7351 = DEFINITIONAL_REPRESENTATION('',(#7352),#7356);
#7352 = CIRCLE('',#7353,5.);
#7353 = AXIS2_PLACEMENT_2D('',#7354,#7355);
#7354 = CARTESIAN_POINT('',(115.5,27.5));
#7355 = DIRECTION('',(1.,3.10862446895E-16));
#7356 = ( GEOMETRIC_REPRESENTATION_CONTEXT(2) 
PARAMETRIC_REPRESENTATION_CONTEXT() REPRESENTATION_CONTEXT('2D SPACE',''
  ) );
#7357 = PCURVE('',#7358,#7363);
#7358 = CYLINDRICAL_SURFACE('',#7359,5.);
#7359 = AXIS2_PLACEMENT_3D('',#7360,#7361,#7362);
#7360 = CARTESIAN_POINT('',(48.,1.,-3.));
#7361 = DIRECTION('',(-0.,0.,1.));
#7362 = DIRECTION('',(1.,3.10862446895E-16,0.));
#7363 = DEFINITIONAL_REPRESENTATION('',(#7364),#7368);
#7364 = LINE('',#7365,#7366);
#7365 = CARTESIAN_POINT('',(0.,0.));
#7366 = VECTOR('',#7367,1.);
#7367 = DIRECTION('',(1.,0.));
#7368 = ( GEOMETRIC_REPRESENTATION_CONTEXT(2) 
PARAMETRIC_REPRESENTATION_CONTEXT() REPRESENTATION_CONTEXT('2D SPACE',''
  ) );
#7369 = ORIENTED_EDGE('',*,*,#7370,.F.);
#7370 = EDGE_CURVE('',#7371,#7342,#7373,.T.);
#7371 = VERTEX_POINT('',#7372);
#7372 = CARTESIAN_POINT('',(52.898979485566,-2.22044604925E-16,-3.));
#7373 = SURFACE_CURVE('',#7374,(#7379,#7386),.PCURVE_S1.);
#7374 = CIRCLE('',#7375,5.);
#7375 = AXIS2_PLACEMENT_3D('',#7376,#7377,#7378);
#7376 = CARTESIAN_POINT('',(48.,1.,-3.));
#7377 = DIRECTION('',(-0.,0.,1.));
#7378 = DIRECTION('',(1.,3.10862446895E-16,0.));
#7379 = PCURVE('',#5661,#7380);
#7380 = DEFINITIONAL_REPRESENTATION('',(#7381),#7385);
#7381 = CIRCLE('',#7382,5.);
#7382 = AXIS2_PLACEMENT_2D('',#7383,#7384);
#7383 = CARTESIAN_POINT('',(115.5,27.5));
#7384 = DIRECTION('',(1.,3.10862446895E-16));
#7385 = ( GEOMETRIC_REPRESENTATION_CONTEXT(2) 
PARAMETRIC_REPRESENTATION_CONTEXT() REPRESENTATION_CONTEXT('2D SPACE',''
  ) );
#7386 = PCURVE('',#7358,#7387);
#7387 = DEFINITIONAL_REPRESENTATION('',(#7388),#7392);
#7388 = LINE('',#7389,#7390);
#7389 = CARTESIAN_POINT('',(0.,0.));
#7390 = VECTOR('',#7391,1.);
#7391 = DIRECTION('',(1.,0.));
#7392 = ( GEOMETRIC_REPRESENTATION_CONTEXT(2) 
PARAMETRIC_REPRESENTATION_CONTEXT() REPRESENTATION_CONTEXT('2D SPACE',''
  ) );
#7393 = ORIENTED_EDGE('',*,*,#7394,.T.);
#7394 = EDGE_CURVE('',#7371,#7395,#7397,.T.);
#7395 = VERTEX_POINT('',#7396);
#7396 = CARTESIAN_POINT('',(53.9160797831,-8.304468224196E-14,-3.));
#7397 = SURFACE_CURVE('',#7398,(#7402,#7409),.PCURVE_S1.);
#7398 = LINE('',#7399,#7400);
#7399 = CARTESIAN_POINT('',(48.,-2.22044604925E-16,-3.));
#7400 = VECTOR('',#7401,1.);
#7401 = DIRECTION('',(1.,0.,0.));
#7402 = PCURVE('',#5661,#7403);
#7403 = DEFINITIONAL_REPRESENTATION('',(#7404),#7408);
#7404 = LINE('',#7405,#7406);
#7405 = CARTESIAN_POINT('',(115.5,26.5));
#7406 = VECTOR('',#7407,1.);
#7407 = DIRECTION('',(1.,0.));
#7408 = ( GEOMETRIC_REPRESENTATION_CONTEXT(2) 
PARAMETRIC_REPRESENTATION_CONTEXT() REPRESENTATION_CONTEXT('2D SPACE',''
  ) );
#7409 = PCURVE('',#7410,#7415);
#7410 = PLANE('',#7411);
#7411 = AXIS2_PLACEMENT_3D('',#7412,#7413,#7414);
#7412 = CARTESIAN_POINT('',(49.,-2.22044604925E-16,-3.));
#7413 = DIRECTION('',(0.,-1.,0.));
#7414 = DIRECTION('',(1.,0.,0.));
#7415 = DEFINITIONAL_REPRESENTATION('',(#7416),#7420);
#7416 = LINE('',#7417,#7418);
#7417 = CARTESIAN_POINT('',(-1.,0.));
#7418 = VECTOR('',#7419,1.);
#7419 = DIRECTION('',(1.,0.));
#7420 = ( GEOMETRIC_REPRESENTATION_CONTEXT(2) 
PARAMETRIC_REPRESENTATION_CONTEXT() REPRESENTATION_CONTEXT('2D SPACE',''
  ) );
#7421 = ORIENTED_EDGE('',*,*,#7422,.T.);
#7422 = EDGE_CURVE('',#7395,#7423,#7425,.T.);
#7423 = VERTEX_POINT('',#7424);
#7424 = CARTESIAN_POINT('',(49.,-4.9160797831,-3.));
#7425 = SURFACE_CURVE('',#7426,(#7431,#7442),.PCURVE_S1.);
#7426 = CIRCLE('',#7427,6.);
#7427 = AXIS2_PLACEMENT_3D('',#7428,#7429,#7430);
#7428 = CARTESIAN_POINT('',(48.,1.,-3.));
#7429 = DIRECTION('',(0.,0.,-1.));
#7430 = DIRECTION('',(1.,0.,0.));
#7431 = PCURVE('',#5661,#7432);
#7432 = DEFINITIONAL_REPRESENTATION('',(#7433),#7441);
#7433 = ( BOUNDED_CURVE() B_SPLINE_CURVE(2,(#7434,#7435,#7436,#7437,
#7438,#7439,#7440),.UNSPECIFIED.,.T.,.F.) B_SPLINE_CURVE_WITH_KNOTS((1,2
    ,2,2,2,1),(-2.094395102393,0.,2.094395102393,4.188790204786,
6.28318530718,8.377580409573),.UNSPECIFIED.) CURVE() 
GEOMETRIC_REPRESENTATION_ITEM() RATIONAL_B_SPLINE_CURVE((1.,0.5,1.,0.5,
1.,0.5,1.)) REPRESENTATION_ITEM('') );
#7434 = CARTESIAN_POINT('',(121.5,27.5));
#7435 = CARTESIAN_POINT('',(121.5,17.107695154587));
#7436 = CARTESIAN_POINT('',(112.5,22.303847577293));
#7437 = CARTESIAN_POINT('',(103.5,27.5));
#7438 = CARTESIAN_POINT('',(112.5,32.696152422707));
#7439 = CARTESIAN_POINT('',(121.5,37.892304845413));
#7440 = CARTESIAN_POINT('',(121.5,27.5));
#7441 = ( GEOMETRIC_REPRESENTATION_CONTEXT(2) 
PARAMETRIC_REPRESENTATION_CONTEXT() REPRESENTATION_CONTEXT('2D SPACE',''
  ) );
#7442 = PCURVE('',#7443,#7448);
#7443 = CYLINDRICAL_SURFACE('',#7444,6.);
#7444 = AXIS2_PLACEMENT_3D('',#7445,#7446,#7447);
#7445 = CARTESIAN_POINT('',(48.,1.,-3.));
#7446 = DIRECTION('',(-0.,-0.,1.));
#7447 = DIRECTION('',(1.,0.,0.));
#7448 = DEFINITIONAL_REPRESENTATION('',(#7449),#7453);
#7449 = LINE('',#7450,#7451);
#7450 = CARTESIAN_POINT('',(-0.,0.));
#7451 = VECTOR('',#7452,1.);
#7452 = DIRECTION('',(-1.,0.));
#7453 = ( GEOMETRIC_REPRESENTATION_CONTEXT(2) 
PARAMETRIC_REPRESENTATION_CONTEXT() REPRESENTATION_CONTEXT('2D SPACE',''
  ) );
#7454 = ORIENTED_EDGE('',*,*,#7455,.F.);
#7455 = EDGE_CURVE('',#7456,#7423,#7458,.T.);
#7456 = VERTEX_POINT('',#7457);
#7457 = CARTESIAN_POINT('',(49.,-3.898979485566,-3.));
#7458 = SURFACE_CURVE('',#7459,(#7463,#7470),.PCURVE_S1.);
#7459 = LINE('',#7460,#7461);
#7460 = CARTESIAN_POINT('',(49.,1.,-3.));
#7461 = VECTOR('',#7462,1.);
#7462 = DIRECTION('',(0.,-1.,0.));
#7463 = PCURVE('',#5661,#7464);
#7464 = DEFINITIONAL_REPRESENTATION('',(#7465),#7469);
#7465 = LINE('',#7466,#7467);
#7466 = CARTESIAN_POINT('',(116.5,27.5));
#7467 = VECTOR('',#7468,1.);
#7468 = DIRECTION('',(0.,-1.));
#7469 = ( GEOMETRIC_REPRESENTATION_CONTEXT(2) 
PARAMETRIC_REPRESENTATION_CONTEXT() REPRESENTATION_CONTEXT('2D SPACE',''
  ) );
#7470 = PCURVE('',#7471,#7476);
#7471 = PLANE('',#7472);
#7472 = AXIS2_PLACEMENT_3D('',#7473,#7474,#7475);
#7473 = CARTESIAN_POINT('',(49.,-2.22044604925E-16,-3.));
#7474 = DIRECTION('',(-1.,0.,0.));
#7475 = DIRECTION('',(0.,-1.,0.));
#7476 = DEFINITIONAL_REPRESENTATION('',(#7477),#7481);
#7477 = LINE('',#7478,#7479);
#7478 = CARTESIAN_POINT('',(-1.,0.));
#7479 = VECTOR('',#7480,1.);
#7480 = DIRECTION('',(1.,0.));
#7481 = ( GEOMETRIC_REPRESENTATION_CONTEXT(2) 
PARAMETRIC_REPRESENTATION_CONTEXT() REPRESENTATION_CONTEXT('2D SPACE',''
  ) );
#7482 = ORIENTED_EDGE('',*,*,#7483,.F.);
#7483 = EDGE_CURVE('',#7484,#7456,#7486,.T.);
#7484 = VERTEX_POINT('',#7485);
#7485 = CARTESIAN_POINT('',(47.,-3.898979485566,-3.));
#7486 = SURFACE_CURVE('',#7487,(#7492,#7499),.PCURVE_S1.);
#7487 = CIRCLE('',#7488,5.);
#7488 = AXIS2_PLACEMENT_3D('',#7489,#7490,#7491);
#7489 = CARTESIAN_POINT('',(48.,1.,-3.));
#7490 = DIRECTION('',(-0.,0.,1.));
#7491 = DIRECTION('',(1.,3.10862446895E-16,0.));
#7492 = PCURVE('',#5661,#7493);
#7493 = DEFINITIONAL_REPRESENTATION('',(#7494),#7498);
#7494 = CIRCLE('',#7495,5.);
#7495 = AXIS2_PLACEMENT_2D('',#7496,#7497);
#7496 = CARTESIAN_POINT('',(115.5,27.5));
#7497 = DIRECTION('',(1.,3.10862446895E-16));
#7498 = ( GEOMETRIC_REPRESENTATION_CONTEXT(2) 
PARAMETRIC_REPRESENTATION_CONTEXT() REPRESENTATION_CONTEXT('2D SPACE',''
  ) );
#7499 = PCURVE('',#7358,#7500);
#7500 = DEFINITIONAL_REPRESENTATION('',(#7501),#7505);
#7501 = LINE('',#7502,#7503);
#7502 = CARTESIAN_POINT('',(0.,0.));
#7503 = VECTOR('',#7504,1.);
#7504 = DIRECTION('',(1.,0.));
#7505 = ( GEOMETRIC_REPRESENTATION_CONTEXT(2) 
PARAMETRIC_REPRESENTATION_CONTEXT() REPRESENTATION_CONTEXT('2D SPACE',''
  ) );
#7506 = ORIENTED_EDGE('',*,*,#7507,.T.);
#7507 = EDGE_CURVE('',#7484,#7508,#7510,.T.);
#7508 = VERTEX_POINT('',#7509);
#7509 = CARTESIAN_POINT('',(47.,-4.9160797831,-3.));
#7510 = SURFACE_CURVE('',#7511,(#7515,#7522),.PCURVE_S1.);
#7511 = LINE('',#7512,#7513);
#7512 = CARTESIAN_POINT('',(47.,1.,-3.));
#7513 = VECTOR('',#7514,1.);
#7514 = DIRECTION('',(0.,-1.,0.));
#7515 = PCURVE('',#5661,#7516);
#7516 = DEFINITIONAL_REPRESENTATION('',(#7517),#7521);
#7517 = LINE('',#7518,#7519);
#7518 = CARTESIAN_POINT('',(114.5,27.5));
#7519 = VECTOR('',#7520,1.);
#7520 = DIRECTION('',(0.,-1.));
#7521 = ( GEOMETRIC_REPRESENTATION_CONTEXT(2) 
PARAMETRIC_REPRESENTATION_CONTEXT() REPRESENTATION_CONTEXT('2D SPACE',''
  ) );
#7522 = PCURVE('',#7523,#7528);
#7523 = PLANE('',#7524);
#7524 = AXIS2_PLACEMENT_3D('',#7525,#7526,#7527);
#7525 = CARTESIAN_POINT('',(47.,-2.22044604925E-16,-3.));
#7526 = DIRECTION('',(-1.,0.,0.));
#7527 = DIRECTION('',(0.,-1.,0.));
#7528 = DEFINITIONAL_REPRESENTATION('',(#7529),#7533);
#7529 = LINE('',#7530,#7531);
#7530 = CARTESIAN_POINT('',(-1.,0.));
#7531 = VECTOR('',#7532,1.);
#7532 = DIRECTION('',(1.,0.));
#7533 = ( GEOMETRIC_REPRESENTATION_CONTEXT(2) 
PARAMETRIC_REPRESENTATION_CONTEXT() REPRESENTATION_CONTEXT('2D SPACE',''
  ) );
#7534 = ORIENTED_EDGE('',*,*,#7535,.T.);
#7535 = EDGE_CURVE('',#7508,#7536,#7538,.T.);
#7536 = VERTEX_POINT('',#7537);
#7537 = CARTESIAN_POINT('',(42.0839202169,1.216804434989E-13,-3.));
#7538 = SURFACE_CURVE('',#7539,(#7544,#7555),.PCURVE_S1.);
#7539 = CIRCLE('',#7540,6.);
#7540 = AXIS2_PLACEMENT_3D('',#7541,#7542,#7543);
#7541 = CARTESIAN_POINT('',(48.,1.,-3.));
#7542 = DIRECTION('',(0.,0.,-1.));
#7543 = DIRECTION('',(1.,0.,0.));
#7544 = PCURVE('',#5661,#7545);
#7545 = DEFINITIONAL_REPRESENTATION('',(#7546),#7554);
#7546 = ( BOUNDED_CURVE() B_SPLINE_CURVE(2,(#7547,#7548,#7549,#7550,
#7551,#7552,#7553),.UNSPECIFIED.,.T.,.F.) B_SPLINE_CURVE_WITH_KNOTS((1,2
    ,2,2,2,1),(-2.094395102393,0.,2.094395102393,4.188790204786,
6.28318530718,8.377580409573),.UNSPECIFIED.) CURVE() 
GEOMETRIC_REPRESENTATION_ITEM() RATIONAL_B_SPLINE_CURVE((1.,0.5,1.,0.5,
1.,0.5,1.)) REPRESENTATION_ITEM('') );
#7547 = CARTESIAN_POINT('',(121.5,27.5));
#7548 = CARTESIAN_POINT('',(121.5,17.107695154587));
#7549 = CARTESIAN_POINT('',(112.5,22.303847577293));
#7550 = CARTESIAN_POINT('',(103.5,27.5));
#7551 = CARTESIAN_POINT('',(112.5,32.696152422707));
#7552 = CARTESIAN_POINT('',(121.5,37.892304845413));
#7553 = CARTESIAN_POINT('',(121.5,27.5));
#7554 = ( GEOMETRIC_REPRESENTATION_CONTEXT(2) 
PARAMETRIC_REPRESENTATION_CONTEXT() REPRESENTATION_CONTEXT('2D SPACE',''
  ) );
#7555 = PCURVE('',#7556,#7561);
#7556 = CYLINDRICAL_SURFACE('',#7557,6.);
#7557 = AXIS2_PLACEMENT_3D('',#7558,#7559,#7560);
#7558 = CARTESIAN_POINT('',(48.,1.,-3.));
#7559 = DIRECTION('',(-0.,-0.,1.));
#7560 = DIRECTION('',(1.,0.,0.));
#7561 = DEFINITIONAL_REPRESENTATION('',(#7562),#7566);
#7562 = LINE('',#7563,#7564);
#7563 = CARTESIAN_POINT('',(-0.,0.));
#7564 = VECTOR('',#7565,1.);
#7565 = DIRECTION('',(-1.,0.));
#7566 = ( GEOMETRIC_REPRESENTATION_CONTEXT(2) 
PARAMETRIC_REPRESENTATION_CONTEXT() REPRESENTATION_CONTEXT('2D SPACE',''
  ) );
#7567 = ORIENTED_EDGE('',*,*,#7568,.T.);
#7568 = EDGE_CURVE('',#7536,#7569,#7571,.T.);
#7569 = VERTEX_POINT('',#7570);
#7570 = CARTESIAN_POINT('',(43.101020514434,-2.22044604925E-16,-3.));
#7571 = SURFACE_CURVE('',#7572,(#7576,#7583),.PCURVE_S1.);
#7572 = LINE('',#7573,#7574);
#7573 = CARTESIAN_POINT('',(48.,-2.22044604925E-16,-3.));
#7574 = VECTOR('',#7575,1.);
#7575 = DIRECTION('',(1.,0.,0.));
#7576 = PCURVE('',#5661,#7577);
#7577 = DEFINITIONAL_REPRESENTATION('',(#7578),#7582);
#7578 = LINE('',#7579,#7580);
#7579 = CARTESIAN_POINT('',(115.5,26.5));
#7580 = VECTOR('',#7581,1.);
#7581 = DIRECTION('',(1.,0.));
#7582 = ( GEOMETRIC_REPRESENTATION_CONTEXT(2) 
PARAMETRIC_REPRESENTATION_CONTEXT() REPRESENTATION_CONTEXT('2D SPACE',''
  ) );
#7583 = PCURVE('',#7584,#7589);
#7584 = PLANE('',#7585);
#7585 = AXIS2_PLACEMENT_3D('',#7586,#7587,#7588);
#7586 = CARTESIAN_POINT('',(42.,-2.22044604925E-16,-3.));
#7587 = DIRECTION('',(0.,-1.,0.));
#7588 = DIRECTION('',(1.,0.,0.));
#7589 = DEFINITIONAL_REPRESENTATION('',(#7590),#7594);
#7590 = LINE('',#7591,#7592);
#7591 = CARTESIAN_POINT('',(6.,0.));
#7592 = VECTOR('',#7593,1.);
#7593 = DIRECTION('',(1.,0.));
#7594 = ( GEOMETRIC_REPRESENTATION_CONTEXT(2) 
PARAMETRIC_REPRESENTATION_CONTEXT() REPRESENTATION_CONTEXT('2D SPACE',''
  ) );
#7595 = ORIENTED_EDGE('',*,*,#7596,.F.);
#7596 = EDGE_CURVE('',#7597,#7569,#7599,.T.);
#7597 = VERTEX_POINT('',#7598);
#7598 = CARTESIAN_POINT('',(43.101020514434,2.,-3.));
#7599 = SURFACE_CURVE('',#7600,(#7605,#7612),.PCURVE_S1.);
#7600 = CIRCLE('',#7601,5.);
#7601 = AXIS2_PLACEMENT_3D('',#7602,#7603,#7604);
#7602 = CARTESIAN_POINT('',(48.,1.,-3.));
#7603 = DIRECTION('',(-0.,0.,1.));
#7604 = DIRECTION('',(1.,3.10862446895E-16,0.));
#7605 = PCURVE('',#5661,#7606);
#7606 = DEFINITIONAL_REPRESENTATION('',(#7607),#7611);
#7607 = CIRCLE('',#7608,5.);
#7608 = AXIS2_PLACEMENT_2D('',#7609,#7610);
#7609 = CARTESIAN_POINT('',(115.5,27.5));
#7610 = DIRECTION('',(1.,3.10862446895E-16));
#7611 = ( GEOMETRIC_REPRESENTATION_CONTEXT(2) 
PARAMETRIC_REPRESENTATION_CONTEXT() REPRESENTATION_CONTEXT('2D SPACE',''
  ) );
#7612 = PCURVE('',#7358,#7613);
#7613 = DEFINITIONAL_REPRESENTATION('',(#7614),#7618);
#7614 = LINE('',#7615,#7616);
#7615 = CARTESIAN_POINT('',(0.,0.));
#7616 = VECTOR('',#7617,1.);
#7617 = DIRECTION('',(1.,0.));
#7618 = ( GEOMETRIC_REPRESENTATION_CONTEXT(2) 
PARAMETRIC_REPRESENTATION_CONTEXT() REPRESENTATION_CONTEXT('2D SPACE',''
  ) );
#7619 = ORIENTED_EDGE('',*,*,#7620,.F.);
#7620 = EDGE_CURVE('',#7621,#7597,#7623,.T.);
#7621 = VERTEX_POINT('',#7622);
#7622 = CARTESIAN_POINT('',(42.0839202169,2.,-3.));
#7623 = SURFACE_CURVE('',#7624,(#7628,#7635),.PCURVE_S1.);
#7624 = LINE('',#7625,#7626);
#7625 = CARTESIAN_POINT('',(48.,2.,-3.));
#7626 = VECTOR('',#7627,1.);
#7627 = DIRECTION('',(1.,0.,0.));
#7628 = PCURVE('',#5661,#7629);
#7629 = DEFINITIONAL_REPRESENTATION('',(#7630),#7634);
#7630 = LINE('',#7631,#7632);
#7631 = CARTESIAN_POINT('',(115.5,28.5));
#7632 = VECTOR('',#7633,1.);
#7633 = DIRECTION('',(1.,0.));
#7634 = ( GEOMETRIC_REPRESENTATION_CONTEXT(2) 
PARAMETRIC_REPRESENTATION_CONTEXT() REPRESENTATION_CONTEXT('2D SPACE',''
  ) );
#7635 = PCURVE('',#7636,#7641);
#7636 = PLANE('',#7637);
#7637 = AXIS2_PLACEMENT_3D('',#7638,#7639,#7640);
#7638 = CARTESIAN_POINT('',(42.,2.,-3.));
#7639 = DIRECTION('',(0.,-1.,0.));
#7640 = DIRECTION('',(1.,0.,0.));
#7641 = DEFINITIONAL_REPRESENTATION('',(#7642),#7646);
#7642 = LINE('',#7643,#7644);
#7643 = CARTESIAN_POINT('',(6.,0.));
#7644 = VECTOR('',#7645,1.);
#7645 = DIRECTION('',(1.,0.));
#7646 = ( GEOMETRIC_REPRESENTATION_CONTEXT(2) 
PARAMETRIC_REPRESENTATION_CONTEXT() REPRESENTATION_CONTEXT('2D SPACE',''
  ) );
#7647 = ORIENTED_EDGE('',*,*,#7648,.T.);
#7648 = EDGE_CURVE('',#7621,#7649,#7651,.T.);
#7649 = VERTEX_POINT('',#7650);
#7650 = CARTESIAN_POINT('',(47.,6.9160797831,-3.));
#7651 = SURFACE_CURVE('',#7652,(#7657,#7668),.PCURVE_S1.);
#7652 = CIRCLE('',#7653,6.);
#7653 = AXIS2_PLACEMENT_3D('',#7654,#7655,#7656);
#7654 = CARTESIAN_POINT('',(48.,1.,-3.));
#7655 = DIRECTION('',(0.,0.,-1.));
#7656 = DIRECTION('',(1.,0.,0.));
#7657 = PCURVE('',#5661,#7658);
#7658 = DEFINITIONAL_REPRESENTATION('',(#7659),#7667);
#7659 = ( BOUNDED_CURVE() B_SPLINE_CURVE(2,(#7660,#7661,#7662,#7663,
#7664,#7665,#7666),.UNSPECIFIED.,.T.,.F.) B_SPLINE_CURVE_WITH_KNOTS((1,2
    ,2,2,2,1),(-2.094395102393,0.,2.094395102393,4.188790204786,
6.28318530718,8.377580409573),.UNSPECIFIED.) CURVE() 
GEOMETRIC_REPRESENTATION_ITEM() RATIONAL_B_SPLINE_CURVE((1.,0.5,1.,0.5,
1.,0.5,1.)) REPRESENTATION_ITEM('') );
#7660 = CARTESIAN_POINT('',(121.5,27.5));
#7661 = CARTESIAN_POINT('',(121.5,17.107695154587));
#7662 = CARTESIAN_POINT('',(112.5,22.303847577293));
#7663 = CARTESIAN_POINT('',(103.5,27.5));
#7664 = CARTESIAN_POINT('',(112.5,32.696152422707));
#7665 = CARTESIAN_POINT('',(121.5,37.892304845413));
#7666 = CARTESIAN_POINT('',(121.5,27.5));
#7667 = ( GEOMETRIC_REPRESENTATION_CONTEXT(2) 
PARAMETRIC_REPRESENTATION_CONTEXT() REPRESENTATION_CONTEXT('2D SPACE',''
  ) );
#7668 = PCURVE('',#7669,#7674);
#7669 = CYLINDRICAL_SURFACE('',#7670,6.);
#7670 = AXIS2_PLACEMENT_3D('',#7671,#7672,#7673);
#7671 = CARTESIAN_POINT('',(48.,1.,-3.));
#7672 = DIRECTION('',(-0.,-0.,1.));
#7673 = DIRECTION('',(1.,0.,0.));
#7674 = DEFINITIONAL_REPRESENTATION('',(#7675),#7679);
#7675 = LINE('',#7676,#7677);
#7676 = CARTESIAN_POINT('',(-0.,0.));
#7677 = VECTOR('',#7678,1.);
#7678 = DIRECTION('',(-1.,0.));
#7679 = ( GEOMETRIC_REPRESENTATION_CONTEXT(2) 
PARAMETRIC_REPRESENTATION_CONTEXT() REPRESENTATION_CONTEXT('2D SPACE',''
  ) );
#7680 = ORIENTED_EDGE('',*,*,#7681,.T.);
#7681 = EDGE_CURVE('',#7649,#7682,#7684,.T.);
#7682 = VERTEX_POINT('',#7683);
#7683 = CARTESIAN_POINT('',(47.,5.898979485566,-3.));
#7684 = SURFACE_CURVE('',#7685,(#7689,#7696),.PCURVE_S1.);
#7685 = LINE('',#7686,#7687);
#7686 = CARTESIAN_POINT('',(47.,1.,-3.));
#7687 = VECTOR('',#7688,1.);
#7688 = DIRECTION('',(0.,-1.,0.));
#7689 = PCURVE('',#5661,#7690);
#7690 = DEFINITIONAL_REPRESENTATION('',(#7691),#7695);
#7691 = LINE('',#7692,#7693);
#7692 = CARTESIAN_POINT('',(114.5,27.5));
#7693 = VECTOR('',#7694,1.);
#7694 = DIRECTION('',(0.,-1.));
#7695 = ( GEOMETRIC_REPRESENTATION_CONTEXT(2) 
PARAMETRIC_REPRESENTATION_CONTEXT() REPRESENTATION_CONTEXT('2D SPACE',''
  ) );
#7696 = PCURVE('',#7697,#7702);
#7697 = PLANE('',#7698);
#7698 = AXIS2_PLACEMENT_3D('',#7699,#7700,#7701);
#7699 = CARTESIAN_POINT('',(47.,7.,-3.));
#7700 = DIRECTION('',(-1.,0.,0.));
#7701 = DIRECTION('',(0.,-1.,0.));
#7702 = DEFINITIONAL_REPRESENTATION('',(#7703),#7707);
#7703 = LINE('',#7704,#7705);
#7704 = CARTESIAN_POINT('',(6.,0.));
#7705 = VECTOR('',#7706,1.);
#7706 = DIRECTION('',(1.,0.));
#7707 = ( GEOMETRIC_REPRESENTATION_CONTEXT(2) 
PARAMETRIC_REPRESENTATION_CONTEXT() REPRESENTATION_CONTEXT('2D SPACE',''
  ) );
#7708 = ORIENTED_EDGE('',*,*,#7709,.F.);
#7709 = EDGE_CURVE('',#7710,#7682,#7712,.T.);
#7710 = VERTEX_POINT('',#7711);
#7711 = CARTESIAN_POINT('',(49.,5.898979485566,-3.));
#7712 = SURFACE_CURVE('',#7713,(#7718,#7725),.PCURVE_S1.);
#7713 = CIRCLE('',#7714,5.);
#7714 = AXIS2_PLACEMENT_3D('',#7715,#7716,#7717);
#7715 = CARTESIAN_POINT('',(48.,1.,-3.));
#7716 = DIRECTION('',(-0.,0.,1.));
#7717 = DIRECTION('',(1.,3.10862446895E-16,0.));
#7718 = PCURVE('',#5661,#7719);
#7719 = DEFINITIONAL_REPRESENTATION('',(#7720),#7724);
#7720 = CIRCLE('',#7721,5.);
#7721 = AXIS2_PLACEMENT_2D('',#7722,#7723);
#7722 = CARTESIAN_POINT('',(115.5,27.5));
#7723 = DIRECTION('',(1.,3.10862446895E-16));
#7724 = ( GEOMETRIC_REPRESENTATION_CONTEXT(2) 
PARAMETRIC_REPRESENTATION_CONTEXT() REPRESENTATION_CONTEXT('2D SPACE',''
  ) );
#7725 = PCURVE('',#7358,#7726);
#7726 = DEFINITIONAL_REPRESENTATION('',(#7727),#7731);
#7727 = LINE('',#7728,#7729);
#7728 = CARTESIAN_POINT('',(0.,0.));
#7729 = VECTOR('',#7730,1.);
#7730 = DIRECTION('',(1.,0.));
#7731 = ( GEOMETRIC_REPRESENTATION_CONTEXT(2) 
PARAMETRIC_REPRESENTATION_CONTEXT() REPRESENTATION_CONTEXT('2D SPACE',''
  ) );
#7732 = ORIENTED_EDGE('',*,*,#7733,.F.);
#7733 = EDGE_CURVE('',#7279,#7710,#7734,.T.);
#7734 = SURFACE_CURVE('',#7735,(#7739,#7746),.PCURVE_S1.);
#7735 = LINE('',#7736,#7737);
#7736 = CARTESIAN_POINT('',(49.,1.,-3.));
#7737 = VECTOR('',#7738,1.);
#7738 = DIRECTION('',(0.,-1.,0.));
#7739 = PCURVE('',#5661,#7740);
#7740 = DEFINITIONAL_REPRESENTATION('',(#7741),#7745);
#7741 = LINE('',#7742,#7743);
#7742 = CARTESIAN_POINT('',(116.5,27.5));
#7743 = VECTOR('',#7744,1.);
#7744 = DIRECTION('',(0.,-1.));
#7745 = ( GEOMETRIC_REPRESENTATION_CONTEXT(2) 
PARAMETRIC_REPRESENTATION_CONTEXT() REPRESENTATION_CONTEXT('2D SPACE',''
  ) );
#7746 = PCURVE('',#7747,#7752);
#7747 = PLANE('',#7748);
#7748 = AXIS2_PLACEMENT_3D('',#7749,#7750,#7751);
#7749 = CARTESIAN_POINT('',(49.,7.,-3.));
#7750 = DIRECTION('',(-1.,0.,0.));
#7751 = DIRECTION('',(0.,-1.,0.));
#7752 = DEFINITIONAL_REPRESENTATION('',(#7753),#7757);
#7753 = LINE('',#7754,#7755);
#7754 = CARTESIAN_POINT('',(6.,0.));
#7755 = VECTOR('',#7756,1.);
#7756 = DIRECTION('',(1.,0.));
#7757 = ( GEOMETRIC_REPRESENTATION_CONTEXT(2) 
PARAMETRIC_REPRESENTATION_CONTEXT() REPRESENTATION_CONTEXT('2D SPACE',''
  ) );
#7758 = FACE_BOUND('',#7759,.F.);
#7759 = EDGE_LOOP('',(#7760));
#7760 = ORIENTED_EDGE('',*,*,#7761,.T.);
#7761 = EDGE_CURVE('',#7762,#7762,#7764,.T.);
#7762 = VERTEX_POINT('',#7763);
#7763 = CARTESIAN_POINT('',(55.,13.5,-3.));
#7764 = SURFACE_CURVE('',#7765,(#7770,#7781),.PCURVE_S1.);
#7765 = CIRCLE('',#7766,2.5);
#7766 = AXIS2_PLACEMENT_3D('',#7767,#7768,#7769);
#7767 = CARTESIAN_POINT('',(52.5,13.5,-3.));
#7768 = DIRECTION('',(0.,0.,-1.));
#7769 = DIRECTION('',(1.,0.,0.));
#7770 = PCURVE('',#5661,#7771);
#7771 = DEFINITIONAL_REPRESENTATION('',(#7772),#7780);
#7772 = ( BOUNDED_CURVE() B_SPLINE_CURVE(2,(#7773,#7774,#7775,#7776,
#7777,#7778,#7779),.UNSPECIFIED.,.T.,.F.) B_SPLINE_CURVE_WITH_KNOTS((1,2
    ,2,2,2,1),(-2.094395102393,0.,2.094395102393,4.188790204786,
6.28318530718,8.377580409573),.UNSPECIFIED.) CURVE() 
GEOMETRIC_REPRESENTATION_ITEM() RATIONAL_B_SPLINE_CURVE((1.,0.5,1.,0.5,
1.,0.5,1.)) REPRESENTATION_ITEM('') );
#7773 = CARTESIAN_POINT('',(122.5,40.));
#7774 = CARTESIAN_POINT('',(122.5,35.669872981078));
#7775 = CARTESIAN_POINT('',(118.75,37.834936490539));
#7776 = CARTESIAN_POINT('',(115.,40.));
#7777 = CARTESIAN_POINT('',(118.75,42.165063509461));
#7778 = CARTESIAN_POINT('',(122.5,44.330127018922));
#7779 = CARTESIAN_POINT('',(122.5,40.));
#7780 = ( GEOMETRIC_REPRESENTATION_CONTEXT(2) 
PARAMETRIC_REPRESENTATION_CONTEXT() REPRESENTATION_CONTEXT('2D SPACE',''
  ) );
#7781 = PCURVE('',#7782,#7787);
#7782 = CYLINDRICAL_SURFACE('',#7783,2.5);
#7783 = AXIS2_PLACEMENT_3D('',#7784,#7785,#7786);
#7784 = CARTESIAN_POINT('',(52.5,13.5,-3.));
#7785 = DIRECTION('',(-0.,-0.,1.));
#7786 = DIRECTION('',(1.,0.,0.));
#7787 = DEFINITIONAL_REPRESENTATION('',(#7788),#7792);
#7788 = LINE('',#7789,#7790);
#7789 = CARTESIAN_POINT('',(-0.,0.));
#7790 = VECTOR('',#7791,1.);
#7791 = DIRECTION('',(-1.,0.));
#7792 = ( GEOMETRIC_REPRESENTATION_CONTEXT(2) 
PARAMETRIC_REPRESENTATION_CONTEXT() REPRESENTATION_CONTEXT('2D SPACE',''
  ) );
#7793 = FACE_BOUND('',#7794,.F.);
#7794 = EDGE_LOOP('',(#7795,#7830,#7858,#7891,#7919,#7947,#7980,#8008,
    #8036,#8064,#8097,#8125,#8153,#8181,#8214,#8242,#8270));
#7795 = ORIENTED_EDGE('',*,*,#7796,.T.);
#7796 = EDGE_CURVE('',#7797,#7799,#7801,.T.);
#7797 = VERTEX_POINT('',#7798);
#7798 = CARTESIAN_POINT('',(39.,15.4160797831,-3.));
#7799 = VERTEX_POINT('',#7800);
#7800 = CARTESIAN_POINT('',(43.9160797831,10.5,-3.));
#7801 = SURFACE_CURVE('',#7802,(#7807,#7818),.PCURVE_S1.);
#7802 = CIRCLE('',#7803,6.);
#7803 = AXIS2_PLACEMENT_3D('',#7804,#7805,#7806);
#7804 = CARTESIAN_POINT('',(38.,9.5,-3.));
#7805 = DIRECTION('',(0.,0.,-1.));
#7806 = DIRECTION('',(1.,0.,0.));
#7807 = PCURVE('',#5661,#7808);
#7808 = DEFINITIONAL_REPRESENTATION('',(#7809),#7817);
#7809 = ( BOUNDED_CURVE() B_SPLINE_CURVE(2,(#7810,#7811,#7812,#7813,
#7814,#7815,#7816),.UNSPECIFIED.,.T.,.F.) B_SPLINE_CURVE_WITH_KNOTS((1,2
    ,2,2,2,1),(-2.094395102393,0.,2.094395102393,4.188790204786,
6.28318530718,8.377580409573),.UNSPECIFIED.) CURVE() 
GEOMETRIC_REPRESENTATION_ITEM() RATIONAL_B_SPLINE_CURVE((1.,0.5,1.,0.5,
1.,0.5,1.)) REPRESENTATION_ITEM('') );
#7810 = CARTESIAN_POINT('',(111.5,36.));
#7811 = CARTESIAN_POINT('',(111.5,25.607695154587));
#7812 = CARTESIAN_POINT('',(102.5,30.803847577293));
#7813 = CARTESIAN_POINT('',(93.5,36.));
#7814 = CARTESIAN_POINT('',(102.5,41.196152422707));
#7815 = CARTESIAN_POINT('',(111.5,46.392304845413));
#7816 = CARTESIAN_POINT('',(111.5,36.));
#7817 = ( GEOMETRIC_REPRESENTATION_CONTEXT(2) 
PARAMETRIC_REPRESENTATION_CONTEXT() REPRESENTATION_CONTEXT('2D SPACE',''
  ) );
#7818 = PCURVE('',#7819,#7824);
#7819 = CYLINDRICAL_SURFACE('',#7820,6.);
#7820 = AXIS2_PLACEMENT_3D('',#7821,#7822,#7823);
#7821 = CARTESIAN_POINT('',(38.,9.5,-3.));
#7822 = DIRECTION('',(-0.,-0.,1.));
#7823 = DIRECTION('',(1.,0.,0.));
#7824 = DEFINITIONAL_REPRESENTATION('',(#7825),#7829);
#7825 = LINE('',#7826,#7827);
#7826 = CARTESIAN_POINT('',(-0.,0.));
#7827 = VECTOR('',#7828,1.);
#7828 = DIRECTION('',(-1.,0.));
#7829 = ( GEOMETRIC_REPRESENTATION_CONTEXT(2) 
PARAMETRIC_REPRESENTATION_CONTEXT() REPRESENTATION_CONTEXT('2D SPACE',''
  ) );
#7830 = ORIENTED_EDGE('',*,*,#7831,.F.);
#7831 = EDGE_CURVE('',#7832,#7799,#7834,.T.);
#7832 = VERTEX_POINT('',#7833);
#7833 = CARTESIAN_POINT('',(42.898979485566,10.5,-3.));
#7834 = SURFACE_CURVE('',#7835,(#7839,#7846),.PCURVE_S1.);
#7835 = LINE('',#7836,#7837);
#7836 = CARTESIAN_POINT('',(38.,10.5,-3.));
#7837 = VECTOR('',#7838,1.);
#7838 = DIRECTION('',(1.,0.,0.));
#7839 = PCURVE('',#5661,#7840);
#7840 = DEFINITIONAL_REPRESENTATION('',(#7841),#7845);
#7841 = LINE('',#7842,#7843);
#7842 = CARTESIAN_POINT('',(105.5,37.));
#7843 = VECTOR('',#7844,1.);
#7844 = DIRECTION('',(1.,0.));
#7845 = ( GEOMETRIC_REPRESENTATION_CONTEXT(2) 
PARAMETRIC_REPRESENTATION_CONTEXT() REPRESENTATION_CONTEXT('2D SPACE',''
  ) );
#7846 = PCURVE('',#7847,#7852);
#7847 = PLANE('',#7848);
#7848 = AXIS2_PLACEMENT_3D('',#7849,#7850,#7851);
#7849 = CARTESIAN_POINT('',(39.,10.5,-3.));
#7850 = DIRECTION('',(0.,-1.,0.));
#7851 = DIRECTION('',(1.,0.,0.));
#7852 = DEFINITIONAL_REPRESENTATION('',(#7853),#7857);
#7853 = LINE('',#7854,#7855);
#7854 = CARTESIAN_POINT('',(-1.,0.));
#7855 = VECTOR('',#7856,1.);
#7856 = DIRECTION('',(1.,0.));
#7857 = ( GEOMETRIC_REPRESENTATION_CONTEXT(2) 
PARAMETRIC_REPRESENTATION_CONTEXT() REPRESENTATION_CONTEXT('2D SPACE',''
  ) );
#7858 = ORIENTED_EDGE('',*,*,#7859,.T.);
#7859 = EDGE_CURVE('',#7832,#7860,#7862,.T.);
#7860 = VERTEX_POINT('',#7861);
#7861 = CARTESIAN_POINT('',(43.,9.5,-3.));
#7862 = SURFACE_CURVE('',#7863,(#7868,#7879),.PCURVE_S1.);
#7863 = CIRCLE('',#7864,5.);
#7864 = AXIS2_PLACEMENT_3D('',#7865,#7866,#7867);
#7865 = CARTESIAN_POINT('',(38.,9.5,-3.));
#7866 = DIRECTION('',(0.,0.,-1.));
#7867 = DIRECTION('',(1.,0.,0.));
#7868 = PCURVE('',#5661,#7869);
#7869 = DEFINITIONAL_REPRESENTATION('',(#7870),#7878);
#7870 = ( BOUNDED_CURVE() B_SPLINE_CURVE(2,(#7871,#7872,#7873,#7874,
#7875,#7876,#7877),.UNSPECIFIED.,.T.,.F.) B_SPLINE_CURVE_WITH_KNOTS((1,2
    ,2,2,2,1),(-2.094395102393,0.,2.094395102393,4.188790204786,
6.28318530718,8.377580409573),.UNSPECIFIED.) CURVE() 
GEOMETRIC_REPRESENTATION_ITEM() RATIONAL_B_SPLINE_CURVE((1.,0.5,1.,0.5,
1.,0.5,1.)) REPRESENTATION_ITEM('') );
#7871 = CARTESIAN_POINT('',(110.5,36.));
#7872 = CARTESIAN_POINT('',(110.5,27.339745962156));
#7873 = CARTESIAN_POINT('',(103.,31.669872981078));
#7874 = CARTESIAN_POINT('',(95.5,36.));
#7875 = CARTESIAN_POINT('',(103.,40.330127018922));
#7876 = CARTESIAN_POINT('',(110.5,44.660254037844));
#7877 = CARTESIAN_POINT('',(110.5,36.));
#7878 = ( GEOMETRIC_REPRESENTATION_CONTEXT(2) 
PARAMETRIC_REPRESENTATION_CONTEXT() REPRESENTATION_CONTEXT('2D SPACE',''
  ) );
#7879 = PCURVE('',#7880,#7885);
#7880 = CYLINDRICAL_SURFACE('',#7881,5.);
#7881 = AXIS2_PLACEMENT_3D('',#7882,#7883,#7884);
#7882 = CARTESIAN_POINT('',(38.,9.5,-3.));
#7883 = DIRECTION('',(0.,0.,-1.));
#7884 = DIRECTION('',(1.,0.,0.));
#7885 = DEFINITIONAL_REPRESENTATION('',(#7886),#7890);
#7886 = LINE('',#7887,#7888);
#7887 = CARTESIAN_POINT('',(0.,0.));
#7888 = VECTOR('',#7889,1.);
#7889 = DIRECTION('',(1.,0.));
#7890 = ( GEOMETRIC_REPRESENTATION_CONTEXT(2) 
PARAMETRIC_REPRESENTATION_CONTEXT() REPRESENTATION_CONTEXT('2D SPACE',''
  ) );
#7891 = ORIENTED_EDGE('',*,*,#7892,.T.);
#7892 = EDGE_CURVE('',#7860,#7893,#7895,.T.);
#7893 = VERTEX_POINT('',#7894);
#7894 = CARTESIAN_POINT('',(42.898979485566,8.5,-3.));
#7895 = SURFACE_CURVE('',#7896,(#7901,#7912),.PCURVE_S1.);
#7896 = CIRCLE('',#7897,5.);
#7897 = AXIS2_PLACEMENT_3D('',#7898,#7899,#7900);
#7898 = CARTESIAN_POINT('',(38.,9.5,-3.));
#7899 = DIRECTION('',(0.,0.,-1.));
#7900 = DIRECTION('',(1.,0.,0.));
#7901 = PCURVE('',#5661,#7902);
#7902 = DEFINITIONAL_REPRESENTATION('',(#7903),#7911);
#7903 = ( BOUNDED_CURVE() B_SPLINE_CURVE(2,(#7904,#7905,#7906,#7907,
#7908,#7909,#7910),.UNSPECIFIED.,.T.,.F.) B_SPLINE_CURVE_WITH_KNOTS((1,2
    ,2,2,2,1),(-2.094395102393,0.,2.094395102393,4.188790204786,
6.28318530718,8.377580409573),.UNSPECIFIED.) CURVE() 
GEOMETRIC_REPRESENTATION_ITEM() RATIONAL_B_SPLINE_CURVE((1.,0.5,1.,0.5,
1.,0.5,1.)) REPRESENTATION_ITEM('') );
#7904 = CARTESIAN_POINT('',(110.5,36.));
#7905 = CARTESIAN_POINT('',(110.5,27.339745962156));
#7906 = CARTESIAN_POINT('',(103.,31.669872981078));
#7907 = CARTESIAN_POINT('',(95.5,36.));
#7908 = CARTESIAN_POINT('',(103.,40.330127018922));
#7909 = CARTESIAN_POINT('',(110.5,44.660254037844));
#7910 = CARTESIAN_POINT('',(110.5,36.));
#7911 = ( GEOMETRIC_REPRESENTATION_CONTEXT(2) 
PARAMETRIC_REPRESENTATION_CONTEXT() REPRESENTATION_CONTEXT('2D SPACE',''
  ) );
#7912 = PCURVE('',#7880,#7913);
#7913 = DEFINITIONAL_REPRESENTATION('',(#7914),#7918);
#7914 = LINE('',#7915,#7916);
#7915 = CARTESIAN_POINT('',(0.,0.));
#7916 = VECTOR('',#7917,1.);
#7917 = DIRECTION('',(1.,0.));
#7918 = ( GEOMETRIC_REPRESENTATION_CONTEXT(2) 
PARAMETRIC_REPRESENTATION_CONTEXT() REPRESENTATION_CONTEXT('2D SPACE',''
  ) );
#7919 = ORIENTED_EDGE('',*,*,#7920,.T.);
#7920 = EDGE_CURVE('',#7893,#7921,#7923,.T.);
#7921 = VERTEX_POINT('',#7922);
#7922 = CARTESIAN_POINT('',(43.9160797831,8.5,-3.));
#7923 = SURFACE_CURVE('',#7924,(#7928,#7935),.PCURVE_S1.);
#7924 = LINE('',#7925,#7926);
#7925 = CARTESIAN_POINT('',(38.,8.5,-3.));
#7926 = VECTOR('',#7927,1.);
#7927 = DIRECTION('',(1.,0.,0.));
#7928 = PCURVE('',#5661,#7929);
#7929 = DEFINITIONAL_REPRESENTATION('',(#7930),#7934);
#7930 = LINE('',#7931,#7932);
#7931 = CARTESIAN_POINT('',(105.5,35.));
#7932 = VECTOR('',#7933,1.);
#7933 = DIRECTION('',(1.,0.));
#7934 = ( GEOMETRIC_REPRESENTATION_CONTEXT(2) 
PARAMETRIC_REPRESENTATION_CONTEXT() REPRESENTATION_CONTEXT('2D SPACE',''
  ) );
#7935 = PCURVE('',#7936,#7941);
#7936 = PLANE('',#7937);
#7937 = AXIS2_PLACEMENT_3D('',#7938,#7939,#7940);
#7938 = CARTESIAN_POINT('',(39.,8.5,-3.));
#7939 = DIRECTION('',(0.,-1.,0.));
#7940 = DIRECTION('',(1.,0.,0.));
#7941 = DEFINITIONAL_REPRESENTATION('',(#7942),#7946);
#7942 = LINE('',#7943,#7944);
#7943 = CARTESIAN_POINT('',(-1.,0.));
#7944 = VECTOR('',#7945,1.);
#7945 = DIRECTION('',(1.,0.));
#7946 = ( GEOMETRIC_REPRESENTATION_CONTEXT(2) 
PARAMETRIC_REPRESENTATION_CONTEXT() REPRESENTATION_CONTEXT('2D SPACE',''
  ) );
#7947 = ORIENTED_EDGE('',*,*,#7948,.T.);
#7948 = EDGE_CURVE('',#7921,#7949,#7951,.T.);
#7949 = VERTEX_POINT('',#7950);
#7950 = CARTESIAN_POINT('',(39.,3.5839202169,-3.));
#7951 = SURFACE_CURVE('',#7952,(#7957,#7968),.PCURVE_S1.);
#7952 = CIRCLE('',#7953,6.);
#7953 = AXIS2_PLACEMENT_3D('',#7954,#7955,#7956);
#7954 = CARTESIAN_POINT('',(38.,9.5,-3.));
#7955 = DIRECTION('',(0.,0.,-1.));
#7956 = DIRECTION('',(1.,0.,0.));
#7957 = PCURVE('',#5661,#7958);
#7958 = DEFINITIONAL_REPRESENTATION('',(#7959),#7967);
#7959 = ( BOUNDED_CURVE() B_SPLINE_CURVE(2,(#7960,#7961,#7962,#7963,
#7964,#7965,#7966),.UNSPECIFIED.,.T.,.F.) B_SPLINE_CURVE_WITH_KNOTS((1,2
    ,2,2,2,1),(-2.094395102393,0.,2.094395102393,4.188790204786,
6.28318530718,8.377580409573),.UNSPECIFIED.) CURVE() 
GEOMETRIC_REPRESENTATION_ITEM() RATIONAL_B_SPLINE_CURVE((1.,0.5,1.,0.5,
1.,0.5,1.)) REPRESENTATION_ITEM('') );
#7960 = CARTESIAN_POINT('',(111.5,36.));
#7961 = CARTESIAN_POINT('',(111.5,25.607695154587));
#7962 = CARTESIAN_POINT('',(102.5,30.803847577293));
#7963 = CARTESIAN_POINT('',(93.5,36.));
#7964 = CARTESIAN_POINT('',(102.5,41.196152422707));
#7965 = CARTESIAN_POINT('',(111.5,46.392304845413));
#7966 = CARTESIAN_POINT('',(111.5,36.));
#7967 = ( GEOMETRIC_REPRESENTATION_CONTEXT(2) 
PARAMETRIC_REPRESENTATION_CONTEXT() REPRESENTATION_CONTEXT('2D SPACE',''
  ) );
#7968 = PCURVE('',#7969,#7974);
#7969 = CYLINDRICAL_SURFACE('',#7970,6.);
#7970 = AXIS2_PLACEMENT_3D('',#7971,#7972,#7973);
#7971 = CARTESIAN_POINT('',(38.,9.5,-3.));
#7972 = DIRECTION('',(-0.,-0.,1.));
#7973 = DIRECTION('',(1.,0.,0.));
#7974 = DEFINITIONAL_REPRESENTATION('',(#7975),#7979);
#7975 = LINE('',#7976,#7977);
#7976 = CARTESIAN_POINT('',(-0.,0.));
#7977 = VECTOR('',#7978,1.);
#7978 = DIRECTION('',(-1.,0.));
#7979 = ( GEOMETRIC_REPRESENTATION_CONTEXT(2) 
PARAMETRIC_REPRESENTATION_CONTEXT() REPRESENTATION_CONTEXT('2D SPACE',''
  ) );
#7980 = ORIENTED_EDGE('',*,*,#7981,.F.);
#7981 = EDGE_CURVE('',#7982,#7949,#7984,.T.);
#7982 = VERTEX_POINT('',#7983);
#7983 = CARTESIAN_POINT('',(39.,4.601020514434,-3.));
#7984 = SURFACE_CURVE('',#7985,(#7989,#7996),.PCURVE_S1.);
#7985 = LINE('',#7986,#7987);
#7986 = CARTESIAN_POINT('',(39.,9.5,-3.));
#7987 = VECTOR('',#7988,1.);
#7988 = DIRECTION('',(0.,-1.,0.));
#7989 = PCURVE('',#5661,#7990);
#7990 = DEFINITIONAL_REPRESENTATION('',(#7991),#7995);
#7991 = LINE('',#7992,#7993);
#7992 = CARTESIAN_POINT('',(106.5,36.));
#7993 = VECTOR('',#7994,1.);
#7994 = DIRECTION('',(0.,-1.));
#7995 = ( GEOMETRIC_REPRESENTATION_CONTEXT(2) 
PARAMETRIC_REPRESENTATION_CONTEXT() REPRESENTATION_CONTEXT('2D SPACE',''
  ) );
#7996 = PCURVE('',#7997,#8002);
#7997 = PLANE('',#7998);
#7998 = AXIS2_PLACEMENT_3D('',#7999,#8000,#8001);
#7999 = CARTESIAN_POINT('',(39.,8.5,-3.));
#8000 = DIRECTION('',(-1.,0.,0.));
#8001 = DIRECTION('',(0.,-1.,0.));
#8002 = DEFINITIONAL_REPRESENTATION('',(#8003),#8007);
#8003 = LINE('',#8004,#8005);
#8004 = CARTESIAN_POINT('',(-1.,0.));
#8005 = VECTOR('',#8006,1.);
#8006 = DIRECTION('',(1.,0.));
#8007 = ( GEOMETRIC_REPRESENTATION_CONTEXT(2) 
PARAMETRIC_REPRESENTATION_CONTEXT() REPRESENTATION_CONTEXT('2D SPACE',''
  ) );
#8008 = ORIENTED_EDGE('',*,*,#8009,.T.);
#8009 = EDGE_CURVE('',#7982,#8010,#8012,.T.);
#8010 = VERTEX_POINT('',#8011);
#8011 = CARTESIAN_POINT('',(37.,4.601020514434,-3.));
#8012 = SURFACE_CURVE('',#8013,(#8018,#8029),.PCURVE_S1.);
#8013 = CIRCLE('',#8014,5.);
#8014 = AXIS2_PLACEMENT_3D('',#8015,#8016,#8017);
#8015 = CARTESIAN_POINT('',(38.,9.5,-3.));
#8016 = DIRECTION('',(0.,0.,-1.));
#8017 = DIRECTION('',(1.,0.,0.));
#8018 = PCURVE('',#5661,#8019);
#8019 = DEFINITIONAL_REPRESENTATION('',(#8020),#8028);
#8020 = ( BOUNDED_CURVE() B_SPLINE_CURVE(2,(#8021,#8022,#8023,#8024,
#8025,#8026,#8027),.UNSPECIFIED.,.T.,.F.) B_SPLINE_CURVE_WITH_KNOTS((1,2
    ,2,2,2,1),(-2.094395102393,0.,2.094395102393,4.188790204786,
6.28318530718,8.377580409573),.UNSPECIFIED.) CURVE() 
GEOMETRIC_REPRESENTATION_ITEM() RATIONAL_B_SPLINE_CURVE((1.,0.5,1.,0.5,
1.,0.5,1.)) REPRESENTATION_ITEM('') );
#8021 = CARTESIAN_POINT('',(110.5,36.));
#8022 = CARTESIAN_POINT('',(110.5,27.339745962156));
#8023 = CARTESIAN_POINT('',(103.,31.669872981078));
#8024 = CARTESIAN_POINT('',(95.5,36.));
#8025 = CARTESIAN_POINT('',(103.,40.330127018922));
#8026 = CARTESIAN_POINT('',(110.5,44.660254037844));
#8027 = CARTESIAN_POINT('',(110.5,36.));
#8028 = ( GEOMETRIC_REPRESENTATION_CONTEXT(2) 
PARAMETRIC_REPRESENTATION_CONTEXT() REPRESENTATION_CONTEXT('2D SPACE',''
  ) );
#8029 = PCURVE('',#7880,#8030);
#8030 = DEFINITIONAL_REPRESENTATION('',(#8031),#8035);
#8031 = LINE('',#8032,#8033);
#8032 = CARTESIAN_POINT('',(0.,0.));
#8033 = VECTOR('',#8034,1.);
#8034 = DIRECTION('',(1.,0.));
#8035 = ( GEOMETRIC_REPRESENTATION_CONTEXT(2) 
PARAMETRIC_REPRESENTATION_CONTEXT() REPRESENTATION_CONTEXT('2D SPACE',''
  ) );
#8036 = ORIENTED_EDGE('',*,*,#8037,.T.);
#8037 = EDGE_CURVE('',#8010,#8038,#8040,.T.);
#8038 = VERTEX_POINT('',#8039);
#8039 = CARTESIAN_POINT('',(37.,3.5839202169,-3.));
#8040 = SURFACE_CURVE('',#8041,(#8045,#8052),.PCURVE_S1.);
#8041 = LINE('',#8042,#8043);
#8042 = CARTESIAN_POINT('',(37.,9.5,-3.));
#8043 = VECTOR('',#8044,1.);
#8044 = DIRECTION('',(0.,-1.,0.));
#8045 = PCURVE('',#5661,#8046);
#8046 = DEFINITIONAL_REPRESENTATION('',(#8047),#8051);
#8047 = LINE('',#8048,#8049);
#8048 = CARTESIAN_POINT('',(104.5,36.));
#8049 = VECTOR('',#8050,1.);
#8050 = DIRECTION('',(0.,-1.));
#8051 = ( GEOMETRIC_REPRESENTATION_CONTEXT(2) 
PARAMETRIC_REPRESENTATION_CONTEXT() REPRESENTATION_CONTEXT('2D SPACE',''
  ) );
#8052 = PCURVE('',#8053,#8058);
#8053 = PLANE('',#8054);
#8054 = AXIS2_PLACEMENT_3D('',#8055,#8056,#8057);
#8055 = CARTESIAN_POINT('',(37.,8.5,-3.));
#8056 = DIRECTION('',(-1.,0.,0.));
#8057 = DIRECTION('',(0.,-1.,0.));
#8058 = DEFINITIONAL_REPRESENTATION('',(#8059),#8063);
#8059 = LINE('',#8060,#8061);
#8060 = CARTESIAN_POINT('',(-1.,0.));
#8061 = VECTOR('',#8062,1.);
#8062 = DIRECTION('',(1.,0.));
#8063 = ( GEOMETRIC_REPRESENTATION_CONTEXT(2) 
PARAMETRIC_REPRESENTATION_CONTEXT() REPRESENTATION_CONTEXT('2D SPACE',''
  ) );
#8064 = ORIENTED_EDGE('',*,*,#8065,.T.);
#8065 = EDGE_CURVE('',#8038,#8066,#8068,.T.);
#8066 = VERTEX_POINT('',#8067);
#8067 = CARTESIAN_POINT('',(32.0839202169,8.5,-3.));
#8068 = SURFACE_CURVE('',#8069,(#8074,#8085),.PCURVE_S1.);
#8069 = CIRCLE('',#8070,6.);
#8070 = AXIS2_PLACEMENT_3D('',#8071,#8072,#8073);
#8071 = CARTESIAN_POINT('',(38.,9.5,-3.));
#8072 = DIRECTION('',(0.,0.,-1.));
#8073 = DIRECTION('',(1.,0.,0.));
#8074 = PCURVE('',#5661,#8075);
#8075 = DEFINITIONAL_REPRESENTATION('',(#8076),#8084);
#8076 = ( BOUNDED_CURVE() B_SPLINE_CURVE(2,(#8077,#8078,#8079,#8080,
#8081,#8082,#8083),.UNSPECIFIED.,.T.,.F.) B_SPLINE_CURVE_WITH_KNOTS((1,2
    ,2,2,2,1),(-2.094395102393,0.,2.094395102393,4.188790204786,
6.28318530718,8.377580409573),.UNSPECIFIED.) CURVE() 
GEOMETRIC_REPRESENTATION_ITEM() RATIONAL_B_SPLINE_CURVE((1.,0.5,1.,0.5,
1.,0.5,1.)) REPRESENTATION_ITEM('') );
#8077 = CARTESIAN_POINT('',(111.5,36.));
#8078 = CARTESIAN_POINT('',(111.5,25.607695154587));
#8079 = CARTESIAN_POINT('',(102.5,30.803847577293));
#8080 = CARTESIAN_POINT('',(93.5,36.));
#8081 = CARTESIAN_POINT('',(102.5,41.196152422707));
#8082 = CARTESIAN_POINT('',(111.5,46.392304845413));
#8083 = CARTESIAN_POINT('',(111.5,36.));
#8084 = ( GEOMETRIC_REPRESENTATION_CONTEXT(2) 
PARAMETRIC_REPRESENTATION_CONTEXT() REPRESENTATION_CONTEXT('2D SPACE',''
  ) );
#8085 = PCURVE('',#8086,#8091);
#8086 = CYLINDRICAL_SURFACE('',#8087,6.);
#8087 = AXIS2_PLACEMENT_3D('',#8088,#8089,#8090);
#8088 = CARTESIAN_POINT('',(38.,9.5,-3.));
#8089 = DIRECTION('',(-0.,-0.,1.));
#8090 = DIRECTION('',(1.,0.,0.));
#8091 = DEFINITIONAL_REPRESENTATION('',(#8092),#8096);
#8092 = LINE('',#8093,#8094);
#8093 = CARTESIAN_POINT('',(-0.,0.));
#8094 = VECTOR('',#8095,1.);
#8095 = DIRECTION('',(-1.,0.));
#8096 = ( GEOMETRIC_REPRESENTATION_CONTEXT(2) 
PARAMETRIC_REPRESENTATION_CONTEXT() REPRESENTATION_CONTEXT('2D SPACE',''
  ) );
#8097 = ORIENTED_EDGE('',*,*,#8098,.T.);
#8098 = EDGE_CURVE('',#8066,#8099,#8101,.T.);
#8099 = VERTEX_POINT('',#8100);
#8100 = CARTESIAN_POINT('',(33.101020514434,8.5,-3.));
#8101 = SURFACE_CURVE('',#8102,(#8106,#8113),.PCURVE_S1.);
#8102 = LINE('',#8103,#8104);
#8103 = CARTESIAN_POINT('',(38.,8.5,-3.));
#8104 = VECTOR('',#8105,1.);
#8105 = DIRECTION('',(1.,0.,0.));
#8106 = PCURVE('',#5661,#8107);
#8107 = DEFINITIONAL_REPRESENTATION('',(#8108),#8112);
#8108 = LINE('',#8109,#8110);
#8109 = CARTESIAN_POINT('',(105.5,35.));
#8110 = VECTOR('',#8111,1.);
#8111 = DIRECTION('',(1.,0.));
#8112 = ( GEOMETRIC_REPRESENTATION_CONTEXT(2) 
PARAMETRIC_REPRESENTATION_CONTEXT() REPRESENTATION_CONTEXT('2D SPACE',''
  ) );
#8113 = PCURVE('',#8114,#8119);
#8114 = PLANE('',#8115);
#8115 = AXIS2_PLACEMENT_3D('',#8116,#8117,#8118);
#8116 = CARTESIAN_POINT('',(32.,8.5,-3.));
#8117 = DIRECTION('',(0.,-1.,0.));
#8118 = DIRECTION('',(1.,0.,0.));
#8119 = DEFINITIONAL_REPRESENTATION('',(#8120),#8124);
#8120 = LINE('',#8121,#8122);
#8121 = CARTESIAN_POINT('',(6.,0.));
#8122 = VECTOR('',#8123,1.);
#8123 = DIRECTION('',(1.,0.));
#8124 = ( GEOMETRIC_REPRESENTATION_CONTEXT(2) 
PARAMETRIC_REPRESENTATION_CONTEXT() REPRESENTATION_CONTEXT('2D SPACE',''
  ) );
#8125 = ORIENTED_EDGE('',*,*,#8126,.T.);
#8126 = EDGE_CURVE('',#8099,#8127,#8129,.T.);
#8127 = VERTEX_POINT('',#8128);
#8128 = CARTESIAN_POINT('',(33.101020514434,10.5,-3.));
#8129 = SURFACE_CURVE('',#8130,(#8135,#8146),.PCURVE_S1.);
#8130 = CIRCLE('',#8131,5.);
#8131 = AXIS2_PLACEMENT_3D('',#8132,#8133,#8134);
#8132 = CARTESIAN_POINT('',(38.,9.5,-3.));
#8133 = DIRECTION('',(0.,0.,-1.));
#8134 = DIRECTION('',(1.,0.,0.));
#8135 = PCURVE('',#5661,#8136);
#8136 = DEFINITIONAL_REPRESENTATION('',(#8137),#8145);
#8137 = ( BOUNDED_CURVE() B_SPLINE_CURVE(2,(#8138,#8139,#8140,#8141,
#8142,#8143,#8144),.UNSPECIFIED.,.T.,.F.) B_SPLINE_CURVE_WITH_KNOTS((1,2
    ,2,2,2,1),(-2.094395102393,0.,2.094395102393,4.188790204786,
6.28318530718,8.377580409573),.UNSPECIFIED.) CURVE() 
GEOMETRIC_REPRESENTATION_ITEM() RATIONAL_B_SPLINE_CURVE((1.,0.5,1.,0.5,
1.,0.5,1.)) REPRESENTATION_ITEM('') );
#8138 = CARTESIAN_POINT('',(110.5,36.));
#8139 = CARTESIAN_POINT('',(110.5,27.339745962156));
#8140 = CARTESIAN_POINT('',(103.,31.669872981078));
#8141 = CARTESIAN_POINT('',(95.5,36.));
#8142 = CARTESIAN_POINT('',(103.,40.330127018922));
#8143 = CARTESIAN_POINT('',(110.5,44.660254037844));
#8144 = CARTESIAN_POINT('',(110.5,36.));
#8145 = ( GEOMETRIC_REPRESENTATION_CONTEXT(2) 
PARAMETRIC_REPRESENTATION_CONTEXT() REPRESENTATION_CONTEXT('2D SPACE',''
  ) );
#8146 = PCURVE('',#7880,#8147);
#8147 = DEFINITIONAL_REPRESENTATION('',(#8148),#8152);
#8148 = LINE('',#8149,#8150);
#8149 = CARTESIAN_POINT('',(0.,0.));
#8150 = VECTOR('',#8151,1.);
#8151 = DIRECTION('',(1.,0.));
#8152 = ( GEOMETRIC_REPRESENTATION_CONTEXT(2) 
PARAMETRIC_REPRESENTATION_CONTEXT() REPRESENTATION_CONTEXT('2D SPACE',''
  ) );
#8153 = ORIENTED_EDGE('',*,*,#8154,.F.);
#8154 = EDGE_CURVE('',#8155,#8127,#8157,.T.);
#8155 = VERTEX_POINT('',#8156);
#8156 = CARTESIAN_POINT('',(32.0839202169,10.5,-3.));
#8157 = SURFACE_CURVE('',#8158,(#8162,#8169),.PCURVE_S1.);
#8158 = LINE('',#8159,#8160);
#8159 = CARTESIAN_POINT('',(38.,10.5,-3.));
#8160 = VECTOR('',#8161,1.);
#8161 = DIRECTION('',(1.,0.,0.));
#8162 = PCURVE('',#5661,#8163);
#8163 = DEFINITIONAL_REPRESENTATION('',(#8164),#8168);
#8164 = LINE('',#8165,#8166);
#8165 = CARTESIAN_POINT('',(105.5,37.));
#8166 = VECTOR('',#8167,1.);
#8167 = DIRECTION('',(1.,0.));
#8168 = ( GEOMETRIC_REPRESENTATION_CONTEXT(2) 
PARAMETRIC_REPRESENTATION_CONTEXT() REPRESENTATION_CONTEXT('2D SPACE',''
  ) );
#8169 = PCURVE('',#8170,#8175);
#8170 = PLANE('',#8171);
#8171 = AXIS2_PLACEMENT_3D('',#8172,#8173,#8174);
#8172 = CARTESIAN_POINT('',(32.,10.5,-3.));
#8173 = DIRECTION('',(0.,-1.,0.));
#8174 = DIRECTION('',(1.,0.,0.));
#8175 = DEFINITIONAL_REPRESENTATION('',(#8176),#8180);
#8176 = LINE('',#8177,#8178);
#8177 = CARTESIAN_POINT('',(6.,0.));
#8178 = VECTOR('',#8179,1.);
#8179 = DIRECTION('',(1.,0.));
#8180 = ( GEOMETRIC_REPRESENTATION_CONTEXT(2) 
PARAMETRIC_REPRESENTATION_CONTEXT() REPRESENTATION_CONTEXT('2D SPACE',''
  ) );
#8181 = ORIENTED_EDGE('',*,*,#8182,.T.);
#8182 = EDGE_CURVE('',#8155,#8183,#8185,.T.);
#8183 = VERTEX_POINT('',#8184);
#8184 = CARTESIAN_POINT('',(37.,15.4160797831,-3.));
#8185 = SURFACE_CURVE('',#8186,(#8191,#8202),.PCURVE_S1.);
#8186 = CIRCLE('',#8187,6.);
#8187 = AXIS2_PLACEMENT_3D('',#8188,#8189,#8190);
#8188 = CARTESIAN_POINT('',(38.,9.5,-3.));
#8189 = DIRECTION('',(0.,0.,-1.));
#8190 = DIRECTION('',(1.,0.,0.));
#8191 = PCURVE('',#5661,#8192);
#8192 = DEFINITIONAL_REPRESENTATION('',(#8193),#8201);
#8193 = ( BOUNDED_CURVE() B_SPLINE_CURVE(2,(#8194,#8195,#8196,#8197,
#8198,#8199,#8200),.UNSPECIFIED.,.T.,.F.) B_SPLINE_CURVE_WITH_KNOTS((1,2
    ,2,2,2,1),(-2.094395102393,0.,2.094395102393,4.188790204786,
6.28318530718,8.377580409573),.UNSPECIFIED.) CURVE() 
GEOMETRIC_REPRESENTATION_ITEM() RATIONAL_B_SPLINE_CURVE((1.,0.5,1.,0.5,
1.,0.5,1.)) REPRESENTATION_ITEM('') );
#8194 = CARTESIAN_POINT('',(111.5,36.));
#8195 = CARTESIAN_POINT('',(111.5,25.607695154587));
#8196 = CARTESIAN_POINT('',(102.5,30.803847577293));
#8197 = CARTESIAN_POINT('',(93.5,36.));
#8198 = CARTESIAN_POINT('',(102.5,41.196152422707));
#8199 = CARTESIAN_POINT('',(111.5,46.392304845413));
#8200 = CARTESIAN_POINT('',(111.5,36.));
#8201 = ( GEOMETRIC_REPRESENTATION_CONTEXT(2) 
PARAMETRIC_REPRESENTATION_CONTEXT() REPRESENTATION_CONTEXT('2D SPACE',''
  ) );
#8202 = PCURVE('',#8203,#8208);
#8203 = CYLINDRICAL_SURFACE('',#8204,6.);
#8204 = AXIS2_PLACEMENT_3D('',#8205,#8206,#8207);
#8205 = CARTESIAN_POINT('',(38.,9.5,-3.));
#8206 = DIRECTION('',(-0.,-0.,1.));
#8207 = DIRECTION('',(1.,0.,0.));
#8208 = DEFINITIONAL_REPRESENTATION('',(#8209),#8213);
#8209 = LINE('',#8210,#8211);
#8210 = CARTESIAN_POINT('',(-0.,0.));
#8211 = VECTOR('',#8212,1.);
#8212 = DIRECTION('',(-1.,0.));
#8213 = ( GEOMETRIC_REPRESENTATION_CONTEXT(2) 
PARAMETRIC_REPRESENTATION_CONTEXT() REPRESENTATION_CONTEXT('2D SPACE',''
  ) );
#8214 = ORIENTED_EDGE('',*,*,#8215,.T.);
#8215 = EDGE_CURVE('',#8183,#8216,#8218,.T.);
#8216 = VERTEX_POINT('',#8217);
#8217 = CARTESIAN_POINT('',(37.,14.398979485566,-3.));
#8218 = SURFACE_CURVE('',#8219,(#8223,#8230),.PCURVE_S1.);
#8219 = LINE('',#8220,#8221);
#8220 = CARTESIAN_POINT('',(37.,9.5,-3.));
#8221 = VECTOR('',#8222,1.);
#8222 = DIRECTION('',(0.,-1.,0.));
#8223 = PCURVE('',#5661,#8224);
#8224 = DEFINITIONAL_REPRESENTATION('',(#8225),#8229);
#8225 = LINE('',#8226,#8227);
#8226 = CARTESIAN_POINT('',(104.5,36.));
#8227 = VECTOR('',#8228,1.);
#8228 = DIRECTION('',(0.,-1.));
#8229 = ( GEOMETRIC_REPRESENTATION_CONTEXT(2) 
PARAMETRIC_REPRESENTATION_CONTEXT() REPRESENTATION_CONTEXT('2D SPACE',''
  ) );
#8230 = PCURVE('',#8231,#8236);
#8231 = PLANE('',#8232);
#8232 = AXIS2_PLACEMENT_3D('',#8233,#8234,#8235);
#8233 = CARTESIAN_POINT('',(37.,15.5,-3.));
#8234 = DIRECTION('',(-1.,0.,0.));
#8235 = DIRECTION('',(0.,-1.,0.));
#8236 = DEFINITIONAL_REPRESENTATION('',(#8237),#8241);
#8237 = LINE('',#8238,#8239);
#8238 = CARTESIAN_POINT('',(6.,0.));
#8239 = VECTOR('',#8240,1.);
#8240 = DIRECTION('',(1.,0.));
#8241 = ( GEOMETRIC_REPRESENTATION_CONTEXT(2) 
PARAMETRIC_REPRESENTATION_CONTEXT() REPRESENTATION_CONTEXT('2D SPACE',''
  ) );
#8242 = ORIENTED_EDGE('',*,*,#8243,.T.);
#8243 = EDGE_CURVE('',#8216,#8244,#8246,.T.);
#8244 = VERTEX_POINT('',#8245);
#8245 = CARTESIAN_POINT('',(39.,14.398979485566,-3.));
#8246 = SURFACE_CURVE('',#8247,(#8252,#8263),.PCURVE_S1.);
#8247 = CIRCLE('',#8248,5.);
#8248 = AXIS2_PLACEMENT_3D('',#8249,#8250,#8251);
#8249 = CARTESIAN_POINT('',(38.,9.5,-3.));
#8250 = DIRECTION('',(0.,0.,-1.));
#8251 = DIRECTION('',(1.,0.,0.));
#8252 = PCURVE('',#5661,#8253);
#8253 = DEFINITIONAL_REPRESENTATION('',(#8254),#8262);
#8254 = ( BOUNDED_CURVE() B_SPLINE_CURVE(2,(#8255,#8256,#8257,#8258,
#8259,#8260,#8261),.UNSPECIFIED.,.T.,.F.) B_SPLINE_CURVE_WITH_KNOTS((1,2
    ,2,2,2,1),(-2.094395102393,0.,2.094395102393,4.188790204786,
6.28318530718,8.377580409573),.UNSPECIFIED.) CURVE() 
GEOMETRIC_REPRESENTATION_ITEM() RATIONAL_B_SPLINE_CURVE((1.,0.5,1.,0.5,
1.,0.5,1.)) REPRESENTATION_ITEM('') );
#8255 = CARTESIAN_POINT('',(110.5,36.));
#8256 = CARTESIAN_POINT('',(110.5,27.339745962156));
#8257 = CARTESIAN_POINT('',(103.,31.669872981078));
#8258 = CARTESIAN_POINT('',(95.5,36.));
#8259 = CARTESIAN_POINT('',(103.,40.330127018922));
#8260 = CARTESIAN_POINT('',(110.5,44.660254037844));
#8261 = CARTESIAN_POINT('',(110.5,36.));
#8262 = ( GEOMETRIC_REPRESENTATION_CONTEXT(2) 
PARAMETRIC_REPRESENTATION_CONTEXT() REPRESENTATION_CONTEXT('2D SPACE',''
  ) );
#8263 = PCURVE('',#7880,#8264);
#8264 = DEFINITIONAL_REPRESENTATION('',(#8265),#8269);
#8265 = LINE('',#8266,#8267);
#8266 = CARTESIAN_POINT('',(0.,0.));
#8267 = VECTOR('',#8268,1.);
#8268 = DIRECTION('',(1.,0.));
#8269 = ( GEOMETRIC_REPRESENTATION_CONTEXT(2) 
PARAMETRIC_REPRESENTATION_CONTEXT() REPRESENTATION_CONTEXT('2D SPACE',''
  ) );
#8270 = ORIENTED_EDGE('',*,*,#8271,.F.);
#8271 = EDGE_CURVE('',#7797,#8244,#8272,.T.);
#8272 = SURFACE_CURVE('',#8273,(#8277,#8284),.PCURVE_S1.);
#8273 = LINE('',#8274,#8275);
#8274 = CARTESIAN_POINT('',(39.,9.5,-3.));
#8275 = VECTOR('',#8276,1.);
#8276 = DIRECTION('',(0.,-1.,0.));
#8277 = PCURVE('',#5661,#8278);
#8278 = DEFINITIONAL_REPRESENTATION('',(#8279),#8283);
#8279 = LINE('',#8280,#8281);
#8280 = CARTESIAN_POINT('',(106.5,36.));
#8281 = VECTOR('',#8282,1.);
#8282 = DIRECTION('',(0.,-1.));
#8283 = ( GEOMETRIC_REPRESENTATION_CONTEXT(2) 
PARAMETRIC_REPRESENTATION_CONTEXT() REPRESENTATION_CONTEXT('2D SPACE',''
  ) );
#8284 = PCURVE('',#8285,#8290);
#8285 = PLANE('',#8286);
#8286 = AXIS2_PLACEMENT_3D('',#8287,#8288,#8289);
#8287 = CARTESIAN_POINT('',(39.,15.5,-3.));
#8288 = DIRECTION('',(-1.,0.,0.));
#8289 = DIRECTION('',(0.,-1.,0.));
#8290 = DEFINITIONAL_REPRESENTATION('',(#8291),#8295);
#8291 = LINE('',#8292,#8293);
#8292 = CARTESIAN_POINT('',(6.,0.));
#8293 = VECTOR('',#8294,1.);
#8294 = DIRECTION('',(1.,0.));
#8295 = ( GEOMETRIC_REPRESENTATION_CONTEXT(2) 
PARAMETRIC_REPRESENTATION_CONTEXT() REPRESENTATION_CONTEXT('2D SPACE',''
  ) );
#8296 = ADVANCED_FACE('',(#8297),#5673,.T.);
#8297 = FACE_BOUND('',#8298,.F.);
#8298 = EDGE_LOOP('',(#8299,#8329,#8348,#8349));
#8299 = ORIENTED_EDGE('',*,*,#8300,.F.);
#8300 = EDGE_CURVE('',#8301,#8303,#8305,.T.);
#8301 = VERTEX_POINT('',#8302);
#8302 = CARTESIAN_POINT('',(-66.5,15.656786437627,-12.824));
#8303 = VERTEX_POINT('',#8304);
#8304 = CARTESIAN_POINT('',(-56.65678643762,25.5,-12.824));
#8305 = SURFACE_CURVE('',#8306,(#8310,#8317),.PCURVE_S1.);
#8306 = LINE('',#8307,#8308);
#8307 = CARTESIAN_POINT('',(-74.82839321881,7.328393218813,-12.824));
#8308 = VECTOR('',#8309,1.);
#8309 = DIRECTION('',(0.707106781187,0.707106781187,0.));
#8310 = PCURVE('',#5673,#8311);
#8311 = DEFINITIONAL_REPRESENTATION('',(#8312),#8316);
#8312 = LINE('',#8313,#8314);
#8313 = CARTESIAN_POINT('',(-0.,-18.73832970144));
#8314 = VECTOR('',#8315,1.);
#8315 = DIRECTION('',(-0.,1.));
#8316 = ( GEOMETRIC_REPRESENTATION_CONTEXT(2) 
PARAMETRIC_REPRESENTATION_CONTEXT() REPRESENTATION_CONTEXT('2D SPACE',''
  ) );
#8317 = PCURVE('',#8318,#8323);
#8318 = PLANE('',#8319);
#8319 = AXIS2_PLACEMENT_3D('',#8320,#8321,#8322);
#8320 = CARTESIAN_POINT('',(-67.5,-26.5,-12.824));
#8321 = DIRECTION('',(0.,0.,1.));
#8322 = DIRECTION('',(1.,0.,0.));
#8323 = DEFINITIONAL_REPRESENTATION('',(#8324),#8328);
#8324 = LINE('',#8325,#8326);
#8325 = CARTESIAN_POINT('',(-7.328393218813,33.828393218813));
#8326 = VECTOR('',#8327,1.);
#8327 = DIRECTION('',(0.707106781187,0.707106781187));
#8328 = ( GEOMETRIC_REPRESENTATION_CONTEXT(2) 
PARAMETRIC_REPRESENTATION_CONTEXT() REPRESENTATION_CONTEXT('2D SPACE',''
  ) );
#8329 = ORIENTED_EDGE('',*,*,#8330,.T.);
#8330 = EDGE_CURVE('',#8301,#5651,#8331,.T.);
#8331 = SURFACE_CURVE('',#8332,(#8336,#8342),.PCURVE_S1.);
#8332 = LINE('',#8333,#8334);
#8333 = CARTESIAN_POINT('',(-66.5,15.656786437627,-12.824));
#8334 = VECTOR('',#8335,1.);
#8335 = DIRECTION('',(-0.,0.,1.));
#8336 = PCURVE('',#5673,#8337);
#8337 = DEFINITIONAL_REPRESENTATION('',(#8338),#8341);
#8338 = B_SPLINE_CURVE_WITH_KNOTS('',1,(#8339,#8340),.UNSPECIFIED.,.F.,
  .F.,(2,2),(0.,12.824),.PIECEWISE_BEZIER_KNOTS.);
#8339 = CARTESIAN_POINT('',(0.,-6.960203058621));
#8340 = CARTESIAN_POINT('',(-12.824,-6.960203058621));
#8341 = ( GEOMETRIC_REPRESENTATION_CONTEXT(2) 
PARAMETRIC_REPRESENTATION_CONTEXT() REPRESENTATION_CONTEXT('2D SPACE',''
  ) );
#8342 = PCURVE('',#5701,#8343);
#8343 = DEFINITIONAL_REPRESENTATION('',(#8344),#8347);
#8344 = B_SPLINE_CURVE_WITH_KNOTS('',1,(#8345,#8346),.UNSPECIFIED.,.F.,
  .F.,(2,2),(0.,12.824),.PIECEWISE_BEZIER_KNOTS.);
#8345 = CARTESIAN_POINT('',(0.,-42.15678643762));
#8346 = CARTESIAN_POINT('',(12.824,-42.15678643762));
#8347 = ( GEOMETRIC_REPRESENTATION_CONTEXT(2) 
PARAMETRIC_REPRESENTATION_CONTEXT() REPRESENTATION_CONTEXT('2D SPACE',''
  ) );
#8348 = ORIENTED_EDGE('',*,*,#5650,.T.);
#8349 = ORIENTED_EDGE('',*,*,#8350,.T.);
#8350 = EDGE_CURVE('',#5653,#8303,#8351,.T.);
#8351 = SURFACE_CURVE('',#8352,(#8356,#8362),.PCURVE_S1.);
#8352 = LINE('',#8353,#8354);
#8353 = CARTESIAN_POINT('',(-56.65678643762,25.5,-12.824));
#8354 = VECTOR('',#8355,1.);
#8355 = DIRECTION('',(0.,0.,-1.));
#8356 = PCURVE('',#5673,#8357);
#8357 = DEFINITIONAL_REPRESENTATION('',(#8358),#8361);
#8358 = B_SPLINE_CURVE_WITH_KNOTS('',1,(#8359,#8360),.UNSPECIFIED.,.F.,
  .F.,(2,2),(-12.824,0.),.PIECEWISE_BEZIER_KNOTS.);
#8359 = CARTESIAN_POINT('',(-12.824,6.960203058621));
#8360 = CARTESIAN_POINT('',(0.,6.960203058621));
#8361 = ( GEOMETRIC_REPRESENTATION_CONTEXT(2) 
PARAMETRIC_REPRESENTATION_CONTEXT() REPRESENTATION_CONTEXT('2D SPACE',''
  ) );
#8362 = PCURVE('',#6084,#8363);
#8363 = DEFINITIONAL_REPRESENTATION('',(#8364),#8367);
#8364 = B_SPLINE_CURVE_WITH_KNOTS('',1,(#8365,#8366),.UNSPECIFIED.,.F.,
  .F.,(2,2),(-12.824,0.),.PIECEWISE_BEZIER_KNOTS.);
#8365 = CARTESIAN_POINT('',(12.824,10.843213562373));
#8366 = CARTESIAN_POINT('',(0.,10.843213562373));
#8367 = ( GEOMETRIC_REPRESENTATION_CONTEXT(2) 
PARAMETRIC_REPRESENTATION_CONTEXT() REPRESENTATION_CONTEXT('2D SPACE',''
  ) );
#8368 = ADVANCED_FACE('',(#8369),#5701,.T.);
#8369 = FACE_BOUND('',#8370,.T.);
#8370 = EDGE_LOOP('',(#8371,#8392,#8413,#8414));
#8371 = ORIENTED_EDGE('',*,*,#8372,.F.);
#8372 = EDGE_CURVE('',#8373,#5686,#8375,.T.);
#8373 = VERTEX_POINT('',#8374);
#8374 = CARTESIAN_POINT('',(-66.5,-15.65678643762,-12.824));
#8375 = SURFACE_CURVE('',#8376,(#8380,#8386),.PCURVE_S1.);
#8376 = LINE('',#8377,#8378);
#8377 = CARTESIAN_POINT('',(-66.5,-15.65678643762,-12.824));
#8378 = VECTOR('',#8379,1.);
#8379 = DIRECTION('',(-0.,0.,1.));
#8380 = PCURVE('',#5701,#8381);
#8381 = DEFINITIONAL_REPRESENTATION('',(#8382),#8385);
#8382 = B_SPLINE_CURVE_WITH_KNOTS('',1,(#8383,#8384),.UNSPECIFIED.,.F.,
  .F.,(2,2),(0.,12.824),.PIECEWISE_BEZIER_KNOTS.);
#8383 = CARTESIAN_POINT('',(0.,-10.84321356237));
#8384 = CARTESIAN_POINT('',(12.824,-10.84321356237));
#8385 = ( GEOMETRIC_REPRESENTATION_CONTEXT(2) 
PARAMETRIC_REPRESENTATION_CONTEXT() REPRESENTATION_CONTEXT('2D SPACE',''
  ) );
#8386 = PCURVE('',#5729,#8387);
#8387 = DEFINITIONAL_REPRESENTATION('',(#8388),#8391);
#8388 = B_SPLINE_CURVE_WITH_KNOTS('',1,(#8389,#8390),.UNSPECIFIED.,.F.,
  .F.,(2,2),(0.,12.824),.PIECEWISE_BEZIER_KNOTS.);
#8389 = CARTESIAN_POINT('',(0.,-6.960203058621));
#8390 = CARTESIAN_POINT('',(-12.824,-6.960203058621));
#8391 = ( GEOMETRIC_REPRESENTATION_CONTEXT(2) 
PARAMETRIC_REPRESENTATION_CONTEXT() REPRESENTATION_CONTEXT('2D SPACE',''
  ) );
#8392 = ORIENTED_EDGE('',*,*,#8393,.T.);
#8393 = EDGE_CURVE('',#8373,#8301,#8394,.T.);
#8394 = SURFACE_CURVE('',#8395,(#8399,#8406),.PCURVE_S1.);
#8395 = LINE('',#8396,#8397);
#8396 = CARTESIAN_POINT('',(-66.5,-26.5,-12.824));
#8397 = VECTOR('',#8398,1.);
#8398 = DIRECTION('',(0.,1.,0.));
#8399 = PCURVE('',#5701,#8400);
#8400 = DEFINITIONAL_REPRESENTATION('',(#8401),#8405);
#8401 = LINE('',#8402,#8403);
#8402 = CARTESIAN_POINT('',(0.,0.));
#8403 = VECTOR('',#8404,1.);
#8404 = DIRECTION('',(0.,-1.));
#8405 = ( GEOMETRIC_REPRESENTATION_CONTEXT(2) 
PARAMETRIC_REPRESENTATION_CONTEXT() REPRESENTATION_CONTEXT('2D SPACE',''
  ) );
#8406 = PCURVE('',#8318,#8407);
#8407 = DEFINITIONAL_REPRESENTATION('',(#8408),#8412);
#8408 = LINE('',#8409,#8410);
#8409 = CARTESIAN_POINT('',(1.,0.));
#8410 = VECTOR('',#8411,1.);
#8411 = DIRECTION('',(0.,1.));
#8412 = ( GEOMETRIC_REPRESENTATION_CONTEXT(2) 
PARAMETRIC_REPRESENTATION_CONTEXT() REPRESENTATION_CONTEXT('2D SPACE',''
  ) );
#8413 = ORIENTED_EDGE('',*,*,#8330,.T.);
#8414 = ORIENTED_EDGE('',*,*,#5685,.T.);
#8415 = ADVANCED_FACE('',(#8416),#6084,.F.);
#8416 = FACE_BOUND('',#8417,.F.);
#8417 = EDGE_LOOP('',(#8418,#8441,#8442,#8443));
#8418 = ORIENTED_EDGE('',*,*,#8419,.F.);
#8419 = EDGE_CURVE('',#8303,#8420,#8422,.T.);
#8420 = VERTEX_POINT('',#8421);
#8421 = CARTESIAN_POINT('',(-18.5195,25.5,-12.824));
#8422 = SURFACE_CURVE('',#8423,(#8427,#8434),.PCURVE_S1.);
#8423 = LINE('',#8424,#8425);
#8424 = CARTESIAN_POINT('',(-67.5,25.5,-12.824));
#8425 = VECTOR('',#8426,1.);
#8426 = DIRECTION('',(1.,0.,0.));
#8427 = PCURVE('',#6084,#8428);
#8428 = DEFINITIONAL_REPRESENTATION('',(#8429),#8433);
#8429 = LINE('',#8430,#8431);
#8430 = CARTESIAN_POINT('',(0.,0.));
#8431 = VECTOR('',#8432,1.);
#8432 = DIRECTION('',(0.,1.));
#8433 = ( GEOMETRIC_REPRESENTATION_CONTEXT(2) 
PARAMETRIC_REPRESENTATION_CONTEXT() REPRESENTATION_CONTEXT('2D SPACE',''
  ) );
#8434 = PCURVE('',#8318,#8435);
#8435 = DEFINITIONAL_REPRESENTATION('',(#8436),#8440);
#8436 = LINE('',#8437,#8438);
#8437 = CARTESIAN_POINT('',(0.,52.));
#8438 = VECTOR('',#8439,1.);
#8439 = DIRECTION('',(1.,0.));
#8440 = ( GEOMETRIC_REPRESENTATION_CONTEXT(2) 
PARAMETRIC_REPRESENTATION_CONTEXT() REPRESENTATION_CONTEXT('2D SPACE',''
  ) );
#8441 = ORIENTED_EDGE('',*,*,#8350,.F.);
#8442 = ORIENTED_EDGE('',*,*,#6070,.T.);
#8443 = ORIENTED_EDGE('',*,*,#8444,.F.);
#8444 = EDGE_CURVE('',#8420,#6044,#8445,.T.);
#8445 = SURFACE_CURVE('',#8446,(#8450,#8456),.PCURVE_S1.);
#8446 = LINE('',#8447,#8448);
#8447 = CARTESIAN_POINT('',(-18.5195,25.5,-13.324));
#8448 = VECTOR('',#8449,1.);
#8449 = DIRECTION('',(0.,-0.,1.));
#8450 = PCURVE('',#6084,#8451);
#8451 = DEFINITIONAL_REPRESENTATION('',(#8452),#8455);
#8452 = B_SPLINE_CURVE_WITH_KNOTS('',1,(#8453,#8454),.UNSPECIFIED.,.F.,
  .F.,(2,2),(0.5,10.324),.PIECEWISE_BEZIER_KNOTS.);
#8453 = CARTESIAN_POINT('',(0.,48.9805));
#8454 = CARTESIAN_POINT('',(9.824,48.9805));
#8455 = ( GEOMETRIC_REPRESENTATION_CONTEXT(2) 
PARAMETRIC_REPRESENTATION_CONTEXT() REPRESENTATION_CONTEXT('2D SPACE',''
  ) );
#8456 = PCURVE('',#6059,#8457);
#8457 = DEFINITIONAL_REPRESENTATION('',(#8458),#8461);
#8458 = B_SPLINE_CURVE_WITH_KNOTS('',1,(#8459,#8460),.UNSPECIFIED.,.F.,
  .F.,(2,2),(0.5,10.324),.PIECEWISE_BEZIER_KNOTS.);
#8459 = CARTESIAN_POINT('',(1.,-1.));
#8460 = CARTESIAN_POINT('',(10.824,-1.));
#8461 = ( GEOMETRIC_REPRESENTATION_CONTEXT(2) 
PARAMETRIC_REPRESENTATION_CONTEXT() REPRESENTATION_CONTEXT('2D SPACE',''
  ) );
#8462 = ADVANCED_FACE('',(#8463),#5729,.F.);
#8463 = FACE_BOUND('',#8464,.T.);
#8464 = EDGE_LOOP('',(#8465,#8488,#8489,#8490));
#8465 = ORIENTED_EDGE('',*,*,#8466,.F.);
#8466 = EDGE_CURVE('',#8373,#8467,#8469,.T.);
#8467 = VERTEX_POINT('',#8468);
#8468 = CARTESIAN_POINT('',(-56.65678643762,-25.5,-12.824));
#8469 = SURFACE_CURVE('',#8470,(#8474,#8481),.PCURVE_S1.);
#8470 = LINE('',#8471,#8472);
#8471 = CARTESIAN_POINT('',(-61.57839321881,-20.57839321881,-12.824));
#8472 = VECTOR('',#8473,1.);
#8473 = DIRECTION('',(0.707106781187,-0.707106781187,0.));
#8474 = PCURVE('',#5729,#8475);
#8475 = DEFINITIONAL_REPRESENTATION('',(#8476),#8480);
#8476 = LINE('',#8477,#8478);
#8477 = CARTESIAN_POINT('',(-0.,0.));
#8478 = VECTOR('',#8479,1.);
#8479 = DIRECTION('',(-0.,1.));
#8480 = ( GEOMETRIC_REPRESENTATION_CONTEXT(2) 
PARAMETRIC_REPRESENTATION_CONTEXT() REPRESENTATION_CONTEXT('2D SPACE',''
  ) );
#8481 = PCURVE('',#8318,#8482);
#8482 = DEFINITIONAL_REPRESENTATION('',(#8483),#8487);
#8483 = LINE('',#8484,#8485);
#8484 = CARTESIAN_POINT('',(5.921606781187,5.921606781187));
#8485 = VECTOR('',#8486,1.);
#8486 = DIRECTION('',(0.707106781187,-0.707106781187));
#8487 = ( GEOMETRIC_REPRESENTATION_CONTEXT(2) 
PARAMETRIC_REPRESENTATION_CONTEXT() REPRESENTATION_CONTEXT('2D SPACE',''
  ) );
#8488 = ORIENTED_EDGE('',*,*,#8372,.T.);
#8489 = ORIENTED_EDGE('',*,*,#5713,.T.);
#8490 = ORIENTED_EDGE('',*,*,#8491,.F.);
#8491 = EDGE_CURVE('',#8467,#5714,#8492,.T.);
#8492 = SURFACE_CURVE('',#8493,(#8497,#8503),.PCURVE_S1.);
#8493 = LINE('',#8494,#8495);
#8494 = CARTESIAN_POINT('',(-56.65678643762,-25.5,-12.824));
#8495 = VECTOR('',#8496,1.);
#8496 = DIRECTION('',(0.,-0.,1.));
#8497 = PCURVE('',#5729,#8498);
#8498 = DEFINITIONAL_REPRESENTATION('',(#8499),#8502);
#8499 = B_SPLINE_CURVE_WITH_KNOTS('',1,(#8500,#8501),.UNSPECIFIED.,.F.,
  .F.,(2,2),(0.,12.824),.PIECEWISE_BEZIER_KNOTS.);
#8500 = CARTESIAN_POINT('',(0.,6.960203058621));
#8501 = CARTESIAN_POINT('',(-12.824,6.960203058621));
#8502 = ( GEOMETRIC_REPRESENTATION_CONTEXT(2) 
PARAMETRIC_REPRESENTATION_CONTEXT() REPRESENTATION_CONTEXT('2D SPACE',''
  ) );
#8503 = PCURVE('',#5757,#8504);
#8504 = DEFINITIONAL_REPRESENTATION('',(#8505),#8508);
#8505 = B_SPLINE_CURVE_WITH_KNOTS('',1,(#8506,#8507),.UNSPECIFIED.,.F.,
  .F.,(2,2),(0.,12.824),.PIECEWISE_BEZIER_KNOTS.);
#8506 = CARTESIAN_POINT('',(0.,10.843213562373));
#8507 = CARTESIAN_POINT('',(12.824,10.843213562373));
#8508 = ( GEOMETRIC_REPRESENTATION_CONTEXT(2) 
PARAMETRIC_REPRESENTATION_CONTEXT() REPRESENTATION_CONTEXT('2D SPACE',''
  ) );
#8509 = ADVANCED_FACE('',(#8510),#6059,.F.);
#8510 = FACE_BOUND('',#8511,.F.);
#8511 = EDGE_LOOP('',(#8512,#8542,#8561,#8562,#8563,#8586));
#8512 = ORIENTED_EDGE('',*,*,#8513,.F.);
#8513 = EDGE_CURVE('',#8514,#8516,#8518,.T.);
#8514 = VERTEX_POINT('',#8515);
#8515 = CARTESIAN_POINT('',(-18.5195,26.5,-12.824));
#8516 = VERTEX_POINT('',#8517);
#8517 = CARTESIAN_POINT('',(-18.5195,26.5,-3.));
#8518 = SURFACE_CURVE('',#8519,(#8523,#8530),.PCURVE_S1.);
#8519 = LINE('',#8520,#8521);
#8520 = CARTESIAN_POINT('',(-18.5195,26.5,-6.412));
#8521 = VECTOR('',#8522,1.);
#8522 = DIRECTION('',(0.,0.,1.));
#8523 = PCURVE('',#6059,#8524);
#8524 = DEFINITIONAL_REPRESENTATION('',(#8525),#8529);
#8525 = LINE('',#8526,#8527);
#8526 = CARTESIAN_POINT('',(7.412,0.));
#8527 = VECTOR('',#8528,1.);
#8528 = DIRECTION('',(1.,0.));
#8529 = ( GEOMETRIC_REPRESENTATION_CONTEXT(2) 
PARAMETRIC_REPRESENTATION_CONTEXT() REPRESENTATION_CONTEXT('2D SPACE',''
  ) );
#8530 = PCURVE('',#8531,#8536);
#8531 = PLANE('',#8532);
#8532 = AXIS2_PLACEMENT_3D('',#8533,#8534,#8535);
#8533 = CARTESIAN_POINT('',(-67.5,26.5,-12.824));
#8534 = DIRECTION('',(0.,1.,0.));
#8535 = DIRECTION('',(0.,0.,1.));
#8536 = DEFINITIONAL_REPRESENTATION('',(#8537),#8541);
#8537 = LINE('',#8538,#8539);
#8538 = CARTESIAN_POINT('',(6.412,48.9805));
#8539 = VECTOR('',#8540,1.);
#8540 = DIRECTION('',(1.,0.));
#8541 = ( GEOMETRIC_REPRESENTATION_CONTEXT(2) 
PARAMETRIC_REPRESENTATION_CONTEXT() REPRESENTATION_CONTEXT('2D SPACE',''
  ) );
#8542 = ORIENTED_EDGE('',*,*,#8543,.T.);
#8543 = EDGE_CURVE('',#8514,#8420,#8544,.T.);
#8544 = SURFACE_CURVE('',#8545,(#8549,#8555),.PCURVE_S1.);
#8545 = LINE('',#8546,#8547);
#8546 = CARTESIAN_POINT('',(-18.5195,0.,-12.824));
#8547 = VECTOR('',#8548,1.);
#8548 = DIRECTION('',(0.,-1.,0.));
#8549 = PCURVE('',#6059,#8550);
#8550 = DEFINITIONAL_REPRESENTATION('',(#8551),#8554);
#8551 = B_SPLINE_CURVE_WITH_KNOTS('',1,(#8552,#8553),.UNSPECIFIED.,.F.,
  .F.,(2,2),(-26.5,-23.5),.PIECEWISE_BEZIER_KNOTS.);
#8552 = CARTESIAN_POINT('',(1.,0.));
#8553 = CARTESIAN_POINT('',(1.,-3.));
#8554 = ( GEOMETRIC_REPRESENTATION_CONTEXT(2) 
PARAMETRIC_REPRESENTATION_CONTEXT() REPRESENTATION_CONTEXT('2D SPACE',''
  ) );
#8555 = PCURVE('',#8318,#8556);
#8556 = DEFINITIONAL_REPRESENTATION('',(#8557),#8560);
#8557 = B_SPLINE_CURVE_WITH_KNOTS('',1,(#8558,#8559),.UNSPECIFIED.,.F.,
  .F.,(2,2),(-26.5,-23.5),.PIECEWISE_BEZIER_KNOTS.);
#8558 = CARTESIAN_POINT('',(48.9805,53.));
#8559 = CARTESIAN_POINT('',(48.9805,50.));
#8560 = ( GEOMETRIC_REPRESENTATION_CONTEXT(2) 
PARAMETRIC_REPRESENTATION_CONTEXT() REPRESENTATION_CONTEXT('2D SPACE',''
  ) );
#8561 = ORIENTED_EDGE('',*,*,#8444,.T.);
#8562 = ORIENTED_EDGE('',*,*,#6043,.T.);
#8563 = ORIENTED_EDGE('',*,*,#8564,.T.);
#8564 = EDGE_CURVE('',#6021,#8565,#8567,.T.);
#8565 = VERTEX_POINT('',#8566);
#8566 = CARTESIAN_POINT('',(-18.5195,23.5,0.));
#8567 = SURFACE_CURVE('',#8568,(#8572,#8579),.PCURVE_S1.);
#8568 = LINE('',#8569,#8570);
#8569 = CARTESIAN_POINT('',(-18.5195,23.5,-6.412));
#8570 = VECTOR('',#8571,1.);
#8571 = DIRECTION('',(0.,0.,1.));
#8572 = PCURVE('',#6059,#8573);
#8573 = DEFINITIONAL_REPRESENTATION('',(#8574),#8578);
#8574 = LINE('',#8575,#8576);
#8575 = CARTESIAN_POINT('',(7.412,-3.));
#8576 = VECTOR('',#8577,1.);
#8577 = DIRECTION('',(1.,0.));
#8578 = ( GEOMETRIC_REPRESENTATION_CONTEXT(2) 
PARAMETRIC_REPRESENTATION_CONTEXT() REPRESENTATION_CONTEXT('2D SPACE',''
  ) );
#8579 = PCURVE('',#5924,#8580);
#8580 = DEFINITIONAL_REPRESENTATION('',(#8581),#8585);
#8581 = LINE('',#8582,#8583);
#8582 = CARTESIAN_POINT('',(0.,-18.5195));
#8583 = VECTOR('',#8584,1.);
#8584 = DIRECTION('',(1.,0.));
#8585 = ( GEOMETRIC_REPRESENTATION_CONTEXT(2) 
PARAMETRIC_REPRESENTATION_CONTEXT() REPRESENTATION_CONTEXT('2D SPACE',''
  ) );
#8586 = ORIENTED_EDGE('',*,*,#8587,.T.);
#8587 = EDGE_CURVE('',#8565,#8516,#8588,.T.);
#8588 = SURFACE_CURVE('',#8589,(#8593,#8599),.PCURVE_S1.);
#8589 = LINE('',#8590,#8591);
#8590 = CARTESIAN_POINT('',(-18.5195,28.456,-4.956));
#8591 = VECTOR('',#8592,1.);
#8592 = DIRECTION('',(0.,0.707106781187,-0.707106781187));
#8593 = PCURVE('',#6059,#8594);
#8594 = DEFINITIONAL_REPRESENTATION('',(#8595),#8598);
#8595 = B_SPLINE_CURVE_WITH_KNOTS('',1,(#8596,#8597),.UNSPECIFIED.,.F.,
  .F.,(2,2),(-7.008842415121,-2.766201728002),.PIECEWISE_BEZIER_KNOTS.);
#8596 = CARTESIAN_POINT('',(13.824,-3.));
#8597 = CARTESIAN_POINT('',(10.824,-1.33226762955E-15));
#8598 = ( GEOMETRIC_REPRESENTATION_CONTEXT(2) 
PARAMETRIC_REPRESENTATION_CONTEXT() REPRESENTATION_CONTEXT('2D SPACE',''
  ) );
#8599 = PCURVE('',#8600,#8605);
#8600 = PLANE('',#8601);
#8601 = AXIS2_PLACEMENT_3D('',#8602,#8603,#8604);
#8602 = CARTESIAN_POINT('',(-57.071,25.,-1.5));
#8603 = DIRECTION('',(0.,0.707106781187,0.707106781187));
#8604 = DIRECTION('',(-1.,-0.,0.));
#8605 = DEFINITIONAL_REPRESENTATION('',(#8606),#8609);
#8606 = B_SPLINE_CURVE_WITH_KNOTS('',1,(#8607,#8608),.UNSPECIFIED.,.F.,
  .F.,(2,2),(-7.008842415121,-2.766201728002),.PIECEWISE_BEZIER_KNOTS.);
#8607 = CARTESIAN_POINT('',(-38.5515,2.12132034356));
#8608 = CARTESIAN_POINT('',(-38.5515,-2.12132034356));
#8609 = ( GEOMETRIC_REPRESENTATION_CONTEXT(2) 
PARAMETRIC_REPRESENTATION_CONTEXT() REPRESENTATION_CONTEXT('2D SPACE',''
  ) );
#8610 = ADVANCED_FACE('',(#8611),#5757,.T.);
#8611 = FACE_BOUND('',#8612,.T.);
#8612 = EDGE_LOOP('',(#8613,#8636,#8637,#8638));
#8613 = ORIENTED_EDGE('',*,*,#8614,.F.);
#8614 = EDGE_CURVE('',#8467,#8615,#8617,.T.);
#8615 = VERTEX_POINT('',#8616);
#8616 = CARTESIAN_POINT('',(56.656786437627,-25.5,-12.824));
#8617 = SURFACE_CURVE('',#8618,(#8622,#8629),.PCURVE_S1.);
#8618 = LINE('',#8619,#8620);
#8619 = CARTESIAN_POINT('',(-67.5,-25.5,-12.824));
#8620 = VECTOR('',#8621,1.);
#8621 = DIRECTION('',(1.,0.,0.));
#8622 = PCURVE('',#5757,#8623);
#8623 = DEFINITIONAL_REPRESENTATION('',(#8624),#8628);
#8624 = LINE('',#8625,#8626);
#8625 = CARTESIAN_POINT('',(0.,0.));
#8626 = VECTOR('',#8627,1.);
#8627 = DIRECTION('',(0.,1.));
#8628 = ( GEOMETRIC_REPRESENTATION_CONTEXT(2) 
PARAMETRIC_REPRESENTATION_CONTEXT() REPRESENTATION_CONTEXT('2D SPACE',''
  ) );
#8629 = PCURVE('',#8318,#8630);
#8630 = DEFINITIONAL_REPRESENTATION('',(#8631),#8635);
#8631 = LINE('',#8632,#8633);
#8632 = CARTESIAN_POINT('',(0.,1.));
#8633 = VECTOR('',#8634,1.);
#8634 = DIRECTION('',(1.,0.));
#8635 = ( GEOMETRIC_REPRESENTATION_CONTEXT(2) 
PARAMETRIC_REPRESENTATION_CONTEXT() REPRESENTATION_CONTEXT('2D SPACE',''
  ) );
#8636 = ORIENTED_EDGE('',*,*,#8491,.T.);
#8637 = ORIENTED_EDGE('',*,*,#5741,.T.);
#8638 = ORIENTED_EDGE('',*,*,#8639,.T.);
#8639 = EDGE_CURVE('',#5742,#8615,#8640,.T.);
#8640 = SURFACE_CURVE('',#8641,(#8645,#8651),.PCURVE_S1.);
#8641 = LINE('',#8642,#8643);
#8642 = CARTESIAN_POINT('',(56.656786437627,-25.5,-12.824));
#8643 = VECTOR('',#8644,1.);
#8644 = DIRECTION('',(0.,0.,-1.));
#8645 = PCURVE('',#5757,#8646);
#8646 = DEFINITIONAL_REPRESENTATION('',(#8647),#8650);
#8647 = B_SPLINE_CURVE_WITH_KNOTS('',1,(#8648,#8649),.UNSPECIFIED.,.F.,
  .F.,(2,2),(-12.824,-0.),.PIECEWISE_BEZIER_KNOTS.);
#8648 = CARTESIAN_POINT('',(12.824,124.15678643762));
#8649 = CARTESIAN_POINT('',(0.,124.15678643762));
#8650 = ( GEOMETRIC_REPRESENTATION_CONTEXT(2) 
PARAMETRIC_REPRESENTATION_CONTEXT() REPRESENTATION_CONTEXT('2D SPACE',''
  ) );
#8651 = PCURVE('',#5785,#8652);
#8652 = DEFINITIONAL_REPRESENTATION('',(#8653),#8656);
#8653 = B_SPLINE_CURVE_WITH_KNOTS('',1,(#8654,#8655),.UNSPECIFIED.,.F.,
  .F.,(2,2),(-12.824,-0.),.PIECEWISE_BEZIER_KNOTS.);
#8654 = CARTESIAN_POINT('',(-12.824,6.960203058621));
#8655 = CARTESIAN_POINT('',(0.,6.960203058621));
#8656 = ( GEOMETRIC_REPRESENTATION_CONTEXT(2) 
PARAMETRIC_REPRESENTATION_CONTEXT() REPRESENTATION_CONTEXT('2D SPACE',''
  ) );
#8657 = ADVANCED_FACE('',(#8658),#5924,.T.);
#8658 = FACE_BOUND('',#8659,.T.);
#8659 = EDGE_LOOP('',(#8660,#8683,#8684,#8707,#8735,#8763,#8791,#8819,
    #8842,#8863,#8864,#8865));
#8660 = ORIENTED_EDGE('',*,*,#8661,.F.);
#8661 = EDGE_CURVE('',#5882,#8662,#8664,.T.);
#8662 = VERTEX_POINT('',#8663);
#8663 = CARTESIAN_POINT('',(18.5195,23.5,0.));
#8664 = SURFACE_CURVE('',#8665,(#8669,#8676),.PCURVE_S1.);
#8665 = LINE('',#8666,#8667);
#8666 = CARTESIAN_POINT('',(18.5195,23.5,-6.412));
#8667 = VECTOR('',#8668,1.);
#8668 = DIRECTION('',(0.,0.,1.));
#8669 = PCURVE('',#5924,#8670);
#8670 = DEFINITIONAL_REPRESENTATION('',(#8671),#8675);
#8671 = LINE('',#8672,#8673);
#8672 = CARTESIAN_POINT('',(0.,18.5195));
#8673 = VECTOR('',#8674,1.);
#8674 = DIRECTION('',(1.,0.));
#8675 = ( GEOMETRIC_REPRESENTATION_CONTEXT(2) 
PARAMETRIC_REPRESENTATION_CONTEXT() REPRESENTATION_CONTEXT('2D SPACE',''
  ) );
#8676 = PCURVE('',#5897,#8677);
#8677 = DEFINITIONAL_REPRESENTATION('',(#8678),#8682);
#8678 = LINE('',#8679,#8680);
#8679 = CARTESIAN_POINT('',(7.412,-3.));
#8680 = VECTOR('',#8681,1.);
#8681 = DIRECTION('',(1.,0.));
#8682 = ( GEOMETRIC_REPRESENTATION_CONTEXT(2) 
PARAMETRIC_REPRESENTATION_CONTEXT() REPRESENTATION_CONTEXT('2D SPACE',''
  ) );
#8683 = ORIENTED_EDGE('',*,*,#5908,.T.);
#8684 = ORIENTED_EDGE('',*,*,#8685,.F.);
#8685 = EDGE_CURVE('',#8686,#5909,#8688,.T.);
#8686 = VERTEX_POINT('',#8687);
#8687 = CARTESIAN_POINT('',(17.6195,23.5,-14.824));
#8688 = SURFACE_CURVE('',#8689,(#8693,#8700),.PCURVE_S1.);
#8689 = LINE('',#8690,#8691);
#8690 = CARTESIAN_POINT('',(17.6195,23.5,-8.912));
#8691 = VECTOR('',#8692,1.);
#8692 = DIRECTION('',(0.,0.,1.));
#8693 = PCURVE('',#5924,#8694);
#8694 = DEFINITIONAL_REPRESENTATION('',(#8695),#8699);
#8695 = LINE('',#8696,#8697);
#8696 = CARTESIAN_POINT('',(-2.5,17.6195));
#8697 = VECTOR('',#8698,1.);
#8698 = DIRECTION('',(1.,0.));
#8699 = ( GEOMETRIC_REPRESENTATION_CONTEXT(2) 
PARAMETRIC_REPRESENTATION_CONTEXT() REPRESENTATION_CONTEXT('2D SPACE',''
  ) );
#8700 = PCURVE('',#5952,#8701);
#8701 = DEFINITIONAL_REPRESENTATION('',(#8702),#8706);
#8702 = LINE('',#8703,#8704);
#8703 = CARTESIAN_POINT('',(5.912,0.));
#8704 = VECTOR('',#8705,1.);
#8705 = DIRECTION('',(1.,0.));
#8706 = ( GEOMETRIC_REPRESENTATION_CONTEXT(2) 
PARAMETRIC_REPRESENTATION_CONTEXT() REPRESENTATION_CONTEXT('2D SPACE',''
  ) );
#8707 = ORIENTED_EDGE('',*,*,#8708,.F.);
#8708 = EDGE_CURVE('',#8709,#8686,#8711,.T.);
#8709 = VERTEX_POINT('',#8710);
#8710 = CARTESIAN_POINT('',(15.6195,23.5,-14.824));
#8711 = SURFACE_CURVE('',#8712,(#8716,#8723),.PCURVE_S1.);
#8712 = LINE('',#8713,#8714);
#8713 = CARTESIAN_POINT('',(-5.921189464668E-16,23.5,-14.824));
#8714 = VECTOR('',#8715,1.);
#8715 = DIRECTION('',(1.,0.,0.));
#8716 = PCURVE('',#5924,#8717);
#8717 = DEFINITIONAL_REPRESENTATION('',(#8718),#8722);
#8718 = LINE('',#8719,#8720);
#8719 = CARTESIAN_POINT('',(-8.412,-5.921189464668E-16));
#8720 = VECTOR('',#8721,1.);
#8721 = DIRECTION('',(0.,1.));
#8722 = ( GEOMETRIC_REPRESENTATION_CONTEXT(2) 
PARAMETRIC_REPRESENTATION_CONTEXT() REPRESENTATION_CONTEXT('2D SPACE',''
  ) );
#8723 = PCURVE('',#8724,#8729);
#8724 = PLANE('',#8725);
#8725 = AXIS2_PLACEMENT_3D('',#8726,#8727,#8728);
#8726 = CARTESIAN_POINT('',(-17.6195,23.5,-14.824));
#8727 = DIRECTION('',(0.,0.,1.));
#8728 = DIRECTION('',(1.,0.,-0.));
#8729 = DEFINITIONAL_REPRESENTATION('',(#8730),#8734);
#8730 = LINE('',#8731,#8732);
#8731 = CARTESIAN_POINT('',(17.6195,0.));
#8732 = VECTOR('',#8733,1.);
#8733 = DIRECTION('',(1.,0.));
#8734 = ( GEOMETRIC_REPRESENTATION_CONTEXT(2) 
PARAMETRIC_REPRESENTATION_CONTEXT() REPRESENTATION_CONTEXT('2D SPACE',''
  ) );
#8735 = ORIENTED_EDGE('',*,*,#8736,.T.);
#8736 = EDGE_CURVE('',#8709,#8737,#8739,.T.);
#8737 = VERTEX_POINT('',#8738);
#8738 = CARTESIAN_POINT('',(15.6195,23.5,-3.));
#8739 = SURFACE_CURVE('',#8740,(#8744,#8751),.PCURVE_S1.);
#8740 = LINE('',#8741,#8742);
#8741 = CARTESIAN_POINT('',(15.6195,23.5,-8.912));
#8742 = VECTOR('',#8743,1.);
#8743 = DIRECTION('',(0.,0.,1.));
#8744 = PCURVE('',#5924,#8745);
#8745 = DEFINITIONAL_REPRESENTATION('',(#8746),#8750);
#8746 = LINE('',#8747,#8748);
#8747 = CARTESIAN_POINT('',(-2.5,15.6195));
#8748 = VECTOR('',#8749,1.);
#8749 = DIRECTION('',(1.,0.));
#8750 = ( GEOMETRIC_REPRESENTATION_CONTEXT(2) 
PARAMETRIC_REPRESENTATION_CONTEXT() REPRESENTATION_CONTEXT('2D SPACE',''
  ) );
#8751 = PCURVE('',#8752,#8757);
#8752 = PLANE('',#8753);
#8753 = AXIS2_PLACEMENT_3D('',#8754,#8755,#8756);
#8754 = CARTESIAN_POINT('',(15.6195,23.5,-14.824));
#8755 = DIRECTION('',(-1.,0.,0.));
#8756 = DIRECTION('',(0.,0.,1.));
#8757 = DEFINITIONAL_REPRESENTATION('',(#8758),#8762);
#8758 = LINE('',#8759,#8760);
#8759 = CARTESIAN_POINT('',(5.912,0.));
#8760 = VECTOR('',#8761,1.);
#8761 = DIRECTION('',(1.,0.));
#8762 = ( GEOMETRIC_REPRESENTATION_CONTEXT(2) 
PARAMETRIC_REPRESENTATION_CONTEXT() REPRESENTATION_CONTEXT('2D SPACE',''
  ) );
#8763 = ORIENTED_EDGE('',*,*,#8764,.F.);
#8764 = EDGE_CURVE('',#8765,#8737,#8767,.T.);
#8765 = VERTEX_POINT('',#8766);
#8766 = CARTESIAN_POINT('',(-15.6195,23.5,-3.));
#8767 = SURFACE_CURVE('',#8768,(#8772,#8779),.PCURVE_S1.);
#8768 = LINE('',#8769,#8770);
#8769 = CARTESIAN_POINT('',(-5.921189464668E-16,23.5,-3.));
#8770 = VECTOR('',#8771,1.);
#8771 = DIRECTION('',(1.,0.,0.));
#8772 = PCURVE('',#5924,#8773);
#8773 = DEFINITIONAL_REPRESENTATION('',(#8774),#8778);
#8774 = LINE('',#8775,#8776);
#8775 = CARTESIAN_POINT('',(3.412,-5.921189464668E-16));
#8776 = VECTOR('',#8777,1.);
#8777 = DIRECTION('',(0.,1.));
#8778 = ( GEOMETRIC_REPRESENTATION_CONTEXT(2) 
PARAMETRIC_REPRESENTATION_CONTEXT() REPRESENTATION_CONTEXT('2D SPACE',''
  ) );
#8779 = PCURVE('',#8780,#8785);
#8780 = PLANE('',#8781);
#8781 = AXIS2_PLACEMENT_3D('',#8782,#8783,#8784);
#8782 = CARTESIAN_POINT('',(-15.6195,23.5,-3.));
#8783 = DIRECTION('',(0.,0.,1.));
#8784 = DIRECTION('',(1.,0.,-0.));
#8785 = DEFINITIONAL_REPRESENTATION('',(#8786),#8790);
#8786 = LINE('',#8787,#8788);
#8787 = CARTESIAN_POINT('',(15.6195,0.));
#8788 = VECTOR('',#8789,1.);
#8789 = DIRECTION('',(1.,0.));
#8790 = ( GEOMETRIC_REPRESENTATION_CONTEXT(2) 
PARAMETRIC_REPRESENTATION_CONTEXT() REPRESENTATION_CONTEXT('2D SPACE',''
  ) );
#8791 = ORIENTED_EDGE('',*,*,#8792,.F.);
#8792 = EDGE_CURVE('',#8793,#8765,#8795,.T.);
#8793 = VERTEX_POINT('',#8794);
#8794 = CARTESIAN_POINT('',(-15.6195,23.5,-14.824));
#8795 = SURFACE_CURVE('',#8796,(#8800,#8807),.PCURVE_S1.);
#8796 = LINE('',#8797,#8798);
#8797 = CARTESIAN_POINT('',(-15.6195,23.5,-8.912));
#8798 = VECTOR('',#8799,1.);
#8799 = DIRECTION('',(0.,0.,1.));
#8800 = PCURVE('',#5924,#8801);
#8801 = DEFINITIONAL_REPRESENTATION('',(#8802),#8806);
#8802 = LINE('',#8803,#8804);
#8803 = CARTESIAN_POINT('',(-2.5,-15.6195));
#8804 = VECTOR('',#8805,1.);
#8805 = DIRECTION('',(1.,0.));
#8806 = ( GEOMETRIC_REPRESENTATION_CONTEXT(2) 
PARAMETRIC_REPRESENTATION_CONTEXT() REPRESENTATION_CONTEXT('2D SPACE',''
  ) );
#8807 = PCURVE('',#8808,#8813);
#8808 = PLANE('',#8809);
#8809 = AXIS2_PLACEMENT_3D('',#8810,#8811,#8812);
#8810 = CARTESIAN_POINT('',(-15.6195,23.5,-14.824));
#8811 = DIRECTION('',(-1.,0.,0.));
#8812 = DIRECTION('',(0.,0.,1.));
#8813 = DEFINITIONAL_REPRESENTATION('',(#8814),#8818);
#8814 = LINE('',#8815,#8816);
#8815 = CARTESIAN_POINT('',(5.912,0.));
#8816 = VECTOR('',#8817,1.);
#8817 = DIRECTION('',(1.,0.));
#8818 = ( GEOMETRIC_REPRESENTATION_CONTEXT(2) 
PARAMETRIC_REPRESENTATION_CONTEXT() REPRESENTATION_CONTEXT('2D SPACE',''
  ) );
#8819 = ORIENTED_EDGE('',*,*,#8820,.F.);
#8820 = EDGE_CURVE('',#8821,#8793,#8823,.T.);
#8821 = VERTEX_POINT('',#8822);
#8822 = CARTESIAN_POINT('',(-17.6195,23.5,-14.824));
#8823 = SURFACE_CURVE('',#8824,(#8828,#8835),.PCURVE_S1.);
#8824 = LINE('',#8825,#8826);
#8825 = CARTESIAN_POINT('',(-5.921189464668E-16,23.5,-14.824));
#8826 = VECTOR('',#8827,1.);
#8827 = DIRECTION('',(1.,0.,0.));
#8828 = PCURVE('',#5924,#8829);
#8829 = DEFINITIONAL_REPRESENTATION('',(#8830),#8834);
#8830 = LINE('',#8831,#8832);
#8831 = CARTESIAN_POINT('',(-8.412,-5.921189464668E-16));
#8832 = VECTOR('',#8833,1.);
#8833 = DIRECTION('',(0.,1.));
#8834 = ( GEOMETRIC_REPRESENTATION_CONTEXT(2) 
PARAMETRIC_REPRESENTATION_CONTEXT() REPRESENTATION_CONTEXT('2D SPACE',''
  ) );
#8835 = PCURVE('',#8724,#8836);
#8836 = DEFINITIONAL_REPRESENTATION('',(#8837),#8841);
#8837 = LINE('',#8838,#8839);
#8838 = CARTESIAN_POINT('',(17.6195,0.));
#8839 = VECTOR('',#8840,1.);
#8840 = DIRECTION('',(1.,0.));
#8841 = ( GEOMETRIC_REPRESENTATION_CONTEXT(2) 
PARAMETRIC_REPRESENTATION_CONTEXT() REPRESENTATION_CONTEXT('2D SPACE',''
  ) );
#8842 = ORIENTED_EDGE('',*,*,#8843,.T.);
#8843 = EDGE_CURVE('',#8821,#5993,#8844,.T.);
#8844 = SURFACE_CURVE('',#8845,(#8849,#8856),.PCURVE_S1.);
#8845 = LINE('',#8846,#8847);
#8846 = CARTESIAN_POINT('',(-17.6195,23.5,-8.912));
#8847 = VECTOR('',#8848,1.);
#8848 = DIRECTION('',(0.,0.,1.));
#8849 = PCURVE('',#5924,#8850);
#8850 = DEFINITIONAL_REPRESENTATION('',(#8851),#8855);
#8851 = LINE('',#8852,#8853);
#8852 = CARTESIAN_POINT('',(-2.5,-17.6195));
#8853 = VECTOR('',#8854,1.);
#8854 = DIRECTION('',(1.,0.));
#8855 = ( GEOMETRIC_REPRESENTATION_CONTEXT(2) 
PARAMETRIC_REPRESENTATION_CONTEXT() REPRESENTATION_CONTEXT('2D SPACE',''
  ) );
#8856 = PCURVE('',#6008,#8857);
#8857 = DEFINITIONAL_REPRESENTATION('',(#8858),#8862);
#8858 = LINE('',#8859,#8860);
#8859 = CARTESIAN_POINT('',(5.912,0.));
#8860 = VECTOR('',#8861,1.);
#8861 = DIRECTION('',(1.,0.));
#8862 = ( GEOMETRIC_REPRESENTATION_CONTEXT(2) 
PARAMETRIC_REPRESENTATION_CONTEXT() REPRESENTATION_CONTEXT('2D SPACE',''
  ) );
#8863 = ORIENTED_EDGE('',*,*,#6020,.T.);
#8864 = ORIENTED_EDGE('',*,*,#8564,.T.);
#8865 = ORIENTED_EDGE('',*,*,#8866,.T.);
#8866 = EDGE_CURVE('',#8565,#8662,#8867,.T.);
#8867 = SURFACE_CURVE('',#8868,(#8872,#8879),.PCURVE_S1.);
#8868 = LINE('',#8869,#8870);
#8869 = CARTESIAN_POINT('',(-57.071,23.5,0.));
#8870 = VECTOR('',#8871,1.);
#8871 = DIRECTION('',(1.,0.,0.));
#8872 = PCURVE('',#5924,#8873);
#8873 = DEFINITIONAL_REPRESENTATION('',(#8874),#8878);
#8874 = LINE('',#8875,#8876);
#8875 = CARTESIAN_POINT('',(6.412,-57.071));
#8876 = VECTOR('',#8877,1.);
#8877 = DIRECTION('',(0.,1.));
#8878 = ( GEOMETRIC_REPRESENTATION_CONTEXT(2) 
PARAMETRIC_REPRESENTATION_CONTEXT() REPRESENTATION_CONTEXT('2D SPACE',''
  ) );
#8879 = PCURVE('',#8880,#8885);
#8880 = PLANE('',#8881);
#8881 = AXIS2_PLACEMENT_3D('',#8882,#8883,#8884);
#8882 = CARTESIAN_POINT('',(-67.5,-26.5,0.));
#8883 = DIRECTION('',(0.,0.,1.));
#8884 = DIRECTION('',(1.,0.,0.));
#8885 = DEFINITIONAL_REPRESENTATION('',(#8886),#8890);
#8886 = LINE('',#8887,#8888);
#8887 = CARTESIAN_POINT('',(10.429,50.));
#8888 = VECTOR('',#8889,1.);
#8889 = DIRECTION('',(1.,0.));
#8890 = ( GEOMETRIC_REPRESENTATION_CONTEXT(2) 
PARAMETRIC_REPRESENTATION_CONTEXT() REPRESENTATION_CONTEXT('2D SPACE',''
  ) );
#8891 = ADVANCED_FACE('',(#8892),#5785,.T.);
#8892 = FACE_BOUND('',#8893,.F.);
#8893 = EDGE_LOOP('',(#8894,#8917,#8936,#8937));
#8894 = ORIENTED_EDGE('',*,*,#8895,.F.);
#8895 = EDGE_CURVE('',#8896,#8615,#8898,.T.);
#8896 = VERTEX_POINT('',#8897);
#8897 = CARTESIAN_POINT('',(66.5,-15.65678643762,-12.824));
#8898 = SURFACE_CURVE('',#8899,(#8903,#8910),.PCURVE_S1.);
#8899 = LINE('',#8900,#8901);
#8900 = CARTESIAN_POINT('',(27.828393218813,-54.32839321881,-12.824));
#8901 = VECTOR('',#8902,1.);
#8902 = DIRECTION('',(-0.707106781187,-0.707106781187,0.));
#8903 = PCURVE('',#5785,#8904);
#8904 = DEFINITIONAL_REPRESENTATION('',(#8905),#8909);
#8905 = LINE('',#8906,#8907);
#8906 = CARTESIAN_POINT('',(-0.,47.729707730092));
#8907 = VECTOR('',#8908,1.);
#8908 = DIRECTION('',(-0.,1.));
#8909 = ( GEOMETRIC_REPRESENTATION_CONTEXT(2) 
PARAMETRIC_REPRESENTATION_CONTEXT() REPRESENTATION_CONTEXT('2D SPACE',''
  ) );
#8910 = PCURVE('',#8318,#8911);
#8911 = DEFINITIONAL_REPRESENTATION('',(#8912),#8916);
#8912 = LINE('',#8913,#8914);
#8913 = CARTESIAN_POINT('',(95.328393218813,-27.82839321881));
#8914 = VECTOR('',#8915,1.);
#8915 = DIRECTION('',(-0.707106781187,-0.707106781187));
#8916 = ( GEOMETRIC_REPRESENTATION_CONTEXT(2) 
PARAMETRIC_REPRESENTATION_CONTEXT() REPRESENTATION_CONTEXT('2D SPACE',''
  ) );
#8917 = ORIENTED_EDGE('',*,*,#8918,.T.);
#8918 = EDGE_CURVE('',#8896,#5770,#8919,.T.);
#8919 = SURFACE_CURVE('',#8920,(#8924,#8930),.PCURVE_S1.);
#8920 = LINE('',#8921,#8922);
#8921 = CARTESIAN_POINT('',(66.5,-15.65678643762,-12.824));
#8922 = VECTOR('',#8923,1.);
#8923 = DIRECTION('',(0.,-0.,1.));
#8924 = PCURVE('',#5785,#8925);
#8925 = DEFINITIONAL_REPRESENTATION('',(#8926),#8929);
#8926 = B_SPLINE_CURVE_WITH_KNOTS('',1,(#8927,#8928),.UNSPECIFIED.,.F.,
  .F.,(2,2),(0.,12.824),.PIECEWISE_BEZIER_KNOTS.);
#8927 = CARTESIAN_POINT('',(0.,-6.960203058621));
#8928 = CARTESIAN_POINT('',(-12.824,-6.960203058621));
#8929 = ( GEOMETRIC_REPRESENTATION_CONTEXT(2) 
PARAMETRIC_REPRESENTATION_CONTEXT() REPRESENTATION_CONTEXT('2D SPACE',''
  ) );
#8930 = PCURVE('',#5813,#8931);
#8931 = DEFINITIONAL_REPRESENTATION('',(#8932),#8935);
#8932 = B_SPLINE_CURVE_WITH_KNOTS('',1,(#8933,#8934),.UNSPECIFIED.,.F.,
  .F.,(2,2),(0.,12.824),.PIECEWISE_BEZIER_KNOTS.);
#8933 = CARTESIAN_POINT('',(0.,-10.84321356237));
#8934 = CARTESIAN_POINT('',(12.824,-10.84321356237));
#8935 = ( GEOMETRIC_REPRESENTATION_CONTEXT(2) 
PARAMETRIC_REPRESENTATION_CONTEXT() REPRESENTATION_CONTEXT('2D SPACE',''
  ) );
#8936 = ORIENTED_EDGE('',*,*,#5769,.T.);
#8937 = ORIENTED_EDGE('',*,*,#8639,.T.);
#8938 = ADVANCED_FACE('',(#8939),#6008,.T.);
#8939 = FACE_BOUND('',#8940,.T.);
#8940 = EDGE_LOOP('',(#8941,#8964,#8985,#8986));
#8941 = ORIENTED_EDGE('',*,*,#8942,.T.);
#8942 = EDGE_CURVE('',#8821,#8943,#8945,.T.);
#8943 = VERTEX_POINT('',#8944);
#8944 = CARTESIAN_POINT('',(-17.6195,2.547,-14.824));
#8945 = SURFACE_CURVE('',#8946,(#8950,#8957),.PCURVE_S1.);
#8946 = LINE('',#8947,#8948);
#8947 = CARTESIAN_POINT('',(-17.6195,23.5,-14.824));
#8948 = VECTOR('',#8949,1.);
#8949 = DIRECTION('',(-0.,-1.,-0.));
#8950 = PCURVE('',#6008,#8951);
#8951 = DEFINITIONAL_REPRESENTATION('',(#8952),#8956);
#8952 = LINE('',#8953,#8954);
#8953 = CARTESIAN_POINT('',(0.,0.));
#8954 = VECTOR('',#8955,1.);
#8955 = DIRECTION('',(0.,-1.));
#8956 = ( GEOMETRIC_REPRESENTATION_CONTEXT(2) 
PARAMETRIC_REPRESENTATION_CONTEXT() REPRESENTATION_CONTEXT('2D SPACE',''
  ) );
#8957 = PCURVE('',#8724,#8958);
#8958 = DEFINITIONAL_REPRESENTATION('',(#8959),#8963);
#8959 = LINE('',#8960,#8961);
#8960 = CARTESIAN_POINT('',(0.,0.));
#8961 = VECTOR('',#8962,1.);
#8962 = DIRECTION('',(0.,-1.));
#8963 = ( GEOMETRIC_REPRESENTATION_CONTEXT(2) 
PARAMETRIC_REPRESENTATION_CONTEXT() REPRESENTATION_CONTEXT('2D SPACE',''
  ) );
#8964 = ORIENTED_EDGE('',*,*,#8965,.T.);
#8965 = EDGE_CURVE('',#8943,#5965,#8966,.T.);
#8966 = SURFACE_CURVE('',#8967,(#8971,#8978),.PCURVE_S1.);
#8967 = LINE('',#8968,#8969);
#8968 = CARTESIAN_POINT('',(-17.6195,2.547,-8.912));
#8969 = VECTOR('',#8970,1.);
#8970 = DIRECTION('',(0.,0.,1.));
#8971 = PCURVE('',#6008,#8972);
#8972 = DEFINITIONAL_REPRESENTATION('',(#8973),#8977);
#8973 = LINE('',#8974,#8975);
#8974 = CARTESIAN_POINT('',(5.912,-20.953));
#8975 = VECTOR('',#8976,1.);
#8976 = DIRECTION('',(1.,0.));
#8977 = ( GEOMETRIC_REPRESENTATION_CONTEXT(2) 
PARAMETRIC_REPRESENTATION_CONTEXT() REPRESENTATION_CONTEXT('2D SPACE',''
  ) );
#8978 = PCURVE('',#5980,#8979);
#8979 = DEFINITIONAL_REPRESENTATION('',(#8980),#8984);
#8980 = LINE('',#8981,#8982);
#8981 = CARTESIAN_POINT('',(0.,-17.6195));
#8982 = VECTOR('',#8983,1.);
#8983 = DIRECTION('',(1.,0.));
#8984 = ( GEOMETRIC_REPRESENTATION_CONTEXT(2) 
PARAMETRIC_REPRESENTATION_CONTEXT() REPRESENTATION_CONTEXT('2D SPACE',''
  ) );
#8985 = ORIENTED_EDGE('',*,*,#5992,.F.);
#8986 = ORIENTED_EDGE('',*,*,#8843,.F.);
#8987 = ADVANCED_FACE('',(#8988),#5813,.F.);
#8988 = FACE_BOUND('',#8989,.F.);
#8989 = EDGE_LOOP('',(#8990,#8991,#9014,#9033));
#8990 = ORIENTED_EDGE('',*,*,#8918,.F.);
#8991 = ORIENTED_EDGE('',*,*,#8992,.T.);
#8992 = EDGE_CURVE('',#8896,#8993,#8995,.T.);
#8993 = VERTEX_POINT('',#8994);
#8994 = CARTESIAN_POINT('',(66.5,15.656786437627,-12.824));
#8995 = SURFACE_CURVE('',#8996,(#9000,#9007),.PCURVE_S1.);
#8996 = LINE('',#8997,#8998);
#8997 = CARTESIAN_POINT('',(66.5,-26.5,-12.824));
#8998 = VECTOR('',#8999,1.);
#8999 = DIRECTION('',(0.,1.,0.));
#9000 = PCURVE('',#5813,#9001);
#9001 = DEFINITIONAL_REPRESENTATION('',(#9002),#9006);
#9002 = LINE('',#9003,#9004);
#9003 = CARTESIAN_POINT('',(0.,0.));
#9004 = VECTOR('',#9005,1.);
#9005 = DIRECTION('',(0.,-1.));
#9006 = ( GEOMETRIC_REPRESENTATION_CONTEXT(2) 
PARAMETRIC_REPRESENTATION_CONTEXT() REPRESENTATION_CONTEXT('2D SPACE',''
  ) );
#9007 = PCURVE('',#8318,#9008);
#9008 = DEFINITIONAL_REPRESENTATION('',(#9009),#9013);
#9009 = LINE('',#9010,#9011);
#9010 = CARTESIAN_POINT('',(134.,0.));
#9011 = VECTOR('',#9012,1.);
#9012 = DIRECTION('',(0.,1.));
#9013 = ( GEOMETRIC_REPRESENTATION_CONTEXT(2) 
PARAMETRIC_REPRESENTATION_CONTEXT() REPRESENTATION_CONTEXT('2D SPACE',''
  ) );
#9014 = ORIENTED_EDGE('',*,*,#9015,.T.);
#9015 = EDGE_CURVE('',#8993,#5798,#9016,.T.);
#9016 = SURFACE_CURVE('',#9017,(#9021,#9027),.PCURVE_S1.);
#9017 = LINE('',#9018,#9019);
#9018 = CARTESIAN_POINT('',(66.5,15.656786437627,-12.824));
#9019 = VECTOR('',#9020,1.);
#9020 = DIRECTION('',(0.,0.,1.));
#9021 = PCURVE('',#5813,#9022);
#9022 = DEFINITIONAL_REPRESENTATION('',(#9023),#9026);
#9023 = B_SPLINE_CURVE_WITH_KNOTS('',1,(#9024,#9025),.UNSPECIFIED.,.F.,
  .F.,(2,2),(0.,12.824),.PIECEWISE_BEZIER_KNOTS.);
#9024 = CARTESIAN_POINT('',(0.,-42.15678643762));
#9025 = CARTESIAN_POINT('',(12.824,-42.15678643762));
#9026 = ( GEOMETRIC_REPRESENTATION_CONTEXT(2) 
PARAMETRIC_REPRESENTATION_CONTEXT() REPRESENTATION_CONTEXT('2D SPACE',''
  ) );
#9027 = PCURVE('',#5841,#9028);
#9028 = DEFINITIONAL_REPRESENTATION('',(#9029),#9032);
#9029 = B_SPLINE_CURVE_WITH_KNOTS('',1,(#9030,#9031),.UNSPECIFIED.,.F.,
  .F.,(2,2),(0.,12.824),.PIECEWISE_BEZIER_KNOTS.);
#9030 = CARTESIAN_POINT('',(0.,-6.960203058621));
#9031 = CARTESIAN_POINT('',(-12.824,-6.960203058621));
#9032 = ( GEOMETRIC_REPRESENTATION_CONTEXT(2) 
PARAMETRIC_REPRESENTATION_CONTEXT() REPRESENTATION_CONTEXT('2D SPACE',''
  ) );
#9033 = ORIENTED_EDGE('',*,*,#5797,.T.);
#9034 = ADVANCED_FACE('',(#9035),#5980,.F.);
#9035 = FACE_BOUND('',#9036,.F.);
#9036 = EDGE_LOOP('',(#9037,#9060,#9061,#9062));
#9037 = ORIENTED_EDGE('',*,*,#9038,.F.);
#9038 = EDGE_CURVE('',#8943,#9039,#9041,.T.);
#9039 = VERTEX_POINT('',#9040);
#9040 = CARTESIAN_POINT('',(17.6195,2.547,-14.824));
#9041 = SURFACE_CURVE('',#9042,(#9046,#9053),.PCURVE_S1.);
#9042 = LINE('',#9043,#9044);
#9043 = CARTESIAN_POINT('',(-5.921189464668E-16,2.547,-14.824));
#9044 = VECTOR('',#9045,1.);
#9045 = DIRECTION('',(1.,0.,0.));
#9046 = PCURVE('',#5980,#9047);
#9047 = DEFINITIONAL_REPRESENTATION('',(#9048),#9052);
#9048 = LINE('',#9049,#9050);
#9049 = CARTESIAN_POINT('',(-5.912,0.));
#9050 = VECTOR('',#9051,1.);
#9051 = DIRECTION('',(0.,1.));
#9052 = ( GEOMETRIC_REPRESENTATION_CONTEXT(2) 
PARAMETRIC_REPRESENTATION_CONTEXT() REPRESENTATION_CONTEXT('2D SPACE',''
  ) );
#9053 = PCURVE('',#8724,#9054);
#9054 = DEFINITIONAL_REPRESENTATION('',(#9055),#9059);
#9055 = LINE('',#9056,#9057);
#9056 = CARTESIAN_POINT('',(17.6195,-20.953));
#9057 = VECTOR('',#9058,1.);
#9058 = DIRECTION('',(1.,0.));
#9059 = ( GEOMETRIC_REPRESENTATION_CONTEXT(2) 
PARAMETRIC_REPRESENTATION_CONTEXT() REPRESENTATION_CONTEXT('2D SPACE',''
  ) );
#9060 = ORIENTED_EDGE('',*,*,#8965,.T.);
#9061 = ORIENTED_EDGE('',*,*,#5964,.T.);
#9062 = ORIENTED_EDGE('',*,*,#9063,.F.);
#9063 = EDGE_CURVE('',#9039,#5937,#9064,.T.);
#9064 = SURFACE_CURVE('',#9065,(#9069,#9076),.PCURVE_S1.);
#9065 = LINE('',#9066,#9067);
#9066 = CARTESIAN_POINT('',(17.6195,2.547,-8.912));
#9067 = VECTOR('',#9068,1.);
#9068 = DIRECTION('',(0.,0.,1.));
#9069 = PCURVE('',#5980,#9070);
#9070 = DEFINITIONAL_REPRESENTATION('',(#9071),#9075);
#9071 = LINE('',#9072,#9073);
#9072 = CARTESIAN_POINT('',(0.,17.6195));
#9073 = VECTOR('',#9074,1.);
#9074 = DIRECTION('',(1.,0.));
#9075 = ( GEOMETRIC_REPRESENTATION_CONTEXT(2) 
PARAMETRIC_REPRESENTATION_CONTEXT() REPRESENTATION_CONTEXT('2D SPACE',''
  ) );
#9076 = PCURVE('',#5952,#9077);
#9077 = DEFINITIONAL_REPRESENTATION('',(#9078),#9082);
#9078 = LINE('',#9079,#9080);
#9079 = CARTESIAN_POINT('',(5.912,-20.953));
#9080 = VECTOR('',#9081,1.);
#9081 = DIRECTION('',(1.,0.));
#9082 = ( GEOMETRIC_REPRESENTATION_CONTEXT(2) 
PARAMETRIC_REPRESENTATION_CONTEXT() REPRESENTATION_CONTEXT('2D SPACE',''
  ) );
#9083 = ADVANCED_FACE('',(#9084),#5841,.F.);
#9084 = FACE_BOUND('',#9085,.T.);
#9085 = EDGE_LOOP('',(#9086,#9109,#9110,#9111));
#9086 = ORIENTED_EDGE('',*,*,#9087,.F.);
#9087 = EDGE_CURVE('',#8993,#9088,#9090,.T.);
#9088 = VERTEX_POINT('',#9089);
#9089 = CARTESIAN_POINT('',(56.656786437627,25.5,-12.824));
#9090 = SURFACE_CURVE('',#9091,(#9095,#9102),.PCURVE_S1.);
#9091 = LINE('',#9092,#9093);
#9092 = CARTESIAN_POINT('',(41.078393218813,41.078393218813,-12.824));
#9093 = VECTOR('',#9094,1.);
#9094 = DIRECTION('',(-0.707106781187,0.707106781187,0.));
#9095 = PCURVE('',#5841,#9096);
#9096 = DEFINITIONAL_REPRESENTATION('',(#9097),#9101);
#9097 = LINE('',#9098,#9099);
#9098 = CARTESIAN_POINT('',(-0.,28.991378028648));
#9099 = VECTOR('',#9100,1.);
#9100 = DIRECTION('',(-0.,1.));
#9101 = ( GEOMETRIC_REPRESENTATION_CONTEXT(2) 
PARAMETRIC_REPRESENTATION_CONTEXT() REPRESENTATION_CONTEXT('2D SPACE',''
  ) );
#9102 = PCURVE('',#8318,#9103);
#9103 = DEFINITIONAL_REPRESENTATION('',(#9104),#9108);
#9104 = LINE('',#9105,#9106);
#9105 = CARTESIAN_POINT('',(108.57839321881,67.578393218813));
#9106 = VECTOR('',#9107,1.);
#9107 = DIRECTION('',(-0.707106781187,0.707106781187));
#9108 = ( GEOMETRIC_REPRESENTATION_CONTEXT(2) 
PARAMETRIC_REPRESENTATION_CONTEXT() REPRESENTATION_CONTEXT('2D SPACE',''
  ) );
#9109 = ORIENTED_EDGE('',*,*,#9015,.T.);
#9110 = ORIENTED_EDGE('',*,*,#5825,.T.);
#9111 = ORIENTED_EDGE('',*,*,#9112,.F.);
#9112 = EDGE_CURVE('',#9088,#5826,#9113,.T.);
#9113 = SURFACE_CURVE('',#9114,(#9118,#9124),.PCURVE_S1.);
#9114 = LINE('',#9115,#9116);
#9115 = CARTESIAN_POINT('',(56.656786437627,25.5,-12.824));
#9116 = VECTOR('',#9117,1.);
#9117 = DIRECTION('',(0.,0.,1.));
#9118 = PCURVE('',#5841,#9119);
#9119 = DEFINITIONAL_REPRESENTATION('',(#9120),#9123);
#9120 = B_SPLINE_CURVE_WITH_KNOTS('',1,(#9121,#9122),.UNSPECIFIED.,.F.,
  .F.,(2,2),(0.,12.824),.PIECEWISE_BEZIER_KNOTS.);
#9121 = CARTESIAN_POINT('',(0.,6.960203058621));
#9122 = CARTESIAN_POINT('',(-12.824,6.960203058621));
#9123 = ( GEOMETRIC_REPRESENTATION_CONTEXT(2) 
PARAMETRIC_REPRESENTATION_CONTEXT() REPRESENTATION_CONTEXT('2D SPACE',''
  ) );
#9124 = PCURVE('',#5869,#9125);
#9125 = DEFINITIONAL_REPRESENTATION('',(#9126),#9129);
#9126 = B_SPLINE_CURVE_WITH_KNOTS('',1,(#9127,#9128),.UNSPECIFIED.,.F.,
  .F.,(2,2),(0.,12.824),.PIECEWISE_BEZIER_KNOTS.);
#9127 = CARTESIAN_POINT('',(0.,124.15678643762));
#9128 = CARTESIAN_POINT('',(12.824,124.15678643762));
#9129 = ( GEOMETRIC_REPRESENTATION_CONTEXT(2) 
PARAMETRIC_REPRESENTATION_CONTEXT() REPRESENTATION_CONTEXT('2D SPACE',''
  ) );
#9130 = ADVANCED_FACE('',(#9131),#5952,.F.);
#9131 = FACE_BOUND('',#9132,.F.);
#9132 = EDGE_LOOP('',(#9133,#9154,#9155,#9156));
#9133 = ORIENTED_EDGE('',*,*,#9134,.T.);
#9134 = EDGE_CURVE('',#8686,#9039,#9135,.T.);
#9135 = SURFACE_CURVE('',#9136,(#9140,#9147),.PCURVE_S1.);
#9136 = LINE('',#9137,#9138);
#9137 = CARTESIAN_POINT('',(17.6195,23.5,-14.824));
#9138 = VECTOR('',#9139,1.);
#9139 = DIRECTION('',(-0.,-1.,-0.));
#9140 = PCURVE('',#5952,#9141);
#9141 = DEFINITIONAL_REPRESENTATION('',(#9142),#9146);
#9142 = LINE('',#9143,#9144);
#9143 = CARTESIAN_POINT('',(0.,0.));
#9144 = VECTOR('',#9145,1.);
#9145 = DIRECTION('',(0.,-1.));
#9146 = ( GEOMETRIC_REPRESENTATION_CONTEXT(2) 
PARAMETRIC_REPRESENTATION_CONTEXT() REPRESENTATION_CONTEXT('2D SPACE',''
  ) );
#9147 = PCURVE('',#8724,#9148);
#9148 = DEFINITIONAL_REPRESENTATION('',(#9149),#9153);
#9149 = LINE('',#9150,#9151);
#9150 = CARTESIAN_POINT('',(35.239,0.));
#9151 = VECTOR('',#9152,1.);
#9152 = DIRECTION('',(0.,-1.));
#9153 = ( GEOMETRIC_REPRESENTATION_CONTEXT(2) 
PARAMETRIC_REPRESENTATION_CONTEXT() REPRESENTATION_CONTEXT('2D SPACE',''
  ) );
#9154 = ORIENTED_EDGE('',*,*,#9063,.T.);
#9155 = ORIENTED_EDGE('',*,*,#5936,.F.);
#9156 = ORIENTED_EDGE('',*,*,#8685,.F.);
#9157 = ADVANCED_FACE('',(#9158),#5869,.F.);
#9158 = FACE_BOUND('',#9159,.F.);
#9159 = EDGE_LOOP('',(#9160,#9183,#9202,#9203));
#9160 = ORIENTED_EDGE('',*,*,#9161,.F.);
#9161 = EDGE_CURVE('',#9162,#9088,#9164,.T.);
#9162 = VERTEX_POINT('',#9163);
#9163 = CARTESIAN_POINT('',(18.5195,25.5,-12.824));
#9164 = SURFACE_CURVE('',#9165,(#9169,#9176),.PCURVE_S1.);
#9165 = LINE('',#9166,#9167);
#9166 = CARTESIAN_POINT('',(-67.5,25.5,-12.824));
#9167 = VECTOR('',#9168,1.);
#9168 = DIRECTION('',(1.,0.,0.));
#9169 = PCURVE('',#5869,#9170);
#9170 = DEFINITIONAL_REPRESENTATION('',(#9171),#9175);
#9171 = LINE('',#9172,#9173);
#9172 = CARTESIAN_POINT('',(0.,0.));
#9173 = VECTOR('',#9174,1.);
#9174 = DIRECTION('',(0.,1.));
#9175 = ( GEOMETRIC_REPRESENTATION_CONTEXT(2) 
PARAMETRIC_REPRESENTATION_CONTEXT() REPRESENTATION_CONTEXT('2D SPACE',''
  ) );
#9176 = PCURVE('',#8318,#9177);
#9177 = DEFINITIONAL_REPRESENTATION('',(#9178),#9182);
#9178 = LINE('',#9179,#9180);
#9179 = CARTESIAN_POINT('',(0.,52.));
#9180 = VECTOR('',#9181,1.);
#9181 = DIRECTION('',(1.,0.));
#9182 = ( GEOMETRIC_REPRESENTATION_CONTEXT(2) 
PARAMETRIC_REPRESENTATION_CONTEXT() REPRESENTATION_CONTEXT('2D SPACE',''
  ) );
#9183 = ORIENTED_EDGE('',*,*,#9184,.T.);
#9184 = EDGE_CURVE('',#9162,#5854,#9185,.T.);
#9185 = SURFACE_CURVE('',#9186,(#9190,#9196),.PCURVE_S1.);
#9186 = LINE('',#9187,#9188);
#9187 = CARTESIAN_POINT('',(18.5195,25.5,-13.324));
#9188 = VECTOR('',#9189,1.);
#9189 = DIRECTION('',(0.,-0.,1.));
#9190 = PCURVE('',#5869,#9191);
#9191 = DEFINITIONAL_REPRESENTATION('',(#9192),#9195);
#9192 = B_SPLINE_CURVE_WITH_KNOTS('',1,(#9193,#9194),.UNSPECIFIED.,.F.,
  .F.,(2,2),(0.5,10.324),.PIECEWISE_BEZIER_KNOTS.);
#9193 = CARTESIAN_POINT('',(0.,86.0195));
#9194 = CARTESIAN_POINT('',(9.824,86.0195));
#9195 = ( GEOMETRIC_REPRESENTATION_CONTEXT(2) 
PARAMETRIC_REPRESENTATION_CONTEXT() REPRESENTATION_CONTEXT('2D SPACE',''
  ) );
#9196 = PCURVE('',#5897,#9197);
#9197 = DEFINITIONAL_REPRESENTATION('',(#9198),#9201);
#9198 = B_SPLINE_CURVE_WITH_KNOTS('',1,(#9199,#9200),.UNSPECIFIED.,.F.,
  .F.,(2,2),(0.5,10.324),.PIECEWISE_BEZIER_KNOTS.);
#9199 = CARTESIAN_POINT('',(1.,-1.));
#9200 = CARTESIAN_POINT('',(10.824,-1.));
#9201 = ( GEOMETRIC_REPRESENTATION_CONTEXT(2) 
PARAMETRIC_REPRESENTATION_CONTEXT() REPRESENTATION_CONTEXT('2D SPACE',''
  ) );
#9202 = ORIENTED_EDGE('',*,*,#5853,.T.);
#9203 = ORIENTED_EDGE('',*,*,#9112,.F.);
#9204 = ADVANCED_FACE('',(#9205),#5897,.T.);
#9205 = FACE_BOUND('',#9206,.T.);
#9206 = EDGE_LOOP('',(#9207,#9237,#9256,#9257,#9258,#9259));
#9207 = ORIENTED_EDGE('',*,*,#9208,.F.);
#9208 = EDGE_CURVE('',#9209,#9211,#9213,.T.);
#9209 = VERTEX_POINT('',#9210);
#9210 = CARTESIAN_POINT('',(18.5195,26.5,-12.824));
#9211 = VERTEX_POINT('',#9212);
#9212 = CARTESIAN_POINT('',(18.5195,26.5,-3.));
#9213 = SURFACE_CURVE('',#9214,(#9218,#9225),.PCURVE_S1.);
#9214 = LINE('',#9215,#9216);
#9215 = CARTESIAN_POINT('',(18.5195,26.5,-6.412));
#9216 = VECTOR('',#9217,1.);
#9217 = DIRECTION('',(0.,0.,1.));
#9218 = PCURVE('',#5897,#9219);
#9219 = DEFINITIONAL_REPRESENTATION('',(#9220),#9224);
#9220 = LINE('',#9221,#9222);
#9221 = CARTESIAN_POINT('',(7.412,0.));
#9222 = VECTOR('',#9223,1.);
#9223 = DIRECTION('',(1.,0.));
#9224 = ( GEOMETRIC_REPRESENTATION_CONTEXT(2) 
PARAMETRIC_REPRESENTATION_CONTEXT() REPRESENTATION_CONTEXT('2D SPACE',''
  ) );
#9225 = PCURVE('',#9226,#9231);
#9226 = PLANE('',#9227);
#9227 = AXIS2_PLACEMENT_3D('',#9228,#9229,#9230);
#9228 = CARTESIAN_POINT('',(-67.5,26.5,-12.824));
#9229 = DIRECTION('',(0.,1.,0.));
#9230 = DIRECTION('',(0.,0.,1.));
#9231 = DEFINITIONAL_REPRESENTATION('',(#9232),#9236);
#9232 = LINE('',#9233,#9234);
#9233 = CARTESIAN_POINT('',(6.412,86.0195));
#9234 = VECTOR('',#9235,1.);
#9235 = DIRECTION('',(1.,0.));
#9236 = ( GEOMETRIC_REPRESENTATION_CONTEXT(2) 
PARAMETRIC_REPRESENTATION_CONTEXT() REPRESENTATION_CONTEXT('2D SPACE',''
  ) );
#9237 = ORIENTED_EDGE('',*,*,#9238,.T.);
#9238 = EDGE_CURVE('',#9209,#9162,#9239,.T.);
#9239 = SURFACE_CURVE('',#9240,(#9244,#9250),.PCURVE_S1.);
#9240 = LINE('',#9241,#9242);
#9241 = CARTESIAN_POINT('',(18.5195,0.,-12.824));
#9242 = VECTOR('',#9243,1.);
#9243 = DIRECTION('',(0.,-1.,0.));
#9244 = PCURVE('',#5897,#9245);
#9245 = DEFINITIONAL_REPRESENTATION('',(#9246),#9249);
#9246 = B_SPLINE_CURVE_WITH_KNOTS('',1,(#9247,#9248),.UNSPECIFIED.,.F.,
  .F.,(2,2),(-26.5,-23.5),.PIECEWISE_BEZIER_KNOTS.);
#9247 = CARTESIAN_POINT('',(1.,0.));
#9248 = CARTESIAN_POINT('',(1.,-3.));
#9249 = ( GEOMETRIC_REPRESENTATION_CONTEXT(2) 
PARAMETRIC_REPRESENTATION_CONTEXT() REPRESENTATION_CONTEXT('2D SPACE',''
  ) );
#9250 = PCURVE('',#8318,#9251);
#9251 = DEFINITIONAL_REPRESENTATION('',(#9252),#9255);
#9252 = B_SPLINE_CURVE_WITH_KNOTS('',1,(#9253,#9254),.UNSPECIFIED.,.F.,
  .F.,(2,2),(-26.5,-23.5),.PIECEWISE_BEZIER_KNOTS.);
#9253 = CARTESIAN_POINT('',(86.0195,53.));
#9254 = CARTESIAN_POINT('',(86.0195,50.));
#9255 = ( GEOMETRIC_REPRESENTATION_CONTEXT(2) 
PARAMETRIC_REPRESENTATION_CONTEXT() REPRESENTATION_CONTEXT('2D SPACE',''
  ) );
#9256 = ORIENTED_EDGE('',*,*,#9184,.T.);
#9257 = ORIENTED_EDGE('',*,*,#5881,.T.);
#9258 = ORIENTED_EDGE('',*,*,#8661,.T.);
#9259 = ORIENTED_EDGE('',*,*,#9260,.T.);
#9260 = EDGE_CURVE('',#8662,#9211,#9261,.T.);
#9261 = SURFACE_CURVE('',#9262,(#9266,#9272),.PCURVE_S1.);
#9262 = LINE('',#9263,#9264);
#9263 = CARTESIAN_POINT('',(18.5195,28.456,-4.956));
#9264 = VECTOR('',#9265,1.);
#9265 = DIRECTION('',(0.,0.707106781187,-0.707106781187));
#9266 = PCURVE('',#5897,#9267);
#9267 = DEFINITIONAL_REPRESENTATION('',(#9268),#9271);
#9268 = B_SPLINE_CURVE_WITH_KNOTS('',1,(#9269,#9270),.UNSPECIFIED.,.F.,
  .F.,(2,2),(-7.008842415121,-2.766201728002),.PIECEWISE_BEZIER_KNOTS.);
#9269 = CARTESIAN_POINT('',(13.824,-3.));
#9270 = CARTESIAN_POINT('',(10.824,-1.33226762955E-15));
#9271 = ( GEOMETRIC_REPRESENTATION_CONTEXT(2) 
PARAMETRIC_REPRESENTATION_CONTEXT() REPRESENTATION_CONTEXT('2D SPACE',''
  ) );
#9272 = PCURVE('',#9273,#9278);
#9273 = PLANE('',#9274);
#9274 = AXIS2_PLACEMENT_3D('',#9275,#9276,#9277);
#9275 = CARTESIAN_POINT('',(-57.071,25.,-1.5));
#9276 = DIRECTION('',(0.,0.707106781187,0.707106781187));
#9277 = DIRECTION('',(-1.,-0.,0.));
#9278 = DEFINITIONAL_REPRESENTATION('',(#9279),#9282);
#9279 = B_SPLINE_CURVE_WITH_KNOTS('',1,(#9280,#9281),.UNSPECIFIED.,.F.,
  .F.,(2,2),(-7.008842415121,-2.766201728002),.PIECEWISE_BEZIER_KNOTS.);
#9280 = CARTESIAN_POINT('',(-75.5905,2.12132034356));
#9281 = CARTESIAN_POINT('',(-75.5905,-2.12132034356));
#9282 = ( GEOMETRIC_REPRESENTATION_CONTEXT(2) 
PARAMETRIC_REPRESENTATION_CONTEXT() REPRESENTATION_CONTEXT('2D SPACE',''
  ) );
#9283 = ADVANCED_FACE('',(#9284),#6119,.T.);
#9284 = FACE_BOUND('',#9285,.F.);
#9285 = EDGE_LOOP('',(#9286,#9309,#9336,#9337));
#9286 = ORIENTED_EDGE('',*,*,#9287,.T.);
#9287 = EDGE_CURVE('',#6099,#9288,#9290,.T.);
#9288 = VERTEX_POINT('',#9289);
#9289 = CARTESIAN_POINT('',(-50.,-11.5,-14.824));
#9290 = SEAM_CURVE('',#9291,(#9295,#9302),.PCURVE_S1.);
#9291 = LINE('',#9292,#9293);
#9292 = CARTESIAN_POINT('',(-50.,-11.5,-3.));
#9293 = VECTOR('',#9294,1.);
#9294 = DIRECTION('',(-0.,-0.,-1.));
#9295 = PCURVE('',#6119,#9296);
#9296 = DEFINITIONAL_REPRESENTATION('',(#9297),#9301);
#9297 = LINE('',#9298,#9299);
#9298 = CARTESIAN_POINT('',(-0.,0.));
#9299 = VECTOR('',#9300,1.);
#9300 = DIRECTION('',(-0.,-1.));
#9301 = ( GEOMETRIC_REPRESENTATION_CONTEXT(2) 
PARAMETRIC_REPRESENTATION_CONTEXT() REPRESENTATION_CONTEXT('2D SPACE',''
  ) );
#9302 = PCURVE('',#6119,#9303);
#9303 = DEFINITIONAL_REPRESENTATION('',(#9304),#9308);
#9304 = LINE('',#9305,#9306);
#9305 = CARTESIAN_POINT('',(-6.28318530718,0.));
#9306 = VECTOR('',#9307,1.);
#9307 = DIRECTION('',(-0.,-1.));
#9308 = ( GEOMETRIC_REPRESENTATION_CONTEXT(2) 
PARAMETRIC_REPRESENTATION_CONTEXT() REPRESENTATION_CONTEXT('2D SPACE',''
  ) );
#9309 = ORIENTED_EDGE('',*,*,#9310,.T.);
#9310 = EDGE_CURVE('',#9288,#9288,#9311,.T.);
#9311 = SURFACE_CURVE('',#9312,(#9317,#9324),.PCURVE_S1.);
#9312 = CIRCLE('',#9313,2.5);
#9313 = AXIS2_PLACEMENT_3D('',#9314,#9315,#9316);
#9314 = CARTESIAN_POINT('',(-52.5,-11.5,-14.824));
#9315 = DIRECTION('',(0.,0.,-1.));
#9316 = DIRECTION('',(1.,0.,0.));
#9317 = PCURVE('',#6119,#9318);
#9318 = DEFINITIONAL_REPRESENTATION('',(#9319),#9323);
#9319 = LINE('',#9320,#9321);
#9320 = CARTESIAN_POINT('',(-0.,-11.824));
#9321 = VECTOR('',#9322,1.);
#9322 = DIRECTION('',(-1.,0.));
#9323 = ( GEOMETRIC_REPRESENTATION_CONTEXT(2) 
PARAMETRIC_REPRESENTATION_CONTEXT() REPRESENTATION_CONTEXT('2D SPACE',''
  ) );
#9324 = PCURVE('',#9325,#9330);
#9325 = PLANE('',#9326);
#9326 = AXIS2_PLACEMENT_3D('',#9327,#9328,#9329);
#9327 = CARTESIAN_POINT('',(-52.5,-11.5,-14.824));
#9328 = DIRECTION('',(0.,0.,-1.));
#9329 = DIRECTION('',(1.,0.,0.));
#9330 = DEFINITIONAL_REPRESENTATION('',(#9331),#9335);
#9331 = CIRCLE('',#9332,2.5);
#9332 = AXIS2_PLACEMENT_2D('',#9333,#9334);
#9333 = CARTESIAN_POINT('',(1.367440132539E-16,-3.4690113325E-17));
#9334 = DIRECTION('',(1.,0.));
#9335 = ( GEOMETRIC_REPRESENTATION_CONTEXT(2) 
PARAMETRIC_REPRESENTATION_CONTEXT() REPRESENTATION_CONTEXT('2D SPACE',''
  ) );
#9336 = ORIENTED_EDGE('',*,*,#9287,.F.);
#9337 = ORIENTED_EDGE('',*,*,#6098,.F.);
#9338 = ADVANCED_FACE('',(#9339),#6154,.T.);
#9339 = FACE_BOUND('',#9340,.F.);
#9340 = EDGE_LOOP('',(#9341,#9364,#9391,#9392));
#9341 = ORIENTED_EDGE('',*,*,#9342,.T.);
#9342 = EDGE_CURVE('',#6134,#9343,#9345,.T.);
#9343 = VERTEX_POINT('',#9344);
#9344 = CARTESIAN_POINT('',(4.,-11.5,-14.824));
#9345 = SEAM_CURVE('',#9346,(#9350,#9357),.PCURVE_S1.);
#9346 = LINE('',#9347,#9348);
#9347 = CARTESIAN_POINT('',(4.,-11.5,-3.));
#9348 = VECTOR('',#9349,1.);
#9349 = DIRECTION('',(-0.,-0.,-1.));
#9350 = PCURVE('',#6154,#9351);
#9351 = DEFINITIONAL_REPRESENTATION('',(#9352),#9356);
#9352 = LINE('',#9353,#9354);
#9353 = CARTESIAN_POINT('',(-0.,0.));
#9354 = VECTOR('',#9355,1.);
#9355 = DIRECTION('',(-0.,-1.));
#9356 = ( GEOMETRIC_REPRESENTATION_CONTEXT(2) 
PARAMETRIC_REPRESENTATION_CONTEXT() REPRESENTATION_CONTEXT('2D SPACE',''
  ) );
#9357 = PCURVE('',#6154,#9358);
#9358 = DEFINITIONAL_REPRESENTATION('',(#9359),#9363);
#9359 = LINE('',#9360,#9361);
#9360 = CARTESIAN_POINT('',(-6.28318530718,0.));
#9361 = VECTOR('',#9362,1.);
#9362 = DIRECTION('',(-0.,-1.));
#9363 = ( GEOMETRIC_REPRESENTATION_CONTEXT(2) 
PARAMETRIC_REPRESENTATION_CONTEXT() REPRESENTATION_CONTEXT('2D SPACE',''
  ) );
#9364 = ORIENTED_EDGE('',*,*,#9365,.T.);
#9365 = EDGE_CURVE('',#9343,#9343,#9366,.T.);
#9366 = SURFACE_CURVE('',#9367,(#9372,#9379),.PCURVE_S1.);
#9367 = CIRCLE('',#9368,4.);
#9368 = AXIS2_PLACEMENT_3D('',#9369,#9370,#9371);
#9369 = CARTESIAN_POINT('',(3.204641703779E-15,-11.5,-14.824));
#9370 = DIRECTION('',(0.,0.,-1.));
#9371 = DIRECTION('',(1.,0.,0.));
#9372 = PCURVE('',#6154,#9373);
#9373 = DEFINITIONAL_REPRESENTATION('',(#9374),#9378);
#9374 = LINE('',#9375,#9376);
#9375 = CARTESIAN_POINT('',(-0.,-11.824));
#9376 = VECTOR('',#9377,1.);
#9377 = DIRECTION('',(-1.,0.));
#9378 = ( GEOMETRIC_REPRESENTATION_CONTEXT(2) 
PARAMETRIC_REPRESENTATION_CONTEXT() REPRESENTATION_CONTEXT('2D SPACE',''
  ) );
#9379 = PCURVE('',#9380,#9385);
#9380 = PLANE('',#9381);
#9381 = AXIS2_PLACEMENT_3D('',#9382,#9383,#9384);
#9382 = CARTESIAN_POINT('',(2.948246678928E-15,-11.5,-14.824));
#9383 = DIRECTION('',(0.,0.,-1.));
#9384 = DIRECTION('',(1.,0.,0.));
#9385 = DEFINITIONAL_REPRESENTATION('',(#9386),#9390);
#9386 = CIRCLE('',#9387,4.);
#9387 = AXIS2_PLACEMENT_2D('',#9388,#9389);
#9388 = CARTESIAN_POINT('',(2.563950248511E-16,-7.643776681114E-18));
#9389 = DIRECTION('',(1.,0.));
#9390 = ( GEOMETRIC_REPRESENTATION_CONTEXT(2) 
PARAMETRIC_REPRESENTATION_CONTEXT() REPRESENTATION_CONTEXT('2D SPACE',''
  ) );
#9391 = ORIENTED_EDGE('',*,*,#9342,.F.);
#9392 = ORIENTED_EDGE('',*,*,#6133,.F.);
#9393 = ADVANCED_FACE('',(#9394),#6189,.T.);
#9394 = FACE_BOUND('',#9395,.F.);
#9395 = EDGE_LOOP('',(#9396,#9419,#9446,#9447));
#9396 = ORIENTED_EDGE('',*,*,#9397,.T.);
#9397 = EDGE_CURVE('',#6169,#9398,#9400,.T.);
#9398 = VERTEX_POINT('',#9399);
#9399 = CARTESIAN_POINT('',(55.,-11.5,-14.824));
#9400 = SEAM_CURVE('',#9401,(#9405,#9412),.PCURVE_S1.);
#9401 = LINE('',#9402,#9403);
#9402 = CARTESIAN_POINT('',(55.,-11.5,-3.));
#9403 = VECTOR('',#9404,1.);
#9404 = DIRECTION('',(-0.,-0.,-1.));
#9405 = PCURVE('',#6189,#9406);
#9406 = DEFINITIONAL_REPRESENTATION('',(#9407),#9411);
#9407 = LINE('',#9408,#9409);
#9408 = CARTESIAN_POINT('',(-0.,0.));
#9409 = VECTOR('',#9410,1.);
#9410 = DIRECTION('',(-0.,-1.));
#9411 = ( GEOMETRIC_REPRESENTATION_CONTEXT(2) 
PARAMETRIC_REPRESENTATION_CONTEXT() REPRESENTATION_CONTEXT('2D SPACE',''
  ) );
#9412 = PCURVE('',#6189,#9413);
#9413 = DEFINITIONAL_REPRESENTATION('',(#9414),#9418);
#9414 = LINE('',#9415,#9416);
#9415 = CARTESIAN_POINT('',(-6.28318530718,0.));
#9416 = VECTOR('',#9417,1.);
#9417 = DIRECTION('',(-0.,-1.));
#9418 = ( GEOMETRIC_REPRESENTATION_CONTEXT(2) 
PARAMETRIC_REPRESENTATION_CONTEXT() REPRESENTATION_CONTEXT('2D SPACE',''
  ) );
#9419 = ORIENTED_EDGE('',*,*,#9420,.T.);
#9420 = EDGE_CURVE('',#9398,#9398,#9421,.T.);
#9421 = SURFACE_CURVE('',#9422,(#9427,#9434),.PCURVE_S1.);
#9422 = CIRCLE('',#9423,2.5);
#9423 = AXIS2_PLACEMENT_3D('',#9424,#9425,#9426);
#9424 = CARTESIAN_POINT('',(52.5,-11.5,-14.824));
#9425 = DIRECTION('',(0.,0.,-1.));
#9426 = DIRECTION('',(1.,0.,0.));
#9427 = PCURVE('',#6189,#9428);
#9428 = DEFINITIONAL_REPRESENTATION('',(#9429),#9433);
#9429 = LINE('',#9430,#9431);
#9430 = CARTESIAN_POINT('',(-0.,-11.824));
#9431 = VECTOR('',#9432,1.);
#9432 = DIRECTION('',(-1.,0.));
#9433 = ( GEOMETRIC_REPRESENTATION_CONTEXT(2) 
PARAMETRIC_REPRESENTATION_CONTEXT() REPRESENTATION_CONTEXT('2D SPACE',''
  ) );
#9434 = PCURVE('',#9435,#9440);
#9435 = PLANE('',#9436);
#9436 = AXIS2_PLACEMENT_3D('',#9437,#9438,#9439);
#9437 = CARTESIAN_POINT('',(52.5,-11.5,-14.824));
#9438 = DIRECTION('',(0.,0.,-1.));
#9439 = DIRECTION('',(1.,0.,0.));
#9440 = DEFINITIONAL_REPRESENTATION('',(#9441),#9445);
#9441 = CIRCLE('',#9442,2.5);
#9442 = AXIS2_PLACEMENT_2D('',#9443,#9444);
#9443 = CARTESIAN_POINT('',(1.367440132539E-16,-3.4690113325E-17));
#9444 = DIRECTION('',(1.,0.));
#9445 = ( GEOMETRIC_REPRESENTATION_CONTEXT(2) 
PARAMETRIC_REPRESENTATION_CONTEXT() REPRESENTATION_CONTEXT('2D SPACE',''
  ) );
#9446 = ORIENTED_EDGE('',*,*,#9397,.F.);
#9447 = ORIENTED_EDGE('',*,*,#6168,.F.);
#9448 = ADVANCED_FACE('',(#9449),#6226,.T.);
#9449 = FACE_BOUND('',#9450,.F.);
#9450 = EDGE_LOOP('',(#9451,#9472,#9473,#9494));
#9451 = ORIENTED_EDGE('',*,*,#9452,.T.);
#9452 = EDGE_CURVE('',#9453,#6206,#9455,.T.);
#9453 = VERTEX_POINT('',#9454);
#9454 = CARTESIAN_POINT('',(43.9160797831,-6.5,-10.474));
#9455 = SURFACE_CURVE('',#9456,(#9460,#9466),.PCURVE_S1.);
#9456 = LINE('',#9457,#9458);
#9457 = CARTESIAN_POINT('',(43.9160797831,-6.5,-3.));
#9458 = VECTOR('',#9459,1.);
#9459 = DIRECTION('',(-0.,-0.,1.));
#9460 = PCURVE('',#6226,#9461);
#9461 = DEFINITIONAL_REPRESENTATION('',(#9462),#9465);
#9462 = B_SPLINE_CURVE_WITH_KNOTS('',1,(#9463,#9464),.UNSPECIFIED.,.F.,
  .F.,(2,2),(-7.4740006,5.999999999062E-07),.PIECEWISE_BEZIER_KNOTS.);
#9463 = CARTESIAN_POINT('',(-6.11573722796,-7.4740006));
#9464 = CARTESIAN_POINT('',(-6.11573722796,5.999999999062E-07));
#9465 = ( GEOMETRIC_REPRESENTATION_CONTEXT(2) 
PARAMETRIC_REPRESENTATION_CONTEXT() REPRESENTATION_CONTEXT('2D SPACE',''
  ) );
#9466 = PCURVE('',#6254,#9467);
#9467 = DEFINITIONAL_REPRESENTATION('',(#9468),#9471);
#9468 = B_SPLINE_CURVE_WITH_KNOTS('',1,(#9469,#9470),.UNSPECIFIED.,.F.,
  .F.,(2,2),(-7.4740006,5.999999999062E-07),.PIECEWISE_BEZIER_KNOTS.);
#9469 = CARTESIAN_POINT('',(4.9160797831,-7.4740006));
#9470 = CARTESIAN_POINT('',(4.9160797831,5.999999999062E-07));
#9471 = ( GEOMETRIC_REPRESENTATION_CONTEXT(2) 
PARAMETRIC_REPRESENTATION_CONTEXT() REPRESENTATION_CONTEXT('2D SPACE',''
  ) );
#9472 = ORIENTED_EDGE('',*,*,#6203,.F.);
#9473 = ORIENTED_EDGE('',*,*,#9474,.F.);
#9474 = EDGE_CURVE('',#9475,#6204,#9477,.T.);
#9475 = VERTEX_POINT('',#9476);
#9476 = CARTESIAN_POINT('',(39.,-1.5839202169,-10.474));
#9477 = SURFACE_CURVE('',#9478,(#9482,#9488),.PCURVE_S1.);
#9478 = LINE('',#9479,#9480);
#9479 = CARTESIAN_POINT('',(39.,-1.5839202169,-3.));
#9480 = VECTOR('',#9481,1.);
#9481 = DIRECTION('',(-0.,-0.,1.));
#9482 = PCURVE('',#6226,#9483);
#9483 = DEFINITIONAL_REPRESENTATION('',(#9484),#9487);
#9484 = B_SPLINE_CURVE_WITH_KNOTS('',1,(#9485,#9486),.UNSPECIFIED.,.F.,
  .F.,(2,2),(-7.4740006,5.999999999062E-07),.PIECEWISE_BEZIER_KNOTS.);
#9485 = CARTESIAN_POINT('',(-4.879837059604,-7.4740006));
#9486 = CARTESIAN_POINT('',(-4.879837059604,5.999999999062E-07));
#9487 = ( GEOMETRIC_REPRESENTATION_CONTEXT(2) 
PARAMETRIC_REPRESENTATION_CONTEXT() REPRESENTATION_CONTEXT('2D SPACE',''
  ) );
#9488 = PCURVE('',#6692,#9489);
#9489 = DEFINITIONAL_REPRESENTATION('',(#9490),#9493);
#9490 = B_SPLINE_CURVE_WITH_KNOTS('',1,(#9491,#9492),.UNSPECIFIED.,.F.,
  .F.,(2,2),(-7.4740006,5.999999999062E-07),.PIECEWISE_BEZIER_KNOTS.);
#9491 = CARTESIAN_POINT('',(8.392021690038E-02,-7.4740006));
#9492 = CARTESIAN_POINT('',(8.392021690038E-02,5.999999999062E-07));
#9493 = ( GEOMETRIC_REPRESENTATION_CONTEXT(2) 
PARAMETRIC_REPRESENTATION_CONTEXT() REPRESENTATION_CONTEXT('2D SPACE',''
  ) );
#9494 = ORIENTED_EDGE('',*,*,#9495,.T.);
#9495 = EDGE_CURVE('',#9475,#9453,#9496,.T.);
#9496 = SURFACE_CURVE('',#9497,(#9502,#9509),.PCURVE_S1.);
#9497 = CIRCLE('',#9498,6.);
#9498 = AXIS2_PLACEMENT_3D('',#9499,#9500,#9501);
#9499 = CARTESIAN_POINT('',(38.,-7.5,-10.474));
#9500 = DIRECTION('',(0.,0.,-1.));
#9501 = DIRECTION('',(1.,0.,0.));
#9502 = PCURVE('',#6226,#9503);
#9503 = DEFINITIONAL_REPRESENTATION('',(#9504),#9508);
#9504 = LINE('',#9505,#9506);
#9505 = CARTESIAN_POINT('',(-0.,-7.474));
#9506 = VECTOR('',#9507,1.);
#9507 = DIRECTION('',(-1.,0.));
#9508 = ( GEOMETRIC_REPRESENTATION_CONTEXT(2) 
PARAMETRIC_REPRESENTATION_CONTEXT() REPRESENTATION_CONTEXT('2D SPACE',''
  ) );
#9509 = PCURVE('',#9510,#9515);
#9510 = PLANE('',#9511);
#9511 = AXIS2_PLACEMENT_3D('',#9512,#9513,#9514);
#9512 = CARTESIAN_POINT('',(38.,-7.5,-10.474));
#9513 = DIRECTION('',(0.,0.,-1.));
#9514 = DIRECTION('',(1.,0.,0.));
#9515 = DEFINITIONAL_REPRESENTATION('',(#9516),#9520);
#9516 = CIRCLE('',#9517,6.);
#9517 = AXIS2_PLACEMENT_2D('',#9518,#9519);
#9518 = CARTESIAN_POINT('',(4.558133775131E-16,1.70226710729E-17));
#9519 = DIRECTION('',(1.,0.));
#9520 = ( GEOMETRIC_REPRESENTATION_CONTEXT(2) 
PARAMETRIC_REPRESENTATION_CONTEXT() REPRESENTATION_CONTEXT('2D SPACE',''
  ) );
#9521 = ADVANCED_FACE('',(#9522),#6610,.T.);
#9522 = FACE_BOUND('',#9523,.F.);
#9523 = EDGE_LOOP('',(#9524,#9545,#9546,#9567));
#9524 = ORIENTED_EDGE('',*,*,#9525,.T.);
#9525 = EDGE_CURVE('',#9526,#6590,#9528,.T.);
#9526 = VERTEX_POINT('',#9527);
#9527 = CARTESIAN_POINT('',(37.,-1.5839202169,-10.474));
#9528 = SURFACE_CURVE('',#9529,(#9533,#9539),.PCURVE_S1.);
#9529 = LINE('',#9530,#9531);
#9530 = CARTESIAN_POINT('',(37.,-1.5839202169,-3.));
#9531 = VECTOR('',#9532,1.);
#9532 = DIRECTION('',(-0.,-0.,1.));
#9533 = PCURVE('',#6610,#9534);
#9534 = DEFINITIONAL_REPRESENTATION('',(#9535),#9538);
#9535 = B_SPLINE_CURVE_WITH_KNOTS('',1,(#9536,#9537),.UNSPECIFIED.,.F.,
  .F.,(2,2),(-7.4740006,5.999999999062E-07),.PIECEWISE_BEZIER_KNOTS.);
#9536 = CARTESIAN_POINT('',(-4.544940901165,-7.4740006));
#9537 = CARTESIAN_POINT('',(-4.544940901165,5.999999999062E-07));
#9538 = ( GEOMETRIC_REPRESENTATION_CONTEXT(2) 
PARAMETRIC_REPRESENTATION_CONTEXT() REPRESENTATION_CONTEXT('2D SPACE',''
  ) );
#9539 = PCURVE('',#6638,#9540);
#9540 = DEFINITIONAL_REPRESENTATION('',(#9541),#9544);
#9541 = B_SPLINE_CURVE_WITH_KNOTS('',1,(#9542,#9543),.UNSPECIFIED.,.F.,
  .F.,(2,2),(-7.4740006,5.999999999062E-07),.PIECEWISE_BEZIER_KNOTS.);
#9542 = CARTESIAN_POINT('',(8.392021690038E-02,-7.4740006));
#9543 = CARTESIAN_POINT('',(8.392021690038E-02,5.999999999062E-07));
#9544 = ( GEOMETRIC_REPRESENTATION_CONTEXT(2) 
PARAMETRIC_REPRESENTATION_CONTEXT() REPRESENTATION_CONTEXT('2D SPACE',''
  ) );
#9545 = ORIENTED_EDGE('',*,*,#6589,.F.);
#9546 = ORIENTED_EDGE('',*,*,#9547,.F.);
#9547 = EDGE_CURVE('',#9548,#6562,#9550,.T.);
#9548 = VERTEX_POINT('',#9549);
#9549 = CARTESIAN_POINT('',(32.0839202169,-6.5,-10.474));
#9550 = SURFACE_CURVE('',#9551,(#9555,#9561),.PCURVE_S1.);
#9551 = LINE('',#9552,#9553);
#9552 = CARTESIAN_POINT('',(32.0839202169,-6.5,-3.));
#9553 = VECTOR('',#9554,1.);
#9554 = DIRECTION('',(-0.,-0.,1.));
#9555 = PCURVE('',#6610,#9556);
#9556 = DEFINITIONAL_REPRESENTATION('',(#9557),#9560);
#9557 = B_SPLINE_CURVE_WITH_KNOTS('',1,(#9558,#9559),.UNSPECIFIED.,.F.,
  .F.,(2,2),(-7.4740006,5.999999999062E-07),.PIECEWISE_BEZIER_KNOTS.);
#9558 = CARTESIAN_POINT('',(-3.309040732809,-7.4740006));
#9559 = CARTESIAN_POINT('',(-3.309040732809,5.999999999062E-07));
#9560 = ( GEOMETRIC_REPRESENTATION_CONTEXT(2) 
PARAMETRIC_REPRESENTATION_CONTEXT() REPRESENTATION_CONTEXT('2D SPACE',''
  ) );
#9561 = PCURVE('',#6577,#9562);
#9562 = DEFINITIONAL_REPRESENTATION('',(#9563),#9566);
#9563 = B_SPLINE_CURVE_WITH_KNOTS('',1,(#9564,#9565),.UNSPECIFIED.,.F.,
  .F.,(2,2),(-7.4740006,5.999999999062E-07),.PIECEWISE_BEZIER_KNOTS.);
#9564 = CARTESIAN_POINT('',(8.392021690038E-02,-7.4740006));
#9565 = CARTESIAN_POINT('',(8.392021690038E-02,5.999999999062E-07));
#9566 = ( GEOMETRIC_REPRESENTATION_CONTEXT(2) 
PARAMETRIC_REPRESENTATION_CONTEXT() REPRESENTATION_CONTEXT('2D SPACE',''
  ) );
#9567 = ORIENTED_EDGE('',*,*,#9568,.T.);
#9568 = EDGE_CURVE('',#9548,#9526,#9569,.T.);
#9569 = SURFACE_CURVE('',#9570,(#9575,#9582),.PCURVE_S1.);
#9570 = CIRCLE('',#9571,6.);
#9571 = AXIS2_PLACEMENT_3D('',#9572,#9573,#9574);
#9572 = CARTESIAN_POINT('',(38.,-7.5,-10.474));
#9573 = DIRECTION('',(0.,0.,-1.));
#9574 = DIRECTION('',(1.,0.,0.));
#9575 = PCURVE('',#6610,#9576);
#9576 = DEFINITIONAL_REPRESENTATION('',(#9577),#9581);
#9577 = LINE('',#9578,#9579);
#9578 = CARTESIAN_POINT('',(-0.,-7.474));
#9579 = VECTOR('',#9580,1.);
#9580 = DIRECTION('',(-1.,0.));
#9581 = ( GEOMETRIC_REPRESENTATION_CONTEXT(2) 
PARAMETRIC_REPRESENTATION_CONTEXT() REPRESENTATION_CONTEXT('2D SPACE',''
  ) );
#9582 = PCURVE('',#9583,#9588);
#9583 = PLANE('',#9584);
#9584 = AXIS2_PLACEMENT_3D('',#9585,#9586,#9587);
#9585 = CARTESIAN_POINT('',(38.,-7.5,-10.474));
#9586 = DIRECTION('',(0.,0.,-1.));
#9587 = DIRECTION('',(1.,0.,0.));
#9588 = DEFINITIONAL_REPRESENTATION('',(#9589),#9593);
#9589 = CIRCLE('',#9590,6.);
#9590 = AXIS2_PLACEMENT_2D('',#9591,#9592);
#9591 = CARTESIAN_POINT('',(4.558133775131E-16,1.70226710729E-17));
#9592 = DIRECTION('',(1.,0.));
#9593 = ( GEOMETRIC_REPRESENTATION_CONTEXT(2) 
PARAMETRIC_REPRESENTATION_CONTEXT() REPRESENTATION_CONTEXT('2D SPACE',''
  ) );
#9594 = ADVANCED_FACE('',(#9595),#6493,.T.);
#9595 = FACE_BOUND('',#9596,.F.);
#9596 = EDGE_LOOP('',(#9597,#9598,#9619,#9648));
#9597 = ORIENTED_EDGE('',*,*,#6472,.F.);
#9598 = ORIENTED_EDGE('',*,*,#9599,.F.);
#9599 = EDGE_CURVE('',#9600,#6445,#9602,.T.);
#9600 = VERTEX_POINT('',#9601);
#9601 = CARTESIAN_POINT('',(37.,-13.4160797831,-10.474));
#9602 = SURFACE_CURVE('',#9603,(#9607,#9613),.PCURVE_S1.);
#9603 = LINE('',#9604,#9605);
#9604 = CARTESIAN_POINT('',(37.,-13.4160797831,-3.));
#9605 = VECTOR('',#9606,1.);
#9606 = DIRECTION('',(-0.,-0.,1.));
#9607 = PCURVE('',#6493,#9608);
#9608 = DEFINITIONAL_REPRESENTATION('',(#9609),#9612);
#9609 = B_SPLINE_CURVE_WITH_KNOTS('',1,(#9610,#9611),.UNSPECIFIED.,.F.,
  .F.,(2,2),(-7.4740006,5.999999999062E-07),.PIECEWISE_BEZIER_KNOTS.);
#9610 = CARTESIAN_POINT('',(-1.738244406015,-7.4740006));
#9611 = CARTESIAN_POINT('',(-1.738244406015,5.999999999062E-07));
#9612 = ( GEOMETRIC_REPRESENTATION_CONTEXT(2) 
PARAMETRIC_REPRESENTATION_CONTEXT() REPRESENTATION_CONTEXT('2D SPACE',''
  ) );
#9613 = PCURVE('',#6460,#9614);
#9614 = DEFINITIONAL_REPRESENTATION('',(#9615),#9618);
#9615 = B_SPLINE_CURVE_WITH_KNOTS('',1,(#9616,#9617),.UNSPECIFIED.,.F.,
  .F.,(2,2),(-7.4740006,5.999999999062E-07),.PIECEWISE_BEZIER_KNOTS.);
#9616 = CARTESIAN_POINT('',(4.9160797831,-7.4740006));
#9617 = CARTESIAN_POINT('',(4.9160797831,5.999999999062E-07));
#9618 = ( GEOMETRIC_REPRESENTATION_CONTEXT(2) 
PARAMETRIC_REPRESENTATION_CONTEXT() REPRESENTATION_CONTEXT('2D SPACE',''
  ) );
#9619 = ORIENTED_EDGE('',*,*,#9620,.T.);
#9620 = EDGE_CURVE('',#9600,#9621,#9623,.T.);
#9621 = VERTEX_POINT('',#9622);
#9622 = CARTESIAN_POINT('',(32.0839202169,-8.5,-10.474));
#9623 = SURFACE_CURVE('',#9624,(#9629,#9636),.PCURVE_S1.);
#9624 = CIRCLE('',#9625,6.);
#9625 = AXIS2_PLACEMENT_3D('',#9626,#9627,#9628);
#9626 = CARTESIAN_POINT('',(38.,-7.5,-10.474));
#9627 = DIRECTION('',(0.,0.,-1.));
#9628 = DIRECTION('',(1.,0.,0.));
#9629 = PCURVE('',#6493,#9630);
#9630 = DEFINITIONAL_REPRESENTATION('',(#9631),#9635);
#9631 = LINE('',#9632,#9633);
#9632 = CARTESIAN_POINT('',(-0.,-7.474));
#9633 = VECTOR('',#9634,1.);
#9634 = DIRECTION('',(-1.,0.));
#9635 = ( GEOMETRIC_REPRESENTATION_CONTEXT(2) 
PARAMETRIC_REPRESENTATION_CONTEXT() REPRESENTATION_CONTEXT('2D SPACE',''
  ) );
#9636 = PCURVE('',#9637,#9642);
#9637 = PLANE('',#9638);
#9638 = AXIS2_PLACEMENT_3D('',#9639,#9640,#9641);
#9639 = CARTESIAN_POINT('',(38.,-7.5,-10.474));
#9640 = DIRECTION('',(0.,0.,-1.));
#9641 = DIRECTION('',(1.,0.,0.));
#9642 = DEFINITIONAL_REPRESENTATION('',(#9643),#9647);
#9643 = CIRCLE('',#9644,6.);
#9644 = AXIS2_PLACEMENT_2D('',#9645,#9646);
#9645 = CARTESIAN_POINT('',(4.558133775131E-16,1.70226710729E-17));
#9646 = DIRECTION('',(1.,0.));
#9647 = ( GEOMETRIC_REPRESENTATION_CONTEXT(2) 
PARAMETRIC_REPRESENTATION_CONTEXT() REPRESENTATION_CONTEXT('2D SPACE',''
  ) );
#9648 = ORIENTED_EDGE('',*,*,#9649,.T.);
#9649 = EDGE_CURVE('',#9621,#6473,#9650,.T.);
#9650 = SURFACE_CURVE('',#9651,(#9655,#9661),.PCURVE_S1.);
#9651 = LINE('',#9652,#9653);
#9652 = CARTESIAN_POINT('',(32.0839202169,-8.5,-3.));
#9653 = VECTOR('',#9654,1.);
#9654 = DIRECTION('',(-0.,-0.,1.));
#9655 = PCURVE('',#6493,#9656);
#9656 = DEFINITIONAL_REPRESENTATION('',(#9657),#9660);
#9657 = B_SPLINE_CURVE_WITH_KNOTS('',1,(#9658,#9659),.UNSPECIFIED.,.F.,
  .F.,(2,2),(-7.4740006,5.999999999062E-07),.PIECEWISE_BEZIER_KNOTS.);
#9658 = CARTESIAN_POINT('',(-2.97414457437,-7.4740006));
#9659 = CARTESIAN_POINT('',(-2.97414457437,5.999999999062E-07));
#9660 = ( GEOMETRIC_REPRESENTATION_CONTEXT(2) 
PARAMETRIC_REPRESENTATION_CONTEXT() REPRESENTATION_CONTEXT('2D SPACE',''
  ) );
#9661 = PCURVE('',#6521,#9662);
#9662 = DEFINITIONAL_REPRESENTATION('',(#9663),#9666);
#9663 = B_SPLINE_CURVE_WITH_KNOTS('',1,(#9664,#9665),.UNSPECIFIED.,.F.,
  .F.,(2,2),(-7.4740006,5.999999999062E-07),.PIECEWISE_BEZIER_KNOTS.);
#9664 = CARTESIAN_POINT('',(8.392021690038E-02,-7.4740006));
#9665 = CARTESIAN_POINT('',(8.392021690038E-02,5.999999999062E-07));
#9666 = ( GEOMETRIC_REPRESENTATION_CONTEXT(2) 
PARAMETRIC_REPRESENTATION_CONTEXT() REPRESENTATION_CONTEXT('2D SPACE',''
  ) );
#9667 = ADVANCED_FACE('',(#9668),#6376,.T.);
#9668 = FACE_BOUND('',#9669,.F.);
#9669 = EDGE_LOOP('',(#9670,#9671,#9692,#9721));
#9670 = ORIENTED_EDGE('',*,*,#6355,.F.);
#9671 = ORIENTED_EDGE('',*,*,#9672,.F.);
#9672 = EDGE_CURVE('',#9673,#6328,#9675,.T.);
#9673 = VERTEX_POINT('',#9674);
#9674 = CARTESIAN_POINT('',(43.9160797831,-8.5,-10.474));
#9675 = SURFACE_CURVE('',#9676,(#9680,#9686),.PCURVE_S1.);
#9676 = LINE('',#9677,#9678);
#9677 = CARTESIAN_POINT('',(43.9160797831,-8.5,-3.));
#9678 = VECTOR('',#9679,1.);
#9679 = DIRECTION('',(-0.,-0.,1.));
#9680 = PCURVE('',#6376,#9681);
#9681 = DEFINITIONAL_REPRESENTATION('',(#9682),#9685);
#9682 = B_SPLINE_CURVE_WITH_KNOTS('',1,(#9683,#9684),.UNSPECIFIED.,.F.,
  .F.,(2,2),(-7.4740006,5.999999999062E-07),.PIECEWISE_BEZIER_KNOTS.);
#9683 = CARTESIAN_POINT('',(-0.16744807922,-7.4740006));
#9684 = CARTESIAN_POINT('',(-0.16744807922,5.999999999062E-07));
#9685 = ( GEOMETRIC_REPRESENTATION_CONTEXT(2) 
PARAMETRIC_REPRESENTATION_CONTEXT() REPRESENTATION_CONTEXT('2D SPACE',''
  ) );
#9686 = PCURVE('',#6343,#9687);
#9687 = DEFINITIONAL_REPRESENTATION('',(#9688),#9691);
#9688 = B_SPLINE_CURVE_WITH_KNOTS('',1,(#9689,#9690),.UNSPECIFIED.,.F.,
  .F.,(2,2),(-7.4740006,5.999999999062E-07),.PIECEWISE_BEZIER_KNOTS.);
#9689 = CARTESIAN_POINT('',(4.9160797831,-7.4740006));
#9690 = CARTESIAN_POINT('',(4.9160797831,5.999999999062E-07));
#9691 = ( GEOMETRIC_REPRESENTATION_CONTEXT(2) 
PARAMETRIC_REPRESENTATION_CONTEXT() REPRESENTATION_CONTEXT('2D SPACE',''
  ) );
#9692 = ORIENTED_EDGE('',*,*,#9693,.T.);
#9693 = EDGE_CURVE('',#9673,#9694,#9696,.T.);
#9694 = VERTEX_POINT('',#9695);
#9695 = CARTESIAN_POINT('',(39.,-13.4160797831,-10.474));
#9696 = SURFACE_CURVE('',#9697,(#9702,#9709),.PCURVE_S1.);
#9697 = CIRCLE('',#9698,6.);
#9698 = AXIS2_PLACEMENT_3D('',#9699,#9700,#9701);
#9699 = CARTESIAN_POINT('',(38.,-7.5,-10.474));
#9700 = DIRECTION('',(0.,0.,-1.));
#9701 = DIRECTION('',(1.,0.,0.));
#9702 = PCURVE('',#6376,#9703);
#9703 = DEFINITIONAL_REPRESENTATION('',(#9704),#9708);
#9704 = LINE('',#9705,#9706);
#9705 = CARTESIAN_POINT('',(-0.,-7.474));
#9706 = VECTOR('',#9707,1.);
#9707 = DIRECTION('',(-1.,0.));
#9708 = ( GEOMETRIC_REPRESENTATION_CONTEXT(2) 
PARAMETRIC_REPRESENTATION_CONTEXT() REPRESENTATION_CONTEXT('2D SPACE',''
  ) );
#9709 = PCURVE('',#9710,#9715);
#9710 = PLANE('',#9711);
#9711 = AXIS2_PLACEMENT_3D('',#9712,#9713,#9714);
#9712 = CARTESIAN_POINT('',(38.,-7.5,-10.474));
#9713 = DIRECTION('',(0.,0.,-1.));
#9714 = DIRECTION('',(1.,0.,0.));
#9715 = DEFINITIONAL_REPRESENTATION('',(#9716),#9720);
#9716 = CIRCLE('',#9717,6.);
#9717 = AXIS2_PLACEMENT_2D('',#9718,#9719);
#9718 = CARTESIAN_POINT('',(4.558133775131E-16,1.70226710729E-17));
#9719 = DIRECTION('',(1.,0.));
#9720 = ( GEOMETRIC_REPRESENTATION_CONTEXT(2) 
PARAMETRIC_REPRESENTATION_CONTEXT() REPRESENTATION_CONTEXT('2D SPACE',''
  ) );
#9721 = ORIENTED_EDGE('',*,*,#9722,.T.);
#9722 = EDGE_CURVE('',#9694,#6356,#9723,.T.);
#9723 = SURFACE_CURVE('',#9724,(#9728,#9734),.PCURVE_S1.);
#9724 = LINE('',#9725,#9726);
#9725 = CARTESIAN_POINT('',(39.,-13.4160797831,-3.));
#9726 = VECTOR('',#9727,1.);
#9727 = DIRECTION('',(-0.,-0.,1.));
#9728 = PCURVE('',#6376,#9729);
#9729 = DEFINITIONAL_REPRESENTATION('',(#9730),#9733);
#9730 = B_SPLINE_CURVE_WITH_KNOTS('',1,(#9731,#9732),.UNSPECIFIED.,.F.,
  .F.,(2,2),(-7.4740006,5.999999999062E-07),.PIECEWISE_BEZIER_KNOTS.);
#9731 = CARTESIAN_POINT('',(-1.403348247575,-7.4740006));
#9732 = CARTESIAN_POINT('',(-1.403348247575,5.999999999062E-07));
#9733 = ( GEOMETRIC_REPRESENTATION_CONTEXT(2) 
PARAMETRIC_REPRESENTATION_CONTEXT() REPRESENTATION_CONTEXT('2D SPACE',''
  ) );
#9734 = PCURVE('',#6404,#9735);
#9735 = DEFINITIONAL_REPRESENTATION('',(#9736),#9739);
#9736 = B_SPLINE_CURVE_WITH_KNOTS('',1,(#9737,#9738),.UNSPECIFIED.,.F.,
  .F.,(2,2),(-7.4740006,5.999999999062E-07),.PIECEWISE_BEZIER_KNOTS.);
#9737 = CARTESIAN_POINT('',(4.9160797831,-7.4740006));
#9738 = CARTESIAN_POINT('',(4.9160797831,5.999999999062E-07));
#9739 = ( GEOMETRIC_REPRESENTATION_CONTEXT(2) 
PARAMETRIC_REPRESENTATION_CONTEXT() REPRESENTATION_CONTEXT('2D SPACE',''
  ) );
#9740 = ADVANCED_FACE('',(#9741),#6723,.T.);
#9741 = FACE_BOUND('',#9742,.T.);
#9742 = EDGE_LOOP('',(#9743,#9766,#9793,#9794));
#9743 = ORIENTED_EDGE('',*,*,#9744,.T.);
#9744 = EDGE_CURVE('',#6707,#9745,#9747,.T.);
#9745 = VERTEX_POINT('',#9746);
#9746 = CARTESIAN_POINT('',(-20.771,1.,-10.474));
#9747 = SEAM_CURVE('',#9748,(#9752,#9759),.PCURVE_S1.);
#9748 = LINE('',#9749,#9750);
#9749 = CARTESIAN_POINT('',(-20.771,1.,-3.));
#9750 = VECTOR('',#9751,1.);
#9751 = DIRECTION('',(-0.,-0.,-1.));
#9752 = PCURVE('',#6723,#9753);
#9753 = DEFINITIONAL_REPRESENTATION('',(#9754),#9758);
#9754 = LINE('',#9755,#9756);
#9755 = CARTESIAN_POINT('',(0.,0.));
#9756 = VECTOR('',#9757,1.);
#9757 = DIRECTION('',(0.,-1.));
#9758 = ( GEOMETRIC_REPRESENTATION_CONTEXT(2) 
PARAMETRIC_REPRESENTATION_CONTEXT() REPRESENTATION_CONTEXT('2D SPACE',''
  ) );
#9759 = PCURVE('',#6723,#9760);
#9760 = DEFINITIONAL_REPRESENTATION('',(#9761),#9765);
#9761 = LINE('',#9762,#9763);
#9762 = CARTESIAN_POINT('',(6.28318530718,0.));
#9763 = VECTOR('',#9764,1.);
#9764 = DIRECTION('',(0.,-1.));
#9765 = ( GEOMETRIC_REPRESENTATION_CONTEXT(2) 
PARAMETRIC_REPRESENTATION_CONTEXT() REPRESENTATION_CONTEXT('2D SPACE',''
  ) );
#9766 = ORIENTED_EDGE('',*,*,#9767,.T.);
#9767 = EDGE_CURVE('',#9745,#9745,#9768,.T.);
#9768 = SURFACE_CURVE('',#9769,(#9774,#9781),.PCURVE_S1.);
#9769 = ELLIPSE('',#9770,17.229,15.409);
#9770 = AXIS2_PLACEMENT_3D('',#9771,#9772,#9773);
#9771 = CARTESIAN_POINT('',(-38.,1.,-10.474));
#9772 = DIRECTION('',(0.,0.,1.));
#9773 = DIRECTION('',(1.,0.,0.));
#9774 = PCURVE('',#6723,#9775);
#9775 = DEFINITIONAL_REPRESENTATION('',(#9776),#9780);
#9776 = LINE('',#9777,#9778);
#9777 = CARTESIAN_POINT('',(0.,-7.474));
#9778 = VECTOR('',#9779,1.);
#9779 = DIRECTION('',(1.,0.));
#9780 = ( GEOMETRIC_REPRESENTATION_CONTEXT(2) 
PARAMETRIC_REPRESENTATION_CONTEXT() REPRESENTATION_CONTEXT('2D SPACE',''
  ) );
#9781 = PCURVE('',#9782,#9787);
#9782 = PLANE('',#9783);
#9783 = AXIS2_PLACEMENT_3D('',#9784,#9785,#9786);
#9784 = CARTESIAN_POINT('',(-37.75674197492,1.,-10.474));
#9785 = DIRECTION('',(0.,0.,1.));
#9786 = DIRECTION('',(1.,0.,0.));
#9787 = DEFINITIONAL_REPRESENTATION('',(#9788),#9792);
#9788 = ELLIPSE('',#9789,17.229,15.409);
#9789 = AXIS2_PLACEMENT_2D('',#9790,#9791);
#9790 = CARTESIAN_POINT('',(-0.243258025078,-2.306674320894E-17));
#9791 = DIRECTION('',(1.,0.));
#9792 = ( GEOMETRIC_REPRESENTATION_CONTEXT(2) 
PARAMETRIC_REPRESENTATION_CONTEXT() REPRESENTATION_CONTEXT('2D SPACE',''
  ) );
#9793 = ORIENTED_EDGE('',*,*,#9744,.F.);
#9794 = ORIENTED_EDGE('',*,*,#6706,.F.);
#9795 = ADVANCED_FACE('',(#9796),#6761,.T.);
#9796 = FACE_BOUND('',#9797,.F.);
#9797 = EDGE_LOOP('',(#9798,#9821,#9848,#9849));
#9798 = ORIENTED_EDGE('',*,*,#9799,.T.);
#9799 = EDGE_CURVE('',#6741,#9800,#9802,.T.);
#9800 = VERTEX_POINT('',#9801);
#9801 = CARTESIAN_POINT('',(-50.,13.5,-14.824));
#9802 = SEAM_CURVE('',#9803,(#9807,#9814),.PCURVE_S1.);
#9803 = LINE('',#9804,#9805);
#9804 = CARTESIAN_POINT('',(-50.,13.5,-3.));
#9805 = VECTOR('',#9806,1.);
#9806 = DIRECTION('',(-0.,-0.,-1.));
#9807 = PCURVE('',#6761,#9808);
#9808 = DEFINITIONAL_REPRESENTATION('',(#9809),#9813);
#9809 = LINE('',#9810,#9811);
#9810 = CARTESIAN_POINT('',(-0.,0.));
#9811 = VECTOR('',#9812,1.);
#9812 = DIRECTION('',(-0.,-1.));
#9813 = ( GEOMETRIC_REPRESENTATION_CONTEXT(2) 
PARAMETRIC_REPRESENTATION_CONTEXT() REPRESENTATION_CONTEXT('2D SPACE',''
  ) );
#9814 = PCURVE('',#6761,#9815);
#9815 = DEFINITIONAL_REPRESENTATION('',(#9816),#9820);
#9816 = LINE('',#9817,#9818);
#9817 = CARTESIAN_POINT('',(-6.28318530718,0.));
#9818 = VECTOR('',#9819,1.);
#9819 = DIRECTION('',(-0.,-1.));
#9820 = ( GEOMETRIC_REPRESENTATION_CONTEXT(2) 
PARAMETRIC_REPRESENTATION_CONTEXT() REPRESENTATION_CONTEXT('2D SPACE',''
  ) );
#9821 = ORIENTED_EDGE('',*,*,#9822,.T.);
#9822 = EDGE_CURVE('',#9800,#9800,#9823,.T.);
#9823 = SURFACE_CURVE('',#9824,(#9829,#9836),.PCURVE_S1.);
#9824 = CIRCLE('',#9825,2.5);
#9825 = AXIS2_PLACEMENT_3D('',#9826,#9827,#9828);
#9826 = CARTESIAN_POINT('',(-52.5,13.5,-14.824));
#9827 = DIRECTION('',(0.,0.,-1.));
#9828 = DIRECTION('',(1.,0.,0.));
#9829 = PCURVE('',#6761,#9830);
#9830 = DEFINITIONAL_REPRESENTATION('',(#9831),#9835);
#9831 = LINE('',#9832,#9833);
#9832 = CARTESIAN_POINT('',(-0.,-11.824));
#9833 = VECTOR('',#9834,1.);
#9834 = DIRECTION('',(-1.,0.));
#9835 = ( GEOMETRIC_REPRESENTATION_CONTEXT(2) 
PARAMETRIC_REPRESENTATION_CONTEXT() REPRESENTATION_CONTEXT('2D SPACE',''
  ) );
#9836 = PCURVE('',#9837,#9842);
#9837 = PLANE('',#9838);
#9838 = AXIS2_PLACEMENT_3D('',#9839,#9840,#9841);
#9839 = CARTESIAN_POINT('',(-52.5,13.5,-14.824));
#9840 = DIRECTION('',(0.,0.,-1.));
#9841 = DIRECTION('',(1.,0.,0.));
#9842 = DEFINITIONAL_REPRESENTATION('',(#9843),#9847);
#9843 = CIRCLE('',#9844,2.5);
#9844 = AXIS2_PLACEMENT_2D('',#9845,#9846);
#9845 = CARTESIAN_POINT('',(1.367440132539E-16,-3.4690113325E-17));
#9846 = DIRECTION('',(1.,0.));
#9847 = ( GEOMETRIC_REPRESENTATION_CONTEXT(2) 
PARAMETRIC_REPRESENTATION_CONTEXT() REPRESENTATION_CONTEXT('2D SPACE',''
  ) );
#9848 = ORIENTED_EDGE('',*,*,#9799,.F.);
#9849 = ORIENTED_EDGE('',*,*,#6740,.F.);
#9850 = ADVANCED_FACE('',(#9851),#6798,.T.);
#9851 = FACE_BOUND('',#9852,.F.);
#9852 = EDGE_LOOP('',(#9853,#9874,#9875,#9896));
#9853 = ORIENTED_EDGE('',*,*,#9854,.T.);
#9854 = EDGE_CURVE('',#9855,#6778,#9857,.T.);
#9855 = VERTEX_POINT('',#9856);
#9856 = CARTESIAN_POINT('',(33.9160797831,2.,-10.474));
#9857 = SURFACE_CURVE('',#9858,(#9862,#9868),.PCURVE_S1.);
#9858 = LINE('',#9859,#9860);
#9859 = CARTESIAN_POINT('',(33.9160797831,2.,-3.));
#9860 = VECTOR('',#9861,1.);
#9861 = DIRECTION('',(-0.,-0.,1.));
#9862 = PCURVE('',#6798,#9863);
#9863 = DEFINITIONAL_REPRESENTATION('',(#9864),#9867);
#9864 = B_SPLINE_CURVE_WITH_KNOTS('',1,(#9865,#9866),.UNSPECIFIED.,.F.,
  .F.,(2,2),(-7.4740006,5.999999999062E-07),.PIECEWISE_BEZIER_KNOTS.);
#9865 = CARTESIAN_POINT('',(-6.11573722796,-7.4740006));
#9866 = CARTESIAN_POINT('',(-6.11573722796,5.999999999062E-07));
#9867 = ( GEOMETRIC_REPRESENTATION_CONTEXT(2) 
PARAMETRIC_REPRESENTATION_CONTEXT() REPRESENTATION_CONTEXT('2D SPACE',''
  ) );
#9868 = PCURVE('',#6826,#9869);
#9869 = DEFINITIONAL_REPRESENTATION('',(#9870),#9873);
#9870 = B_SPLINE_CURVE_WITH_KNOTS('',1,(#9871,#9872),.UNSPECIFIED.,.F.,
  .F.,(2,2),(-7.4740006,5.999999999062E-07),.PIECEWISE_BEZIER_KNOTS.);
#9871 = CARTESIAN_POINT('',(4.9160797831,-7.4740006));
#9872 = CARTESIAN_POINT('',(4.9160797831,5.999999999062E-07));
#9873 = ( GEOMETRIC_REPRESENTATION_CONTEXT(2) 
PARAMETRIC_REPRESENTATION_CONTEXT() REPRESENTATION_CONTEXT('2D SPACE',''
  ) );
#9874 = ORIENTED_EDGE('',*,*,#6775,.F.);
#9875 = ORIENTED_EDGE('',*,*,#9876,.F.);
#9876 = EDGE_CURVE('',#9877,#6776,#9879,.T.);
#9877 = VERTEX_POINT('',#9878);
#9878 = CARTESIAN_POINT('',(29.,6.9160797831,-10.474));
#9879 = SURFACE_CURVE('',#9880,(#9884,#9890),.PCURVE_S1.);
#9880 = LINE('',#9881,#9882);
#9881 = CARTESIAN_POINT('',(29.,6.9160797831,-3.));
#9882 = VECTOR('',#9883,1.);
#9883 = DIRECTION('',(-0.,-0.,1.));
#9884 = PCURVE('',#6798,#9885);
#9885 = DEFINITIONAL_REPRESENTATION('',(#9886),#9889);
#9886 = B_SPLINE_CURVE_WITH_KNOTS('',1,(#9887,#9888),.UNSPECIFIED.,.F.,
  .F.,(2,2),(-7.4740006,5.999999999062E-07),.PIECEWISE_BEZIER_KNOTS.);
#9887 = CARTESIAN_POINT('',(-4.879837059604,-7.4740006));
#9888 = CARTESIAN_POINT('',(-4.879837059604,5.999999999062E-07));
#9889 = ( GEOMETRIC_REPRESENTATION_CONTEXT(2) 
PARAMETRIC_REPRESENTATION_CONTEXT() REPRESENTATION_CONTEXT('2D SPACE',''
  ) );
#9890 = PCURVE('',#7264,#9891);
#9891 = DEFINITIONAL_REPRESENTATION('',(#9892),#9895);
#9892 = B_SPLINE_CURVE_WITH_KNOTS('',1,(#9893,#9894),.UNSPECIFIED.,.F.,
  .F.,(2,2),(-7.4740006,5.999999999062E-07),.PIECEWISE_BEZIER_KNOTS.);
#9893 = CARTESIAN_POINT('',(8.392021690038E-02,-7.4740006));
#9894 = CARTESIAN_POINT('',(8.392021690038E-02,5.999999999062E-07));
#9895 = ( GEOMETRIC_REPRESENTATION_CONTEXT(2) 
PARAMETRIC_REPRESENTATION_CONTEXT() REPRESENTATION_CONTEXT('2D SPACE',''
  ) );
#9896 = ORIENTED_EDGE('',*,*,#9897,.T.);
#9897 = EDGE_CURVE('',#9877,#9855,#9898,.T.);
#9898 = SURFACE_CURVE('',#9899,(#9904,#9911),.PCURVE_S1.);
#9899 = CIRCLE('',#9900,6.);
#9900 = AXIS2_PLACEMENT_3D('',#9901,#9902,#9903);
#9901 = CARTESIAN_POINT('',(28.,1.,-10.474));
#9902 = DIRECTION('',(0.,0.,-1.));
#9903 = DIRECTION('',(1.,0.,0.));
#9904 = PCURVE('',#6798,#9905);
#9905 = DEFINITIONAL_REPRESENTATION('',(#9906),#9910);
#9906 = LINE('',#9907,#9908);
#9907 = CARTESIAN_POINT('',(-0.,-7.474));
#9908 = VECTOR('',#9909,1.);
#9909 = DIRECTION('',(-1.,0.));
#9910 = ( GEOMETRIC_REPRESENTATION_CONTEXT(2) 
PARAMETRIC_REPRESENTATION_CONTEXT() REPRESENTATION_CONTEXT('2D SPACE',''
  ) );
#9911 = PCURVE('',#9912,#9917);
#9912 = PLANE('',#9913);
#9913 = AXIS2_PLACEMENT_3D('',#9914,#9915,#9916);
#9914 = CARTESIAN_POINT('',(28.,1.,-10.474));
#9915 = DIRECTION('',(0.,0.,-1.));
#9916 = DIRECTION('',(1.,0.,0.));
#9917 = DEFINITIONAL_REPRESENTATION('',(#9918),#9922);
#9918 = CIRCLE('',#9919,6.);
#9919 = AXIS2_PLACEMENT_2D('',#9920,#9921);
#9920 = CARTESIAN_POINT('',(4.558133775131E-16,1.70226710729E-17));
#9921 = DIRECTION('',(1.,0.));
#9922 = ( GEOMETRIC_REPRESENTATION_CONTEXT(2) 
PARAMETRIC_REPRESENTATION_CONTEXT() REPRESENTATION_CONTEXT('2D SPACE',''
  ) );
#9923 = ADVANCED_FACE('',(#9924),#7182,.T.);
#9924 = FACE_BOUND('',#9925,.F.);
#9925 = EDGE_LOOP('',(#9926,#9947,#9948,#9969));
#9926 = ORIENTED_EDGE('',*,*,#9927,.T.);
#9927 = EDGE_CURVE('',#9928,#7162,#9930,.T.);
#9928 = VERTEX_POINT('',#9929);
#9929 = CARTESIAN_POINT('',(27.,6.9160797831,-10.474));
#9930 = SURFACE_CURVE('',#9931,(#9935,#9941),.PCURVE_S1.);
#9931 = LINE('',#9932,#9933);
#9932 = CARTESIAN_POINT('',(27.,6.9160797831,-3.));
#9933 = VECTOR('',#9934,1.);
#9934 = DIRECTION('',(-0.,-0.,1.));
#9935 = PCURVE('',#7182,#9936);
#9936 = DEFINITIONAL_REPRESENTATION('',(#9937),#9940);
#9937 = B_SPLINE_CURVE_WITH_KNOTS('',1,(#9938,#9939),.UNSPECIFIED.,.F.,
  .F.,(2,2),(-7.4740006,5.999999999062E-07),.PIECEWISE_BEZIER_KNOTS.);
#9938 = CARTESIAN_POINT('',(-4.544940901165,-7.4740006));
#9939 = CARTESIAN_POINT('',(-4.544940901165,5.999999999062E-07));
#9940 = ( GEOMETRIC_REPRESENTATION_CONTEXT(2) 
PARAMETRIC_REPRESENTATION_CONTEXT() REPRESENTATION_CONTEXT('2D SPACE',''
  ) );
#9941 = PCURVE('',#7210,#9942);
#9942 = DEFINITIONAL_REPRESENTATION('',(#9943),#9946);
#9943 = B_SPLINE_CURVE_WITH_KNOTS('',1,(#9944,#9945),.UNSPECIFIED.,.F.,
  .F.,(2,2),(-7.4740006,5.999999999062E-07),.PIECEWISE_BEZIER_KNOTS.);
#9944 = CARTESIAN_POINT('',(8.392021690038E-02,-7.4740006));
#9945 = CARTESIAN_POINT('',(8.392021690038E-02,5.999999999062E-07));
#9946 = ( GEOMETRIC_REPRESENTATION_CONTEXT(2) 
PARAMETRIC_REPRESENTATION_CONTEXT() REPRESENTATION_CONTEXT('2D SPACE',''
  ) );
#9947 = ORIENTED_EDGE('',*,*,#7161,.F.);
#9948 = ORIENTED_EDGE('',*,*,#9949,.F.);
#9949 = EDGE_CURVE('',#9950,#7134,#9952,.T.);
#9950 = VERTEX_POINT('',#9951);
#9951 = CARTESIAN_POINT('',(22.0839202169,2.,-10.474));
#9952 = SURFACE_CURVE('',#9953,(#9957,#9963),.PCURVE_S1.);
#9953 = LINE('',#9954,#9955);
#9954 = CARTESIAN_POINT('',(22.0839202169,2.,-3.));
#9955 = VECTOR('',#9956,1.);
#9956 = DIRECTION('',(-0.,-0.,1.));
#9957 = PCURVE('',#7182,#9958);
#9958 = DEFINITIONAL_REPRESENTATION('',(#9959),#9962);
#9959 = B_SPLINE_CURVE_WITH_KNOTS('',1,(#9960,#9961),.UNSPECIFIED.,.F.,
  .F.,(2,2),(-7.4740006,5.999999999062E-07),.PIECEWISE_BEZIER_KNOTS.);
#9960 = CARTESIAN_POINT('',(-3.309040732809,-7.4740006));
#9961 = CARTESIAN_POINT('',(-3.309040732809,5.999999999062E-07));
#9962 = ( GEOMETRIC_REPRESENTATION_CONTEXT(2) 
PARAMETRIC_REPRESENTATION_CONTEXT() REPRESENTATION_CONTEXT('2D SPACE',''
  ) );
#9963 = PCURVE('',#7149,#9964);
#9964 = DEFINITIONAL_REPRESENTATION('',(#9965),#9968);
#9965 = B_SPLINE_CURVE_WITH_KNOTS('',1,(#9966,#9967),.UNSPECIFIED.,.F.,
  .F.,(2,2),(-7.4740006,5.999999999062E-07),.PIECEWISE_BEZIER_KNOTS.);
#9966 = CARTESIAN_POINT('',(8.392021690038E-02,-7.4740006));
#9967 = CARTESIAN_POINT('',(8.392021690038E-02,5.999999999062E-07));
#9968 = ( GEOMETRIC_REPRESENTATION_CONTEXT(2) 
PARAMETRIC_REPRESENTATION_CONTEXT() REPRESENTATION_CONTEXT('2D SPACE',''
  ) );
#9969 = ORIENTED_EDGE('',*,*,#9970,.T.);
#9970 = EDGE_CURVE('',#9950,#9928,#9971,.T.);
#9971 = SURFACE_CURVE('',#9972,(#9977,#9984),.PCURVE_S1.);
#9972 = CIRCLE('',#9973,6.);
#9973 = AXIS2_PLACEMENT_3D('',#9974,#9975,#9976);
#9974 = CARTESIAN_POINT('',(28.,1.,-10.474));
#9975 = DIRECTION('',(0.,0.,-1.));
#9976 = DIRECTION('',(1.,0.,0.));
#9977 = PCURVE('',#7182,#9978);
#9978 = DEFINITIONAL_REPRESENTATION('',(#9979),#9983);
#9979 = LINE('',#9980,#9981);
#9980 = CARTESIAN_POINT('',(-0.,-7.474));
#9981 = VECTOR('',#9982,1.);
#9982 = DIRECTION('',(-1.,0.));
#9983 = ( GEOMETRIC_REPRESENTATION_CONTEXT(2) 
PARAMETRIC_REPRESENTATION_CONTEXT() REPRESENTATION_CONTEXT('2D SPACE',''
  ) );
#9984 = PCURVE('',#9985,#9990);
#9985 = PLANE('',#9986);
#9986 = AXIS2_PLACEMENT_3D('',#9987,#9988,#9989);
#9987 = CARTESIAN_POINT('',(28.,1.,-10.474));
#9988 = DIRECTION('',(0.,0.,-1.));
#9989 = DIRECTION('',(1.,0.,0.));
#9990 = DEFINITIONAL_REPRESENTATION('',(#9991),#9995);
#9991 = CIRCLE('',#9992,6.);
#9992 = AXIS2_PLACEMENT_2D('',#9993,#9994);
#9993 = CARTESIAN_POINT('',(4.558133775131E-16,1.70226710729E-17));
#9994 = DIRECTION('',(1.,0.));
#9995 = ( GEOMETRIC_REPRESENTATION_CONTEXT(2) 
PARAMETRIC_REPRESENTATION_CONTEXT() REPRESENTATION_CONTEXT('2D SPACE',''
  ) );
#9996 = ADVANCED_FACE('',(#9997),#7065,.T.);
#9997 = FACE_BOUND('',#9998,.F.);
#9998 = EDGE_LOOP('',(#9999,#10000,#10021,#10050));
#9999 = ORIENTED_EDGE('',*,*,#7044,.F.);
#10000 = ORIENTED_EDGE('',*,*,#10001,.F.);
#10001 = EDGE_CURVE('',#10002,#7017,#10004,.T.);
#10002 = VERTEX_POINT('',#10003);
#10003 = CARTESIAN_POINT('',(27.,-4.9160797831,-10.474));
#10004 = SURFACE_CURVE('',#10005,(#10009,#10015),.PCURVE_S1.);
#10005 = LINE('',#10006,#10007);
#10006 = CARTESIAN_POINT('',(27.,-4.9160797831,-3.));
#10007 = VECTOR('',#10008,1.);
#10008 = DIRECTION('',(-0.,-0.,1.));
#10009 = PCURVE('',#7065,#10010);
#10010 = DEFINITIONAL_REPRESENTATION('',(#10011),#10014);
#10011 = B_SPLINE_CURVE_WITH_KNOTS('',1,(#10012,#10013),.UNSPECIFIED.,
  .F.,.F.,(2,2),(-7.4740006,5.999999999062E-07),
  .PIECEWISE_BEZIER_KNOTS.);
#10012 = CARTESIAN_POINT('',(-1.738244406015,-7.4740006));
#10013 = CARTESIAN_POINT('',(-1.738244406015,5.999999999062E-07));
#10014 = ( GEOMETRIC_REPRESENTATION_CONTEXT(2) 
PARAMETRIC_REPRESENTATION_CONTEXT() REPRESENTATION_CONTEXT('2D SPACE',''
  ) );
#10015 = PCURVE('',#7032,#10016);
#10016 = DEFINITIONAL_REPRESENTATION('',(#10017),#10020);
#10017 = B_SPLINE_CURVE_WITH_KNOTS('',1,(#10018,#10019),.UNSPECIFIED.,
  .F.,.F.,(2,2),(-7.4740006,5.999999999062E-07),
  .PIECEWISE_BEZIER_KNOTS.);
#10018 = CARTESIAN_POINT('',(4.9160797831,-7.4740006));
#10019 = CARTESIAN_POINT('',(4.9160797831,5.999999999062E-07));
#10020 = ( GEOMETRIC_REPRESENTATION_CONTEXT(2) 
PARAMETRIC_REPRESENTATION_CONTEXT() REPRESENTATION_CONTEXT('2D SPACE',''
  ) );
#10021 = ORIENTED_EDGE('',*,*,#10022,.T.);
#10022 = EDGE_CURVE('',#10002,#10023,#10025,.T.);
#10023 = VERTEX_POINT('',#10024);
#10024 = CARTESIAN_POINT('',(22.0839202169,1.216804434989E-13,-10.474));
#10025 = SURFACE_CURVE('',#10026,(#10031,#10038),.PCURVE_S1.);
#10026 = CIRCLE('',#10027,6.);
#10027 = AXIS2_PLACEMENT_3D('',#10028,#10029,#10030);
#10028 = CARTESIAN_POINT('',(28.,1.,-10.474));
#10029 = DIRECTION('',(0.,0.,-1.));
#10030 = DIRECTION('',(1.,0.,0.));
#10031 = PCURVE('',#7065,#10032);
#10032 = DEFINITIONAL_REPRESENTATION('',(#10033),#10037);
#10033 = LINE('',#10034,#10035);
#10034 = CARTESIAN_POINT('',(-0.,-7.474));
#10035 = VECTOR('',#10036,1.);
#10036 = DIRECTION('',(-1.,0.));
#10037 = ( GEOMETRIC_REPRESENTATION_CONTEXT(2) 
PARAMETRIC_REPRESENTATION_CONTEXT() REPRESENTATION_CONTEXT('2D SPACE',''
  ) );
#10038 = PCURVE('',#10039,#10044);
#10039 = PLANE('',#10040);
#10040 = AXIS2_PLACEMENT_3D('',#10041,#10042,#10043);
#10041 = CARTESIAN_POINT('',(28.,1.,-10.474));
#10042 = DIRECTION('',(0.,0.,-1.));
#10043 = DIRECTION('',(1.,0.,0.));
#10044 = DEFINITIONAL_REPRESENTATION('',(#10045),#10049);
#10045 = CIRCLE('',#10046,6.);
#10046 = AXIS2_PLACEMENT_2D('',#10047,#10048);
#10047 = CARTESIAN_POINT('',(4.558133775131E-16,1.70226710729E-17));
#10048 = DIRECTION('',(1.,0.));
#10049 = ( GEOMETRIC_REPRESENTATION_CONTEXT(2) 
PARAMETRIC_REPRESENTATION_CONTEXT() REPRESENTATION_CONTEXT('2D SPACE',''
  ) );
#10050 = ORIENTED_EDGE('',*,*,#10051,.T.);
#10051 = EDGE_CURVE('',#10023,#7045,#10052,.T.);
#10052 = SURFACE_CURVE('',#10053,(#10057,#10063),.PCURVE_S1.);
#10053 = LINE('',#10054,#10055);
#10054 = CARTESIAN_POINT('',(22.0839202169,-2.22044604925E-16,-3.));
#10055 = VECTOR('',#10056,1.);
#10056 = DIRECTION('',(-0.,-0.,1.));
#10057 = PCURVE('',#7065,#10058);
#10058 = DEFINITIONAL_REPRESENTATION('',(#10059),#10062);
#10059 = B_SPLINE_CURVE_WITH_KNOTS('',1,(#10060,#10061),.UNSPECIFIED.,
  .F.,.F.,(2,2),(-7.4740006,5.999999999062E-07),
  .PIECEWISE_BEZIER_KNOTS.);
#10060 = CARTESIAN_POINT('',(-2.97414457437,-7.4740006));
#10061 = CARTESIAN_POINT('',(-2.97414457437,5.999999999062E-07));
#10062 = ( GEOMETRIC_REPRESENTATION_CONTEXT(2) 
PARAMETRIC_REPRESENTATION_CONTEXT() REPRESENTATION_CONTEXT('2D SPACE',''
  ) );
#10063 = PCURVE('',#7093,#10064);
#10064 = DEFINITIONAL_REPRESENTATION('',(#10065),#10068);
#10065 = B_SPLINE_CURVE_WITH_KNOTS('',1,(#10066,#10067),.UNSPECIFIED.,
  .F.,.F.,(2,2),(-7.4740006,5.999999999062E-07),
  .PIECEWISE_BEZIER_KNOTS.);
#10066 = CARTESIAN_POINT('',(8.392021690038E-02,-7.4740006));
#10067 = CARTESIAN_POINT('',(8.392021690038E-02,5.999999999062E-07));
#10068 = ( GEOMETRIC_REPRESENTATION_CONTEXT(2) 
PARAMETRIC_REPRESENTATION_CONTEXT() REPRESENTATION_CONTEXT('2D SPACE',''
  ) );
#10069 = ADVANCED_FACE('',(#10070),#6948,.T.);
#10070 = FACE_BOUND('',#10071,.F.);
#10071 = EDGE_LOOP('',(#10072,#10073,#10094,#10123));
#10072 = ORIENTED_EDGE('',*,*,#6927,.F.);
#10073 = ORIENTED_EDGE('',*,*,#10074,.F.);
#10074 = EDGE_CURVE('',#10075,#6900,#10077,.T.);
#10075 = VERTEX_POINT('',#10076);
#10076 = CARTESIAN_POINT('',(33.9160797831,-8.304468224196E-14,-10.474)
  );
#10077 = SURFACE_CURVE('',#10078,(#10082,#10088),.PCURVE_S1.);
#10078 = LINE('',#10079,#10080);
#10079 = CARTESIAN_POINT('',(33.9160797831,-2.22044604925E-16,-3.));
#10080 = VECTOR('',#10081,1.);
#10081 = DIRECTION('',(-0.,-0.,1.));
#10082 = PCURVE('',#6948,#10083);
#10083 = DEFINITIONAL_REPRESENTATION('',(#10084),#10087);
#10084 = B_SPLINE_CURVE_WITH_KNOTS('',1,(#10085,#10086),.UNSPECIFIED.,
  .F.,.F.,(2,2),(-7.4740006,5.999999999062E-07),
  .PIECEWISE_BEZIER_KNOTS.);
#10085 = CARTESIAN_POINT('',(-0.16744807922,-7.4740006));
#10086 = CARTESIAN_POINT('',(-0.16744807922,5.999999999062E-07));
#10087 = ( GEOMETRIC_REPRESENTATION_CONTEXT(2) 
PARAMETRIC_REPRESENTATION_CONTEXT() REPRESENTATION_CONTEXT('2D SPACE',''
  ) );
#10088 = PCURVE('',#6915,#10089);
#10089 = DEFINITIONAL_REPRESENTATION('',(#10090),#10093);
#10090 = B_SPLINE_CURVE_WITH_KNOTS('',1,(#10091,#10092),.UNSPECIFIED.,
  .F.,.F.,(2,2),(-7.4740006,5.999999999062E-07),
  .PIECEWISE_BEZIER_KNOTS.);
#10091 = CARTESIAN_POINT('',(4.9160797831,-7.4740006));
#10092 = CARTESIAN_POINT('',(4.9160797831,5.999999999062E-07));
#10093 = ( GEOMETRIC_REPRESENTATION_CONTEXT(2) 
PARAMETRIC_REPRESENTATION_CONTEXT() REPRESENTATION_CONTEXT('2D SPACE',''
  ) );
#10094 = ORIENTED_EDGE('',*,*,#10095,.T.);
#10095 = EDGE_CURVE('',#10075,#10096,#10098,.T.);
#10096 = VERTEX_POINT('',#10097);
#10097 = CARTESIAN_POINT('',(29.,-4.9160797831,-10.474));
#10098 = SURFACE_CURVE('',#10099,(#10104,#10111),.PCURVE_S1.);
#10099 = CIRCLE('',#10100,6.);
#10100 = AXIS2_PLACEMENT_3D('',#10101,#10102,#10103);
#10101 = CARTESIAN_POINT('',(28.,1.,-10.474));
#10102 = DIRECTION('',(0.,0.,-1.));
#10103 = DIRECTION('',(1.,0.,0.));
#10104 = PCURVE('',#6948,#10105);
#10105 = DEFINITIONAL_REPRESENTATION('',(#10106),#10110);
#10106 = LINE('',#10107,#10108);
#10107 = CARTESIAN_POINT('',(-0.,-7.474));
#10108 = VECTOR('',#10109,1.);
#10109 = DIRECTION('',(-1.,0.));
#10110 = ( GEOMETRIC_REPRESENTATION_CONTEXT(2) 
PARAMETRIC_REPRESENTATION_CONTEXT() REPRESENTATION_CONTEXT('2D SPACE',''
  ) );
#10111 = PCURVE('',#10112,#10117);
#10112 = PLANE('',#10113);
#10113 = AXIS2_PLACEMENT_3D('',#10114,#10115,#10116);
#10114 = CARTESIAN_POINT('',(28.,1.,-10.474));
#10115 = DIRECTION('',(0.,0.,-1.));
#10116 = DIRECTION('',(1.,0.,0.));
#10117 = DEFINITIONAL_REPRESENTATION('',(#10118),#10122);
#10118 = CIRCLE('',#10119,6.);
#10119 = AXIS2_PLACEMENT_2D('',#10120,#10121);
#10120 = CARTESIAN_POINT('',(4.558133775131E-16,1.70226710729E-17));
#10121 = DIRECTION('',(1.,0.));
#10122 = ( GEOMETRIC_REPRESENTATION_CONTEXT(2) 
PARAMETRIC_REPRESENTATION_CONTEXT() REPRESENTATION_CONTEXT('2D SPACE',''
  ) );
#10123 = ORIENTED_EDGE('',*,*,#10124,.T.);
#10124 = EDGE_CURVE('',#10096,#6928,#10125,.T.);
#10125 = SURFACE_CURVE('',#10126,(#10130,#10136),.PCURVE_S1.);
#10126 = LINE('',#10127,#10128);
#10127 = CARTESIAN_POINT('',(29.,-4.9160797831,-3.));
#10128 = VECTOR('',#10129,1.);
#10129 = DIRECTION('',(-0.,-0.,1.));
#10130 = PCURVE('',#6948,#10131);
#10131 = DEFINITIONAL_REPRESENTATION('',(#10132),#10135);
#10132 = B_SPLINE_CURVE_WITH_KNOTS('',1,(#10133,#10134),.UNSPECIFIED.,
  .F.,.F.,(2,2),(-7.4740006,5.999999999062E-07),
  .PIECEWISE_BEZIER_KNOTS.);
#10133 = CARTESIAN_POINT('',(-1.403348247575,-7.4740006));
#10134 = CARTESIAN_POINT('',(-1.403348247575,5.999999999062E-07));
#10135 = ( GEOMETRIC_REPRESENTATION_CONTEXT(2) 
PARAMETRIC_REPRESENTATION_CONTEXT() REPRESENTATION_CONTEXT('2D SPACE',''
  ) );
#10136 = PCURVE('',#6976,#10137);
#10137 = DEFINITIONAL_REPRESENTATION('',(#10138),#10141);
#10138 = B_SPLINE_CURVE_WITH_KNOTS('',1,(#10139,#10140),.UNSPECIFIED.,
  .F.,.F.,(2,2),(-7.4740006,5.999999999062E-07),
  .PIECEWISE_BEZIER_KNOTS.);
#10139 = CARTESIAN_POINT('',(4.9160797831,-7.4740006));
#10140 = CARTESIAN_POINT('',(4.9160797831,5.999999999062E-07));
#10141 = ( GEOMETRIC_REPRESENTATION_CONTEXT(2) 
PARAMETRIC_REPRESENTATION_CONTEXT() REPRESENTATION_CONTEXT('2D SPACE',''
  ) );
#10142 = ADVANCED_FACE('',(#10143),#7301,.T.);
#10143 = FACE_BOUND('',#10144,.F.);
#10144 = EDGE_LOOP('',(#10145,#10166,#10167,#10188));
#10145 = ORIENTED_EDGE('',*,*,#10146,.T.);
#10146 = EDGE_CURVE('',#10147,#7281,#10149,.T.);
#10147 = VERTEX_POINT('',#10148);
#10148 = CARTESIAN_POINT('',(53.9160797831,2.,-10.474));
#10149 = SURFACE_CURVE('',#10150,(#10154,#10160),.PCURVE_S1.);
#10150 = LINE('',#10151,#10152);
#10151 = CARTESIAN_POINT('',(53.9160797831,2.,-3.));
#10152 = VECTOR('',#10153,1.);
#10153 = DIRECTION('',(-0.,-0.,1.));
#10154 = PCURVE('',#7301,#10155);
#10155 = DEFINITIONAL_REPRESENTATION('',(#10156),#10159);
#10156 = B_SPLINE_CURVE_WITH_KNOTS('',1,(#10157,#10158),.UNSPECIFIED.,
  .F.,.F.,(2,2),(-7.4740006,5.999999999062E-07),
  .PIECEWISE_BEZIER_KNOTS.);
#10157 = CARTESIAN_POINT('',(-6.11573722796,-7.4740006));
#10158 = CARTESIAN_POINT('',(-6.11573722796,5.999999999062E-07));
#10159 = ( GEOMETRIC_REPRESENTATION_CONTEXT(2) 
PARAMETRIC_REPRESENTATION_CONTEXT() REPRESENTATION_CONTEXT('2D SPACE',''
  ) );
#10160 = PCURVE('',#7329,#10161);
#10161 = DEFINITIONAL_REPRESENTATION('',(#10162),#10165);
#10162 = B_SPLINE_CURVE_WITH_KNOTS('',1,(#10163,#10164),.UNSPECIFIED.,
  .F.,.F.,(2,2),(-7.4740006,5.999999999062E-07),
  .PIECEWISE_BEZIER_KNOTS.);
#10163 = CARTESIAN_POINT('',(4.9160797831,-7.4740006));
#10164 = CARTESIAN_POINT('',(4.9160797831,5.999999999062E-07));
#10165 = ( GEOMETRIC_REPRESENTATION_CONTEXT(2) 
PARAMETRIC_REPRESENTATION_CONTEXT() REPRESENTATION_CONTEXT('2D SPACE',''
  ) );
#10166 = ORIENTED_EDGE('',*,*,#7278,.F.);
#10167 = ORIENTED_EDGE('',*,*,#10168,.F.);
#10168 = EDGE_CURVE('',#10169,#7279,#10171,.T.);
#10169 = VERTEX_POINT('',#10170);
#10170 = CARTESIAN_POINT('',(49.,6.9160797831,-10.474));
#10171 = SURFACE_CURVE('',#10172,(#10176,#10182),.PCURVE_S1.);
#10172 = LINE('',#10173,#10174);
#10173 = CARTESIAN_POINT('',(49.,6.9160797831,-3.));
#10174 = VECTOR('',#10175,1.);
#10175 = DIRECTION('',(-0.,-0.,1.));
#10176 = PCURVE('',#7301,#10177);
#10177 = DEFINITIONAL_REPRESENTATION('',(#10178),#10181);
#10178 = B_SPLINE_CURVE_WITH_KNOTS('',1,(#10179,#10180),.UNSPECIFIED.,
  .F.,.F.,(2,2),(-7.4740006,5.999999999062E-07),
  .PIECEWISE_BEZIER_KNOTS.);
#10179 = CARTESIAN_POINT('',(-4.879837059604,-7.4740006));
#10180 = CARTESIAN_POINT('',(-4.879837059604,5.999999999062E-07));
#10181 = ( GEOMETRIC_REPRESENTATION_CONTEXT(2) 
PARAMETRIC_REPRESENTATION_CONTEXT() REPRESENTATION_CONTEXT('2D SPACE',''
  ) );
#10182 = PCURVE('',#7747,#10183);
#10183 = DEFINITIONAL_REPRESENTATION('',(#10184),#10187);
#10184 = B_SPLINE_CURVE_WITH_KNOTS('',1,(#10185,#10186),.UNSPECIFIED.,
  .F.,.F.,(2,2),(-7.4740006,5.999999999062E-07),
  .PIECEWISE_BEZIER_KNOTS.);
#10185 = CARTESIAN_POINT('',(8.392021690038E-02,-7.4740006));
#10186 = CARTESIAN_POINT('',(8.392021690038E-02,5.999999999062E-07));
#10187 = ( GEOMETRIC_REPRESENTATION_CONTEXT(2) 
PARAMETRIC_REPRESENTATION_CONTEXT() REPRESENTATION_CONTEXT('2D SPACE',''
  ) );
#10188 = ORIENTED_EDGE('',*,*,#10189,.T.);
#10189 = EDGE_CURVE('',#10169,#10147,#10190,.T.);
#10190 = SURFACE_CURVE('',#10191,(#10196,#10203),.PCURVE_S1.);
#10191 = CIRCLE('',#10192,6.);
#10192 = AXIS2_PLACEMENT_3D('',#10193,#10194,#10195);
#10193 = CARTESIAN_POINT('',(48.,1.,-10.474));
#10194 = DIRECTION('',(0.,0.,-1.));
#10195 = DIRECTION('',(1.,0.,0.));
#10196 = PCURVE('',#7301,#10197);
#10197 = DEFINITIONAL_REPRESENTATION('',(#10198),#10202);
#10198 = LINE('',#10199,#10200);
#10199 = CARTESIAN_POINT('',(-0.,-7.474));
#10200 = VECTOR('',#10201,1.);
#10201 = DIRECTION('',(-1.,0.));
#10202 = ( GEOMETRIC_REPRESENTATION_CONTEXT(2) 
PARAMETRIC_REPRESENTATION_CONTEXT() REPRESENTATION_CONTEXT('2D SPACE',''
  ) );
#10203 = PCURVE('',#10204,#10209);
#10204 = PLANE('',#10205);
#10205 = AXIS2_PLACEMENT_3D('',#10206,#10207,#10208);
#10206 = CARTESIAN_POINT('',(48.,1.,-10.474));
#10207 = DIRECTION('',(0.,0.,-1.));
#10208 = DIRECTION('',(1.,0.,0.));
#10209 = DEFINITIONAL_REPRESENTATION('',(#10210),#10214);
#10210 = CIRCLE('',#10211,6.);
#10211 = AXIS2_PLACEMENT_2D('',#10212,#10213);
#10212 = CARTESIAN_POINT('',(4.558133775131E-16,1.70226710729E-17));
#10213 = DIRECTION('',(1.,0.));
#10214 = ( GEOMETRIC_REPRESENTATION_CONTEXT(2) 
PARAMETRIC_REPRESENTATION_CONTEXT() REPRESENTATION_CONTEXT('2D SPACE',''
  ) );
#10215 = ADVANCED_FACE('',(#10216),#7669,.T.);
#10216 = FACE_BOUND('',#10217,.F.);
#10217 = EDGE_LOOP('',(#10218,#10239,#10240,#10261));
#10218 = ORIENTED_EDGE('',*,*,#10219,.T.);
#10219 = EDGE_CURVE('',#10220,#7649,#10222,.T.);
#10220 = VERTEX_POINT('',#10221);
#10221 = CARTESIAN_POINT('',(47.,6.9160797831,-10.474));
#10222 = SURFACE_CURVE('',#10223,(#10227,#10233),.PCURVE_S1.);
#10223 = LINE('',#10224,#10225);
#10224 = CARTESIAN_POINT('',(47.,6.9160797831,-3.));
#10225 = VECTOR('',#10226,1.);
#10226 = DIRECTION('',(-0.,-0.,1.));
#10227 = PCURVE('',#7669,#10228);
#10228 = DEFINITIONAL_REPRESENTATION('',(#10229),#10232);
#10229 = B_SPLINE_CURVE_WITH_KNOTS('',1,(#10230,#10231),.UNSPECIFIED.,
  .F.,.F.,(2,2),(-7.4740006,5.999999999062E-07),
  .PIECEWISE_BEZIER_KNOTS.);
#10230 = CARTESIAN_POINT('',(-4.544940901165,-7.4740006));
#10231 = CARTESIAN_POINT('',(-4.544940901165,5.999999999062E-07));
#10232 = ( GEOMETRIC_REPRESENTATION_CONTEXT(2) 
PARAMETRIC_REPRESENTATION_CONTEXT() REPRESENTATION_CONTEXT('2D SPACE',''
  ) );
#10233 = PCURVE('',#7697,#10234);
#10234 = DEFINITIONAL_REPRESENTATION('',(#10235),#10238);
#10235 = B_SPLINE_CURVE_WITH_KNOTS('',1,(#10236,#10237),.UNSPECIFIED.,
  .F.,.F.,(2,2),(-7.4740006,5.999999999062E-07),
  .PIECEWISE_BEZIER_KNOTS.);
#10236 = CARTESIAN_POINT('',(8.392021690038E-02,-7.4740006));
#10237 = CARTESIAN_POINT('',(8.392021690038E-02,5.999999999062E-07));
#10238 = ( GEOMETRIC_REPRESENTATION_CONTEXT(2) 
PARAMETRIC_REPRESENTATION_CONTEXT() REPRESENTATION_CONTEXT('2D SPACE',''
  ) );
#10239 = ORIENTED_EDGE('',*,*,#7648,.F.);
#10240 = ORIENTED_EDGE('',*,*,#10241,.F.);
#10241 = EDGE_CURVE('',#10242,#7621,#10244,.T.);
#10242 = VERTEX_POINT('',#10243);
#10243 = CARTESIAN_POINT('',(42.0839202169,2.,-10.474));
#10244 = SURFACE_CURVE('',#10245,(#10249,#10255),.PCURVE_S1.);
#10245 = LINE('',#10246,#10247);
#10246 = CARTESIAN_POINT('',(42.0839202169,2.,-3.));
#10247 = VECTOR('',#10248,1.);
#10248 = DIRECTION('',(-0.,-0.,1.));
#10249 = PCURVE('',#7669,#10250);
#10250 = DEFINITIONAL_REPRESENTATION('',(#10251),#10254);
#10251 = B_SPLINE_CURVE_WITH_KNOTS('',1,(#10252,#10253),.UNSPECIFIED.,
  .F.,.F.,(2,2),(-7.4740006,5.999999999062E-07),
  .PIECEWISE_BEZIER_KNOTS.);
#10252 = CARTESIAN_POINT('',(-3.309040732809,-7.4740006));
#10253 = CARTESIAN_POINT('',(-3.309040732809,5.999999999062E-07));
#10254 = ( GEOMETRIC_REPRESENTATION_CONTEXT(2) 
PARAMETRIC_REPRESENTATION_CONTEXT() REPRESENTATION_CONTEXT('2D SPACE',''
  ) );
#10255 = PCURVE('',#7636,#10256);
#10256 = DEFINITIONAL_REPRESENTATION('',(#10257),#10260);
#10257 = B_SPLINE_CURVE_WITH_KNOTS('',1,(#10258,#10259),.UNSPECIFIED.,
  .F.,.F.,(2,2),(-7.4740006,5.999999999062E-07),
  .PIECEWISE_BEZIER_KNOTS.);
#10258 = CARTESIAN_POINT('',(8.392021690038E-02,-7.4740006));
#10259 = CARTESIAN_POINT('',(8.392021690038E-02,5.999999999062E-07));
#10260 = ( GEOMETRIC_REPRESENTATION_CONTEXT(2) 
PARAMETRIC_REPRESENTATION_CONTEXT() REPRESENTATION_CONTEXT('2D SPACE',''
  ) );
#10261 = ORIENTED_EDGE('',*,*,#10262,.T.);
#10262 = EDGE_CURVE('',#10242,#10220,#10263,.T.);
#10263 = SURFACE_CURVE('',#10264,(#10269,#10276),.PCURVE_S1.);
#10264 = CIRCLE('',#10265,6.);
#10265 = AXIS2_PLACEMENT_3D('',#10266,#10267,#10268);
#10266 = CARTESIAN_POINT('',(48.,1.,-10.474));
#10267 = DIRECTION('',(0.,0.,-1.));
#10268 = DIRECTION('',(1.,0.,0.));
#10269 = PCURVE('',#7669,#10270);
#10270 = DEFINITIONAL_REPRESENTATION('',(#10271),#10275);
#10271 = LINE('',#10272,#10273);
#10272 = CARTESIAN_POINT('',(-0.,-7.474));
#10273 = VECTOR('',#10274,1.);
#10274 = DIRECTION('',(-1.,0.));
#10275 = ( GEOMETRIC_REPRESENTATION_CONTEXT(2) 
PARAMETRIC_REPRESENTATION_CONTEXT() REPRESENTATION_CONTEXT('2D SPACE',''
  ) );
#10276 = PCURVE('',#10277,#10282);
#10277 = PLANE('',#10278);
#10278 = AXIS2_PLACEMENT_3D('',#10279,#10280,#10281);
#10279 = CARTESIAN_POINT('',(48.,1.,-10.474));
#10280 = DIRECTION('',(0.,0.,-1.));
#10281 = DIRECTION('',(1.,0.,0.));
#10282 = DEFINITIONAL_REPRESENTATION('',(#10283),#10287);
#10283 = CIRCLE('',#10284,6.);
#10284 = AXIS2_PLACEMENT_2D('',#10285,#10286);
#10285 = CARTESIAN_POINT('',(4.558133775131E-16,1.70226710729E-17));
#10286 = DIRECTION('',(1.,0.));
#10287 = ( GEOMETRIC_REPRESENTATION_CONTEXT(2) 
PARAMETRIC_REPRESENTATION_CONTEXT() REPRESENTATION_CONTEXT('2D SPACE',''
  ) );
#10288 = ADVANCED_FACE('',(#10289),#7556,.T.);
#10289 = FACE_BOUND('',#10290,.F.);
#10290 = EDGE_LOOP('',(#10291,#10292,#10313,#10342));
#10291 = ORIENTED_EDGE('',*,*,#7535,.F.);
#10292 = ORIENTED_EDGE('',*,*,#10293,.F.);
#10293 = EDGE_CURVE('',#10294,#7508,#10296,.T.);
#10294 = VERTEX_POINT('',#10295);
#10295 = CARTESIAN_POINT('',(47.,-4.9160797831,-10.474));
#10296 = SURFACE_CURVE('',#10297,(#10301,#10307),.PCURVE_S1.);
#10297 = LINE('',#10298,#10299);
#10298 = CARTESIAN_POINT('',(47.,-4.9160797831,-3.));
#10299 = VECTOR('',#10300,1.);
#10300 = DIRECTION('',(-0.,-0.,1.));
#10301 = PCURVE('',#7556,#10302);
#10302 = DEFINITIONAL_REPRESENTATION('',(#10303),#10306);
#10303 = B_SPLINE_CURVE_WITH_KNOTS('',1,(#10304,#10305),.UNSPECIFIED.,
  .F.,.F.,(2,2),(-7.4740006,5.999999999062E-07),
  .PIECEWISE_BEZIER_KNOTS.);
#10304 = CARTESIAN_POINT('',(-1.738244406015,-7.4740006));
#10305 = CARTESIAN_POINT('',(-1.738244406015,5.999999999062E-07));
#10306 = ( GEOMETRIC_REPRESENTATION_CONTEXT(2) 
PARAMETRIC_REPRESENTATION_CONTEXT() REPRESENTATION_CONTEXT('2D SPACE',''
  ) );
#10307 = PCURVE('',#7523,#10308);
#10308 = DEFINITIONAL_REPRESENTATION('',(#10309),#10312);
#10309 = B_SPLINE_CURVE_WITH_KNOTS('',1,(#10310,#10311),.UNSPECIFIED.,
  .F.,.F.,(2,2),(-7.4740006,5.999999999062E-07),
  .PIECEWISE_BEZIER_KNOTS.);
#10310 = CARTESIAN_POINT('',(4.9160797831,-7.4740006));
#10311 = CARTESIAN_POINT('',(4.9160797831,5.999999999062E-07));
#10312 = ( GEOMETRIC_REPRESENTATION_CONTEXT(2) 
PARAMETRIC_REPRESENTATION_CONTEXT() REPRESENTATION_CONTEXT('2D SPACE',''
  ) );
#10313 = ORIENTED_EDGE('',*,*,#10314,.T.);
#10314 = EDGE_CURVE('',#10294,#10315,#10317,.T.);
#10315 = VERTEX_POINT('',#10316);
#10316 = CARTESIAN_POINT('',(42.0839202169,1.216804434989E-13,-10.474));
#10317 = SURFACE_CURVE('',#10318,(#10323,#10330),.PCURVE_S1.);
#10318 = CIRCLE('',#10319,6.);
#10319 = AXIS2_PLACEMENT_3D('',#10320,#10321,#10322);
#10320 = CARTESIAN_POINT('',(48.,1.,-10.474));
#10321 = DIRECTION('',(0.,0.,-1.));
#10322 = DIRECTION('',(1.,0.,0.));
#10323 = PCURVE('',#7556,#10324);
#10324 = DEFINITIONAL_REPRESENTATION('',(#10325),#10329);
#10325 = LINE('',#10326,#10327);
#10326 = CARTESIAN_POINT('',(-0.,-7.474));
#10327 = VECTOR('',#10328,1.);
#10328 = DIRECTION('',(-1.,0.));
#10329 = ( GEOMETRIC_REPRESENTATION_CONTEXT(2) 
PARAMETRIC_REPRESENTATION_CONTEXT() REPRESENTATION_CONTEXT('2D SPACE',''
  ) );
#10330 = PCURVE('',#10331,#10336);
#10331 = PLANE('',#10332);
#10332 = AXIS2_PLACEMENT_3D('',#10333,#10334,#10335);
#10333 = CARTESIAN_POINT('',(48.,1.,-10.474));
#10334 = DIRECTION('',(0.,0.,-1.));
#10335 = DIRECTION('',(1.,0.,0.));
#10336 = DEFINITIONAL_REPRESENTATION('',(#10337),#10341);
#10337 = CIRCLE('',#10338,6.);
#10338 = AXIS2_PLACEMENT_2D('',#10339,#10340);
#10339 = CARTESIAN_POINT('',(4.558133775131E-16,1.70226710729E-17));
#10340 = DIRECTION('',(1.,0.));
#10341 = ( GEOMETRIC_REPRESENTATION_CONTEXT(2) 
PARAMETRIC_REPRESENTATION_CONTEXT() REPRESENTATION_CONTEXT('2D SPACE',''
  ) );
#10342 = ORIENTED_EDGE('',*,*,#10343,.T.);
#10343 = EDGE_CURVE('',#10315,#7536,#10344,.T.);
#10344 = SURFACE_CURVE('',#10345,(#10349,#10355),.PCURVE_S1.);
#10345 = LINE('',#10346,#10347);
#10346 = CARTESIAN_POINT('',(42.0839202169,-2.22044604925E-16,-3.));
#10347 = VECTOR('',#10348,1.);
#10348 = DIRECTION('',(-0.,-0.,1.));
#10349 = PCURVE('',#7556,#10350);
#10350 = DEFINITIONAL_REPRESENTATION('',(#10351),#10354);
#10351 = B_SPLINE_CURVE_WITH_KNOTS('',1,(#10352,#10353),.UNSPECIFIED.,
  .F.,.F.,(2,2),(-7.4740006,5.999999999062E-07),
  .PIECEWISE_BEZIER_KNOTS.);
#10352 = CARTESIAN_POINT('',(-2.97414457437,-7.4740006));
#10353 = CARTESIAN_POINT('',(-2.97414457437,5.999999999062E-07));
#10354 = ( GEOMETRIC_REPRESENTATION_CONTEXT(2) 
PARAMETRIC_REPRESENTATION_CONTEXT() REPRESENTATION_CONTEXT('2D SPACE',''
  ) );
#10355 = PCURVE('',#7584,#10356);
#10356 = DEFINITIONAL_REPRESENTATION('',(#10357),#10360);
#10357 = B_SPLINE_CURVE_WITH_KNOTS('',1,(#10358,#10359),.UNSPECIFIED.,
  .F.,.F.,(2,2),(-7.4740006,5.999999999062E-07),
  .PIECEWISE_BEZIER_KNOTS.);
#10358 = CARTESIAN_POINT('',(8.392021690038E-02,-7.4740006));
#10359 = CARTESIAN_POINT('',(8.392021690038E-02,5.999999999062E-07));
#10360 = ( GEOMETRIC_REPRESENTATION_CONTEXT(2) 
PARAMETRIC_REPRESENTATION_CONTEXT() REPRESENTATION_CONTEXT('2D SPACE',''
  ) );
#10361 = ADVANCED_FACE('',(#10362),#7443,.T.);
#10362 = FACE_BOUND('',#10363,.F.);
#10363 = EDGE_LOOP('',(#10364,#10365,#10386,#10415));
#10364 = ORIENTED_EDGE('',*,*,#7422,.F.);
#10365 = ORIENTED_EDGE('',*,*,#10366,.F.);
#10366 = EDGE_CURVE('',#10367,#7395,#10369,.T.);
#10367 = VERTEX_POINT('',#10368);
#10368 = CARTESIAN_POINT('',(53.9160797831,-8.304468224196E-14,-10.474)
  );
#10369 = SURFACE_CURVE('',#10370,(#10374,#10380),.PCURVE_S1.);
#10370 = LINE('',#10371,#10372);
#10371 = CARTESIAN_POINT('',(53.9160797831,-2.22044604925E-16,-3.));
#10372 = VECTOR('',#10373,1.);
#10373 = DIRECTION('',(-0.,-0.,1.));
#10374 = PCURVE('',#7443,#10375);
#10375 = DEFINITIONAL_REPRESENTATION('',(#10376),#10379);
#10376 = B_SPLINE_CURVE_WITH_KNOTS('',1,(#10377,#10378),.UNSPECIFIED.,
  .F.,.F.,(2,2),(-7.4740006,5.999999999062E-07),
  .PIECEWISE_BEZIER_KNOTS.);
#10377 = CARTESIAN_POINT('',(-0.16744807922,-7.4740006));
#10378 = CARTESIAN_POINT('',(-0.16744807922,5.999999999062E-07));
#10379 = ( GEOMETRIC_REPRESENTATION_CONTEXT(2) 
PARAMETRIC_REPRESENTATION_CONTEXT() REPRESENTATION_CONTEXT('2D SPACE',''
  ) );
#10380 = PCURVE('',#7410,#10381);
#10381 = DEFINITIONAL_REPRESENTATION('',(#10382),#10385);
#10382 = B_SPLINE_CURVE_WITH_KNOTS('',1,(#10383,#10384),.UNSPECIFIED.,
  .F.,.F.,(2,2),(-7.4740006,5.999999999062E-07),
  .PIECEWISE_BEZIER_KNOTS.);
#10383 = CARTESIAN_POINT('',(4.9160797831,-7.4740006));
#10384 = CARTESIAN_POINT('',(4.9160797831,5.999999999062E-07));
#10385 = ( GEOMETRIC_REPRESENTATION_CONTEXT(2) 
PARAMETRIC_REPRESENTATION_CONTEXT() REPRESENTATION_CONTEXT('2D SPACE',''
  ) );
#10386 = ORIENTED_EDGE('',*,*,#10387,.T.);
#10387 = EDGE_CURVE('',#10367,#10388,#10390,.T.);
#10388 = VERTEX_POINT('',#10389);
#10389 = CARTESIAN_POINT('',(49.,-4.9160797831,-10.474));
#10390 = SURFACE_CURVE('',#10391,(#10396,#10403),.PCURVE_S1.);
#10391 = CIRCLE('',#10392,6.);
#10392 = AXIS2_PLACEMENT_3D('',#10393,#10394,#10395);
#10393 = CARTESIAN_POINT('',(48.,1.,-10.474));
#10394 = DIRECTION('',(0.,0.,-1.));
#10395 = DIRECTION('',(1.,0.,0.));
#10396 = PCURVE('',#7443,#10397);
#10397 = DEFINITIONAL_REPRESENTATION('',(#10398),#10402);
#10398 = LINE('',#10399,#10400);
#10399 = CARTESIAN_POINT('',(-0.,-7.474));
#10400 = VECTOR('',#10401,1.);
#10401 = DIRECTION('',(-1.,0.));
#10402 = ( GEOMETRIC_REPRESENTATION_CONTEXT(2) 
PARAMETRIC_REPRESENTATION_CONTEXT() REPRESENTATION_CONTEXT('2D SPACE',''
  ) );
#10403 = PCURVE('',#10404,#10409);
#10404 = PLANE('',#10405);
#10405 = AXIS2_PLACEMENT_3D('',#10406,#10407,#10408);
#10406 = CARTESIAN_POINT('',(48.,1.,-10.474));
#10407 = DIRECTION('',(0.,0.,-1.));
#10408 = DIRECTION('',(1.,0.,0.));
#10409 = DEFINITIONAL_REPRESENTATION('',(#10410),#10414);
#10410 = CIRCLE('',#10411,6.);
#10411 = AXIS2_PLACEMENT_2D('',#10412,#10413);
#10412 = CARTESIAN_POINT('',(4.558133775131E-16,1.70226710729E-17));
#10413 = DIRECTION('',(1.,0.));
#10414 = ( GEOMETRIC_REPRESENTATION_CONTEXT(2) 
PARAMETRIC_REPRESENTATION_CONTEXT() REPRESENTATION_CONTEXT('2D SPACE',''
  ) );
#10415 = ORIENTED_EDGE('',*,*,#10416,.T.);
#10416 = EDGE_CURVE('',#10388,#7423,#10417,.T.);
#10417 = SURFACE_CURVE('',#10418,(#10422,#10428),.PCURVE_S1.);
#10418 = LINE('',#10419,#10420);
#10419 = CARTESIAN_POINT('',(49.,-4.9160797831,-3.));
#10420 = VECTOR('',#10421,1.);
#10421 = DIRECTION('',(-0.,-0.,1.));
#10422 = PCURVE('',#7443,#10423);
#10423 = DEFINITIONAL_REPRESENTATION('',(#10424),#10427);
#10424 = B_SPLINE_CURVE_WITH_KNOTS('',1,(#10425,#10426),.UNSPECIFIED.,
  .F.,.F.,(2,2),(-7.4740006,5.999999999062E-07),
  .PIECEWISE_BEZIER_KNOTS.);
#10425 = CARTESIAN_POINT('',(-1.403348247575,-7.4740006));
#10426 = CARTESIAN_POINT('',(-1.403348247575,5.999999999062E-07));
#10427 = ( GEOMETRIC_REPRESENTATION_CONTEXT(2) 
PARAMETRIC_REPRESENTATION_CONTEXT() REPRESENTATION_CONTEXT('2D SPACE',''
  ) );
#10428 = PCURVE('',#7471,#10429);
#10429 = DEFINITIONAL_REPRESENTATION('',(#10430),#10433);
#10430 = B_SPLINE_CURVE_WITH_KNOTS('',1,(#10431,#10432),.UNSPECIFIED.,
  .F.,.F.,(2,2),(-7.4740006,5.999999999062E-07),
  .PIECEWISE_BEZIER_KNOTS.);
#10431 = CARTESIAN_POINT('',(4.9160797831,-7.4740006));
#10432 = CARTESIAN_POINT('',(4.9160797831,5.999999999062E-07));
#10433 = ( GEOMETRIC_REPRESENTATION_CONTEXT(2) 
PARAMETRIC_REPRESENTATION_CONTEXT() REPRESENTATION_CONTEXT('2D SPACE',''
  ) );
#10434 = ADVANCED_FACE('',(#10435),#7819,.T.);
#10435 = FACE_BOUND('',#10436,.F.);
#10436 = EDGE_LOOP('',(#10437,#10458,#10459,#10480));
#10437 = ORIENTED_EDGE('',*,*,#10438,.T.);
#10438 = EDGE_CURVE('',#10439,#7799,#10441,.T.);
#10439 = VERTEX_POINT('',#10440);
#10440 = CARTESIAN_POINT('',(43.9160797831,10.5,-10.474));
#10441 = SURFACE_CURVE('',#10442,(#10446,#10452),.PCURVE_S1.);
#10442 = LINE('',#10443,#10444);
#10443 = CARTESIAN_POINT('',(43.9160797831,10.5,-3.));
#10444 = VECTOR('',#10445,1.);
#10445 = DIRECTION('',(-0.,-0.,1.));
#10446 = PCURVE('',#7819,#10447);
#10447 = DEFINITIONAL_REPRESENTATION('',(#10448),#10451);
#10448 = B_SPLINE_CURVE_WITH_KNOTS('',1,(#10449,#10450),.UNSPECIFIED.,
  .F.,.F.,(2,2),(-7.4740006,5.999999999062E-07),
  .PIECEWISE_BEZIER_KNOTS.);
#10449 = CARTESIAN_POINT('',(-6.11573722796,-7.4740006));
#10450 = CARTESIAN_POINT('',(-6.11573722796,5.999999999062E-07));
#10451 = ( GEOMETRIC_REPRESENTATION_CONTEXT(2) 
PARAMETRIC_REPRESENTATION_CONTEXT() REPRESENTATION_CONTEXT('2D SPACE',''
  ) );
#10452 = PCURVE('',#7847,#10453);
#10453 = DEFINITIONAL_REPRESENTATION('',(#10454),#10457);
#10454 = B_SPLINE_CURVE_WITH_KNOTS('',1,(#10455,#10456),.UNSPECIFIED.,
  .F.,.F.,(2,2),(-7.4740006,5.999999999062E-07),
  .PIECEWISE_BEZIER_KNOTS.);
#10455 = CARTESIAN_POINT('',(4.9160797831,-7.4740006));
#10456 = CARTESIAN_POINT('',(4.9160797831,5.999999999062E-07));
#10457 = ( GEOMETRIC_REPRESENTATION_CONTEXT(2) 
PARAMETRIC_REPRESENTATION_CONTEXT() REPRESENTATION_CONTEXT('2D SPACE',''
  ) );
#10458 = ORIENTED_EDGE('',*,*,#7796,.F.);
#10459 = ORIENTED_EDGE('',*,*,#10460,.F.);
#10460 = EDGE_CURVE('',#10461,#7797,#10463,.T.);
#10461 = VERTEX_POINT('',#10462);
#10462 = CARTESIAN_POINT('',(39.,15.4160797831,-10.474));
#10463 = SURFACE_CURVE('',#10464,(#10468,#10474),.PCURVE_S1.);
#10464 = LINE('',#10465,#10466);
#10465 = CARTESIAN_POINT('',(39.,15.4160797831,-3.));
#10466 = VECTOR('',#10467,1.);
#10467 = DIRECTION('',(-0.,-0.,1.));
#10468 = PCURVE('',#7819,#10469);
#10469 = DEFINITIONAL_REPRESENTATION('',(#10470),#10473);
#10470 = B_SPLINE_CURVE_WITH_KNOTS('',1,(#10471,#10472),.UNSPECIFIED.,
  .F.,.F.,(2,2),(-7.4740006,5.999999999062E-07),
  .PIECEWISE_BEZIER_KNOTS.);
#10471 = CARTESIAN_POINT('',(-4.879837059604,-7.4740006));
#10472 = CARTESIAN_POINT('',(-4.879837059604,5.999999999062E-07));
#10473 = ( GEOMETRIC_REPRESENTATION_CONTEXT(2) 
PARAMETRIC_REPRESENTATION_CONTEXT() REPRESENTATION_CONTEXT('2D SPACE',''
  ) );
#10474 = PCURVE('',#8285,#10475);
#10475 = DEFINITIONAL_REPRESENTATION('',(#10476),#10479);
#10476 = B_SPLINE_CURVE_WITH_KNOTS('',1,(#10477,#10478),.UNSPECIFIED.,
  .F.,.F.,(2,2),(-7.4740006,5.999999999062E-07),
  .PIECEWISE_BEZIER_KNOTS.);
#10477 = CARTESIAN_POINT('',(8.392021690038E-02,-7.4740006));
#10478 = CARTESIAN_POINT('',(8.392021690038E-02,5.999999999062E-07));
#10479 = ( GEOMETRIC_REPRESENTATION_CONTEXT(2) 
PARAMETRIC_REPRESENTATION_CONTEXT() REPRESENTATION_CONTEXT('2D SPACE',''
  ) );
#10480 = ORIENTED_EDGE('',*,*,#10481,.T.);
#10481 = EDGE_CURVE('',#10461,#10439,#10482,.T.);
#10482 = SURFACE_CURVE('',#10483,(#10488,#10495),.PCURVE_S1.);
#10483 = CIRCLE('',#10484,6.);
#10484 = AXIS2_PLACEMENT_3D('',#10485,#10486,#10487);
#10485 = CARTESIAN_POINT('',(38.,9.5,-10.474));
#10486 = DIRECTION('',(0.,0.,-1.));
#10487 = DIRECTION('',(1.,0.,0.));
#10488 = PCURVE('',#7819,#10489);
#10489 = DEFINITIONAL_REPRESENTATION('',(#10490),#10494);
#10490 = LINE('',#10491,#10492);
#10491 = CARTESIAN_POINT('',(-0.,-7.474));
#10492 = VECTOR('',#10493,1.);
#10493 = DIRECTION('',(-1.,0.));
#10494 = ( GEOMETRIC_REPRESENTATION_CONTEXT(2) 
PARAMETRIC_REPRESENTATION_CONTEXT() REPRESENTATION_CONTEXT('2D SPACE',''
  ) );
#10495 = PCURVE('',#10496,#10501);
#10496 = PLANE('',#10497);
#10497 = AXIS2_PLACEMENT_3D('',#10498,#10499,#10500);
#10498 = CARTESIAN_POINT('',(38.,9.5,-10.474));
#10499 = DIRECTION('',(0.,0.,-1.));
#10500 = DIRECTION('',(1.,0.,0.));
#10501 = DEFINITIONAL_REPRESENTATION('',(#10502),#10506);
#10502 = CIRCLE('',#10503,6.);
#10503 = AXIS2_PLACEMENT_2D('',#10504,#10505);
#10504 = CARTESIAN_POINT('',(4.558133775131E-16,1.70226710729E-17));
#10505 = DIRECTION('',(1.,0.));
#10506 = ( GEOMETRIC_REPRESENTATION_CONTEXT(2) 
PARAMETRIC_REPRESENTATION_CONTEXT() REPRESENTATION_CONTEXT('2D SPACE',''
  ) );
#10507 = ADVANCED_FACE('',(#10508),#8203,.T.);
#10508 = FACE_BOUND('',#10509,.F.);
#10509 = EDGE_LOOP('',(#10510,#10531,#10532,#10553));
#10510 = ORIENTED_EDGE('',*,*,#10511,.T.);
#10511 = EDGE_CURVE('',#10512,#8183,#10514,.T.);
#10512 = VERTEX_POINT('',#10513);
#10513 = CARTESIAN_POINT('',(37.,15.4160797831,-10.474));
#10514 = SURFACE_CURVE('',#10515,(#10519,#10525),.PCURVE_S1.);
#10515 = LINE('',#10516,#10517);
#10516 = CARTESIAN_POINT('',(37.,15.4160797831,-3.));
#10517 = VECTOR('',#10518,1.);
#10518 = DIRECTION('',(-0.,-0.,1.));
#10519 = PCURVE('',#8203,#10520);
#10520 = DEFINITIONAL_REPRESENTATION('',(#10521),#10524);
#10521 = B_SPLINE_CURVE_WITH_KNOTS('',1,(#10522,#10523),.UNSPECIFIED.,
  .F.,.F.,(2,2),(-7.4740006,5.999999999062E-07),
  .PIECEWISE_BEZIER_KNOTS.);
#10522 = CARTESIAN_POINT('',(-4.544940901165,-7.4740006));
#10523 = CARTESIAN_POINT('',(-4.544940901165,5.999999999062E-07));
#10524 = ( GEOMETRIC_REPRESENTATION_CONTEXT(2) 
PARAMETRIC_REPRESENTATION_CONTEXT() REPRESENTATION_CONTEXT('2D SPACE',''
  ) );
#10525 = PCURVE('',#8231,#10526);
#10526 = DEFINITIONAL_REPRESENTATION('',(#10527),#10530);
#10527 = B_SPLINE_CURVE_WITH_KNOTS('',1,(#10528,#10529),.UNSPECIFIED.,
  .F.,.F.,(2,2),(-7.4740006,5.999999999062E-07),
  .PIECEWISE_BEZIER_KNOTS.);
#10528 = CARTESIAN_POINT('',(8.392021690038E-02,-7.4740006));
#10529 = CARTESIAN_POINT('',(8.392021690038E-02,5.999999999062E-07));
#10530 = ( GEOMETRIC_REPRESENTATION_CONTEXT(2) 
PARAMETRIC_REPRESENTATION_CONTEXT() REPRESENTATION_CONTEXT('2D SPACE',''
  ) );
#10531 = ORIENTED_EDGE('',*,*,#8182,.F.);
#10532 = ORIENTED_EDGE('',*,*,#10533,.F.);
#10533 = EDGE_CURVE('',#10534,#8155,#10536,.T.);
#10534 = VERTEX_POINT('',#10535);
#10535 = CARTESIAN_POINT('',(32.0839202169,10.5,-10.474));
#10536 = SURFACE_CURVE('',#10537,(#10541,#10547),.PCURVE_S1.);
#10537 = LINE('',#10538,#10539);
#10538 = CARTESIAN_POINT('',(32.0839202169,10.5,-3.));
#10539 = VECTOR('',#10540,1.);
#10540 = DIRECTION('',(-0.,-0.,1.));
#10541 = PCURVE('',#8203,#10542);
#10542 = DEFINITIONAL_REPRESENTATION('',(#10543),#10546);
#10543 = B_SPLINE_CURVE_WITH_KNOTS('',1,(#10544,#10545),.UNSPECIFIED.,
  .F.,.F.,(2,2),(-7.4740006,5.999999999062E-07),
  .PIECEWISE_BEZIER_KNOTS.);
#10544 = CARTESIAN_POINT('',(-3.309040732809,-7.4740006));
#10545 = CARTESIAN_POINT('',(-3.309040732809,5.999999999062E-07));
#10546 = ( GEOMETRIC_REPRESENTATION_CONTEXT(2) 
PARAMETRIC_REPRESENTATION_CONTEXT() REPRESENTATION_CONTEXT('2D SPACE',''
  ) );
#10547 = PCURVE('',#8170,#10548);
#10548 = DEFINITIONAL_REPRESENTATION('',(#10549),#10552);
#10549 = B_SPLINE_CURVE_WITH_KNOTS('',1,(#10550,#10551),.UNSPECIFIED.,
  .F.,.F.,(2,2),(-7.4740006,5.999999999062E-07),
  .PIECEWISE_BEZIER_KNOTS.);
#10550 = CARTESIAN_POINT('',(8.392021690038E-02,-7.4740006));
#10551 = CARTESIAN_POINT('',(8.392021690038E-02,5.999999999062E-07));
#10552 = ( GEOMETRIC_REPRESENTATION_CONTEXT(2) 
PARAMETRIC_REPRESENTATION_CONTEXT() REPRESENTATION_CONTEXT('2D SPACE',''
  ) );
#10553 = ORIENTED_EDGE('',*,*,#10554,.T.);
#10554 = EDGE_CURVE('',#10534,#10512,#10555,.T.);
#10555 = SURFACE_CURVE('',#10556,(#10561,#10568),.PCURVE_S1.);
#10556 = CIRCLE('',#10557,6.);
#10557 = AXIS2_PLACEMENT_3D('',#10558,#10559,#10560);
#10558 = CARTESIAN_POINT('',(38.,9.5,-10.474));
#10559 = DIRECTION('',(0.,0.,-1.));
#10560 = DIRECTION('',(1.,0.,0.));
#10561 = PCURVE('',#8203,#10562);
#10562 = DEFINITIONAL_REPRESENTATION('',(#10563),#10567);
#10563 = LINE('',#10564,#10565);
#10564 = CARTESIAN_POINT('',(-0.,-7.474));
#10565 = VECTOR('',#10566,1.);
#10566 = DIRECTION('',(-1.,0.));
#10567 = ( GEOMETRIC_REPRESENTATION_CONTEXT(2) 
PARAMETRIC_REPRESENTATION_CONTEXT() REPRESENTATION_CONTEXT('2D SPACE',''
  ) );
#10568 = PCURVE('',#10569,#10574);
#10569 = PLANE('',#10570);
#10570 = AXIS2_PLACEMENT_3D('',#10571,#10572,#10573);
#10571 = CARTESIAN_POINT('',(38.,9.5,-10.474));
#10572 = DIRECTION('',(0.,0.,-1.));
#10573 = DIRECTION('',(1.,0.,0.));
#10574 = DEFINITIONAL_REPRESENTATION('',(#10575),#10579);
#10575 = CIRCLE('',#10576,6.);
#10576 = AXIS2_PLACEMENT_2D('',#10577,#10578);
#10577 = CARTESIAN_POINT('',(4.558133775131E-16,1.70226710729E-17));
#10578 = DIRECTION('',(1.,0.));
#10579 = ( GEOMETRIC_REPRESENTATION_CONTEXT(2) 
PARAMETRIC_REPRESENTATION_CONTEXT() REPRESENTATION_CONTEXT('2D SPACE',''
  ) );
#10580 = ADVANCED_FACE('',(#10581),#8086,.T.);
#10581 = FACE_BOUND('',#10582,.F.);
#10582 = EDGE_LOOP('',(#10583,#10584,#10605,#10634));
#10583 = ORIENTED_EDGE('',*,*,#8065,.F.);
#10584 = ORIENTED_EDGE('',*,*,#10585,.F.);
#10585 = EDGE_CURVE('',#10586,#8038,#10588,.T.);
#10586 = VERTEX_POINT('',#10587);
#10587 = CARTESIAN_POINT('',(37.,3.5839202169,-10.474));
#10588 = SURFACE_CURVE('',#10589,(#10593,#10599),.PCURVE_S1.);
#10589 = LINE('',#10590,#10591);
#10590 = CARTESIAN_POINT('',(37.,3.5839202169,-3.));
#10591 = VECTOR('',#10592,1.);
#10592 = DIRECTION('',(-0.,-0.,1.));
#10593 = PCURVE('',#8086,#10594);
#10594 = DEFINITIONAL_REPRESENTATION('',(#10595),#10598);
#10595 = B_SPLINE_CURVE_WITH_KNOTS('',1,(#10596,#10597),.UNSPECIFIED.,
  .F.,.F.,(2,2),(-7.4740006,5.999999999062E-07),
  .PIECEWISE_BEZIER_KNOTS.);
#10596 = CARTESIAN_POINT('',(-1.738244406015,-7.4740006));
#10597 = CARTESIAN_POINT('',(-1.738244406015,5.999999999062E-07));
#10598 = ( GEOMETRIC_REPRESENTATION_CONTEXT(2) 
PARAMETRIC_REPRESENTATION_CONTEXT() REPRESENTATION_CONTEXT('2D SPACE',''
  ) );
#10599 = PCURVE('',#8053,#10600);
#10600 = DEFINITIONAL_REPRESENTATION('',(#10601),#10604);
#10601 = B_SPLINE_CURVE_WITH_KNOTS('',1,(#10602,#10603),.UNSPECIFIED.,
  .F.,.F.,(2,2),(-7.4740006,5.999999999062E-07),
  .PIECEWISE_BEZIER_KNOTS.);
#10602 = CARTESIAN_POINT('',(4.9160797831,-7.4740006));
#10603 = CARTESIAN_POINT('',(4.9160797831,5.999999999062E-07));
#10604 = ( GEOMETRIC_REPRESENTATION_CONTEXT(2) 
PARAMETRIC_REPRESENTATION_CONTEXT() REPRESENTATION_CONTEXT('2D SPACE',''
  ) );
#10605 = ORIENTED_EDGE('',*,*,#10606,.T.);
#10606 = EDGE_CURVE('',#10586,#10607,#10609,.T.);
#10607 = VERTEX_POINT('',#10608);
#10608 = CARTESIAN_POINT('',(32.0839202169,8.5,-10.474));
#10609 = SURFACE_CURVE('',#10610,(#10615,#10622),.PCURVE_S1.);
#10610 = CIRCLE('',#10611,6.);
#10611 = AXIS2_PLACEMENT_3D('',#10612,#10613,#10614);
#10612 = CARTESIAN_POINT('',(38.,9.5,-10.474));
#10613 = DIRECTION('',(0.,0.,-1.));
#10614 = DIRECTION('',(1.,0.,0.));
#10615 = PCURVE('',#8086,#10616);
#10616 = DEFINITIONAL_REPRESENTATION('',(#10617),#10621);
#10617 = LINE('',#10618,#10619);
#10618 = CARTESIAN_POINT('',(-0.,-7.474));
#10619 = VECTOR('',#10620,1.);
#10620 = DIRECTION('',(-1.,0.));
#10621 = ( GEOMETRIC_REPRESENTATION_CONTEXT(2) 
PARAMETRIC_REPRESENTATION_CONTEXT() REPRESENTATION_CONTEXT('2D SPACE',''
  ) );
#10622 = PCURVE('',#10623,#10628);
#10623 = PLANE('',#10624);
#10624 = AXIS2_PLACEMENT_3D('',#10625,#10626,#10627);
#10625 = CARTESIAN_POINT('',(38.,9.5,-10.474));
#10626 = DIRECTION('',(0.,0.,-1.));
#10627 = DIRECTION('',(1.,0.,0.));
#10628 = DEFINITIONAL_REPRESENTATION('',(#10629),#10633);
#10629 = CIRCLE('',#10630,6.);
#10630 = AXIS2_PLACEMENT_2D('',#10631,#10632);
#10631 = CARTESIAN_POINT('',(4.558133775131E-16,1.70226710729E-17));
#10632 = DIRECTION('',(1.,0.));
#10633 = ( GEOMETRIC_REPRESENTATION_CONTEXT(2) 
PARAMETRIC_REPRESENTATION_CONTEXT() REPRESENTATION_CONTEXT('2D SPACE',''
  ) );
#10634 = ORIENTED_EDGE('',*,*,#10635,.T.);
#10635 = EDGE_CURVE('',#10607,#8066,#10636,.T.);
#10636 = SURFACE_CURVE('',#10637,(#10641,#10647),.PCURVE_S1.);
#10637 = LINE('',#10638,#10639);
#10638 = CARTESIAN_POINT('',(32.0839202169,8.5,-3.));
#10639 = VECTOR('',#10640,1.);
#10640 = DIRECTION('',(-0.,-0.,1.));
#10641 = PCURVE('',#8086,#10642);
#10642 = DEFINITIONAL_REPRESENTATION('',(#10643),#10646);
#10643 = B_SPLINE_CURVE_WITH_KNOTS('',1,(#10644,#10645),.UNSPECIFIED.,
  .F.,.F.,(2,2),(-7.4740006,5.999999999062E-07),
  .PIECEWISE_BEZIER_KNOTS.);
#10644 = CARTESIAN_POINT('',(-2.97414457437,-7.4740006));
#10645 = CARTESIAN_POINT('',(-2.97414457437,5.999999999062E-07));
#10646 = ( GEOMETRIC_REPRESENTATION_CONTEXT(2) 
PARAMETRIC_REPRESENTATION_CONTEXT() REPRESENTATION_CONTEXT('2D SPACE',''
  ) );
#10647 = PCURVE('',#8114,#10648);
#10648 = DEFINITIONAL_REPRESENTATION('',(#10649),#10652);
#10649 = B_SPLINE_CURVE_WITH_KNOTS('',1,(#10650,#10651),.UNSPECIFIED.,
  .F.,.F.,(2,2),(-7.4740006,5.999999999062E-07),
  .PIECEWISE_BEZIER_KNOTS.);
#10650 = CARTESIAN_POINT('',(8.392021690038E-02,-7.4740006));
#10651 = CARTESIAN_POINT('',(8.392021690038E-02,5.999999999062E-07));
#10652 = ( GEOMETRIC_REPRESENTATION_CONTEXT(2) 
PARAMETRIC_REPRESENTATION_CONTEXT() REPRESENTATION_CONTEXT('2D SPACE',''
  ) );
#10653 = ADVANCED_FACE('',(#10654),#7969,.T.);
#10654 = FACE_BOUND('',#10655,.F.);
#10655 = EDGE_LOOP('',(#10656,#10657,#10678,#10707));
#10656 = ORIENTED_EDGE('',*,*,#7948,.F.);
#10657 = ORIENTED_EDGE('',*,*,#10658,.F.);
#10658 = EDGE_CURVE('',#10659,#7921,#10661,.T.);
#10659 = VERTEX_POINT('',#10660);
#10660 = CARTESIAN_POINT('',(43.9160797831,8.5,-10.474));
#10661 = SURFACE_CURVE('',#10662,(#10666,#10672),.PCURVE_S1.);
#10662 = LINE('',#10663,#10664);
#10663 = CARTESIAN_POINT('',(43.9160797831,8.5,-3.));
#10664 = VECTOR('',#10665,1.);
#10665 = DIRECTION('',(-0.,-0.,1.));
#10666 = PCURVE('',#7969,#10667);
#10667 = DEFINITIONAL_REPRESENTATION('',(#10668),#10671);
#10668 = B_SPLINE_CURVE_WITH_KNOTS('',1,(#10669,#10670),.UNSPECIFIED.,
  .F.,.F.,(2,2),(-7.4740006,5.999999999062E-07),
  .PIECEWISE_BEZIER_KNOTS.);
#10669 = CARTESIAN_POINT('',(-0.16744807922,-7.4740006));
#10670 = CARTESIAN_POINT('',(-0.16744807922,5.999999999062E-07));
#10671 = ( GEOMETRIC_REPRESENTATION_CONTEXT(2) 
PARAMETRIC_REPRESENTATION_CONTEXT() REPRESENTATION_CONTEXT('2D SPACE',''
  ) );
#10672 = PCURVE('',#7936,#10673);
#10673 = DEFINITIONAL_REPRESENTATION('',(#10674),#10677);
#10674 = B_SPLINE_CURVE_WITH_KNOTS('',1,(#10675,#10676),.UNSPECIFIED.,
  .F.,.F.,(2,2),(-7.4740006,5.999999999062E-07),
  .PIECEWISE_BEZIER_KNOTS.);
#10675 = CARTESIAN_POINT('',(4.9160797831,-7.4740006));
#10676 = CARTESIAN_POINT('',(4.9160797831,5.999999999062E-07));
#10677 = ( GEOMETRIC_REPRESENTATION_CONTEXT(2) 
PARAMETRIC_REPRESENTATION_CONTEXT() REPRESENTATION_CONTEXT('2D SPACE',''
  ) );
#10678 = ORIENTED_EDGE('',*,*,#10679,.T.);
#10679 = EDGE_CURVE('',#10659,#10680,#10682,.T.);
#10680 = VERTEX_POINT('',#10681);
#10681 = CARTESIAN_POINT('',(39.,3.5839202169,-10.474));
#10682 = SURFACE_CURVE('',#10683,(#10688,#10695),.PCURVE_S1.);
#10683 = CIRCLE('',#10684,6.);
#10684 = AXIS2_PLACEMENT_3D('',#10685,#10686,#10687);
#10685 = CARTESIAN_POINT('',(38.,9.5,-10.474));
#10686 = DIRECTION('',(0.,0.,-1.));
#10687 = DIRECTION('',(1.,0.,0.));
#10688 = PCURVE('',#7969,#10689);
#10689 = DEFINITIONAL_REPRESENTATION('',(#10690),#10694);
#10690 = LINE('',#10691,#10692);
#10691 = CARTESIAN_POINT('',(-0.,-7.474));
#10692 = VECTOR('',#10693,1.);
#10693 = DIRECTION('',(-1.,0.));
#10694 = ( GEOMETRIC_REPRESENTATION_CONTEXT(2) 
PARAMETRIC_REPRESENTATION_CONTEXT() REPRESENTATION_CONTEXT('2D SPACE',''
  ) );
#10695 = PCURVE('',#10696,#10701);
#10696 = PLANE('',#10697);
#10697 = AXIS2_PLACEMENT_3D('',#10698,#10699,#10700);
#10698 = CARTESIAN_POINT('',(38.,9.5,-10.474));
#10699 = DIRECTION('',(0.,0.,-1.));
#10700 = DIRECTION('',(1.,0.,0.));
#10701 = DEFINITIONAL_REPRESENTATION('',(#10702),#10706);
#10702 = CIRCLE('',#10703,6.);
#10703 = AXIS2_PLACEMENT_2D('',#10704,#10705);
#10704 = CARTESIAN_POINT('',(4.558133775131E-16,1.70226710729E-17));
#10705 = DIRECTION('',(1.,0.));
#10706 = ( GEOMETRIC_REPRESENTATION_CONTEXT(2) 
PARAMETRIC_REPRESENTATION_CONTEXT() REPRESENTATION_CONTEXT('2D SPACE',''
  ) );
#10707 = ORIENTED_EDGE('',*,*,#10708,.T.);
#10708 = EDGE_CURVE('',#10680,#7949,#10709,.T.);
#10709 = SURFACE_CURVE('',#10710,(#10714,#10720),.PCURVE_S1.);
#10710 = LINE('',#10711,#10712);
#10711 = CARTESIAN_POINT('',(39.,3.5839202169,-3.));
#10712 = VECTOR('',#10713,1.);
#10713 = DIRECTION('',(-0.,-0.,1.));
#10714 = PCURVE('',#7969,#10715);
#10715 = DEFINITIONAL_REPRESENTATION('',(#10716),#10719);
#10716 = B_SPLINE_CURVE_WITH_KNOTS('',1,(#10717,#10718),.UNSPECIFIED.,
  .F.,.F.,(2,2),(-7.4740006,5.999999999062E-07),
  .PIECEWISE_BEZIER_KNOTS.);
#10717 = CARTESIAN_POINT('',(-1.403348247575,-7.4740006));
#10718 = CARTESIAN_POINT('',(-1.403348247575,5.999999999062E-07));
#10719 = ( GEOMETRIC_REPRESENTATION_CONTEXT(2) 
PARAMETRIC_REPRESENTATION_CONTEXT() REPRESENTATION_CONTEXT('2D SPACE',''
  ) );
#10720 = PCURVE('',#7997,#10721);
#10721 = DEFINITIONAL_REPRESENTATION('',(#10722),#10725);
#10722 = B_SPLINE_CURVE_WITH_KNOTS('',1,(#10723,#10724),.UNSPECIFIED.,
  .F.,.F.,(2,2),(-7.4740006,5.999999999062E-07),
  .PIECEWISE_BEZIER_KNOTS.);
#10723 = CARTESIAN_POINT('',(4.9160797831,-7.4740006));
#10724 = CARTESIAN_POINT('',(4.9160797831,5.999999999062E-07));
#10725 = ( GEOMETRIC_REPRESENTATION_CONTEXT(2) 
PARAMETRIC_REPRESENTATION_CONTEXT() REPRESENTATION_CONTEXT('2D SPACE',''
  ) );
#10726 = ADVANCED_FACE('',(#10727),#7782,.T.);
#10727 = FACE_BOUND('',#10728,.F.);
#10728 = EDGE_LOOP('',(#10729,#10752,#10779,#10780));
#10729 = ORIENTED_EDGE('',*,*,#10730,.T.);
#10730 = EDGE_CURVE('',#7762,#10731,#10733,.T.);
#10731 = VERTEX_POINT('',#10732);
#10732 = CARTESIAN_POINT('',(55.,13.5,-14.824));
#10733 = SEAM_CURVE('',#10734,(#10738,#10745),.PCURVE_S1.);
#10734 = LINE('',#10735,#10736);
#10735 = CARTESIAN_POINT('',(55.,13.5,-3.));
#10736 = VECTOR('',#10737,1.);
#10737 = DIRECTION('',(-0.,-0.,-1.));
#10738 = PCURVE('',#7782,#10739);
#10739 = DEFINITIONAL_REPRESENTATION('',(#10740),#10744);
#10740 = LINE('',#10741,#10742);
#10741 = CARTESIAN_POINT('',(-0.,0.));
#10742 = VECTOR('',#10743,1.);
#10743 = DIRECTION('',(-0.,-1.));
#10744 = ( GEOMETRIC_REPRESENTATION_CONTEXT(2) 
PARAMETRIC_REPRESENTATION_CONTEXT() REPRESENTATION_CONTEXT('2D SPACE',''
  ) );
#10745 = PCURVE('',#7782,#10746);
#10746 = DEFINITIONAL_REPRESENTATION('',(#10747),#10751);
#10747 = LINE('',#10748,#10749);
#10748 = CARTESIAN_POINT('',(-6.28318530718,0.));
#10749 = VECTOR('',#10750,1.);
#10750 = DIRECTION('',(-0.,-1.));
#10751 = ( GEOMETRIC_REPRESENTATION_CONTEXT(2) 
PARAMETRIC_REPRESENTATION_CONTEXT() REPRESENTATION_CONTEXT('2D SPACE',''
  ) );
#10752 = ORIENTED_EDGE('',*,*,#10753,.T.);
#10753 = EDGE_CURVE('',#10731,#10731,#10754,.T.);
#10754 = SURFACE_CURVE('',#10755,(#10760,#10767),.PCURVE_S1.);
#10755 = CIRCLE('',#10756,2.5);
#10756 = AXIS2_PLACEMENT_3D('',#10757,#10758,#10759);
#10757 = CARTESIAN_POINT('',(52.5,13.5,-14.824));
#10758 = DIRECTION('',(0.,0.,-1.));
#10759 = DIRECTION('',(1.,0.,0.));
#10760 = PCURVE('',#7782,#10761);
#10761 = DEFINITIONAL_REPRESENTATION('',(#10762),#10766);
#10762 = LINE('',#10763,#10764);
#10763 = CARTESIAN_POINT('',(-0.,-11.824));
#10764 = VECTOR('',#10765,1.);
#10765 = DIRECTION('',(-1.,0.));
#10766 = ( GEOMETRIC_REPRESENTATION_CONTEXT(2) 
PARAMETRIC_REPRESENTATION_CONTEXT() REPRESENTATION_CONTEXT('2D SPACE',''
  ) );
#10767 = PCURVE('',#10768,#10773);
#10768 = PLANE('',#10769);
#10769 = AXIS2_PLACEMENT_3D('',#10770,#10771,#10772);
#10770 = CARTESIAN_POINT('',(52.5,13.5,-14.824));
#10771 = DIRECTION('',(0.,0.,-1.));
#10772 = DIRECTION('',(1.,0.,0.));
#10773 = DEFINITIONAL_REPRESENTATION('',(#10774),#10778);
#10774 = CIRCLE('',#10775,2.5);
#10775 = AXIS2_PLACEMENT_2D('',#10776,#10777);
#10776 = CARTESIAN_POINT('',(1.367440132539E-16,-3.4690113325E-17));
#10777 = DIRECTION('',(1.,0.));
#10778 = ( GEOMETRIC_REPRESENTATION_CONTEXT(2) 
PARAMETRIC_REPRESENTATION_CONTEXT() REPRESENTATION_CONTEXT('2D SPACE',''
  ) );
#10779 = ORIENTED_EDGE('',*,*,#10730,.F.);
#10780 = ORIENTED_EDGE('',*,*,#7761,.F.);
#10781 = ADVANCED_FACE('',(#10782),#7358,.F.);
#10782 = FACE_BOUND('',#10783,.F.);
#10783 = EDGE_LOOP('',(#10784,#10805,#10833,#10852,#10853,#10874,#10902,
    #10921,#10922,#10943,#10971,#10990,#10991,#11012,#11040,#11059,
    #11060,#11083,#11109,#11110));
#10784 = ORIENTED_EDGE('',*,*,#10785,.F.);
#10785 = EDGE_CURVE('',#10786,#7314,#10788,.T.);
#10786 = VERTEX_POINT('',#10787);
#10787 = CARTESIAN_POINT('',(52.898979485566,2.,-10.474));
#10788 = SURFACE_CURVE('',#10789,(#10793,#10799),.PCURVE_S1.);
#10789 = LINE('',#10790,#10791);
#10790 = CARTESIAN_POINT('',(52.898979485566,2.,-3.));
#10791 = VECTOR('',#10792,1.);
#10792 = DIRECTION('',(-0.,0.,1.));
#10793 = PCURVE('',#7358,#10794);
#10794 = DEFINITIONAL_REPRESENTATION('',(#10795),#10798);
#10795 = B_SPLINE_CURVE_WITH_KNOTS('',1,(#10796,#10797),.UNSPECIFIED.,
  .F.,.F.,(2,2),(-7.4740006,0.7474),.PIECEWISE_BEZIER_KNOTS.);
#10796 = CARTESIAN_POINT('',(0.20135792079,-7.4740006));
#10797 = CARTESIAN_POINT('',(0.20135792079,0.7474));
#10798 = ( GEOMETRIC_REPRESENTATION_CONTEXT(2) 
PARAMETRIC_REPRESENTATION_CONTEXT() REPRESENTATION_CONTEXT('2D SPACE',''
  ) );
#10799 = PCURVE('',#7329,#10800);
#10800 = DEFINITIONAL_REPRESENTATION('',(#10801),#10804);
#10801 = B_SPLINE_CURVE_WITH_KNOTS('',1,(#10802,#10803),.UNSPECIFIED.,
  .F.,.F.,(2,2),(-7.4740006,0.7474),.PIECEWISE_BEZIER_KNOTS.);
#10802 = CARTESIAN_POINT('',(3.898979485566,-7.4740006));
#10803 = CARTESIAN_POINT('',(3.898979485566,0.7474));
#10804 = ( GEOMETRIC_REPRESENTATION_CONTEXT(2) 
PARAMETRIC_REPRESENTATION_CONTEXT() REPRESENTATION_CONTEXT('2D SPACE',''
  ) );
#10805 = ORIENTED_EDGE('',*,*,#10806,.T.);
#10806 = EDGE_CURVE('',#10786,#10807,#10809,.T.);
#10807 = VERTEX_POINT('',#10808);
#10808 = CARTESIAN_POINT('',(49.,5.898979485566,-10.474));
#10809 = SURFACE_CURVE('',#10810,(#10815,#10822),.PCURVE_S1.);
#10810 = CIRCLE('',#10811,5.);
#10811 = AXIS2_PLACEMENT_3D('',#10812,#10813,#10814);
#10812 = CARTESIAN_POINT('',(48.,1.,-10.474));
#10813 = DIRECTION('',(-0.,0.,1.));
#10814 = DIRECTION('',(1.,3.10862446895E-16,0.));
#10815 = PCURVE('',#7358,#10816);
#10816 = DEFINITIONAL_REPRESENTATION('',(#10817),#10821);
#10817 = LINE('',#10818,#10819);
#10818 = CARTESIAN_POINT('',(0.,-7.474));
#10819 = VECTOR('',#10820,1.);
#10820 = DIRECTION('',(1.,0.));
#10821 = ( GEOMETRIC_REPRESENTATION_CONTEXT(2) 
PARAMETRIC_REPRESENTATION_CONTEXT() REPRESENTATION_CONTEXT('2D SPACE',''
  ) );
#10822 = PCURVE('',#10204,#10823);
#10823 = DEFINITIONAL_REPRESENTATION('',(#10824),#10832);
#10824 = ( BOUNDED_CURVE() B_SPLINE_CURVE(2,(#10825,#10826,#10827,#10828
    ,#10829,#10830,#10831),.UNSPECIFIED.,.T.,.F.) 
B_SPLINE_CURVE_WITH_KNOTS((1,2,2,2,2,1),(-2.094395102393,0.,
    2.094395102393,4.188790204786,6.28318530718,8.377580409573),
.UNSPECIFIED.) CURVE() GEOMETRIC_REPRESENTATION_ITEM() 
RATIONAL_B_SPLINE_CURVE((1.,0.5,1.,0.5,1.,0.5,1.)) REPRESENTATION_ITEM(
  '') );
#10825 = CARTESIAN_POINT('',(5.,-1.315244958477E-15));
#10826 = CARTESIAN_POINT('',(5.,-8.660254037844));
#10827 = CARTESIAN_POINT('',(-2.5,-4.330127018922));
#10828 = CARTESIAN_POINT('',(-10.,2.123044945801E-15));
#10829 = CARTESIAN_POINT('',(-2.5,4.330127018922));
#10830 = CARTESIAN_POINT('',(5.,8.660254037844));
#10831 = CARTESIAN_POINT('',(5.,-1.315244958477E-15));
#10832 = ( GEOMETRIC_REPRESENTATION_CONTEXT(2) 
PARAMETRIC_REPRESENTATION_CONTEXT() REPRESENTATION_CONTEXT('2D SPACE',''
  ) );
#10833 = ORIENTED_EDGE('',*,*,#10834,.T.);
#10834 = EDGE_CURVE('',#10807,#7710,#10835,.T.);
#10835 = SURFACE_CURVE('',#10836,(#10840,#10846),.PCURVE_S1.);
#10836 = LINE('',#10837,#10838);
#10837 = CARTESIAN_POINT('',(49.,5.898979485566,-3.));
#10838 = VECTOR('',#10839,1.);
#10839 = DIRECTION('',(-0.,0.,1.));
#10840 = PCURVE('',#7358,#10841);
#10841 = DEFINITIONAL_REPRESENTATION('',(#10842),#10845);
#10842 = B_SPLINE_CURVE_WITH_KNOTS('',1,(#10843,#10844),.UNSPECIFIED.,
  .F.,.F.,(2,2),(-7.4740006,0.7474),.PIECEWISE_BEZIER_KNOTS.);
#10843 = CARTESIAN_POINT('',(1.369438406005,-7.4740006));
#10844 = CARTESIAN_POINT('',(1.369438406005,0.7474));
#10845 = ( GEOMETRIC_REPRESENTATION_CONTEXT(2) 
PARAMETRIC_REPRESENTATION_CONTEXT() REPRESENTATION_CONTEXT('2D SPACE',''
  ) );
#10846 = PCURVE('',#7747,#10847);
#10847 = DEFINITIONAL_REPRESENTATION('',(#10848),#10851);
#10848 = B_SPLINE_CURVE_WITH_KNOTS('',1,(#10849,#10850),.UNSPECIFIED.,
  .F.,.F.,(2,2),(-7.4740006,0.7474),.PIECEWISE_BEZIER_KNOTS.);
#10849 = CARTESIAN_POINT('',(1.101020514434,-7.4740006));
#10850 = CARTESIAN_POINT('',(1.101020514434,0.7474));
#10851 = ( GEOMETRIC_REPRESENTATION_CONTEXT(2) 
PARAMETRIC_REPRESENTATION_CONTEXT() REPRESENTATION_CONTEXT('2D SPACE',''
  ) );
#10852 = ORIENTED_EDGE('',*,*,#7709,.T.);
#10853 = ORIENTED_EDGE('',*,*,#10854,.F.);
#10854 = EDGE_CURVE('',#10855,#7682,#10857,.T.);
#10855 = VERTEX_POINT('',#10856);
#10856 = CARTESIAN_POINT('',(47.,5.898979485566,-10.474));
#10857 = SURFACE_CURVE('',#10858,(#10862,#10868),.PCURVE_S1.);
#10858 = LINE('',#10859,#10860);
#10859 = CARTESIAN_POINT('',(47.,5.898979485566,-3.));
#10860 = VECTOR('',#10861,1.);
#10861 = DIRECTION('',(-0.,0.,1.));
#10862 = PCURVE('',#7358,#10863);
#10863 = DEFINITIONAL_REPRESENTATION('',(#10864),#10867);
#10864 = B_SPLINE_CURVE_WITH_KNOTS('',1,(#10865,#10866),.UNSPECIFIED.,
  .F.,.F.,(2,2),(-7.4740006,0.7474),.PIECEWISE_BEZIER_KNOTS.);
#10865 = CARTESIAN_POINT('',(1.772154247585,-7.4740006));
#10866 = CARTESIAN_POINT('',(1.772154247585,0.7474));
#10867 = ( GEOMETRIC_REPRESENTATION_CONTEXT(2) 
PARAMETRIC_REPRESENTATION_CONTEXT() REPRESENTATION_CONTEXT('2D SPACE',''
  ) );
#10868 = PCURVE('',#7697,#10869);
#10869 = DEFINITIONAL_REPRESENTATION('',(#10870),#10873);
#10870 = B_SPLINE_CURVE_WITH_KNOTS('',1,(#10871,#10872),.UNSPECIFIED.,
  .F.,.F.,(2,2),(-7.4740006,0.7474),.PIECEWISE_BEZIER_KNOTS.);
#10871 = CARTESIAN_POINT('',(1.101020514434,-7.4740006));
#10872 = CARTESIAN_POINT('',(1.101020514434,0.7474));
#10873 = ( GEOMETRIC_REPRESENTATION_CONTEXT(2) 
PARAMETRIC_REPRESENTATION_CONTEXT() REPRESENTATION_CONTEXT('2D SPACE',''
  ) );
#10874 = ORIENTED_EDGE('',*,*,#10875,.T.);
#10875 = EDGE_CURVE('',#10855,#10876,#10878,.T.);
#10876 = VERTEX_POINT('',#10877);
#10877 = CARTESIAN_POINT('',(43.101020514434,2.,-10.474));
#10878 = SURFACE_CURVE('',#10879,(#10884,#10891),.PCURVE_S1.);
#10879 = CIRCLE('',#10880,5.);
#10880 = AXIS2_PLACEMENT_3D('',#10881,#10882,#10883);
#10881 = CARTESIAN_POINT('',(48.,1.,-10.474));
#10882 = DIRECTION('',(-0.,0.,1.));
#10883 = DIRECTION('',(1.,3.10862446895E-16,0.));
#10884 = PCURVE('',#7358,#10885);
#10885 = DEFINITIONAL_REPRESENTATION('',(#10886),#10890);
#10886 = LINE('',#10887,#10888);
#10887 = CARTESIAN_POINT('',(0.,-7.474));
#10888 = VECTOR('',#10889,1.);
#10889 = DIRECTION('',(1.,0.));
#10890 = ( GEOMETRIC_REPRESENTATION_CONTEXT(2) 
PARAMETRIC_REPRESENTATION_CONTEXT() REPRESENTATION_CONTEXT('2D SPACE',''
  ) );
#10891 = PCURVE('',#10277,#10892);
#10892 = DEFINITIONAL_REPRESENTATION('',(#10893),#10901);
#10893 = ( BOUNDED_CURVE() B_SPLINE_CURVE(2,(#10894,#10895,#10896,#10897
    ,#10898,#10899,#10900),.UNSPECIFIED.,.T.,.F.) 
B_SPLINE_CURVE_WITH_KNOTS((1,2,2,2,2,1),(-2.094395102393,0.,
    2.094395102393,4.188790204786,6.28318530718,8.377580409573),
.UNSPECIFIED.) CURVE() GEOMETRIC_REPRESENTATION_ITEM() 
RATIONAL_B_SPLINE_CURVE((1.,0.5,1.,0.5,1.,0.5,1.)) REPRESENTATION_ITEM(
  '') );
#10894 = CARTESIAN_POINT('',(5.,-1.315244958477E-15));
#10895 = CARTESIAN_POINT('',(5.,-8.660254037844));
#10896 = CARTESIAN_POINT('',(-2.5,-4.330127018922));
#10897 = CARTESIAN_POINT('',(-10.,2.123044945801E-15));
#10898 = CARTESIAN_POINT('',(-2.5,4.330127018922));
#10899 = CARTESIAN_POINT('',(5.,8.660254037844));
#10900 = CARTESIAN_POINT('',(5.,-1.315244958477E-15));
#10901 = ( GEOMETRIC_REPRESENTATION_CONTEXT(2) 
PARAMETRIC_REPRESENTATION_CONTEXT() REPRESENTATION_CONTEXT('2D SPACE',''
  ) );
#10902 = ORIENTED_EDGE('',*,*,#10903,.T.);
#10903 = EDGE_CURVE('',#10876,#7597,#10904,.T.);
#10904 = SURFACE_CURVE('',#10905,(#10909,#10915),.PCURVE_S1.);
#10905 = LINE('',#10906,#10907);
#10906 = CARTESIAN_POINT('',(43.101020514434,2.,-3.));
#10907 = VECTOR('',#10908,1.);
#10908 = DIRECTION('',(-0.,0.,1.));
#10909 = PCURVE('',#7358,#10910);
#10910 = DEFINITIONAL_REPRESENTATION('',(#10911),#10914);
#10911 = B_SPLINE_CURVE_WITH_KNOTS('',1,(#10912,#10913),.UNSPECIFIED.,
  .F.,.F.,(2,2),(-7.4740006,0.7474),.PIECEWISE_BEZIER_KNOTS.);
#10912 = CARTESIAN_POINT('',(2.940234732799,-7.4740006));
#10913 = CARTESIAN_POINT('',(2.940234732799,0.7474));
#10914 = ( GEOMETRIC_REPRESENTATION_CONTEXT(2) 
PARAMETRIC_REPRESENTATION_CONTEXT() REPRESENTATION_CONTEXT('2D SPACE',''
  ) );
#10915 = PCURVE('',#7636,#10916);
#10916 = DEFINITIONAL_REPRESENTATION('',(#10917),#10920);
#10917 = B_SPLINE_CURVE_WITH_KNOTS('',1,(#10918,#10919),.UNSPECIFIED.,
  .F.,.F.,(2,2),(-7.4740006,0.7474),.PIECEWISE_BEZIER_KNOTS.);
#10918 = CARTESIAN_POINT('',(1.101020514434,-7.4740006));
#10919 = CARTESIAN_POINT('',(1.101020514434,0.7474));
#10920 = ( GEOMETRIC_REPRESENTATION_CONTEXT(2) 
PARAMETRIC_REPRESENTATION_CONTEXT() REPRESENTATION_CONTEXT('2D SPACE',''
  ) );
#10921 = ORIENTED_EDGE('',*,*,#7596,.T.);
#10922 = ORIENTED_EDGE('',*,*,#10923,.F.);
#10923 = EDGE_CURVE('',#10924,#7569,#10926,.T.);
#10924 = VERTEX_POINT('',#10925);
#10925 = CARTESIAN_POINT('',(43.101020514434,-1.227906665235E-13,-10.474
    ));
#10926 = SURFACE_CURVE('',#10927,(#10931,#10937),.PCURVE_S1.);
#10927 = LINE('',#10928,#10929);
#10928 = CARTESIAN_POINT('',(43.101020514434,-2.22044604925E-16,-3.));
#10929 = VECTOR('',#10930,1.);
#10930 = DIRECTION('',(-0.,0.,1.));
#10931 = PCURVE('',#7358,#10932);
#10932 = DEFINITIONAL_REPRESENTATION('',(#10933),#10936);
#10933 = B_SPLINE_CURVE_WITH_KNOTS('',1,(#10934,#10935),.UNSPECIFIED.,
  .F.,.F.,(2,2),(-7.4740006,0.7474),.PIECEWISE_BEZIER_KNOTS.);
#10934 = CARTESIAN_POINT('',(3.34295057438,-7.4740006));
#10935 = CARTESIAN_POINT('',(3.34295057438,0.7474));
#10936 = ( GEOMETRIC_REPRESENTATION_CONTEXT(2) 
PARAMETRIC_REPRESENTATION_CONTEXT() REPRESENTATION_CONTEXT('2D SPACE',''
  ) );
#10937 = PCURVE('',#7584,#10938);
#10938 = DEFINITIONAL_REPRESENTATION('',(#10939),#10942);
#10939 = B_SPLINE_CURVE_WITH_KNOTS('',1,(#10940,#10941),.UNSPECIFIED.,
  .F.,.F.,(2,2),(-7.4740006,0.7474),.PIECEWISE_BEZIER_KNOTS.);
#10940 = CARTESIAN_POINT('',(1.101020514434,-7.4740006));
#10941 = CARTESIAN_POINT('',(1.101020514434,0.7474));
#10942 = ( GEOMETRIC_REPRESENTATION_CONTEXT(2) 
PARAMETRIC_REPRESENTATION_CONTEXT() REPRESENTATION_CONTEXT('2D SPACE',''
  ) );
#10943 = ORIENTED_EDGE('',*,*,#10944,.T.);
#10944 = EDGE_CURVE('',#10924,#10945,#10947,.T.);
#10945 = VERTEX_POINT('',#10946);
#10946 = CARTESIAN_POINT('',(47.,-3.898979485566,-10.474));
#10947 = SURFACE_CURVE('',#10948,(#10953,#10960),.PCURVE_S1.);
#10948 = CIRCLE('',#10949,5.);
#10949 = AXIS2_PLACEMENT_3D('',#10950,#10951,#10952);
#10950 = CARTESIAN_POINT('',(48.,1.,-10.474));
#10951 = DIRECTION('',(-0.,0.,1.));
#10952 = DIRECTION('',(1.,3.10862446895E-16,0.));
#10953 = PCURVE('',#7358,#10954);
#10954 = DEFINITIONAL_REPRESENTATION('',(#10955),#10959);
#10955 = LINE('',#10956,#10957);
#10956 = CARTESIAN_POINT('',(0.,-7.474));
#10957 = VECTOR('',#10958,1.);
#10958 = DIRECTION('',(1.,0.));
#10959 = ( GEOMETRIC_REPRESENTATION_CONTEXT(2) 
PARAMETRIC_REPRESENTATION_CONTEXT() REPRESENTATION_CONTEXT('2D SPACE',''
  ) );
#10960 = PCURVE('',#10331,#10961);
#10961 = DEFINITIONAL_REPRESENTATION('',(#10962),#10970);
#10962 = ( BOUNDED_CURVE() B_SPLINE_CURVE(2,(#10963,#10964,#10965,#10966
    ,#10967,#10968,#10969),.UNSPECIFIED.,.T.,.F.) 
B_SPLINE_CURVE_WITH_KNOTS((1,2,2,2,2,1),(-2.094395102393,0.,
    2.094395102393,4.188790204786,6.28318530718,8.377580409573),
.UNSPECIFIED.) CURVE() GEOMETRIC_REPRESENTATION_ITEM() 
RATIONAL_B_SPLINE_CURVE((1.,0.5,1.,0.5,1.,0.5,1.)) REPRESENTATION_ITEM(
  '') );
#10963 = CARTESIAN_POINT('',(5.,-1.315244958477E-15));
#10964 = CARTESIAN_POINT('',(5.,-8.660254037844));
#10965 = CARTESIAN_POINT('',(-2.5,-4.330127018922));
#10966 = CARTESIAN_POINT('',(-10.,2.123044945801E-15));
#10967 = CARTESIAN_POINT('',(-2.5,4.330127018922));
#10968 = CARTESIAN_POINT('',(5.,8.660254037844));
#10969 = CARTESIAN_POINT('',(5.,-1.315244958477E-15));
#10970 = ( GEOMETRIC_REPRESENTATION_CONTEXT(2) 
PARAMETRIC_REPRESENTATION_CONTEXT() REPRESENTATION_CONTEXT('2D SPACE',''
  ) );
#10971 = ORIENTED_EDGE('',*,*,#10972,.T.);
#10972 = EDGE_CURVE('',#10945,#7484,#10973,.T.);
#10973 = SURFACE_CURVE('',#10974,(#10978,#10984),.PCURVE_S1.);
#10974 = LINE('',#10975,#10976);
#10975 = CARTESIAN_POINT('',(47.,-3.898979485566,-3.));
#10976 = VECTOR('',#10977,1.);
#10977 = DIRECTION('',(-0.,0.,1.));
#10978 = PCURVE('',#7358,#10979);
#10979 = DEFINITIONAL_REPRESENTATION('',(#10980),#10983);
#10980 = B_SPLINE_CURVE_WITH_KNOTS('',1,(#10981,#10982),.UNSPECIFIED.,
  .F.,.F.,(2,2),(-7.4740006,0.7474),.PIECEWISE_BEZIER_KNOTS.);
#10981 = CARTESIAN_POINT('',(4.511031059594,-7.4740006));
#10982 = CARTESIAN_POINT('',(4.511031059594,0.7474));
#10983 = ( GEOMETRIC_REPRESENTATION_CONTEXT(2) 
PARAMETRIC_REPRESENTATION_CONTEXT() REPRESENTATION_CONTEXT('2D SPACE',''
  ) );
#10984 = PCURVE('',#7523,#10985);
#10985 = DEFINITIONAL_REPRESENTATION('',(#10986),#10989);
#10986 = B_SPLINE_CURVE_WITH_KNOTS('',1,(#10987,#10988),.UNSPECIFIED.,
  .F.,.F.,(2,2),(-7.4740006,0.7474),.PIECEWISE_BEZIER_KNOTS.);
#10987 = CARTESIAN_POINT('',(3.898979485566,-7.4740006));
#10988 = CARTESIAN_POINT('',(3.898979485566,0.7474));
#10989 = ( GEOMETRIC_REPRESENTATION_CONTEXT(2) 
PARAMETRIC_REPRESENTATION_CONTEXT() REPRESENTATION_CONTEXT('2D SPACE',''
  ) );
#10990 = ORIENTED_EDGE('',*,*,#7483,.T.);
#10991 = ORIENTED_EDGE('',*,*,#10992,.F.);
#10992 = EDGE_CURVE('',#10993,#7456,#10995,.T.);
#10993 = VERTEX_POINT('',#10994);
#10994 = CARTESIAN_POINT('',(49.,-3.898979485566,-10.474));
#10995 = SURFACE_CURVE('',#10996,(#11000,#11006),.PCURVE_S1.);
#10996 = LINE('',#10997,#10998);
#10997 = CARTESIAN_POINT('',(49.,-3.898979485566,-3.));
#10998 = VECTOR('',#10999,1.);
#10999 = DIRECTION('',(-0.,0.,1.));
#11000 = PCURVE('',#7358,#11001);
#11001 = DEFINITIONAL_REPRESENTATION('',(#11002),#11005);
#11002 = B_SPLINE_CURVE_WITH_KNOTS('',1,(#11003,#11004),.UNSPECIFIED.,
  .F.,.F.,(2,2),(-7.4740006,0.7474),.PIECEWISE_BEZIER_KNOTS.);
#11003 = CARTESIAN_POINT('',(4.913746901175,-7.4740006));
#11004 = CARTESIAN_POINT('',(4.913746901175,0.7474));
#11005 = ( GEOMETRIC_REPRESENTATION_CONTEXT(2) 
PARAMETRIC_REPRESENTATION_CONTEXT() REPRESENTATION_CONTEXT('2D SPACE',''
  ) );
#11006 = PCURVE('',#7471,#11007);
#11007 = DEFINITIONAL_REPRESENTATION('',(#11008),#11011);
#11008 = B_SPLINE_CURVE_WITH_KNOTS('',1,(#11009,#11010),.UNSPECIFIED.,
  .F.,.F.,(2,2),(-7.4740006,0.7474),.PIECEWISE_BEZIER_KNOTS.);
#11009 = CARTESIAN_POINT('',(3.898979485566,-7.4740006));
#11010 = CARTESIAN_POINT('',(3.898979485566,0.7474));
#11011 = ( GEOMETRIC_REPRESENTATION_CONTEXT(2) 
PARAMETRIC_REPRESENTATION_CONTEXT() REPRESENTATION_CONTEXT('2D SPACE',''
  ) );
#11012 = ORIENTED_EDGE('',*,*,#11013,.T.);
#11013 = EDGE_CURVE('',#10993,#11014,#11016,.T.);
#11014 = VERTEX_POINT('',#11015);
#11015 = CARTESIAN_POINT('',(52.898979485566,-6.350475700856E-14,-10.474
    ));
#11016 = SURFACE_CURVE('',#11017,(#11022,#11029),.PCURVE_S1.);
#11017 = CIRCLE('',#11018,5.);
#11018 = AXIS2_PLACEMENT_3D('',#11019,#11020,#11021);
#11019 = CARTESIAN_POINT('',(48.,1.,-10.474));
#11020 = DIRECTION('',(-0.,0.,1.));
#11021 = DIRECTION('',(1.,3.10862446895E-16,0.));
#11022 = PCURVE('',#7358,#11023);
#11023 = DEFINITIONAL_REPRESENTATION('',(#11024),#11028);
#11024 = LINE('',#11025,#11026);
#11025 = CARTESIAN_POINT('',(0.,-7.474));
#11026 = VECTOR('',#11027,1.);
#11027 = DIRECTION('',(1.,0.));
#11028 = ( GEOMETRIC_REPRESENTATION_CONTEXT(2) 
PARAMETRIC_REPRESENTATION_CONTEXT() REPRESENTATION_CONTEXT('2D SPACE',''
  ) );
#11029 = PCURVE('',#10404,#11030);
#11030 = DEFINITIONAL_REPRESENTATION('',(#11031),#11039);
#11031 = ( BOUNDED_CURVE() B_SPLINE_CURVE(2,(#11032,#11033,#11034,#11035
    ,#11036,#11037,#11038),.UNSPECIFIED.,.T.,.F.) 
B_SPLINE_CURVE_WITH_KNOTS((1,2,2,2,2,1),(-2.094395102393,0.,
    2.094395102393,4.188790204786,6.28318530718,8.377580409573),
.UNSPECIFIED.) CURVE() GEOMETRIC_REPRESENTATION_ITEM() 
RATIONAL_B_SPLINE_CURVE((1.,0.5,1.,0.5,1.,0.5,1.)) REPRESENTATION_ITEM(
  '') );
#11032 = CARTESIAN_POINT('',(5.,-1.315244958477E-15));
#11033 = CARTESIAN_POINT('',(5.,-8.660254037844));
#11034 = CARTESIAN_POINT('',(-2.5,-4.330127018922));
#11035 = CARTESIAN_POINT('',(-10.,2.123044945801E-15));
#11036 = CARTESIAN_POINT('',(-2.5,4.330127018922));
#11037 = CARTESIAN_POINT('',(5.,8.660254037844));
#11038 = CARTESIAN_POINT('',(5.,-1.315244958477E-15));
#11039 = ( GEOMETRIC_REPRESENTATION_CONTEXT(2) 
PARAMETRIC_REPRESENTATION_CONTEXT() REPRESENTATION_CONTEXT('2D SPACE',''
  ) );
#11040 = ORIENTED_EDGE('',*,*,#11041,.T.);
#11041 = EDGE_CURVE('',#11014,#7371,#11042,.T.);
#11042 = SURFACE_CURVE('',#11043,(#11047,#11053),.PCURVE_S1.);
#11043 = LINE('',#11044,#11045);
#11044 = CARTESIAN_POINT('',(52.898979485566,-2.22044604925E-16,-3.));
#11045 = VECTOR('',#11046,1.);
#11046 = DIRECTION('',(-0.,0.,1.));
#11047 = PCURVE('',#7358,#11048);
#11048 = DEFINITIONAL_REPRESENTATION('',(#11049),#11052);
#11049 = B_SPLINE_CURVE_WITH_KNOTS('',1,(#11050,#11051),.UNSPECIFIED.,
  .F.,.F.,(2,2),(-7.4740006,0.7474),.PIECEWISE_BEZIER_KNOTS.);
#11050 = CARTESIAN_POINT('',(6.081827386389,-7.4740006));
#11051 = CARTESIAN_POINT('',(6.081827386389,0.7474));
#11052 = ( GEOMETRIC_REPRESENTATION_CONTEXT(2) 
PARAMETRIC_REPRESENTATION_CONTEXT() REPRESENTATION_CONTEXT('2D SPACE',''
  ) );
#11053 = PCURVE('',#7410,#11054);
#11054 = DEFINITIONAL_REPRESENTATION('',(#11055),#11058);
#11055 = B_SPLINE_CURVE_WITH_KNOTS('',1,(#11056,#11057),.UNSPECIFIED.,
  .F.,.F.,(2,2),(-7.4740006,0.7474),.PIECEWISE_BEZIER_KNOTS.);
#11056 = CARTESIAN_POINT('',(3.898979485566,-7.4740006));
#11057 = CARTESIAN_POINT('',(3.898979485566,0.7474));
#11058 = ( GEOMETRIC_REPRESENTATION_CONTEXT(2) 
PARAMETRIC_REPRESENTATION_CONTEXT() REPRESENTATION_CONTEXT('2D SPACE',''
  ) );
#11059 = ORIENTED_EDGE('',*,*,#7370,.T.);
#11060 = ORIENTED_EDGE('',*,*,#11061,.F.);
#11061 = EDGE_CURVE('',#11062,#7342,#11064,.T.);
#11062 = VERTEX_POINT('',#11063);
#11063 = CARTESIAN_POINT('',(53.,1.,0.));
#11064 = SEAM_CURVE('',#11065,(#11069,#11076),.PCURVE_S1.);
#11065 = LINE('',#11066,#11067);
#11066 = CARTESIAN_POINT('',(53.,1.,0.));
#11067 = VECTOR('',#11068,1.);
#11068 = DIRECTION('',(0.,1.271975968637E-16,-1.));
#11069 = PCURVE('',#7358,#11070);
#11070 = DEFINITIONAL_REPRESENTATION('',(#11071),#11075);
#11071 = LINE('',#11072,#11073);
#11072 = CARTESIAN_POINT('',(0.,3.));
#11073 = VECTOR('',#11074,1.);
#11074 = DIRECTION('',(-0.,-1.));
#11075 = ( GEOMETRIC_REPRESENTATION_CONTEXT(2) 
PARAMETRIC_REPRESENTATION_CONTEXT() REPRESENTATION_CONTEXT('2D SPACE',''
  ) );
#11076 = PCURVE('',#7358,#11077);
#11077 = DEFINITIONAL_REPRESENTATION('',(#11078),#11082);
#11078 = LINE('',#11079,#11080);
#11079 = CARTESIAN_POINT('',(6.28318530718,3.));
#11080 = VECTOR('',#11081,1.);
#11081 = DIRECTION('',(-0.,-1.));
#11082 = ( GEOMETRIC_REPRESENTATION_CONTEXT(2) 
PARAMETRIC_REPRESENTATION_CONTEXT() REPRESENTATION_CONTEXT('2D SPACE',''
  ) );
#11083 = ORIENTED_EDGE('',*,*,#11084,.T.);
#11084 = EDGE_CURVE('',#11062,#11062,#11085,.T.);
#11085 = SURFACE_CURVE('',#11086,(#11091,#11098),.PCURVE_S1.);
#11086 = CIRCLE('',#11087,5.);
#11087 = AXIS2_PLACEMENT_3D('',#11088,#11089,#11090);
#11088 = CARTESIAN_POINT('',(48.,1.,0.));
#11089 = DIRECTION('',(0.,0.,-1.));
#11090 = DIRECTION('',(1.,0.,0.));
#11091 = PCURVE('',#7358,#11092);
#11092 = DEFINITIONAL_REPRESENTATION('',(#11093),#11097);
#11093 = LINE('',#11094,#11095);
#11094 = CARTESIAN_POINT('',(6.28318530718,3.));
#11095 = VECTOR('',#11096,1.);
#11096 = DIRECTION('',(-1.,-0.));
#11097 = ( GEOMETRIC_REPRESENTATION_CONTEXT(2) 
PARAMETRIC_REPRESENTATION_CONTEXT() REPRESENTATION_CONTEXT('2D SPACE',''
  ) );
#11098 = PCURVE('',#8880,#11099);
#11099 = DEFINITIONAL_REPRESENTATION('',(#11100),#11108);
#11100 = ( BOUNDED_CURVE() B_SPLINE_CURVE(2,(#11101,#11102,#11103,#11104
    ,#11105,#11106,#11107),.UNSPECIFIED.,.T.,.F.) 
B_SPLINE_CURVE_WITH_KNOTS((1,2,2,2,2,1),(-2.094395102393,0.,
    2.094395102393,4.188790204786,6.28318530718,8.377580409573),
.UNSPECIFIED.) CURVE() GEOMETRIC_REPRESENTATION_ITEM() 
RATIONAL_B_SPLINE_CURVE((1.,0.5,1.,0.5,1.,0.5,1.)) REPRESENTATION_ITEM(
  '') );
#11101 = CARTESIAN_POINT('',(120.5,27.5));
#11102 = CARTESIAN_POINT('',(120.5,18.839745962156));
#11103 = CARTESIAN_POINT('',(113.,23.169872981078));
#11104 = CARTESIAN_POINT('',(105.5,27.5));
#11105 = CARTESIAN_POINT('',(113.,31.830127018922));
#11106 = CARTESIAN_POINT('',(120.5,36.160254037844));
#11107 = CARTESIAN_POINT('',(120.5,27.5));
#11108 = ( GEOMETRIC_REPRESENTATION_CONTEXT(2) 
PARAMETRIC_REPRESENTATION_CONTEXT() REPRESENTATION_CONTEXT('2D SPACE',''
  ) );
#11109 = ORIENTED_EDGE('',*,*,#11061,.T.);
#11110 = ORIENTED_EDGE('',*,*,#7341,.T.);
#11111 = ADVANCED_FACE('',(#11112),#7410,.F.);
#11112 = FACE_BOUND('',#11113,.F.);
#11113 = EDGE_LOOP('',(#11114,#11115,#11116,#11137));
#11114 = ORIENTED_EDGE('',*,*,#7394,.F.);
#11115 = ORIENTED_EDGE('',*,*,#11041,.F.);
#11116 = ORIENTED_EDGE('',*,*,#11117,.T.);
#11117 = EDGE_CURVE('',#11014,#10367,#11118,.T.);
#11118 = SURFACE_CURVE('',#11119,(#11123,#11130),.PCURVE_S1.);
#11119 = LINE('',#11120,#11121);
#11120 = CARTESIAN_POINT('',(48.,-2.22044604925E-16,-10.474));
#11121 = VECTOR('',#11122,1.);
#11122 = DIRECTION('',(1.,0.,0.));
#11123 = PCURVE('',#7410,#11124);
#11124 = DEFINITIONAL_REPRESENTATION('',(#11125),#11129);
#11125 = LINE('',#11126,#11127);
#11126 = CARTESIAN_POINT('',(-1.,-7.474));
#11127 = VECTOR('',#11128,1.);
#11128 = DIRECTION('',(1.,0.));
#11129 = ( GEOMETRIC_REPRESENTATION_CONTEXT(2) 
PARAMETRIC_REPRESENTATION_CONTEXT() REPRESENTATION_CONTEXT('2D SPACE',''
  ) );
#11130 = PCURVE('',#10404,#11131);
#11131 = DEFINITIONAL_REPRESENTATION('',(#11132),#11136);
#11132 = LINE('',#11133,#11134);
#11133 = CARTESIAN_POINT('',(4.558133775131E-16,1.));
#11134 = VECTOR('',#11135,1.);
#11135 = DIRECTION('',(1.,0.));
#11136 = ( GEOMETRIC_REPRESENTATION_CONTEXT(2) 
PARAMETRIC_REPRESENTATION_CONTEXT() REPRESENTATION_CONTEXT('2D SPACE',''
  ) );
#11137 = ORIENTED_EDGE('',*,*,#10366,.T.);
#11138 = ADVANCED_FACE('',(#11139),#7329,.T.);
#11139 = FACE_BOUND('',#11140,.T.);
#11140 = EDGE_LOOP('',(#11141,#11142,#11143,#11164));
#11141 = ORIENTED_EDGE('',*,*,#7313,.F.);
#11142 = ORIENTED_EDGE('',*,*,#10785,.F.);
#11143 = ORIENTED_EDGE('',*,*,#11144,.T.);
#11144 = EDGE_CURVE('',#10786,#10147,#11145,.T.);
#11145 = SURFACE_CURVE('',#11146,(#11150,#11157),.PCURVE_S1.);
#11146 = LINE('',#11147,#11148);
#11147 = CARTESIAN_POINT('',(48.,2.,-10.474));
#11148 = VECTOR('',#11149,1.);
#11149 = DIRECTION('',(1.,0.,0.));
#11150 = PCURVE('',#7329,#11151);
#11151 = DEFINITIONAL_REPRESENTATION('',(#11152),#11156);
#11152 = LINE('',#11153,#11154);
#11153 = CARTESIAN_POINT('',(-1.,-7.474));
#11154 = VECTOR('',#11155,1.);
#11155 = DIRECTION('',(1.,0.));
#11156 = ( GEOMETRIC_REPRESENTATION_CONTEXT(2) 
PARAMETRIC_REPRESENTATION_CONTEXT() REPRESENTATION_CONTEXT('2D SPACE',''
  ) );
#11157 = PCURVE('',#10204,#11158);
#11158 = DEFINITIONAL_REPRESENTATION('',(#11159),#11163);
#11159 = LINE('',#11160,#11161);
#11160 = CARTESIAN_POINT('',(4.558133775131E-16,-1.));
#11161 = VECTOR('',#11162,1.);
#11162 = DIRECTION('',(1.,0.));
#11163 = ( GEOMETRIC_REPRESENTATION_CONTEXT(2) 
PARAMETRIC_REPRESENTATION_CONTEXT() REPRESENTATION_CONTEXT('2D SPACE',''
  ) );
#11164 = ORIENTED_EDGE('',*,*,#10146,.T.);
#11165 = ADVANCED_FACE('',(#11166),#8318,.F.);
#11166 = FACE_BOUND('',#11167,.F.);
#11167 = EDGE_LOOP('',(#11168,#11198,#11226,#11254,#11282,#11310,#11338,
    #11359,#11360,#11361,#11362,#11363,#11364,#11365,#11366,#11367,
    #11368,#11369,#11370,#11393));
#11168 = ORIENTED_EDGE('',*,*,#11169,.F.);
#11169 = EDGE_CURVE('',#11170,#11172,#11174,.T.);
#11170 = VERTEX_POINT('',#11171);
#11171 = CARTESIAN_POINT('',(-67.5,-16.071,-12.824));
#11172 = VERTEX_POINT('',#11173);
#11173 = CARTESIAN_POINT('',(-67.5,16.071,-12.824));
#11174 = SURFACE_CURVE('',#11175,(#11179,#11186),.PCURVE_S1.);
#11175 = LINE('',#11176,#11177);
#11176 = CARTESIAN_POINT('',(-67.5,-26.5,-12.824));
#11177 = VECTOR('',#11178,1.);
#11178 = DIRECTION('',(0.,1.,0.));
#11179 = PCURVE('',#8318,#11180);
#11180 = DEFINITIONAL_REPRESENTATION('',(#11181),#11185);
#11181 = LINE('',#11182,#11183);
#11182 = CARTESIAN_POINT('',(0.,0.));
#11183 = VECTOR('',#11184,1.);
#11184 = DIRECTION('',(0.,1.));
#11185 = ( GEOMETRIC_REPRESENTATION_CONTEXT(2) 
PARAMETRIC_REPRESENTATION_CONTEXT() REPRESENTATION_CONTEXT('2D SPACE',''
  ) );
#11186 = PCURVE('',#11187,#11192);
#11187 = PLANE('',#11188);
#11188 = AXIS2_PLACEMENT_3D('',#11189,#11190,#11191);
#11189 = CARTESIAN_POINT('',(-67.5,-26.5,-12.824));
#11190 = DIRECTION('',(1.,0.,0.));
#11191 = DIRECTION('',(0.,0.,1.));
#11192 = DEFINITIONAL_REPRESENTATION('',(#11193),#11197);
#11193 = LINE('',#11194,#11195);
#11194 = CARTESIAN_POINT('',(0.,0.));
#11195 = VECTOR('',#11196,1.);
#11196 = DIRECTION('',(0.,-1.));
#11197 = ( GEOMETRIC_REPRESENTATION_CONTEXT(2) 
PARAMETRIC_REPRESENTATION_CONTEXT() REPRESENTATION_CONTEXT('2D SPACE',''
  ) );
#11198 = ORIENTED_EDGE('',*,*,#11199,.T.);
#11199 = EDGE_CURVE('',#11170,#11200,#11202,.T.);
#11200 = VERTEX_POINT('',#11201);
#11201 = CARTESIAN_POINT('',(-57.071,-26.5,-12.824));
#11202 = SURFACE_CURVE('',#11203,(#11207,#11214),.PCURVE_S1.);
#11203 = LINE('',#11204,#11205);
#11204 = CARTESIAN_POINT('',(-62.2855,-21.2855,-12.824));
#11205 = VECTOR('',#11206,1.);
#11206 = DIRECTION('',(0.707106781187,-0.707106781187,0.));
#11207 = PCURVE('',#8318,#11208);
#11208 = DEFINITIONAL_REPRESENTATION('',(#11209),#11213);
#11209 = LINE('',#11210,#11211);
#11210 = CARTESIAN_POINT('',(5.2145,5.2145));
#11211 = VECTOR('',#11212,1.);
#11212 = DIRECTION('',(0.707106781187,-0.707106781187));
#11213 = ( GEOMETRIC_REPRESENTATION_CONTEXT(2) 
PARAMETRIC_REPRESENTATION_CONTEXT() REPRESENTATION_CONTEXT('2D SPACE',''
  ) );
#11214 = PCURVE('',#11215,#11220);
#11215 = PLANE('',#11216);
#11216 = AXIS2_PLACEMENT_3D('',#11217,#11218,#11219);
#11217 = CARTESIAN_POINT('',(-62.2855,-21.2855,-12.824));
#11218 = DIRECTION('',(-0.707106781187,-0.707106781187,0.));
#11219 = DIRECTION('',(-0.,-0.,-1.));
#11220 = DEFINITIONAL_REPRESENTATION('',(#11221),#11225);
#11221 = LINE('',#11222,#11223);
#11222 = CARTESIAN_POINT('',(-0.,0.));
#11223 = VECTOR('',#11224,1.);
#11224 = DIRECTION('',(-0.,1.));
#11225 = ( GEOMETRIC_REPRESENTATION_CONTEXT(2) 
PARAMETRIC_REPRESENTATION_CONTEXT() REPRESENTATION_CONTEXT('2D SPACE',''
  ) );
#11226 = ORIENTED_EDGE('',*,*,#11227,.T.);
#11227 = EDGE_CURVE('',#11200,#11228,#11230,.T.);
#11228 = VERTEX_POINT('',#11229);
#11229 = CARTESIAN_POINT('',(57.071,-26.5,-12.824));
#11230 = SURFACE_CURVE('',#11231,(#11235,#11242),.PCURVE_S1.);
#11231 = LINE('',#11232,#11233);
#11232 = CARTESIAN_POINT('',(-67.5,-26.5,-12.824));
#11233 = VECTOR('',#11234,1.);
#11234 = DIRECTION('',(1.,0.,0.));
#11235 = PCURVE('',#8318,#11236);
#11236 = DEFINITIONAL_REPRESENTATION('',(#11237),#11241);
#11237 = LINE('',#11238,#11239);
#11238 = CARTESIAN_POINT('',(0.,0.));
#11239 = VECTOR('',#11240,1.);
#11240 = DIRECTION('',(1.,0.));
#11241 = ( GEOMETRIC_REPRESENTATION_CONTEXT(2) 
PARAMETRIC_REPRESENTATION_CONTEXT() REPRESENTATION_CONTEXT('2D SPACE',''
  ) );
#11242 = PCURVE('',#11243,#11248);
#11243 = PLANE('',#11244);
#11244 = AXIS2_PLACEMENT_3D('',#11245,#11246,#11247);
#11245 = CARTESIAN_POINT('',(-67.5,-26.5,-12.824));
#11246 = DIRECTION('',(0.,1.,0.));
#11247 = DIRECTION('',(0.,0.,1.));
#11248 = DEFINITIONAL_REPRESENTATION('',(#11249),#11253);
#11249 = LINE('',#11250,#11251);
#11250 = CARTESIAN_POINT('',(0.,0.));
#11251 = VECTOR('',#11252,1.);
#11252 = DIRECTION('',(0.,1.));
#11253 = ( GEOMETRIC_REPRESENTATION_CONTEXT(2) 
PARAMETRIC_REPRESENTATION_CONTEXT() REPRESENTATION_CONTEXT('2D SPACE',''
  ) );
#11254 = ORIENTED_EDGE('',*,*,#11255,.F.);
#11255 = EDGE_CURVE('',#11256,#11228,#11258,.T.);
#11256 = VERTEX_POINT('',#11257);
#11257 = CARTESIAN_POINT('',(67.5,-16.071,-12.824));
#11258 = SURFACE_CURVE('',#11259,(#11263,#11270),.PCURVE_S1.);
#11259 = LINE('',#11260,#11261);
#11260 = CARTESIAN_POINT('',(28.5355,-55.0355,-12.824));
#11261 = VECTOR('',#11262,1.);
#11262 = DIRECTION('',(-0.707106781187,-0.707106781187,0.));
#11263 = PCURVE('',#8318,#11264);
#11264 = DEFINITIONAL_REPRESENTATION('',(#11265),#11269);
#11265 = LINE('',#11266,#11267);
#11266 = CARTESIAN_POINT('',(96.0355,-28.5355));
#11267 = VECTOR('',#11268,1.);
#11268 = DIRECTION('',(-0.707106781187,-0.707106781187));
#11269 = ( GEOMETRIC_REPRESENTATION_CONTEXT(2) 
PARAMETRIC_REPRESENTATION_CONTEXT() REPRESENTATION_CONTEXT('2D SPACE',''
  ) );
#11270 = PCURVE('',#11271,#11276);
#11271 = PLANE('',#11272);
#11272 = AXIS2_PLACEMENT_3D('',#11273,#11274,#11275);
#11273 = CARTESIAN_POINT('',(62.2855,-21.2855,-12.824));
#11274 = DIRECTION('',(-0.707106781187,0.707106781187,0.));
#11275 = DIRECTION('',(-0.,-0.,-1.));
#11276 = DEFINITIONAL_REPRESENTATION('',(#11277),#11281);
#11277 = LINE('',#11278,#11279);
#11278 = CARTESIAN_POINT('',(-0.,47.729707730092));
#11279 = VECTOR('',#11280,1.);
#11280 = DIRECTION('',(-0.,1.));
#11281 = ( GEOMETRIC_REPRESENTATION_CONTEXT(2) 
PARAMETRIC_REPRESENTATION_CONTEXT() REPRESENTATION_CONTEXT('2D SPACE',''
  ) );
#11282 = ORIENTED_EDGE('',*,*,#11283,.T.);
#11283 = EDGE_CURVE('',#11256,#11284,#11286,.T.);
#11284 = VERTEX_POINT('',#11285);
#11285 = CARTESIAN_POINT('',(67.5,16.071,-12.824));
#11286 = SURFACE_CURVE('',#11287,(#11291,#11298),.PCURVE_S1.);
#11287 = LINE('',#11288,#11289);
#11288 = CARTESIAN_POINT('',(67.5,-26.5,-12.824));
#11289 = VECTOR('',#11290,1.);
#11290 = DIRECTION('',(0.,1.,0.));
#11291 = PCURVE('',#8318,#11292);
#11292 = DEFINITIONAL_REPRESENTATION('',(#11293),#11297);
#11293 = LINE('',#11294,#11295);
#11294 = CARTESIAN_POINT('',(135.,0.));
#11295 = VECTOR('',#11296,1.);
#11296 = DIRECTION('',(0.,1.));
#11297 = ( GEOMETRIC_REPRESENTATION_CONTEXT(2) 
PARAMETRIC_REPRESENTATION_CONTEXT() REPRESENTATION_CONTEXT('2D SPACE',''
  ) );
#11298 = PCURVE('',#11299,#11304);
#11299 = PLANE('',#11300);
#11300 = AXIS2_PLACEMENT_3D('',#11301,#11302,#11303);
#11301 = CARTESIAN_POINT('',(67.5,-26.5,-12.824));
#11302 = DIRECTION('',(1.,0.,0.));
#11303 = DIRECTION('',(0.,0.,1.));
#11304 = DEFINITIONAL_REPRESENTATION('',(#11305),#11309);
#11305 = LINE('',#11306,#11307);
#11306 = CARTESIAN_POINT('',(0.,0.));
#11307 = VECTOR('',#11308,1.);
#11308 = DIRECTION('',(0.,-1.));
#11309 = ( GEOMETRIC_REPRESENTATION_CONTEXT(2) 
PARAMETRIC_REPRESENTATION_CONTEXT() REPRESENTATION_CONTEXT('2D SPACE',''
  ) );
#11310 = ORIENTED_EDGE('',*,*,#11311,.T.);
#11311 = EDGE_CURVE('',#11284,#11312,#11314,.T.);
#11312 = VERTEX_POINT('',#11313);
#11313 = CARTESIAN_POINT('',(57.071,26.5,-12.824));
#11314 = SURFACE_CURVE('',#11315,(#11319,#11326),.PCURVE_S1.);
#11315 = LINE('',#11316,#11317);
#11316 = CARTESIAN_POINT('',(41.7855,41.7855,-12.824));
#11317 = VECTOR('',#11318,1.);
#11318 = DIRECTION('',(-0.707106781187,0.707106781187,0.));
#11319 = PCURVE('',#8318,#11320);
#11320 = DEFINITIONAL_REPRESENTATION('',(#11321),#11325);
#11321 = LINE('',#11322,#11323);
#11322 = CARTESIAN_POINT('',(109.2855,68.2855));
#11323 = VECTOR('',#11324,1.);
#11324 = DIRECTION('',(-0.707106781187,0.707106781187));
#11325 = ( GEOMETRIC_REPRESENTATION_CONTEXT(2) 
PARAMETRIC_REPRESENTATION_CONTEXT() REPRESENTATION_CONTEXT('2D SPACE',''
  ) );
#11326 = PCURVE('',#11327,#11332);
#11327 = PLANE('',#11328);
#11328 = AXIS2_PLACEMENT_3D('',#11329,#11330,#11331);
#11329 = CARTESIAN_POINT('',(62.2855,21.2855,-12.824));
#11330 = DIRECTION('',(0.707106781187,0.707106781187,0.));
#11331 = DIRECTION('',(-0.,0.,-1.));
#11332 = DEFINITIONAL_REPRESENTATION('',(#11333),#11337);
#11333 = LINE('',#11334,#11335);
#11334 = CARTESIAN_POINT('',(-0.,28.991378028648));
#11335 = VECTOR('',#11336,1.);
#11336 = DIRECTION('',(-0.,1.));
#11337 = ( GEOMETRIC_REPRESENTATION_CONTEXT(2) 
PARAMETRIC_REPRESENTATION_CONTEXT() REPRESENTATION_CONTEXT('2D SPACE',''
  ) );
#11338 = ORIENTED_EDGE('',*,*,#11339,.F.);
#11339 = EDGE_CURVE('',#9209,#11312,#11340,.T.);
#11340 = SURFACE_CURVE('',#11341,(#11345,#11352),.PCURVE_S1.);
#11341 = LINE('',#11342,#11343);
#11342 = CARTESIAN_POINT('',(-67.5,26.5,-12.824));
#11343 = VECTOR('',#11344,1.);
#11344 = DIRECTION('',(1.,0.,0.));
#11345 = PCURVE('',#8318,#11346);
#11346 = DEFINITIONAL_REPRESENTATION('',(#11347),#11351);
#11347 = LINE('',#11348,#11349);
#11348 = CARTESIAN_POINT('',(0.,53.));
#11349 = VECTOR('',#11350,1.);
#11350 = DIRECTION('',(1.,0.));
#11351 = ( GEOMETRIC_REPRESENTATION_CONTEXT(2) 
PARAMETRIC_REPRESENTATION_CONTEXT() REPRESENTATION_CONTEXT('2D SPACE',''
  ) );
#11352 = PCURVE('',#9226,#11353);
#11353 = DEFINITIONAL_REPRESENTATION('',(#11354),#11358);
#11354 = LINE('',#11355,#11356);
#11355 = CARTESIAN_POINT('',(0.,0.));
#11356 = VECTOR('',#11357,1.);
#11357 = DIRECTION('',(0.,1.));
#11358 = ( GEOMETRIC_REPRESENTATION_CONTEXT(2) 
PARAMETRIC_REPRESENTATION_CONTEXT() REPRESENTATION_CONTEXT('2D SPACE',''
  ) );
#11359 = ORIENTED_EDGE('',*,*,#9238,.T.);
#11360 = ORIENTED_EDGE('',*,*,#9161,.T.);
#11361 = ORIENTED_EDGE('',*,*,#9087,.F.);
#11362 = ORIENTED_EDGE('',*,*,#8992,.F.);
#11363 = ORIENTED_EDGE('',*,*,#8895,.T.);
#11364 = ORIENTED_EDGE('',*,*,#8614,.F.);
#11365 = ORIENTED_EDGE('',*,*,#8466,.F.);
#11366 = ORIENTED_EDGE('',*,*,#8393,.T.);
#11367 = ORIENTED_EDGE('',*,*,#8300,.T.);
#11368 = ORIENTED_EDGE('',*,*,#8419,.T.);
#11369 = ORIENTED_EDGE('',*,*,#8543,.F.);
#11370 = ORIENTED_EDGE('',*,*,#11371,.F.);
#11371 = EDGE_CURVE('',#11372,#8514,#11374,.T.);
#11372 = VERTEX_POINT('',#11373);
#11373 = CARTESIAN_POINT('',(-57.071,26.5,-12.824));
#11374 = SURFACE_CURVE('',#11375,(#11379,#11386),.PCURVE_S1.);
#11375 = LINE('',#11376,#11377);
#11376 = CARTESIAN_POINT('',(-67.5,26.5,-12.824));
#11377 = VECTOR('',#11378,1.);
#11378 = DIRECTION('',(1.,0.,0.));
#11379 = PCURVE('',#8318,#11380);
#11380 = DEFINITIONAL_REPRESENTATION('',(#11381),#11385);
#11381 = LINE('',#11382,#11383);
#11382 = CARTESIAN_POINT('',(0.,53.));
#11383 = VECTOR('',#11384,1.);
#11384 = DIRECTION('',(1.,0.));
#11385 = ( GEOMETRIC_REPRESENTATION_CONTEXT(2) 
PARAMETRIC_REPRESENTATION_CONTEXT() REPRESENTATION_CONTEXT('2D SPACE',''
  ) );
#11386 = PCURVE('',#8531,#11387);
#11387 = DEFINITIONAL_REPRESENTATION('',(#11388),#11392);
#11388 = LINE('',#11389,#11390);
#11389 = CARTESIAN_POINT('',(0.,0.));
#11390 = VECTOR('',#11391,1.);
#11391 = DIRECTION('',(0.,1.));
#11392 = ( GEOMETRIC_REPRESENTATION_CONTEXT(2) 
PARAMETRIC_REPRESENTATION_CONTEXT() REPRESENTATION_CONTEXT('2D SPACE',''
  ) );
#11393 = ORIENTED_EDGE('',*,*,#11394,.F.);
#11394 = EDGE_CURVE('',#11172,#11372,#11395,.T.);
#11395 = SURFACE_CURVE('',#11396,(#11400,#11407),.PCURVE_S1.);
#11396 = LINE('',#11397,#11398);
#11397 = CARTESIAN_POINT('',(-75.5355,8.0355,-12.824));
#11398 = VECTOR('',#11399,1.);
#11399 = DIRECTION('',(0.707106781187,0.707106781187,-0.));
#11400 = PCURVE('',#8318,#11401);
#11401 = DEFINITIONAL_REPRESENTATION('',(#11402),#11406);
#11402 = LINE('',#11403,#11404);
#11403 = CARTESIAN_POINT('',(-8.0355,34.5355));
#11404 = VECTOR('',#11405,1.);
#11405 = DIRECTION('',(0.707106781187,0.707106781187));
#11406 = ( GEOMETRIC_REPRESENTATION_CONTEXT(2) 
PARAMETRIC_REPRESENTATION_CONTEXT() REPRESENTATION_CONTEXT('2D SPACE',''
  ) );
#11407 = PCURVE('',#11408,#11413);
#11408 = PLANE('',#11409);
#11409 = AXIS2_PLACEMENT_3D('',#11410,#11411,#11412);
#11410 = CARTESIAN_POINT('',(-62.2855,21.2855,-12.824));
#11411 = DIRECTION('',(0.707106781187,-0.707106781187,0.));
#11412 = DIRECTION('',(-0.,-0.,-1.));
#11413 = DEFINITIONAL_REPRESENTATION('',(#11414),#11418);
#11414 = LINE('',#11415,#11416);
#11415 = CARTESIAN_POINT('',(-0.,-18.73832970144));
#11416 = VECTOR('',#11417,1.);
#11417 = DIRECTION('',(-0.,1.));
#11418 = ( GEOMETRIC_REPRESENTATION_CONTEXT(2) 
PARAMETRIC_REPRESENTATION_CONTEXT() REPRESENTATION_CONTEXT('2D SPACE',''
  ) );
#11419 = ADVANCED_FACE('',(#11420),#8531,.T.);
#11420 = FACE_BOUND('',#11421,.T.);
#11421 = EDGE_LOOP('',(#11422,#11445,#11466,#11467));
#11422 = ORIENTED_EDGE('',*,*,#11423,.T.);
#11423 = EDGE_CURVE('',#11372,#11424,#11426,.T.);
#11424 = VERTEX_POINT('',#11425);
#11425 = CARTESIAN_POINT('',(-57.071,26.5,-3.));
#11426 = SURFACE_CURVE('',#11427,(#11431,#11438),.PCURVE_S1.);
#11427 = LINE('',#11428,#11429);
#11428 = CARTESIAN_POINT('',(-57.071,26.5,-12.824));
#11429 = VECTOR('',#11430,1.);
#11430 = DIRECTION('',(0.,0.,1.));
#11431 = PCURVE('',#8531,#11432);
#11432 = DEFINITIONAL_REPRESENTATION('',(#11433),#11437);
#11433 = LINE('',#11434,#11435);
#11434 = CARTESIAN_POINT('',(0.,10.429));
#11435 = VECTOR('',#11436,1.);
#11436 = DIRECTION('',(1.,0.));
#11437 = ( GEOMETRIC_REPRESENTATION_CONTEXT(2) 
PARAMETRIC_REPRESENTATION_CONTEXT() REPRESENTATION_CONTEXT('2D SPACE',''
  ) );
#11438 = PCURVE('',#11408,#11439);
#11439 = DEFINITIONAL_REPRESENTATION('',(#11440),#11444);
#11440 = LINE('',#11441,#11442);
#11441 = CARTESIAN_POINT('',(-0.,7.374416620995));
#11442 = VECTOR('',#11443,1.);
#11443 = DIRECTION('',(-1.,0.));
#11444 = ( GEOMETRIC_REPRESENTATION_CONTEXT(2) 
PARAMETRIC_REPRESENTATION_CONTEXT() REPRESENTATION_CONTEXT('2D SPACE',''
  ) );
#11445 = ORIENTED_EDGE('',*,*,#11446,.T.);
#11446 = EDGE_CURVE('',#11424,#8516,#11447,.T.);
#11447 = SURFACE_CURVE('',#11448,(#11452,#11459),.PCURVE_S1.);
#11448 = LINE('',#11449,#11450);
#11449 = CARTESIAN_POINT('',(-57.071,26.5,-3.));
#11450 = VECTOR('',#11451,1.);
#11451 = DIRECTION('',(1.,0.,0.));
#11452 = PCURVE('',#8531,#11453);
#11453 = DEFINITIONAL_REPRESENTATION('',(#11454),#11458);
#11454 = LINE('',#11455,#11456);
#11455 = CARTESIAN_POINT('',(9.824,10.429));
#11456 = VECTOR('',#11457,1.);
#11457 = DIRECTION('',(0.,1.));
#11458 = ( GEOMETRIC_REPRESENTATION_CONTEXT(2) 
PARAMETRIC_REPRESENTATION_CONTEXT() REPRESENTATION_CONTEXT('2D SPACE',''
  ) );
#11459 = PCURVE('',#8600,#11460);
#11460 = DEFINITIONAL_REPRESENTATION('',(#11461),#11465);
#11461 = LINE('',#11462,#11463);
#11462 = CARTESIAN_POINT('',(-0.,-2.12132034356));
#11463 = VECTOR('',#11464,1.);
#11464 = DIRECTION('',(-1.,0.));
#11465 = ( GEOMETRIC_REPRESENTATION_CONTEXT(2) 
PARAMETRIC_REPRESENTATION_CONTEXT() REPRESENTATION_CONTEXT('2D SPACE',''
  ) );
#11466 = ORIENTED_EDGE('',*,*,#8513,.F.);
#11467 = ORIENTED_EDGE('',*,*,#11371,.F.);
#11468 = ADVANCED_FACE('',(#11469),#8600,.T.);
#11469 = FACE_BOUND('',#11470,.F.);
#11470 = EDGE_LOOP('',(#11471,#11499,#11500,#11501));
#11471 = ORIENTED_EDGE('',*,*,#11472,.F.);
#11472 = EDGE_CURVE('',#11424,#11473,#11475,.T.);
#11473 = VERTEX_POINT('',#11474);
#11474 = CARTESIAN_POINT('',(-55.82835931288,23.5,-1.554312234475E-15));
#11475 = SURFACE_CURVE('',#11476,(#11480,#11487),.PCURVE_S1.);
#11476 = LINE('',#11477,#11478);
#11477 = CARTESIAN_POINT('',(-55.91612715245,23.711890308633,
    -0.211890308633));
#11478 = VECTOR('',#11479,1.);
#11479 = DIRECTION('',(0.281084637715,-0.678598344546,0.678598344546));
#11480 = PCURVE('',#8600,#11481);
#11481 = DEFINITIONAL_REPRESENTATION('',(#11482),#11486);
#11482 = LINE('',#11483,#11484);
#11483 = CARTESIAN_POINT('',(-1.154872847548,1.821662195356));
#11484 = VECTOR('',#11485,1.);
#11485 = DIRECTION('',(-0.281084637715,0.959682982261));
#11486 = ( GEOMETRIC_REPRESENTATION_CONTEXT(2) 
PARAMETRIC_REPRESENTATION_CONTEXT() REPRESENTATION_CONTEXT('2D SPACE',''
  ) );
#11487 = PCURVE('',#11488,#11493);
#11488 = PLANE('',#11489);
#11489 = AXIS2_PLACEMENT_3D('',#11490,#11491,#11492);
#11490 = CARTESIAN_POINT('',(-66.43933982822,15.01033982822,-1.5));
#11491 = DIRECTION('',(-0.5,0.5,0.707106781187));
#11492 = DIRECTION('',(-0.707106781187,-0.707106781187,-0.));
#11493 = DEFINITIONAL_REPRESENTATION('',(#11494),#11498);
#11494 = LINE('',#11495,#11496);
#11495 = CARTESIAN_POINT('',(-13.59396039444,1.821662195356));
#11496 = VECTOR('',#11497,1.);
#11497 = DIRECTION('',(0.281084637715,0.959682982261));
#11498 = ( GEOMETRIC_REPRESENTATION_CONTEXT(2) 
PARAMETRIC_REPRESENTATION_CONTEXT() REPRESENTATION_CONTEXT('2D SPACE',''
  ) );
#11499 = ORIENTED_EDGE('',*,*,#11446,.T.);
#11500 = ORIENTED_EDGE('',*,*,#8587,.F.);
#11501 = ORIENTED_EDGE('',*,*,#11502,.F.);
#11502 = EDGE_CURVE('',#11473,#8565,#11503,.T.);
#11503 = SURFACE_CURVE('',#11504,(#11508,#11515),.PCURVE_S1.);
#11504 = LINE('',#11505,#11506);
#11505 = CARTESIAN_POINT('',(-57.071,23.5,0.));
#11506 = VECTOR('',#11507,1.);
#11507 = DIRECTION('',(1.,0.,0.));
#11508 = PCURVE('',#8600,#11509);
#11509 = DEFINITIONAL_REPRESENTATION('',(#11510),#11514);
#11510 = LINE('',#11511,#11512);
#11511 = CARTESIAN_POINT('',(-0.,2.12132034356));
#11512 = VECTOR('',#11513,1.);
#11513 = DIRECTION('',(-1.,0.));
#11514 = ( GEOMETRIC_REPRESENTATION_CONTEXT(2) 
PARAMETRIC_REPRESENTATION_CONTEXT() REPRESENTATION_CONTEXT('2D SPACE',''
  ) );
#11515 = PCURVE('',#8880,#11516);
#11516 = DEFINITIONAL_REPRESENTATION('',(#11517),#11521);
#11517 = LINE('',#11518,#11519);
#11518 = CARTESIAN_POINT('',(10.429,50.));
#11519 = VECTOR('',#11520,1.);
#11520 = DIRECTION('',(1.,0.));
#11521 = ( GEOMETRIC_REPRESENTATION_CONTEXT(2) 
PARAMETRIC_REPRESENTATION_CONTEXT() REPRESENTATION_CONTEXT('2D SPACE',''
  ) );
#11522 = ADVANCED_FACE('',(#11523,#11739,#11769,#12107,#12137,#12140),
  #8880,.T.);
#11523 = FACE_BOUND('',#11524,.T.);
#11524 = EDGE_LOOP('',(#11525,#11555,#11583,#11611,#11639,#11667,#11695,
    #11716,#11717,#11718));
#11525 = ORIENTED_EDGE('',*,*,#11526,.F.);
#11526 = EDGE_CURVE('',#11527,#11529,#11531,.T.);
#11527 = VERTEX_POINT('',#11528);
#11528 = CARTESIAN_POINT('',(-64.5,-14.82835931288,-2.886579864025E-15)
  );
#11529 = VERTEX_POINT('',#11530);
#11530 = CARTESIAN_POINT('',(-64.5,14.828359312881,-2.886579864025E-15)
  );
#11531 = SURFACE_CURVE('',#11532,(#11536,#11543),.PCURVE_S1.);
#11532 = LINE('',#11533,#11534);
#11533 = CARTESIAN_POINT('',(-64.5,-16.071,0.));
#11534 = VECTOR('',#11535,1.);
#11535 = DIRECTION('',(0.,1.,0.));
#11536 = PCURVE('',#8880,#11537);
#11537 = DEFINITIONAL_REPRESENTATION('',(#11538),#11542);
#11538 = LINE('',#11539,#11540);
#11539 = CARTESIAN_POINT('',(3.,10.429));
#11540 = VECTOR('',#11541,1.);
#11541 = DIRECTION('',(0.,1.));
#11542 = ( GEOMETRIC_REPRESENTATION_CONTEXT(2) 
PARAMETRIC_REPRESENTATION_CONTEXT() REPRESENTATION_CONTEXT('2D SPACE',''
  ) );
#11543 = PCURVE('',#11544,#11549);
#11544 = PLANE('',#11545);
#11545 = AXIS2_PLACEMENT_3D('',#11546,#11547,#11548);
#11546 = CARTESIAN_POINT('',(-66.,-16.071,-1.5));
#11547 = DIRECTION('',(0.707106781187,0.,-0.707106781187));
#11548 = DIRECTION('',(0.,1.,0.));
#11549 = DEFINITIONAL_REPRESENTATION('',(#11550),#11554);
#11550 = LINE('',#11551,#11552);
#11551 = CARTESIAN_POINT('',(0.,2.12132034356));
#11552 = VECTOR('',#11553,1.);
#11553 = DIRECTION('',(1.,0.));
#11554 = ( GEOMETRIC_REPRESENTATION_CONTEXT(2) 
PARAMETRIC_REPRESENTATION_CONTEXT() REPRESENTATION_CONTEXT('2D SPACE',''
  ) );
#11555 = ORIENTED_EDGE('',*,*,#11556,.T.);
#11556 = EDGE_CURVE('',#11527,#11557,#11559,.T.);
#11557 = VERTEX_POINT('',#11558);
#11558 = CARTESIAN_POINT('',(-55.82835931288,-23.5,3.552713678801E-15));
#11559 = SURFACE_CURVE('',#11560,(#11564,#11571),.PCURVE_S1.);
#11560 = LINE('',#11561,#11562);
#11561 = CARTESIAN_POINT('',(-65.37867965644,-13.94967965644,
    1.7763568394E-15));
#11562 = VECTOR('',#11563,1.);
#11563 = DIRECTION('',(0.707106781187,-0.707106781187,0.));
#11564 = PCURVE('',#8880,#11565);
#11565 = DEFINITIONAL_REPRESENTATION('',(#11566),#11570);
#11566 = LINE('',#11567,#11568);
#11567 = CARTESIAN_POINT('',(2.12132034356,12.55032034356));
#11568 = VECTOR('',#11569,1.);
#11569 = DIRECTION('',(0.707106781187,-0.707106781187));
#11570 = ( GEOMETRIC_REPRESENTATION_CONTEXT(2) 
PARAMETRIC_REPRESENTATION_CONTEXT() REPRESENTATION_CONTEXT('2D SPACE',''
  ) );
#11571 = PCURVE('',#11572,#11577);
#11572 = PLANE('',#11573);
#11573 = AXIS2_PLACEMENT_3D('',#11574,#11575,#11576);
#11574 = CARTESIAN_POINT('',(-66.43933982822,-15.01033982822,-1.5));
#11575 = DIRECTION('',(0.5,0.5,-0.707106781187));
#11576 = DIRECTION('',(-0.707106781187,0.707106781187,-0.));
#11577 = DEFINITIONAL_REPRESENTATION('',(#11578),#11582);
#11578 = LINE('',#11579,#11580);
#11579 = CARTESIAN_POINT('',(7.105427357601E-15,2.12132034356));
#11580 = VECTOR('',#11581,1.);
#11581 = DIRECTION('',(-1.,0.));
#11582 = ( GEOMETRIC_REPRESENTATION_CONTEXT(2) 
PARAMETRIC_REPRESENTATION_CONTEXT() REPRESENTATION_CONTEXT('2D SPACE',''
  ) );
#11583 = ORIENTED_EDGE('',*,*,#11584,.T.);
#11584 = EDGE_CURVE('',#11557,#11585,#11587,.T.);
#11585 = VERTEX_POINT('',#11586);
#11586 = CARTESIAN_POINT('',(55.828359312881,-23.5,-4.440892098501E-16)
  );
#11587 = SURFACE_CURVE('',#11588,(#11592,#11599),.PCURVE_S1.);
#11588 = LINE('',#11589,#11590);
#11589 = CARTESIAN_POINT('',(-57.071,-23.5,0.));
#11590 = VECTOR('',#11591,1.);
#11591 = DIRECTION('',(1.,0.,0.));
#11592 = PCURVE('',#8880,#11593);
#11593 = DEFINITIONAL_REPRESENTATION('',(#11594),#11598);
#11594 = LINE('',#11595,#11596);
#11595 = CARTESIAN_POINT('',(10.429,3.));
#11596 = VECTOR('',#11597,1.);
#11597 = DIRECTION('',(1.,0.));
#11598 = ( GEOMETRIC_REPRESENTATION_CONTEXT(2) 
PARAMETRIC_REPRESENTATION_CONTEXT() REPRESENTATION_CONTEXT('2D SPACE',''
  ) );
#11599 = PCURVE('',#11600,#11605);
#11600 = PLANE('',#11601);
#11601 = AXIS2_PLACEMENT_3D('',#11602,#11603,#11604);
#11602 = CARTESIAN_POINT('',(-57.071,-25.,-1.5));
#11603 = DIRECTION('',(0.,0.707106781187,-0.707106781187));
#11604 = DIRECTION('',(-1.,-0.,-0.));
#11605 = DEFINITIONAL_REPRESENTATION('',(#11606),#11610);
#11606 = LINE('',#11607,#11608);
#11607 = CARTESIAN_POINT('',(-0.,2.12132034356));
#11608 = VECTOR('',#11609,1.);
#11609 = DIRECTION('',(-1.,0.));
#11610 = ( GEOMETRIC_REPRESENTATION_CONTEXT(2) 
PARAMETRIC_REPRESENTATION_CONTEXT() REPRESENTATION_CONTEXT('2D SPACE',''
  ) );
#11611 = ORIENTED_EDGE('',*,*,#11612,.F.);
#11612 = EDGE_CURVE('',#11613,#11585,#11615,.T.);
#11613 = VERTEX_POINT('',#11614);
#11614 = CARTESIAN_POINT('',(64.5,-14.82835931288,3.552713678801E-15));
#11615 = SURFACE_CURVE('',#11616,(#11620,#11627),.PCURVE_S1.);
#11616 = LINE('',#11617,#11618);
#11617 = CARTESIAN_POINT('',(65.37867965644,-13.94967965644,
    1.7763568394E-15));
#11618 = VECTOR('',#11619,1.);
#11619 = DIRECTION('',(-0.707106781187,-0.707106781187,0.));
#11620 = PCURVE('',#8880,#11621);
#11621 = DEFINITIONAL_REPRESENTATION('',(#11622),#11626);
#11622 = LINE('',#11623,#11624);
#11623 = CARTESIAN_POINT('',(132.87867965644,12.55032034356));
#11624 = VECTOR('',#11625,1.);
#11625 = DIRECTION('',(-0.707106781187,-0.707106781187));
#11626 = ( GEOMETRIC_REPRESENTATION_CONTEXT(2) 
PARAMETRIC_REPRESENTATION_CONTEXT() REPRESENTATION_CONTEXT('2D SPACE',''
  ) );
#11627 = PCURVE('',#11628,#11633);
#11628 = PLANE('',#11629);
#11629 = AXIS2_PLACEMENT_3D('',#11630,#11631,#11632);
#11630 = CARTESIAN_POINT('',(66.43933982822,-15.01033982822,-1.5));
#11631 = DIRECTION('',(0.5,-0.5,0.707106781187));
#11632 = DIRECTION('',(0.707106781187,0.707106781187,-0.));
#11633 = DEFINITIONAL_REPRESENTATION('',(#11634),#11638);
#11634 = LINE('',#11635,#11636);
#11635 = CARTESIAN_POINT('',(7.105427357601E-15,2.12132034356));
#11636 = VECTOR('',#11637,1.);
#11637 = DIRECTION('',(-1.,0.));
#11638 = ( GEOMETRIC_REPRESENTATION_CONTEXT(2) 
PARAMETRIC_REPRESENTATION_CONTEXT() REPRESENTATION_CONTEXT('2D SPACE',''
  ) );
#11639 = ORIENTED_EDGE('',*,*,#11640,.T.);
#11640 = EDGE_CURVE('',#11613,#11641,#11643,.T.);
#11641 = VERTEX_POINT('',#11642);
#11642 = CARTESIAN_POINT('',(64.5,14.828359312881,3.552713678801E-15));
#11643 = SURFACE_CURVE('',#11644,(#11648,#11655),.PCURVE_S1.);
#11644 = LINE('',#11645,#11646);
#11645 = CARTESIAN_POINT('',(64.5,-16.071,0.));
#11646 = VECTOR('',#11647,1.);
#11647 = DIRECTION('',(0.,1.,0.));
#11648 = PCURVE('',#8880,#11649);
#11649 = DEFINITIONAL_REPRESENTATION('',(#11650),#11654);
#11650 = LINE('',#11651,#11652);
#11651 = CARTESIAN_POINT('',(132.,10.429));
#11652 = VECTOR('',#11653,1.);
#11653 = DIRECTION('',(0.,1.));
#11654 = ( GEOMETRIC_REPRESENTATION_CONTEXT(2) 
PARAMETRIC_REPRESENTATION_CONTEXT() REPRESENTATION_CONTEXT('2D SPACE',''
  ) );
#11655 = PCURVE('',#11656,#11661);
#11656 = PLANE('',#11657);
#11657 = AXIS2_PLACEMENT_3D('',#11658,#11659,#11660);
#11658 = CARTESIAN_POINT('',(66.,-16.071,-1.5));
#11659 = DIRECTION('',(0.707106781187,0.,0.707106781187));
#11660 = DIRECTION('',(-0.,1.,0.));
#11661 = DEFINITIONAL_REPRESENTATION('',(#11662),#11666);
#11662 = LINE('',#11663,#11664);
#11663 = CARTESIAN_POINT('',(0.,2.12132034356));
#11664 = VECTOR('',#11665,1.);
#11665 = DIRECTION('',(1.,0.));
#11666 = ( GEOMETRIC_REPRESENTATION_CONTEXT(2) 
PARAMETRIC_REPRESENTATION_CONTEXT() REPRESENTATION_CONTEXT('2D SPACE',''
  ) );
#11667 = ORIENTED_EDGE('',*,*,#11668,.T.);
#11668 = EDGE_CURVE('',#11641,#11669,#11671,.T.);
#11669 = VERTEX_POINT('',#11670);
#11670 = CARTESIAN_POINT('',(55.828359312881,23.5,-4.440892098501E-16));
#11671 = SURFACE_CURVE('',#11672,(#11676,#11683),.PCURVE_S1.);
#11672 = LINE('',#11673,#11674);
#11673 = CARTESIAN_POINT('',(65.37867965644,13.94967965644,
    1.7763568394E-15));
#11674 = VECTOR('',#11675,1.);
#11675 = DIRECTION('',(-0.707106781187,0.707106781187,0.));
#11676 = PCURVE('',#8880,#11677);
#11677 = DEFINITIONAL_REPRESENTATION('',(#11678),#11682);
#11678 = LINE('',#11679,#11680);
#11679 = CARTESIAN_POINT('',(132.87867965644,40.44967965644));
#11680 = VECTOR('',#11681,1.);
#11681 = DIRECTION('',(-0.707106781187,0.707106781187));
#11682 = ( GEOMETRIC_REPRESENTATION_CONTEXT(2) 
PARAMETRIC_REPRESENTATION_CONTEXT() REPRESENTATION_CONTEXT('2D SPACE',''
  ) );
#11683 = PCURVE('',#11684,#11689);
#11684 = PLANE('',#11685);
#11685 = AXIS2_PLACEMENT_3D('',#11686,#11687,#11688);
#11686 = CARTESIAN_POINT('',(66.43933982822,15.01033982822,-1.5));
#11687 = DIRECTION('',(-0.5,-0.5,-0.707106781187));
#11688 = DIRECTION('',(0.707106781187,-0.707106781187,-0.));
#11689 = DEFINITIONAL_REPRESENTATION('',(#11690),#11694);
#11690 = LINE('',#11691,#11692);
#11691 = CARTESIAN_POINT('',(-7.105427357601E-15,2.12132034356));
#11692 = VECTOR('',#11693,1.);
#11693 = DIRECTION('',(-1.,0.));
#11694 = ( GEOMETRIC_REPRESENTATION_CONTEXT(2) 
PARAMETRIC_REPRESENTATION_CONTEXT() REPRESENTATION_CONTEXT('2D SPACE',''
  ) );
#11695 = ORIENTED_EDGE('',*,*,#11696,.F.);
#11696 = EDGE_CURVE('',#8662,#11669,#11697,.T.);
#11697 = SURFACE_CURVE('',#11698,(#11702,#11709),.PCURVE_S1.);
#11698 = LINE('',#11699,#11700);
#11699 = CARTESIAN_POINT('',(-57.071,23.5,0.));
#11700 = VECTOR('',#11701,1.);
#11701 = DIRECTION('',(1.,0.,0.));
#11702 = PCURVE('',#8880,#11703);
#11703 = DEFINITIONAL_REPRESENTATION('',(#11704),#11708);
#11704 = LINE('',#11705,#11706);
#11705 = CARTESIAN_POINT('',(10.429,50.));
#11706 = VECTOR('',#11707,1.);
#11707 = DIRECTION('',(1.,0.));
#11708 = ( GEOMETRIC_REPRESENTATION_CONTEXT(2) 
PARAMETRIC_REPRESENTATION_CONTEXT() REPRESENTATION_CONTEXT('2D SPACE',''
  ) );
#11709 = PCURVE('',#9273,#11710);
#11710 = DEFINITIONAL_REPRESENTATION('',(#11711),#11715);
#11711 = LINE('',#11712,#11713);
#11712 = CARTESIAN_POINT('',(-0.,2.12132034356));
#11713 = VECTOR('',#11714,1.);
#11714 = DIRECTION('',(-1.,0.));
#11715 = ( GEOMETRIC_REPRESENTATION_CONTEXT(2) 
PARAMETRIC_REPRESENTATION_CONTEXT() REPRESENTATION_CONTEXT('2D SPACE',''
  ) );
#11716 = ORIENTED_EDGE('',*,*,#8866,.F.);
#11717 = ORIENTED_EDGE('',*,*,#11502,.F.);
#11718 = ORIENTED_EDGE('',*,*,#11719,.F.);
#11719 = EDGE_CURVE('',#11529,#11473,#11720,.T.);
#11720 = SURFACE_CURVE('',#11721,(#11725,#11732),.PCURVE_S1.);
#11721 = LINE('',#11722,#11723);
#11722 = CARTESIAN_POINT('',(-65.37867965644,13.94967965644,
    1.7763568394E-15));
#11723 = VECTOR('',#11724,1.);
#11724 = DIRECTION('',(0.707106781187,0.707106781187,-0.));
#11725 = PCURVE('',#8880,#11726);
#11726 = DEFINITIONAL_REPRESENTATION('',(#11727),#11731);
#11727 = LINE('',#11728,#11729);
#11728 = CARTESIAN_POINT('',(2.12132034356,40.44967965644));
#11729 = VECTOR('',#11730,1.);
#11730 = DIRECTION('',(0.707106781187,0.707106781187));
#11731 = ( GEOMETRIC_REPRESENTATION_CONTEXT(2) 
PARAMETRIC_REPRESENTATION_CONTEXT() REPRESENTATION_CONTEXT('2D SPACE',''
  ) );
#11732 = PCURVE('',#11488,#11733);
#11733 = DEFINITIONAL_REPRESENTATION('',(#11734),#11738);
#11734 = LINE('',#11735,#11736);
#11735 = CARTESIAN_POINT('',(7.105427357601E-15,2.12132034356));
#11736 = VECTOR('',#11737,1.);
#11737 = DIRECTION('',(-1.,0.));
#11738 = ( GEOMETRIC_REPRESENTATION_CONTEXT(2) 
PARAMETRIC_REPRESENTATION_CONTEXT() REPRESENTATION_CONTEXT('2D SPACE',''
  ) );
#11739 = FACE_BOUND('',#11740,.T.);
#11740 = EDGE_LOOP('',(#11741));
#11741 = ORIENTED_EDGE('',*,*,#11742,.T.);
#11742 = EDGE_CURVE('',#11743,#11743,#11745,.T.);
#11743 = VERTEX_POINT('',#11744);
#11744 = CARTESIAN_POINT('',(43.,-7.5,0.));
#11745 = SURFACE_CURVE('',#11746,(#11751,#11762),.PCURVE_S1.);
#11746 = CIRCLE('',#11747,5.);
#11747 = AXIS2_PLACEMENT_3D('',#11748,#11749,#11750);
#11748 = CARTESIAN_POINT('',(38.,-7.5,0.));
#11749 = DIRECTION('',(0.,0.,-1.));
#11750 = DIRECTION('',(1.,0.,0.));
#11751 = PCURVE('',#8880,#11752);
#11752 = DEFINITIONAL_REPRESENTATION('',(#11753),#11761);
#11753 = ( BOUNDED_CURVE() B_SPLINE_CURVE(2,(#11754,#11755,#11756,#11757
    ,#11758,#11759,#11760),.UNSPECIFIED.,.T.,.F.) 
B_SPLINE_CURVE_WITH_KNOTS((1,2,2,2,2,1),(-2.094395102393,0.,
    2.094395102393,4.188790204786,6.28318530718,8.377580409573),
.UNSPECIFIED.) CURVE() GEOMETRIC_REPRESENTATION_ITEM() 
RATIONAL_B_SPLINE_CURVE((1.,0.5,1.,0.5,1.,0.5,1.)) REPRESENTATION_ITEM(
  '') );
#11754 = CARTESIAN_POINT('',(110.5,19.));
#11755 = CARTESIAN_POINT('',(110.5,10.339745962156));
#11756 = CARTESIAN_POINT('',(103.,14.669872981078));
#11757 = CARTESIAN_POINT('',(95.5,19.));
#11758 = CARTESIAN_POINT('',(103.,23.330127018922));
#11759 = CARTESIAN_POINT('',(110.5,27.660254037844));
#11760 = CARTESIAN_POINT('',(110.5,19.));
#11761 = ( GEOMETRIC_REPRESENTATION_CONTEXT(2) 
PARAMETRIC_REPRESENTATION_CONTEXT() REPRESENTATION_CONTEXT('2D SPACE',''
  ) );
#11762 = PCURVE('',#6287,#11763);
#11763 = DEFINITIONAL_REPRESENTATION('',(#11764),#11768);
#11764 = LINE('',#11765,#11766);
#11765 = CARTESIAN_POINT('',(0.,-3.));
#11766 = VECTOR('',#11767,1.);
#11767 = DIRECTION('',(1.,0.));
#11768 = ( GEOMETRIC_REPRESENTATION_CONTEXT(2) 
PARAMETRIC_REPRESENTATION_CONTEXT() REPRESENTATION_CONTEXT('2D SPACE',''
  ) );
#11769 = FACE_BOUND('',#11770,.T.);
#11770 = EDGE_LOOP('',(#11771,#11801,#11829,#11857,#11885,#11913,#11941,
    #11969,#11997,#12025,#12053,#12081));
#11771 = ORIENTED_EDGE('',*,*,#11772,.F.);
#11772 = EDGE_CURVE('',#11773,#11775,#11777,.T.);
#11773 = VERTEX_POINT('',#11774);
#11774 = CARTESIAN_POINT('',(-53.,6.0105,0.));
#11775 = VERTEX_POINT('',#11776);
#11776 = CARTESIAN_POINT('',(-53.,-4.0105,0.));
#11777 = SURFACE_CURVE('',#11778,(#11782,#11789),.PCURVE_S1.);
#11778 = LINE('',#11779,#11780);
#11779 = CARTESIAN_POINT('',(-53.,1.,0.));
#11780 = VECTOR('',#11781,1.);
#11781 = DIRECTION('',(0.,-1.,0.));
#11782 = PCURVE('',#8880,#11783);
#11783 = DEFINITIONAL_REPRESENTATION('',(#11784),#11788);
#11784 = LINE('',#11785,#11786);
#11785 = CARTESIAN_POINT('',(14.5,27.5));
#11786 = VECTOR('',#11787,1.);
#11787 = DIRECTION('',(0.,-1.));
#11788 = ( GEOMETRIC_REPRESENTATION_CONTEXT(2) 
PARAMETRIC_REPRESENTATION_CONTEXT() REPRESENTATION_CONTEXT('2D SPACE',''
  ) );
#11789 = PCURVE('',#11790,#11795);
#11790 = PLANE('',#11791);
#11791 = AXIS2_PLACEMENT_3D('',#11792,#11793,#11794);
#11792 = CARTESIAN_POINT('',(-53.,6.0105,-3.));
#11793 = DIRECTION('',(1.,0.,-0.));
#11794 = DIRECTION('',(0.,-1.,0.));
#11795 = DEFINITIONAL_REPRESENTATION('',(#11796),#11800);
#11796 = LINE('',#11797,#11798);
#11797 = CARTESIAN_POINT('',(5.0105,-3.));
#11798 = VECTOR('',#11799,1.);
#11799 = DIRECTION('',(1.,0.));
#11800 = ( GEOMETRIC_REPRESENTATION_CONTEXT(2) 
PARAMETRIC_REPRESENTATION_CONTEXT() REPRESENTATION_CONTEXT('2D SPACE',''
  ) );
#11801 = ORIENTED_EDGE('',*,*,#11802,.T.);
#11802 = EDGE_CURVE('',#11773,#11803,#11805,.T.);
#11803 = VERTEX_POINT('',#11804);
#11804 = CARTESIAN_POINT('',(-43.,6.0105,0.));
#11805 = SURFACE_CURVE('',#11806,(#11810,#11817),.PCURVE_S1.);
#11806 = LINE('',#11807,#11808);
#11807 = CARTESIAN_POINT('',(-38.,6.0105,0.));
#11808 = VECTOR('',#11809,1.);
#11809 = DIRECTION('',(1.,0.,0.));
#11810 = PCURVE('',#8880,#11811);
#11811 = DEFINITIONAL_REPRESENTATION('',(#11812),#11816);
#11812 = LINE('',#11813,#11814);
#11813 = CARTESIAN_POINT('',(29.5,32.5105));
#11814 = VECTOR('',#11815,1.);
#11815 = DIRECTION('',(1.,0.));
#11816 = ( GEOMETRIC_REPRESENTATION_CONTEXT(2) 
PARAMETRIC_REPRESENTATION_CONTEXT() REPRESENTATION_CONTEXT('2D SPACE',''
  ) );
#11817 = PCURVE('',#11818,#11823);
#11818 = PLANE('',#11819);
#11819 = AXIS2_PLACEMENT_3D('',#11820,#11821,#11822);
#11820 = CARTESIAN_POINT('',(-53.,6.0105,-3.));
#11821 = DIRECTION('',(0.,1.,0.));
#11822 = DIRECTION('',(1.,0.,0.));
#11823 = DEFINITIONAL_REPRESENTATION('',(#11824),#11828);
#11824 = LINE('',#11825,#11826);
#11825 = CARTESIAN_POINT('',(15.,-3.));
#11826 = VECTOR('',#11827,1.);
#11827 = DIRECTION('',(1.,0.));
#11828 = ( GEOMETRIC_REPRESENTATION_CONTEXT(2) 
PARAMETRIC_REPRESENTATION_CONTEXT() REPRESENTATION_CONTEXT('2D SPACE',''
  ) );
#11829 = ORIENTED_EDGE('',*,*,#11830,.F.);
#11830 = EDGE_CURVE('',#11831,#11803,#11833,.T.);
#11831 = VERTEX_POINT('',#11832);
#11832 = CARTESIAN_POINT('',(-43.,14.5,0.));
#11833 = SURFACE_CURVE('',#11834,(#11838,#11845),.PCURVE_S1.);
#11834 = LINE('',#11835,#11836);
#11835 = CARTESIAN_POINT('',(-43.,1.,0.));
#11836 = VECTOR('',#11837,1.);
#11837 = DIRECTION('',(0.,-1.,0.));
#11838 = PCURVE('',#8880,#11839);
#11839 = DEFINITIONAL_REPRESENTATION('',(#11840),#11844);
#11840 = LINE('',#11841,#11842);
#11841 = CARTESIAN_POINT('',(24.5,27.5));
#11842 = VECTOR('',#11843,1.);
#11843 = DIRECTION('',(0.,-1.));
#11844 = ( GEOMETRIC_REPRESENTATION_CONTEXT(2) 
PARAMETRIC_REPRESENTATION_CONTEXT() REPRESENTATION_CONTEXT('2D SPACE',''
  ) );
#11845 = PCURVE('',#11846,#11851);
#11846 = PLANE('',#11847);
#11847 = AXIS2_PLACEMENT_3D('',#11848,#11849,#11850);
#11848 = CARTESIAN_POINT('',(-43.,14.5,-3.));
#11849 = DIRECTION('',(1.,0.,-0.));
#11850 = DIRECTION('',(0.,-1.,0.));
#11851 = DEFINITIONAL_REPRESENTATION('',(#11852),#11856);
#11852 = LINE('',#11853,#11854);
#11853 = CARTESIAN_POINT('',(13.5,-3.));
#11854 = VECTOR('',#11855,1.);
#11855 = DIRECTION('',(1.,0.));
#11856 = ( GEOMETRIC_REPRESENTATION_CONTEXT(2) 
PARAMETRIC_REPRESENTATION_CONTEXT() REPRESENTATION_CONTEXT('2D SPACE',''
  ) );
#11857 = ORIENTED_EDGE('',*,*,#11858,.T.);
#11858 = EDGE_CURVE('',#11831,#11859,#11861,.T.);
#11859 = VERTEX_POINT('',#11860);
#11860 = CARTESIAN_POINT('',(-33.,14.5,0.));
#11861 = SURFACE_CURVE('',#11862,(#11866,#11873),.PCURVE_S1.);
#11862 = LINE('',#11863,#11864);
#11863 = CARTESIAN_POINT('',(-38.,14.5,0.));
#11864 = VECTOR('',#11865,1.);
#11865 = DIRECTION('',(1.,0.,0.));
#11866 = PCURVE('',#8880,#11867);
#11867 = DEFINITIONAL_REPRESENTATION('',(#11868),#11872);
#11868 = LINE('',#11869,#11870);
#11869 = CARTESIAN_POINT('',(29.5,41.));
#11870 = VECTOR('',#11871,1.);
#11871 = DIRECTION('',(1.,0.));
#11872 = ( GEOMETRIC_REPRESENTATION_CONTEXT(2) 
PARAMETRIC_REPRESENTATION_CONTEXT() REPRESENTATION_CONTEXT('2D SPACE',''
  ) );
#11873 = PCURVE('',#11874,#11879);
#11874 = PLANE('',#11875);
#11875 = AXIS2_PLACEMENT_3D('',#11876,#11877,#11878);
#11876 = CARTESIAN_POINT('',(-43.,14.5,-3.));
#11877 = DIRECTION('',(0.,1.,0.));
#11878 = DIRECTION('',(1.,0.,0.));
#11879 = DEFINITIONAL_REPRESENTATION('',(#11880),#11884);
#11880 = LINE('',#11881,#11882);
#11881 = CARTESIAN_POINT('',(5.,-3.));
#11882 = VECTOR('',#11883,1.);
#11883 = DIRECTION('',(1.,0.));
#11884 = ( GEOMETRIC_REPRESENTATION_CONTEXT(2) 
PARAMETRIC_REPRESENTATION_CONTEXT() REPRESENTATION_CONTEXT('2D SPACE',''
  ) );
#11885 = ORIENTED_EDGE('',*,*,#11886,.T.);
#11886 = EDGE_CURVE('',#11859,#11887,#11889,.T.);
#11887 = VERTEX_POINT('',#11888);
#11888 = CARTESIAN_POINT('',(-33.,6.0105,0.));
#11889 = SURFACE_CURVE('',#11890,(#11894,#11901),.PCURVE_S1.);
#11890 = LINE('',#11891,#11892);
#11891 = CARTESIAN_POINT('',(-33.,1.,0.));
#11892 = VECTOR('',#11893,1.);
#11893 = DIRECTION('',(0.,-1.,0.));
#11894 = PCURVE('',#8880,#11895);
#11895 = DEFINITIONAL_REPRESENTATION('',(#11896),#11900);
#11896 = LINE('',#11897,#11898);
#11897 = CARTESIAN_POINT('',(34.5,27.5));
#11898 = VECTOR('',#11899,1.);
#11899 = DIRECTION('',(0.,-1.));
#11900 = ( GEOMETRIC_REPRESENTATION_CONTEXT(2) 
PARAMETRIC_REPRESENTATION_CONTEXT() REPRESENTATION_CONTEXT('2D SPACE',''
  ) );
#11901 = PCURVE('',#11902,#11907);
#11902 = PLANE('',#11903);
#11903 = AXIS2_PLACEMENT_3D('',#11904,#11905,#11906);
#11904 = CARTESIAN_POINT('',(-33.,14.5,-3.));
#11905 = DIRECTION('',(1.,0.,-0.));
#11906 = DIRECTION('',(0.,-1.,0.));
#11907 = DEFINITIONAL_REPRESENTATION('',(#11908),#11912);
#11908 = LINE('',#11909,#11910);
#11909 = CARTESIAN_POINT('',(13.5,-3.));
#11910 = VECTOR('',#11911,1.);
#11911 = DIRECTION('',(1.,0.));
#11912 = ( GEOMETRIC_REPRESENTATION_CONTEXT(2) 
PARAMETRIC_REPRESENTATION_CONTEXT() REPRESENTATION_CONTEXT('2D SPACE',''
  ) );
#11913 = ORIENTED_EDGE('',*,*,#11914,.T.);
#11914 = EDGE_CURVE('',#11887,#11915,#11917,.T.);
#11915 = VERTEX_POINT('',#11916);
#11916 = CARTESIAN_POINT('',(-23.,6.0105,0.));
#11917 = SURFACE_CURVE('',#11918,(#11922,#11929),.PCURVE_S1.);
#11918 = LINE('',#11919,#11920);
#11919 = CARTESIAN_POINT('',(-38.,6.0105,0.));
#11920 = VECTOR('',#11921,1.);
#11921 = DIRECTION('',(1.,0.,0.));
#11922 = PCURVE('',#8880,#11923);
#11923 = DEFINITIONAL_REPRESENTATION('',(#11924),#11928);
#11924 = LINE('',#11925,#11926);
#11925 = CARTESIAN_POINT('',(29.5,32.5105));
#11926 = VECTOR('',#11927,1.);
#11927 = DIRECTION('',(1.,0.));
#11928 = ( GEOMETRIC_REPRESENTATION_CONTEXT(2) 
PARAMETRIC_REPRESENTATION_CONTEXT() REPRESENTATION_CONTEXT('2D SPACE',''
  ) );
#11929 = PCURVE('',#11930,#11935);
#11930 = PLANE('',#11931);
#11931 = AXIS2_PLACEMENT_3D('',#11932,#11933,#11934);
#11932 = CARTESIAN_POINT('',(-33.,6.0105,-3.));
#11933 = DIRECTION('',(0.,1.,0.));
#11934 = DIRECTION('',(1.,0.,0.));
#11935 = DEFINITIONAL_REPRESENTATION('',(#11936),#11940);
#11936 = LINE('',#11937,#11938);
#11937 = CARTESIAN_POINT('',(-5.,-3.));
#11938 = VECTOR('',#11939,1.);
#11939 = DIRECTION('',(1.,0.));
#11940 = ( GEOMETRIC_REPRESENTATION_CONTEXT(2) 
PARAMETRIC_REPRESENTATION_CONTEXT() REPRESENTATION_CONTEXT('2D SPACE',''
  ) );
#11941 = ORIENTED_EDGE('',*,*,#11942,.T.);
#11942 = EDGE_CURVE('',#11915,#11943,#11945,.T.);
#11943 = VERTEX_POINT('',#11944);
#11944 = CARTESIAN_POINT('',(-23.,-4.0105,0.));
#11945 = SURFACE_CURVE('',#11946,(#11950,#11957),.PCURVE_S1.);
#11946 = LINE('',#11947,#11948);
#11947 = CARTESIAN_POINT('',(-23.,1.,0.));
#11948 = VECTOR('',#11949,1.);
#11949 = DIRECTION('',(0.,-1.,0.));
#11950 = PCURVE('',#8880,#11951);
#11951 = DEFINITIONAL_REPRESENTATION('',(#11952),#11956);
#11952 = LINE('',#11953,#11954);
#11953 = CARTESIAN_POINT('',(44.5,27.5));
#11954 = VECTOR('',#11955,1.);
#11955 = DIRECTION('',(0.,-1.));
#11956 = ( GEOMETRIC_REPRESENTATION_CONTEXT(2) 
PARAMETRIC_REPRESENTATION_CONTEXT() REPRESENTATION_CONTEXT('2D SPACE',''
  ) );
#11957 = PCURVE('',#11958,#11963);
#11958 = PLANE('',#11959);
#11959 = AXIS2_PLACEMENT_3D('',#11960,#11961,#11962);
#11960 = CARTESIAN_POINT('',(-23.,6.0105,-3.));
#11961 = DIRECTION('',(1.,0.,-0.));
#11962 = DIRECTION('',(0.,-1.,0.));
#11963 = DEFINITIONAL_REPRESENTATION('',(#11964),#11968);
#11964 = LINE('',#11965,#11966);
#11965 = CARTESIAN_POINT('',(5.0105,-3.));
#11966 = VECTOR('',#11967,1.);
#11967 = DIRECTION('',(1.,0.));
#11968 = ( GEOMETRIC_REPRESENTATION_CONTEXT(2) 
PARAMETRIC_REPRESENTATION_CONTEXT() REPRESENTATION_CONTEXT('2D SPACE',''
  ) );
#11969 = ORIENTED_EDGE('',*,*,#11970,.F.);
#11970 = EDGE_CURVE('',#11971,#11943,#11973,.T.);
#11971 = VERTEX_POINT('',#11972);
#11972 = CARTESIAN_POINT('',(-33.,-4.0105,0.));
#11973 = SURFACE_CURVE('',#11974,(#11978,#11985),.PCURVE_S1.);
#11974 = LINE('',#11975,#11976);
#11975 = CARTESIAN_POINT('',(-38.,-4.0105,0.));
#11976 = VECTOR('',#11977,1.);
#11977 = DIRECTION('',(1.,0.,0.));
#11978 = PCURVE('',#8880,#11979);
#11979 = DEFINITIONAL_REPRESENTATION('',(#11980),#11984);
#11980 = LINE('',#11981,#11982);
#11981 = CARTESIAN_POINT('',(29.5,22.4895));
#11982 = VECTOR('',#11983,1.);
#11983 = DIRECTION('',(1.,0.));
#11984 = ( GEOMETRIC_REPRESENTATION_CONTEXT(2) 
PARAMETRIC_REPRESENTATION_CONTEXT() REPRESENTATION_CONTEXT('2D SPACE',''
  ) );
#11985 = PCURVE('',#11986,#11991);
#11986 = PLANE('',#11987);
#11987 = AXIS2_PLACEMENT_3D('',#11988,#11989,#11990);
#11988 = CARTESIAN_POINT('',(-33.,-4.0105,-3.));
#11989 = DIRECTION('',(0.,1.,0.));
#11990 = DIRECTION('',(1.,0.,0.));
#11991 = DEFINITIONAL_REPRESENTATION('',(#11992),#11996);
#11992 = LINE('',#11993,#11994);
#11993 = CARTESIAN_POINT('',(-5.,-3.));
#11994 = VECTOR('',#11995,1.);
#11995 = DIRECTION('',(1.,0.));
#11996 = ( GEOMETRIC_REPRESENTATION_CONTEXT(2) 
PARAMETRIC_REPRESENTATION_CONTEXT() REPRESENTATION_CONTEXT('2D SPACE',''
  ) );
#11997 = ORIENTED_EDGE('',*,*,#11998,.T.);
#11998 = EDGE_CURVE('',#11971,#11999,#12001,.T.);
#11999 = VERTEX_POINT('',#12000);
#12000 = CARTESIAN_POINT('',(-33.,-12.5,0.));
#12001 = SURFACE_CURVE('',#12002,(#12006,#12013),.PCURVE_S1.);
#12002 = LINE('',#12003,#12004);
#12003 = CARTESIAN_POINT('',(-33.,1.,0.));
#12004 = VECTOR('',#12005,1.);
#12005 = DIRECTION('',(0.,-1.,0.));
#12006 = PCURVE('',#8880,#12007);
#12007 = DEFINITIONAL_REPRESENTATION('',(#12008),#12012);
#12008 = LINE('',#12009,#12010);
#12009 = CARTESIAN_POINT('',(34.5,27.5));
#12010 = VECTOR('',#12011,1.);
#12011 = DIRECTION('',(0.,-1.));
#12012 = ( GEOMETRIC_REPRESENTATION_CONTEXT(2) 
PARAMETRIC_REPRESENTATION_CONTEXT() REPRESENTATION_CONTEXT('2D SPACE',''
  ) );
#12013 = PCURVE('',#12014,#12019);
#12014 = PLANE('',#12015);
#12015 = AXIS2_PLACEMENT_3D('',#12016,#12017,#12018);
#12016 = CARTESIAN_POINT('',(-33.,-4.0105,-3.));
#12017 = DIRECTION('',(1.,0.,-0.));
#12018 = DIRECTION('',(0.,-1.,0.));
#12019 = DEFINITIONAL_REPRESENTATION('',(#12020),#12024);
#12020 = LINE('',#12021,#12022);
#12021 = CARTESIAN_POINT('',(-5.0105,-3.));
#12022 = VECTOR('',#12023,1.);
#12023 = DIRECTION('',(1.,0.));
#12024 = ( GEOMETRIC_REPRESENTATION_CONTEXT(2) 
PARAMETRIC_REPRESENTATION_CONTEXT() REPRESENTATION_CONTEXT('2D SPACE',''
  ) );
#12025 = ORIENTED_EDGE('',*,*,#12026,.F.);
#12026 = EDGE_CURVE('',#12027,#11999,#12029,.T.);
#12027 = VERTEX_POINT('',#12028);
#12028 = CARTESIAN_POINT('',(-43.,-12.5,0.));
#12029 = SURFACE_CURVE('',#12030,(#12034,#12041),.PCURVE_S1.);
#12030 = LINE('',#12031,#12032);
#12031 = CARTESIAN_POINT('',(-38.,-12.5,0.));
#12032 = VECTOR('',#12033,1.);
#12033 = DIRECTION('',(1.,0.,0.));
#12034 = PCURVE('',#8880,#12035);
#12035 = DEFINITIONAL_REPRESENTATION('',(#12036),#12040);
#12036 = LINE('',#12037,#12038);
#12037 = CARTESIAN_POINT('',(29.5,14.));
#12038 = VECTOR('',#12039,1.);
#12039 = DIRECTION('',(1.,0.));
#12040 = ( GEOMETRIC_REPRESENTATION_CONTEXT(2) 
PARAMETRIC_REPRESENTATION_CONTEXT() REPRESENTATION_CONTEXT('2D SPACE',''
  ) );
#12041 = PCURVE('',#12042,#12047);
#12042 = PLANE('',#12043);
#12043 = AXIS2_PLACEMENT_3D('',#12044,#12045,#12046);
#12044 = CARTESIAN_POINT('',(-43.,-12.5,-3.));
#12045 = DIRECTION('',(0.,1.,0.));
#12046 = DIRECTION('',(1.,0.,0.));
#12047 = DEFINITIONAL_REPRESENTATION('',(#12048),#12052);
#12048 = LINE('',#12049,#12050);
#12049 = CARTESIAN_POINT('',(5.,-3.));
#12050 = VECTOR('',#12051,1.);
#12051 = DIRECTION('',(1.,0.));
#12052 = ( GEOMETRIC_REPRESENTATION_CONTEXT(2) 
PARAMETRIC_REPRESENTATION_CONTEXT() REPRESENTATION_CONTEXT('2D SPACE',''
  ) );
#12053 = ORIENTED_EDGE('',*,*,#12054,.F.);
#12054 = EDGE_CURVE('',#12055,#12027,#12057,.T.);
#12055 = VERTEX_POINT('',#12056);
#12056 = CARTESIAN_POINT('',(-43.,-4.0105,0.));
#12057 = SURFACE_CURVE('',#12058,(#12062,#12069),.PCURVE_S1.);
#12058 = LINE('',#12059,#12060);
#12059 = CARTESIAN_POINT('',(-43.,1.,0.));
#12060 = VECTOR('',#12061,1.);
#12061 = DIRECTION('',(0.,-1.,0.));
#12062 = PCURVE('',#8880,#12063);
#12063 = DEFINITIONAL_REPRESENTATION('',(#12064),#12068);
#12064 = LINE('',#12065,#12066);
#12065 = CARTESIAN_POINT('',(24.5,27.5));
#12066 = VECTOR('',#12067,1.);
#12067 = DIRECTION('',(0.,-1.));
#12068 = ( GEOMETRIC_REPRESENTATION_CONTEXT(2) 
PARAMETRIC_REPRESENTATION_CONTEXT() REPRESENTATION_CONTEXT('2D SPACE',''
  ) );
#12069 = PCURVE('',#12070,#12075);
#12070 = PLANE('',#12071);
#12071 = AXIS2_PLACEMENT_3D('',#12072,#12073,#12074);
#12072 = CARTESIAN_POINT('',(-43.,-4.0105,-3.));
#12073 = DIRECTION('',(1.,0.,-0.));
#12074 = DIRECTION('',(0.,-1.,0.));
#12075 = DEFINITIONAL_REPRESENTATION('',(#12076),#12080);
#12076 = LINE('',#12077,#12078);
#12077 = CARTESIAN_POINT('',(-5.0105,-3.));
#12078 = VECTOR('',#12079,1.);
#12079 = DIRECTION('',(1.,0.));
#12080 = ( GEOMETRIC_REPRESENTATION_CONTEXT(2) 
PARAMETRIC_REPRESENTATION_CONTEXT() REPRESENTATION_CONTEXT('2D SPACE',''
  ) );
#12081 = ORIENTED_EDGE('',*,*,#12082,.F.);
#12082 = EDGE_CURVE('',#11775,#12055,#12083,.T.);
#12083 = SURFACE_CURVE('',#12084,(#12088,#12095),.PCURVE_S1.);
#12084 = LINE('',#12085,#12086);
#12085 = CARTESIAN_POINT('',(-38.,-4.0105,0.));
#12086 = VECTOR('',#12087,1.);
#12087 = DIRECTION('',(1.,0.,0.));
#12088 = PCURVE('',#8880,#12089);
#12089 = DEFINITIONAL_REPRESENTATION('',(#12090),#12094);
#12090 = LINE('',#12091,#12092);
#12091 = CARTESIAN_POINT('',(29.5,22.4895));
#12092 = VECTOR('',#12093,1.);
#12093 = DIRECTION('',(1.,0.));
#12094 = ( GEOMETRIC_REPRESENTATION_CONTEXT(2) 
PARAMETRIC_REPRESENTATION_CONTEXT() REPRESENTATION_CONTEXT('2D SPACE',''
  ) );
#12095 = PCURVE('',#12096,#12101);
#12096 = PLANE('',#12097);
#12097 = AXIS2_PLACEMENT_3D('',#12098,#12099,#12100);
#12098 = CARTESIAN_POINT('',(-53.,-4.0105,-3.));
#12099 = DIRECTION('',(0.,1.,0.));
#12100 = DIRECTION('',(1.,0.,0.));
#12101 = DEFINITIONAL_REPRESENTATION('',(#12102),#12106);
#12102 = LINE('',#12103,#12104);
#12103 = CARTESIAN_POINT('',(15.,-3.));
#12104 = VECTOR('',#12105,1.);
#12105 = DIRECTION('',(1.,0.));
#12106 = ( GEOMETRIC_REPRESENTATION_CONTEXT(2) 
PARAMETRIC_REPRESENTATION_CONTEXT() REPRESENTATION_CONTEXT('2D SPACE',''
  ) );
#12107 = FACE_BOUND('',#12108,.T.);
#12108 = EDGE_LOOP('',(#12109));
#12109 = ORIENTED_EDGE('',*,*,#12110,.T.);
#12110 = EDGE_CURVE('',#12111,#12111,#12113,.T.);
#12111 = VERTEX_POINT('',#12112);
#12112 = CARTESIAN_POINT('',(33.,1.,0.));
#12113 = SURFACE_CURVE('',#12114,(#12119,#12130),.PCURVE_S1.);
#12114 = CIRCLE('',#12115,5.);
#12115 = AXIS2_PLACEMENT_3D('',#12116,#12117,#12118);
#12116 = CARTESIAN_POINT('',(28.,1.,0.));
#12117 = DIRECTION('',(0.,0.,-1.));
#12118 = DIRECTION('',(1.,0.,0.));
#12119 = PCURVE('',#8880,#12120);
#12120 = DEFINITIONAL_REPRESENTATION('',(#12121),#12129);
#12121 = ( BOUNDED_CURVE() B_SPLINE_CURVE(2,(#12122,#12123,#12124,#12125
    ,#12126,#12127,#12128),.UNSPECIFIED.,.T.,.F.) 
B_SPLINE_CURVE_WITH_KNOTS((1,2,2,2,2,1),(-2.094395102393,0.,
    2.094395102393,4.188790204786,6.28318530718,8.377580409573),
.UNSPECIFIED.) CURVE() GEOMETRIC_REPRESENTATION_ITEM() 
RATIONAL_B_SPLINE_CURVE((1.,0.5,1.,0.5,1.,0.5,1.)) REPRESENTATION_ITEM(
  '') );
#12122 = CARTESIAN_POINT('',(100.5,27.5));
#12123 = CARTESIAN_POINT('',(100.5,18.839745962156));
#12124 = CARTESIAN_POINT('',(93.,23.169872981078));
#12125 = CARTESIAN_POINT('',(85.5,27.5));
#12126 = CARTESIAN_POINT('',(93.,31.830127018922));
#12127 = CARTESIAN_POINT('',(100.5,36.160254037844));
#12128 = CARTESIAN_POINT('',(100.5,27.5));
#12129 = ( GEOMETRIC_REPRESENTATION_CONTEXT(2) 
PARAMETRIC_REPRESENTATION_CONTEXT() REPRESENTATION_CONTEXT('2D SPACE',''
  ) );
#12130 = PCURVE('',#6859,#12131);
#12131 = DEFINITIONAL_REPRESENTATION('',(#12132),#12136);
#12132 = LINE('',#12133,#12134);
#12133 = CARTESIAN_POINT('',(0.,-3.));
#12134 = VECTOR('',#12135,1.);
#12135 = DIRECTION('',(1.,0.));
#12136 = ( GEOMETRIC_REPRESENTATION_CONTEXT(2) 
PARAMETRIC_REPRESENTATION_CONTEXT() REPRESENTATION_CONTEXT('2D SPACE',''
  ) );
#12137 = FACE_BOUND('',#12138,.T.);
#12138 = EDGE_LOOP('',(#12139));
#12139 = ORIENTED_EDGE('',*,*,#11084,.T.);
#12140 = FACE_BOUND('',#12141,.T.);
#12141 = EDGE_LOOP('',(#12142));
#12142 = ORIENTED_EDGE('',*,*,#12143,.T.);
#12143 = EDGE_CURVE('',#12144,#12144,#12146,.T.);
#12144 = VERTEX_POINT('',#12145);
#12145 = CARTESIAN_POINT('',(43.,9.5,0.));
#12146 = SURFACE_CURVE('',#12147,(#12152,#12163),.PCURVE_S1.);
#12147 = CIRCLE('',#12148,5.);
#12148 = AXIS2_PLACEMENT_3D('',#12149,#12150,#12151);
#12149 = CARTESIAN_POINT('',(38.,9.5,0.));
#12150 = DIRECTION('',(0.,0.,-1.));
#12151 = DIRECTION('',(1.,0.,0.));
#12152 = PCURVE('',#8880,#12153);
#12153 = DEFINITIONAL_REPRESENTATION('',(#12154),#12162);
#12154 = ( BOUNDED_CURVE() B_SPLINE_CURVE(2,(#12155,#12156,#12157,#12158
    ,#12159,#12160,#12161),.UNSPECIFIED.,.T.,.F.) 
B_SPLINE_CURVE_WITH_KNOTS((1,2,2,2,2,1),(-2.094395102393,0.,
    2.094395102393,4.188790204786,6.28318530718,8.377580409573),
.UNSPECIFIED.) CURVE() GEOMETRIC_REPRESENTATION_ITEM() 
RATIONAL_B_SPLINE_CURVE((1.,0.5,1.,0.5,1.,0.5,1.)) REPRESENTATION_ITEM(
  '') );
#12155 = CARTESIAN_POINT('',(110.5,36.));
#12156 = CARTESIAN_POINT('',(110.5,27.339745962156));
#12157 = CARTESIAN_POINT('',(103.,31.669872981078));
#12158 = CARTESIAN_POINT('',(95.5,36.));
#12159 = CARTESIAN_POINT('',(103.,40.330127018922));
#12160 = CARTESIAN_POINT('',(110.5,44.660254037844));
#12161 = CARTESIAN_POINT('',(110.5,36.));
#12162 = ( GEOMETRIC_REPRESENTATION_CONTEXT(2) 
PARAMETRIC_REPRESENTATION_CONTEXT() REPRESENTATION_CONTEXT('2D SPACE',''
  ) );
#12163 = PCURVE('',#7880,#12164);
#12164 = DEFINITIONAL_REPRESENTATION('',(#12165),#12169);
#12165 = LINE('',#12166,#12167);
#12166 = CARTESIAN_POINT('',(0.,-3.));
#12167 = VECTOR('',#12168,1.);
#12168 = DIRECTION('',(1.,0.));
#12169 = ( GEOMETRIC_REPRESENTATION_CONTEXT(2) 
PARAMETRIC_REPRESENTATION_CONTEXT() REPRESENTATION_CONTEXT('2D SPACE',''
  ) );
#12170 = ADVANCED_FACE('',(#12171),#8724,.F.);
#12171 = FACE_BOUND('',#12172,.F.);
#12172 = EDGE_LOOP('',(#12173,#12174,#12175,#12176,#12177,#12178,#12201,
    #12229));
#12173 = ORIENTED_EDGE('',*,*,#8820,.F.);
#12174 = ORIENTED_EDGE('',*,*,#8942,.T.);
#12175 = ORIENTED_EDGE('',*,*,#9038,.T.);
#12176 = ORIENTED_EDGE('',*,*,#9134,.F.);
#12177 = ORIENTED_EDGE('',*,*,#8708,.F.);
#12178 = ORIENTED_EDGE('',*,*,#12179,.T.);
#12179 = EDGE_CURVE('',#8709,#12180,#12182,.T.);
#12180 = VERTEX_POINT('',#12181);
#12181 = CARTESIAN_POINT('',(15.6195,4.547,-14.824));
#12182 = SURFACE_CURVE('',#12183,(#12187,#12194),.PCURVE_S1.);
#12183 = LINE('',#12184,#12185);
#12184 = CARTESIAN_POINT('',(15.6195,23.5,-14.824));
#12185 = VECTOR('',#12186,1.);
#12186 = DIRECTION('',(-0.,-1.,-0.));
#12187 = PCURVE('',#8724,#12188);
#12188 = DEFINITIONAL_REPRESENTATION('',(#12189),#12193);
#12189 = LINE('',#12190,#12191);
#12190 = CARTESIAN_POINT('',(33.239,0.));
#12191 = VECTOR('',#12192,1.);
#12192 = DIRECTION('',(0.,-1.));
#12193 = ( GEOMETRIC_REPRESENTATION_CONTEXT(2) 
PARAMETRIC_REPRESENTATION_CONTEXT() REPRESENTATION_CONTEXT('2D SPACE',''
  ) );
#12194 = PCURVE('',#8752,#12195);
#12195 = DEFINITIONAL_REPRESENTATION('',(#12196),#12200);
#12196 = LINE('',#12197,#12198);
#12197 = CARTESIAN_POINT('',(0.,0.));
#12198 = VECTOR('',#12199,1.);
#12199 = DIRECTION('',(0.,-1.));
#12200 = ( GEOMETRIC_REPRESENTATION_CONTEXT(2) 
PARAMETRIC_REPRESENTATION_CONTEXT() REPRESENTATION_CONTEXT('2D SPACE',''
  ) );
#12201 = ORIENTED_EDGE('',*,*,#12202,.F.);
#12202 = EDGE_CURVE('',#12203,#12180,#12205,.T.);
#12203 = VERTEX_POINT('',#12204);
#12204 = CARTESIAN_POINT('',(-15.6195,4.547,-14.824));
#12205 = SURFACE_CURVE('',#12206,(#12210,#12217),.PCURVE_S1.);
#12206 = LINE('',#12207,#12208);
#12207 = CARTESIAN_POINT('',(-5.921189464668E-16,4.547,-14.824));
#12208 = VECTOR('',#12209,1.);
#12209 = DIRECTION('',(1.,0.,0.));
#12210 = PCURVE('',#8724,#12211);
#12211 = DEFINITIONAL_REPRESENTATION('',(#12212),#12216);
#12212 = LINE('',#12213,#12214);
#12213 = CARTESIAN_POINT('',(17.6195,-18.953));
#12214 = VECTOR('',#12215,1.);
#12215 = DIRECTION('',(1.,0.));
#12216 = ( GEOMETRIC_REPRESENTATION_CONTEXT(2) 
PARAMETRIC_REPRESENTATION_CONTEXT() REPRESENTATION_CONTEXT('2D SPACE',''
  ) );
#12217 = PCURVE('',#12218,#12223);
#12218 = PLANE('',#12219);
#12219 = AXIS2_PLACEMENT_3D('',#12220,#12221,#12222);
#12220 = CARTESIAN_POINT('',(-5.921189464668E-16,4.547,-8.912));
#12221 = DIRECTION('',(0.,1.,0.));
#12222 = DIRECTION('',(0.,0.,1.));
#12223 = DEFINITIONAL_REPRESENTATION('',(#12224),#12228);
#12224 = LINE('',#12225,#12226);
#12225 = CARTESIAN_POINT('',(-5.912,0.));
#12226 = VECTOR('',#12227,1.);
#12227 = DIRECTION('',(0.,1.));
#12228 = ( GEOMETRIC_REPRESENTATION_CONTEXT(2) 
PARAMETRIC_REPRESENTATION_CONTEXT() REPRESENTATION_CONTEXT('2D SPACE',''
  ) );
#12229 = ORIENTED_EDGE('',*,*,#12230,.F.);
#12230 = EDGE_CURVE('',#8793,#12203,#12231,.T.);
#12231 = SURFACE_CURVE('',#12232,(#12236,#12243),.PCURVE_S1.);
#12232 = LINE('',#12233,#12234);
#12233 = CARTESIAN_POINT('',(-15.6195,23.5,-14.824));
#12234 = VECTOR('',#12235,1.);
#12235 = DIRECTION('',(-0.,-1.,-0.));
#12236 = PCURVE('',#8724,#12237);
#12237 = DEFINITIONAL_REPRESENTATION('',(#12238),#12242);
#12238 = LINE('',#12239,#12240);
#12239 = CARTESIAN_POINT('',(2.,0.));
#12240 = VECTOR('',#12241,1.);
#12241 = DIRECTION('',(0.,-1.));
#12242 = ( GEOMETRIC_REPRESENTATION_CONTEXT(2) 
PARAMETRIC_REPRESENTATION_CONTEXT() REPRESENTATION_CONTEXT('2D SPACE',''
  ) );
#12243 = PCURVE('',#8808,#12244);
#12244 = DEFINITIONAL_REPRESENTATION('',(#12245),#12249);
#12245 = LINE('',#12246,#12247);
#12246 = CARTESIAN_POINT('',(0.,0.));
#12247 = VECTOR('',#12248,1.);
#12248 = DIRECTION('',(0.,-1.));
#12249 = ( GEOMETRIC_REPRESENTATION_CONTEXT(2) 
PARAMETRIC_REPRESENTATION_CONTEXT() REPRESENTATION_CONTEXT('2D SPACE',''
  ) );
#12250 = ADVANCED_FACE('',(#12251),#8808,.F.);
#12251 = FACE_BOUND('',#12252,.F.);
#12252 = EDGE_LOOP('',(#12253,#12254,#12277,#12298));
#12253 = ORIENTED_EDGE('',*,*,#12230,.T.);
#12254 = ORIENTED_EDGE('',*,*,#12255,.T.);
#12255 = EDGE_CURVE('',#12203,#12256,#12258,.T.);
#12256 = VERTEX_POINT('',#12257);
#12257 = CARTESIAN_POINT('',(-15.6195,4.547,-3.));
#12258 = SURFACE_CURVE('',#12259,(#12263,#12270),.PCURVE_S1.);
#12259 = LINE('',#12260,#12261);
#12260 = CARTESIAN_POINT('',(-15.6195,4.547,-8.912));
#12261 = VECTOR('',#12262,1.);
#12262 = DIRECTION('',(0.,0.,1.));
#12263 = PCURVE('',#8808,#12264);
#12264 = DEFINITIONAL_REPRESENTATION('',(#12265),#12269);
#12265 = LINE('',#12266,#12267);
#12266 = CARTESIAN_POINT('',(5.912,-18.953));
#12267 = VECTOR('',#12268,1.);
#12268 = DIRECTION('',(1.,0.));
#12269 = ( GEOMETRIC_REPRESENTATION_CONTEXT(2) 
PARAMETRIC_REPRESENTATION_CONTEXT() REPRESENTATION_CONTEXT('2D SPACE',''
  ) );
#12270 = PCURVE('',#12218,#12271);
#12271 = DEFINITIONAL_REPRESENTATION('',(#12272),#12276);
#12272 = LINE('',#12273,#12274);
#12273 = CARTESIAN_POINT('',(0.,-15.6195));
#12274 = VECTOR('',#12275,1.);
#12275 = DIRECTION('',(1.,0.));
#12276 = ( GEOMETRIC_REPRESENTATION_CONTEXT(2) 
PARAMETRIC_REPRESENTATION_CONTEXT() REPRESENTATION_CONTEXT('2D SPACE',''
  ) );
#12277 = ORIENTED_EDGE('',*,*,#12278,.F.);
#12278 = EDGE_CURVE('',#8765,#12256,#12279,.T.);
#12279 = SURFACE_CURVE('',#12280,(#12284,#12291),.PCURVE_S1.);
#12280 = LINE('',#12281,#12282);
#12281 = CARTESIAN_POINT('',(-15.6195,23.5,-3.));
#12282 = VECTOR('',#12283,1.);
#12283 = DIRECTION('',(-0.,-1.,-0.));
#12284 = PCURVE('',#8808,#12285);
#12285 = DEFINITIONAL_REPRESENTATION('',(#12286),#12290);
#12286 = LINE('',#12287,#12288);
#12287 = CARTESIAN_POINT('',(11.824,0.));
#12288 = VECTOR('',#12289,1.);
#12289 = DIRECTION('',(0.,-1.));
#12290 = ( GEOMETRIC_REPRESENTATION_CONTEXT(2) 
PARAMETRIC_REPRESENTATION_CONTEXT() REPRESENTATION_CONTEXT('2D SPACE',''
  ) );
#12291 = PCURVE('',#8780,#12292);
#12292 = DEFINITIONAL_REPRESENTATION('',(#12293),#12297);
#12293 = LINE('',#12294,#12295);
#12294 = CARTESIAN_POINT('',(0.,0.));
#12295 = VECTOR('',#12296,1.);
#12296 = DIRECTION('',(0.,-1.));
#12297 = ( GEOMETRIC_REPRESENTATION_CONTEXT(2) 
PARAMETRIC_REPRESENTATION_CONTEXT() REPRESENTATION_CONTEXT('2D SPACE',''
  ) );
#12298 = ORIENTED_EDGE('',*,*,#8792,.F.);
#12299 = ADVANCED_FACE('',(#12300),#8780,.F.);
#12300 = FACE_BOUND('',#12301,.F.);
#12301 = EDGE_LOOP('',(#12302,#12303,#12326,#12347));
#12302 = ORIENTED_EDGE('',*,*,#12278,.T.);
#12303 = ORIENTED_EDGE('',*,*,#12304,.T.);
#12304 = EDGE_CURVE('',#12256,#12305,#12307,.T.);
#12305 = VERTEX_POINT('',#12306);
#12306 = CARTESIAN_POINT('',(15.6195,4.547,-3.));
#12307 = SURFACE_CURVE('',#12308,(#12312,#12319),.PCURVE_S1.);
#12308 = LINE('',#12309,#12310);
#12309 = CARTESIAN_POINT('',(-5.921189464668E-16,4.547,-3.));
#12310 = VECTOR('',#12311,1.);
#12311 = DIRECTION('',(1.,0.,0.));
#12312 = PCURVE('',#8780,#12313);
#12313 = DEFINITIONAL_REPRESENTATION('',(#12314),#12318);
#12314 = LINE('',#12315,#12316);
#12315 = CARTESIAN_POINT('',(15.6195,-18.953));
#12316 = VECTOR('',#12317,1.);
#12317 = DIRECTION('',(1.,0.));
#12318 = ( GEOMETRIC_REPRESENTATION_CONTEXT(2) 
PARAMETRIC_REPRESENTATION_CONTEXT() REPRESENTATION_CONTEXT('2D SPACE',''
  ) );
#12319 = PCURVE('',#12218,#12320);
#12320 = DEFINITIONAL_REPRESENTATION('',(#12321),#12325);
#12321 = LINE('',#12322,#12323);
#12322 = CARTESIAN_POINT('',(5.912,0.));
#12323 = VECTOR('',#12324,1.);
#12324 = DIRECTION('',(0.,1.));
#12325 = ( GEOMETRIC_REPRESENTATION_CONTEXT(2) 
PARAMETRIC_REPRESENTATION_CONTEXT() REPRESENTATION_CONTEXT('2D SPACE',''
  ) );
#12326 = ORIENTED_EDGE('',*,*,#12327,.F.);
#12327 = EDGE_CURVE('',#8737,#12305,#12328,.T.);
#12328 = SURFACE_CURVE('',#12329,(#12333,#12340),.PCURVE_S1.);
#12329 = LINE('',#12330,#12331);
#12330 = CARTESIAN_POINT('',(15.6195,23.5,-3.));
#12331 = VECTOR('',#12332,1.);
#12332 = DIRECTION('',(-0.,-1.,-0.));
#12333 = PCURVE('',#8780,#12334);
#12334 = DEFINITIONAL_REPRESENTATION('',(#12335),#12339);
#12335 = LINE('',#12336,#12337);
#12336 = CARTESIAN_POINT('',(31.239,0.));
#12337 = VECTOR('',#12338,1.);
#12338 = DIRECTION('',(0.,-1.));
#12339 = ( GEOMETRIC_REPRESENTATION_CONTEXT(2) 
PARAMETRIC_REPRESENTATION_CONTEXT() REPRESENTATION_CONTEXT('2D SPACE',''
  ) );
#12340 = PCURVE('',#8752,#12341);
#12341 = DEFINITIONAL_REPRESENTATION('',(#12342),#12346);
#12342 = LINE('',#12343,#12344);
#12343 = CARTESIAN_POINT('',(11.824,0.));
#12344 = VECTOR('',#12345,1.);
#12345 = DIRECTION('',(0.,-1.));
#12346 = ( GEOMETRIC_REPRESENTATION_CONTEXT(2) 
PARAMETRIC_REPRESENTATION_CONTEXT() REPRESENTATION_CONTEXT('2D SPACE',''
  ) );
#12347 = ORIENTED_EDGE('',*,*,#8764,.F.);
#12348 = ADVANCED_FACE('',(#12349),#8752,.T.);
#12349 = FACE_BOUND('',#12350,.T.);
#12350 = EDGE_LOOP('',(#12351,#12352,#12373,#12374));
#12351 = ORIENTED_EDGE('',*,*,#12179,.T.);
#12352 = ORIENTED_EDGE('',*,*,#12353,.T.);
#12353 = EDGE_CURVE('',#12180,#12305,#12354,.T.);
#12354 = SURFACE_CURVE('',#12355,(#12359,#12366),.PCURVE_S1.);
#12355 = LINE('',#12356,#12357);
#12356 = CARTESIAN_POINT('',(15.6195,4.547,-8.912));
#12357 = VECTOR('',#12358,1.);
#12358 = DIRECTION('',(0.,0.,1.));
#12359 = PCURVE('',#8752,#12360);
#12360 = DEFINITIONAL_REPRESENTATION('',(#12361),#12365);
#12361 = LINE('',#12362,#12363);
#12362 = CARTESIAN_POINT('',(5.912,-18.953));
#12363 = VECTOR('',#12364,1.);
#12364 = DIRECTION('',(1.,0.));
#12365 = ( GEOMETRIC_REPRESENTATION_CONTEXT(2) 
PARAMETRIC_REPRESENTATION_CONTEXT() REPRESENTATION_CONTEXT('2D SPACE',''
  ) );
#12366 = PCURVE('',#12218,#12367);
#12367 = DEFINITIONAL_REPRESENTATION('',(#12368),#12372);
#12368 = LINE('',#12369,#12370);
#12369 = CARTESIAN_POINT('',(0.,15.6195));
#12370 = VECTOR('',#12371,1.);
#12371 = DIRECTION('',(1.,0.));
#12372 = ( GEOMETRIC_REPRESENTATION_CONTEXT(2) 
PARAMETRIC_REPRESENTATION_CONTEXT() REPRESENTATION_CONTEXT('2D SPACE',''
  ) );
#12373 = ORIENTED_EDGE('',*,*,#12327,.F.);
#12374 = ORIENTED_EDGE('',*,*,#8736,.F.);
#12375 = ADVANCED_FACE('',(#12376),#9226,.T.);
#12376 = FACE_BOUND('',#12377,.T.);
#12377 = EDGE_LOOP('',(#12378,#12379,#12402,#12423));
#12378 = ORIENTED_EDGE('',*,*,#9208,.T.);
#12379 = ORIENTED_EDGE('',*,*,#12380,.T.);
#12380 = EDGE_CURVE('',#9211,#12381,#12383,.T.);
#12381 = VERTEX_POINT('',#12382);
#12382 = CARTESIAN_POINT('',(57.071,26.5,-3.));
#12383 = SURFACE_CURVE('',#12384,(#12388,#12395),.PCURVE_S1.);
#12384 = LINE('',#12385,#12386);
#12385 = CARTESIAN_POINT('',(-57.071,26.5,-3.));
#12386 = VECTOR('',#12387,1.);
#12387 = DIRECTION('',(1.,0.,0.));
#12388 = PCURVE('',#9226,#12389);
#12389 = DEFINITIONAL_REPRESENTATION('',(#12390),#12394);
#12390 = LINE('',#12391,#12392);
#12391 = CARTESIAN_POINT('',(9.824,10.429));
#12392 = VECTOR('',#12393,1.);
#12393 = DIRECTION('',(0.,1.));
#12394 = ( GEOMETRIC_REPRESENTATION_CONTEXT(2) 
PARAMETRIC_REPRESENTATION_CONTEXT() REPRESENTATION_CONTEXT('2D SPACE',''
  ) );
#12395 = PCURVE('',#9273,#12396);
#12396 = DEFINITIONAL_REPRESENTATION('',(#12397),#12401);
#12397 = LINE('',#12398,#12399);
#12398 = CARTESIAN_POINT('',(-0.,-2.12132034356));
#12399 = VECTOR('',#12400,1.);
#12400 = DIRECTION('',(-1.,0.));
#12401 = ( GEOMETRIC_REPRESENTATION_CONTEXT(2) 
PARAMETRIC_REPRESENTATION_CONTEXT() REPRESENTATION_CONTEXT('2D SPACE',''
  ) );
#12402 = ORIENTED_EDGE('',*,*,#12403,.F.);
#12403 = EDGE_CURVE('',#11312,#12381,#12404,.T.);
#12404 = SURFACE_CURVE('',#12405,(#12409,#12416),.PCURVE_S1.);
#12405 = LINE('',#12406,#12407);
#12406 = CARTESIAN_POINT('',(57.071,26.5,-12.824));
#12407 = VECTOR('',#12408,1.);
#12408 = DIRECTION('',(0.,0.,1.));
#12409 = PCURVE('',#9226,#12410);
#12410 = DEFINITIONAL_REPRESENTATION('',(#12411),#12415);
#12411 = LINE('',#12412,#12413);
#12412 = CARTESIAN_POINT('',(0.,124.571));
#12413 = VECTOR('',#12414,1.);
#12414 = DIRECTION('',(1.,0.));
#12415 = ( GEOMETRIC_REPRESENTATION_CONTEXT(2) 
PARAMETRIC_REPRESENTATION_CONTEXT() REPRESENTATION_CONTEXT('2D SPACE',''
  ) );
#12416 = PCURVE('',#11327,#12417);
#12417 = DEFINITIONAL_REPRESENTATION('',(#12418),#12422);
#12418 = LINE('',#12419,#12420);
#12419 = CARTESIAN_POINT('',(-0.,7.374416620995));
#12420 = VECTOR('',#12421,1.);
#12421 = DIRECTION('',(-1.,0.));
#12422 = ( GEOMETRIC_REPRESENTATION_CONTEXT(2) 
PARAMETRIC_REPRESENTATION_CONTEXT() REPRESENTATION_CONTEXT('2D SPACE',''
  ) );
#12423 = ORIENTED_EDGE('',*,*,#11339,.F.);
#12424 = ADVANCED_FACE('',(#12425),#9273,.T.);
#12425 = FACE_BOUND('',#12426,.F.);
#12426 = EDGE_LOOP('',(#12427,#12428,#12429,#12450));
#12427 = ORIENTED_EDGE('',*,*,#9260,.T.);
#12428 = ORIENTED_EDGE('',*,*,#12380,.T.);
#12429 = ORIENTED_EDGE('',*,*,#12430,.T.);
#12430 = EDGE_CURVE('',#12381,#11669,#12431,.T.);
#12431 = SURFACE_CURVE('',#12432,(#12436,#12443),.PCURVE_S1.);
#12432 = LINE('',#12433,#12434);
#12433 = CARTESIAN_POINT('',(51.407028850851,12.825964034834,
    10.674035965166));
#12434 = VECTOR('',#12435,1.);
#12435 = DIRECTION('',(-0.281084637715,-0.678598344546,0.678598344546));
#12436 = PCURVE('',#9273,#12437);
#12437 = DEFINITIONAL_REPRESENTATION('',(#12438),#12442);
#12438 = LINE('',#12439,#12440);
#12439 = CARTESIAN_POINT('',(-108.4780288508,17.216686770756));
#12440 = VECTOR('',#12441,1.);
#12441 = DIRECTION('',(0.281084637715,0.959682982261));
#12442 = ( GEOMETRIC_REPRESENTATION_CONTEXT(2) 
PARAMETRIC_REPRESENTATION_CONTEXT() REPRESENTATION_CONTEXT('2D SPACE',''
  ) );
#12443 = PCURVE('',#11684,#12444);
#12444 = DEFINITIONAL_REPRESENTATION('',(#12445),#12449);
#12445 = LINE('',#12446,#12447);
#12446 = CARTESIAN_POINT('',(-9.08486209284,17.216686770756));
#12447 = VECTOR('',#12448,1.);
#12448 = DIRECTION('',(0.281084637715,0.959682982261));
#12449 = ( GEOMETRIC_REPRESENTATION_CONTEXT(2) 
PARAMETRIC_REPRESENTATION_CONTEXT() REPRESENTATION_CONTEXT('2D SPACE',''
  ) );
#12450 = ORIENTED_EDGE('',*,*,#11696,.F.);
#12451 = ADVANCED_FACE('',(#12452,#12455),#9325,.T.);
#12452 = FACE_BOUND('',#12453,.T.);
#12453 = EDGE_LOOP('',(#12454));
#12454 = ORIENTED_EDGE('',*,*,#9310,.T.);
#12455 = FACE_BOUND('',#12456,.T.);
#12456 = EDGE_LOOP('',(#12457));
#12457 = ORIENTED_EDGE('',*,*,#12458,.F.);
#12458 = EDGE_CURVE('',#12459,#12459,#12461,.T.);
#12459 = VERTEX_POINT('',#12460);
#12460 = CARTESIAN_POINT('',(-51.4,-11.5,-14.824));
#12461 = SURFACE_CURVE('',#12462,(#12467,#12474),.PCURVE_S1.);
#12462 = CIRCLE('',#12463,1.1);
#12463 = AXIS2_PLACEMENT_3D('',#12464,#12465,#12466);
#12464 = CARTESIAN_POINT('',(-52.5,-11.5,-14.824));
#12465 = DIRECTION('',(0.,0.,-1.));
#12466 = DIRECTION('',(1.,0.,0.));
#12467 = PCURVE('',#9325,#12468);
#12468 = DEFINITIONAL_REPRESENTATION('',(#12469),#12473);
#12469 = CIRCLE('',#12470,1.1);
#12470 = AXIS2_PLACEMENT_2D('',#12471,#12472);
#12471 = CARTESIAN_POINT('',(1.367440132539E-16,-3.4690113325E-17));
#12472 = DIRECTION('',(1.,0.));
#12473 = ( GEOMETRIC_REPRESENTATION_CONTEXT(2) 
PARAMETRIC_REPRESENTATION_CONTEXT() REPRESENTATION_CONTEXT('2D SPACE',''
  ) );
#12474 = PCURVE('',#12475,#12480);
#12475 = CYLINDRICAL_SURFACE('',#12476,1.1);
#12476 = AXIS2_PLACEMENT_3D('',#12477,#12478,#12479);
#12477 = CARTESIAN_POINT('',(-52.5,-11.5,-3.));
#12478 = DIRECTION('',(-0.,-0.,1.));
#12479 = DIRECTION('',(1.,0.,0.));
#12480 = DEFINITIONAL_REPRESENTATION('',(#12481),#12485);
#12481 = LINE('',#12482,#12483);
#12482 = CARTESIAN_POINT('',(-0.,-11.824));
#12483 = VECTOR('',#12484,1.);
#12484 = DIRECTION('',(-1.,0.));
#12485 = ( GEOMETRIC_REPRESENTATION_CONTEXT(2) 
PARAMETRIC_REPRESENTATION_CONTEXT() REPRESENTATION_CONTEXT('2D SPACE',''
  ) );
#12486 = ADVANCED_FACE('',(#12487,#12490),#9380,.T.);
#12487 = FACE_BOUND('',#12488,.T.);
#12488 = EDGE_LOOP('',(#12489));
#12489 = ORIENTED_EDGE('',*,*,#9365,.T.);
#12490 = FACE_BOUND('',#12491,.T.);
#12491 = EDGE_LOOP('',(#12492));
#12492 = ORIENTED_EDGE('',*,*,#12493,.F.);
#12493 = EDGE_CURVE('',#12494,#12494,#12496,.T.);
#12494 = VERTEX_POINT('',#12495);
#12495 = CARTESIAN_POINT('',(2.6,-11.5,-14.824));
#12496 = SURFACE_CURVE('',#12497,(#12502,#12509),.PCURVE_S1.);
#12497 = CIRCLE('',#12498,2.6);
#12498 = AXIS2_PLACEMENT_3D('',#12499,#12500,#12501);
#12499 = CARTESIAN_POINT('',(3.204641703779E-15,-11.5,-14.824));
#12500 = DIRECTION('',(0.,0.,-1.));
#12501 = DIRECTION('',(1.,0.,0.));
#12502 = PCURVE('',#9380,#12503);
#12503 = DEFINITIONAL_REPRESENTATION('',(#12504),#12508);
#12504 = CIRCLE('',#12505,2.6);
#12505 = AXIS2_PLACEMENT_2D('',#12506,#12507);
#12506 = CARTESIAN_POINT('',(2.563950248511E-16,-7.643776681114E-18));
#12507 = DIRECTION('',(1.,0.));
#12508 = ( GEOMETRIC_REPRESENTATION_CONTEXT(2) 
PARAMETRIC_REPRESENTATION_CONTEXT() REPRESENTATION_CONTEXT('2D SPACE',''
  ) );
#12509 = PCURVE('',#12510,#12515);
#12510 = CYLINDRICAL_SURFACE('',#12511,2.6);
#12511 = AXIS2_PLACEMENT_3D('',#12512,#12513,#12514);
#12512 = CARTESIAN_POINT('',(3.204641703779E-15,-11.5,-3.));
#12513 = DIRECTION('',(-0.,-0.,1.));
#12514 = DIRECTION('',(1.,0.,0.));
#12515 = DEFINITIONAL_REPRESENTATION('',(#12516),#12520);
#12516 = LINE('',#12517,#12518);
#12517 = CARTESIAN_POINT('',(-0.,-11.824));
#12518 = VECTOR('',#12519,1.);
#12519 = DIRECTION('',(-1.,0.));
#12520 = ( GEOMETRIC_REPRESENTATION_CONTEXT(2) 
PARAMETRIC_REPRESENTATION_CONTEXT() REPRESENTATION_CONTEXT('2D SPACE',''
  ) );
#12521 = ADVANCED_FACE('',(#12522,#12525),#9435,.T.);
#12522 = FACE_BOUND('',#12523,.T.);
#12523 = EDGE_LOOP('',(#12524));
#12524 = ORIENTED_EDGE('',*,*,#9420,.T.);
#12525 = FACE_BOUND('',#12526,.T.);
#12526 = EDGE_LOOP('',(#12527));
#12527 = ORIENTED_EDGE('',*,*,#12528,.F.);
#12528 = EDGE_CURVE('',#12529,#12529,#12531,.T.);
#12529 = VERTEX_POINT('',#12530);
#12530 = CARTESIAN_POINT('',(53.6,-11.5,-14.824));
#12531 = SURFACE_CURVE('',#12532,(#12537,#12544),.PCURVE_S1.);
#12532 = CIRCLE('',#12533,1.1);
#12533 = AXIS2_PLACEMENT_3D('',#12534,#12535,#12536);
#12534 = CARTESIAN_POINT('',(52.5,-11.5,-14.824));
#12535 = DIRECTION('',(0.,0.,-1.));
#12536 = DIRECTION('',(1.,0.,0.));
#12537 = PCURVE('',#9435,#12538);
#12538 = DEFINITIONAL_REPRESENTATION('',(#12539),#12543);
#12539 = CIRCLE('',#12540,1.1);
#12540 = AXIS2_PLACEMENT_2D('',#12541,#12542);
#12541 = CARTESIAN_POINT('',(1.367440132539E-16,-3.4690113325E-17));
#12542 = DIRECTION('',(1.,0.));
#12543 = ( GEOMETRIC_REPRESENTATION_CONTEXT(2) 
PARAMETRIC_REPRESENTATION_CONTEXT() REPRESENTATION_CONTEXT('2D SPACE',''
  ) );
#12544 = PCURVE('',#12545,#12550);
#12545 = CYLINDRICAL_SURFACE('',#12546,1.1);
#12546 = AXIS2_PLACEMENT_3D('',#12547,#12548,#12549);
#12547 = CARTESIAN_POINT('',(52.5,-11.5,-3.));
#12548 = DIRECTION('',(-0.,-0.,1.));
#12549 = DIRECTION('',(1.,0.,0.));
#12550 = DEFINITIONAL_REPRESENTATION('',(#12551),#12555);
#12551 = LINE('',#12552,#12553);
#12552 = CARTESIAN_POINT('',(-0.,-11.824));
#12553 = VECTOR('',#12554,1.);
#12554 = DIRECTION('',(-1.,0.));
#12555 = ( GEOMETRIC_REPRESENTATION_CONTEXT(2) 
PARAMETRIC_REPRESENTATION_CONTEXT() REPRESENTATION_CONTEXT('2D SPACE',''
  ) );
#12556 = ADVANCED_FACE('',(#12557),#6254,.T.);
#12557 = FACE_BOUND('',#12558,.T.);
#12558 = EDGE_LOOP('',(#12559,#12560,#12581,#12602));
#12559 = ORIENTED_EDGE('',*,*,#6238,.F.);
#12560 = ORIENTED_EDGE('',*,*,#12561,.T.);
#12561 = EDGE_CURVE('',#6239,#12562,#12564,.T.);
#12562 = VERTEX_POINT('',#12563);
#12563 = CARTESIAN_POINT('',(42.898979485566,-6.5,-10.474));
#12564 = SURFACE_CURVE('',#12565,(#12569,#12575),.PCURVE_S1.);
#12565 = LINE('',#12566,#12567);
#12566 = CARTESIAN_POINT('',(42.898979485566,-6.5,-3.));
#12567 = VECTOR('',#12568,1.);
#12568 = DIRECTION('',(0.,0.,-1.));
#12569 = PCURVE('',#6254,#12570);
#12570 = DEFINITIONAL_REPRESENTATION('',(#12571),#12574);
#12571 = B_SPLINE_CURVE_WITH_KNOTS('',1,(#12572,#12573),.UNSPECIFIED.,
  .F.,.F.,(2,2),(-0.7474,7.4740006),.PIECEWISE_BEZIER_KNOTS.);
#12572 = CARTESIAN_POINT('',(3.898979485566,0.7474));
#12573 = CARTESIAN_POINT('',(3.898979485566,-7.4740006));
#12574 = ( GEOMETRIC_REPRESENTATION_CONTEXT(2) 
PARAMETRIC_REPRESENTATION_CONTEXT() REPRESENTATION_CONTEXT('2D SPACE',''
  ) );
#12575 = PCURVE('',#6287,#12576);
#12576 = DEFINITIONAL_REPRESENTATION('',(#12577),#12580);
#12577 = B_SPLINE_CURVE_WITH_KNOTS('',1,(#12578,#12579),.UNSPECIFIED.,
  .F.,.F.,(2,2),(-0.7474,7.4740006),.PIECEWISE_BEZIER_KNOTS.);
#12578 = CARTESIAN_POINT('',(6.081827386389,-0.7474));
#12579 = CARTESIAN_POINT('',(6.081827386389,7.4740006));
#12580 = ( GEOMETRIC_REPRESENTATION_CONTEXT(2) 
PARAMETRIC_REPRESENTATION_CONTEXT() REPRESENTATION_CONTEXT('2D SPACE',''
  ) );
#12581 = ORIENTED_EDGE('',*,*,#12582,.T.);
#12582 = EDGE_CURVE('',#12562,#9453,#12583,.T.);
#12583 = SURFACE_CURVE('',#12584,(#12588,#12595),.PCURVE_S1.);
#12584 = LINE('',#12585,#12586);
#12585 = CARTESIAN_POINT('',(38.,-6.5,-10.474));
#12586 = VECTOR('',#12587,1.);
#12587 = DIRECTION('',(1.,0.,0.));
#12588 = PCURVE('',#6254,#12589);
#12589 = DEFINITIONAL_REPRESENTATION('',(#12590),#12594);
#12590 = LINE('',#12591,#12592);
#12591 = CARTESIAN_POINT('',(-1.,-7.474));
#12592 = VECTOR('',#12593,1.);
#12593 = DIRECTION('',(1.,0.));
#12594 = ( GEOMETRIC_REPRESENTATION_CONTEXT(2) 
PARAMETRIC_REPRESENTATION_CONTEXT() REPRESENTATION_CONTEXT('2D SPACE',''
  ) );
#12595 = PCURVE('',#9510,#12596);
#12596 = DEFINITIONAL_REPRESENTATION('',(#12597),#12601);
#12597 = LINE('',#12598,#12599);
#12598 = CARTESIAN_POINT('',(4.558133775131E-16,-1.));
#12599 = VECTOR('',#12600,1.);
#12600 = DIRECTION('',(1.,0.));
#12601 = ( GEOMETRIC_REPRESENTATION_CONTEXT(2) 
PARAMETRIC_REPRESENTATION_CONTEXT() REPRESENTATION_CONTEXT('2D SPACE',''
  ) );
#12602 = ORIENTED_EDGE('',*,*,#9452,.T.);
#12603 = ADVANCED_FACE('',(#12604),#9510,.T.);
#12604 = FACE_BOUND('',#12605,.T.);
#12605 = EDGE_LOOP('',(#12606,#12607,#12608,#12636));
#12606 = ORIENTED_EDGE('',*,*,#9495,.T.);
#12607 = ORIENTED_EDGE('',*,*,#12582,.F.);
#12608 = ORIENTED_EDGE('',*,*,#12609,.T.);
#12609 = EDGE_CURVE('',#12562,#12610,#12612,.T.);
#12610 = VERTEX_POINT('',#12611);
#12611 = CARTESIAN_POINT('',(39.,-2.601020514434,-10.474));
#12612 = SURFACE_CURVE('',#12613,(#12618,#12629),.PCURVE_S1.);
#12613 = CIRCLE('',#12614,5.);
#12614 = AXIS2_PLACEMENT_3D('',#12615,#12616,#12617);
#12615 = CARTESIAN_POINT('',(38.,-7.5,-10.474));
#12616 = DIRECTION('',(-0.,0.,1.));
#12617 = DIRECTION('',(1.,1.7763568394E-16,0.));
#12618 = PCURVE('',#9510,#12619);
#12619 = DEFINITIONAL_REPRESENTATION('',(#12620),#12628);
#12620 = ( BOUNDED_CURVE() B_SPLINE_CURVE(2,(#12621,#12622,#12623,#12624
    ,#12625,#12626,#12627),.UNSPECIFIED.,.T.,.F.) 
B_SPLINE_CURVE_WITH_KNOTS((1,2,2,2,2,1),(-2.094395102393,0.,
    2.094395102393,4.188790204786,6.28318530718,8.377580409573),
.UNSPECIFIED.) CURVE() GEOMETRIC_REPRESENTATION_ITEM() 
RATIONAL_B_SPLINE_CURVE((1.,0.5,1.,0.5,1.,0.5,1.)) REPRESENTATION_ITEM(
  '') );
#12621 = CARTESIAN_POINT('',(5.,-8.711557486272E-16));
#12622 = CARTESIAN_POINT('',(5.,-8.660254037844));
#12623 = CARTESIAN_POINT('',(-2.5,-4.330127018922));
#12624 = CARTESIAN_POINT('',(-10.,5.687327113258E-16));
#12625 = CARTESIAN_POINT('',(-2.5,4.330127018922));
#12626 = CARTESIAN_POINT('',(5.,8.660254037844));
#12627 = CARTESIAN_POINT('',(5.,-8.711557486272E-16));
#12628 = ( GEOMETRIC_REPRESENTATION_CONTEXT(2) 
PARAMETRIC_REPRESENTATION_CONTEXT() REPRESENTATION_CONTEXT('2D SPACE',''
  ) );
#12629 = PCURVE('',#6287,#12630);
#12630 = DEFINITIONAL_REPRESENTATION('',(#12631),#12635);
#12631 = LINE('',#12632,#12633);
#12632 = CARTESIAN_POINT('',(6.28318530718,7.474));
#12633 = VECTOR('',#12634,1.);
#12634 = DIRECTION('',(-1.,-0.));
#12635 = ( GEOMETRIC_REPRESENTATION_CONTEXT(2) 
PARAMETRIC_REPRESENTATION_CONTEXT() REPRESENTATION_CONTEXT('2D SPACE',''
  ) );
#12636 = ORIENTED_EDGE('',*,*,#12637,.F.);
#12637 = EDGE_CURVE('',#9475,#12610,#12638,.T.);
#12638 = SURFACE_CURVE('',#12639,(#12643,#12650),.PCURVE_S1.);
#12639 = LINE('',#12640,#12641);
#12640 = CARTESIAN_POINT('',(39.,-7.5,-10.474));
#12641 = VECTOR('',#12642,1.);
#12642 = DIRECTION('',(0.,-1.,0.));
#12643 = PCURVE('',#9510,#12644);
#12644 = DEFINITIONAL_REPRESENTATION('',(#12645),#12649);
#12645 = LINE('',#12646,#12647);
#12646 = CARTESIAN_POINT('',(1.,1.70226710729E-17));
#12647 = VECTOR('',#12648,1.);
#12648 = DIRECTION('',(0.,1.));
#12649 = ( GEOMETRIC_REPRESENTATION_CONTEXT(2) 
PARAMETRIC_REPRESENTATION_CONTEXT() REPRESENTATION_CONTEXT('2D SPACE',''
  ) );
#12650 = PCURVE('',#6692,#12651);
#12651 = DEFINITIONAL_REPRESENTATION('',(#12652),#12656);
#12652 = LINE('',#12653,#12654);
#12653 = CARTESIAN_POINT('',(6.,-7.474));
#12654 = VECTOR('',#12655,1.);
#12655 = DIRECTION('',(1.,0.));
#12656 = ( GEOMETRIC_REPRESENTATION_CONTEXT(2) 
PARAMETRIC_REPRESENTATION_CONTEXT() REPRESENTATION_CONTEXT('2D SPACE',''
  ) );
#12657 = ADVANCED_FACE('',(#12658),#6692,.T.);
#12658 = FACE_BOUND('',#12659,.T.);
#12659 = EDGE_LOOP('',(#12660,#12661,#12662,#12663));
#12660 = ORIENTED_EDGE('',*,*,#6678,.F.);
#12661 = ORIENTED_EDGE('',*,*,#9474,.F.);
#12662 = ORIENTED_EDGE('',*,*,#12637,.T.);
#12663 = ORIENTED_EDGE('',*,*,#12664,.F.);
#12664 = EDGE_CURVE('',#6651,#12610,#12665,.T.);
#12665 = SURFACE_CURVE('',#12666,(#12670,#12676),.PCURVE_S1.);
#12666 = LINE('',#12667,#12668);
#12667 = CARTESIAN_POINT('',(39.,-2.601020514434,-3.));
#12668 = VECTOR('',#12669,1.);
#12669 = DIRECTION('',(0.,0.,-1.));
#12670 = PCURVE('',#6692,#12671);
#12671 = DEFINITIONAL_REPRESENTATION('',(#12672),#12675);
#12672 = B_SPLINE_CURVE_WITH_KNOTS('',1,(#12673,#12674),.UNSPECIFIED.,
  .F.,.F.,(2,2),(-0.7474,7.4740006),.PIECEWISE_BEZIER_KNOTS.);
#12673 = CARTESIAN_POINT('',(1.101020514434,0.7474));
#12674 = CARTESIAN_POINT('',(1.101020514434,-7.4740006));
#12675 = ( GEOMETRIC_REPRESENTATION_CONTEXT(2) 
PARAMETRIC_REPRESENTATION_CONTEXT() REPRESENTATION_CONTEXT('2D SPACE',''
  ) );
#12676 = PCURVE('',#6287,#12677);
#12677 = DEFINITIONAL_REPRESENTATION('',(#12678),#12681);
#12678 = B_SPLINE_CURVE_WITH_KNOTS('',1,(#12679,#12680),.UNSPECIFIED.,
  .F.,.F.,(2,2),(-0.7474,7.4740006),.PIECEWISE_BEZIER_KNOTS.);
#12679 = CARTESIAN_POINT('',(4.913746901175,-0.7474));
#12680 = CARTESIAN_POINT('',(4.913746901175,7.4740006));
#12681 = ( GEOMETRIC_REPRESENTATION_CONTEXT(2) 
PARAMETRIC_REPRESENTATION_CONTEXT() REPRESENTATION_CONTEXT('2D SPACE',''
  ) );
#12682 = ADVANCED_FACE('',(#12683),#6638,.F.);
#12683 = FACE_BOUND('',#12684,.F.);
#12684 = EDGE_LOOP('',(#12685,#12686,#12687,#12710));
#12685 = ORIENTED_EDGE('',*,*,#6622,.F.);
#12686 = ORIENTED_EDGE('',*,*,#9525,.F.);
#12687 = ORIENTED_EDGE('',*,*,#12688,.T.);
#12688 = EDGE_CURVE('',#9526,#12689,#12691,.T.);
#12689 = VERTEX_POINT('',#12690);
#12690 = CARTESIAN_POINT('',(37.,-2.601020514434,-10.474));
#12691 = SURFACE_CURVE('',#12692,(#12696,#12703),.PCURVE_S1.);
#12692 = LINE('',#12693,#12694);
#12693 = CARTESIAN_POINT('',(37.,-7.5,-10.474));
#12694 = VECTOR('',#12695,1.);
#12695 = DIRECTION('',(0.,-1.,0.));
#12696 = PCURVE('',#6638,#12697);
#12697 = DEFINITIONAL_REPRESENTATION('',(#12698),#12702);
#12698 = LINE('',#12699,#12700);
#12699 = CARTESIAN_POINT('',(6.,-7.474));
#12700 = VECTOR('',#12701,1.);
#12701 = DIRECTION('',(1.,0.));
#12702 = ( GEOMETRIC_REPRESENTATION_CONTEXT(2) 
PARAMETRIC_REPRESENTATION_CONTEXT() REPRESENTATION_CONTEXT('2D SPACE',''
  ) );
#12703 = PCURVE('',#9583,#12704);
#12704 = DEFINITIONAL_REPRESENTATION('',(#12705),#12709);
#12705 = LINE('',#12706,#12707);
#12706 = CARTESIAN_POINT('',(-1.,1.70226710729E-17));
#12707 = VECTOR('',#12708,1.);
#12708 = DIRECTION('',(0.,1.));
#12709 = ( GEOMETRIC_REPRESENTATION_CONTEXT(2) 
PARAMETRIC_REPRESENTATION_CONTEXT() REPRESENTATION_CONTEXT('2D SPACE',''
  ) );
#12710 = ORIENTED_EDGE('',*,*,#12711,.F.);
#12711 = EDGE_CURVE('',#6623,#12689,#12712,.T.);
#12712 = SURFACE_CURVE('',#12713,(#12717,#12723),.PCURVE_S1.);
#12713 = LINE('',#12714,#12715);
#12714 = CARTESIAN_POINT('',(37.,-2.601020514434,-3.));
#12715 = VECTOR('',#12716,1.);
#12716 = DIRECTION('',(0.,0.,-1.));
#12717 = PCURVE('',#6638,#12718);
#12718 = DEFINITIONAL_REPRESENTATION('',(#12719),#12722);
#12719 = B_SPLINE_CURVE_WITH_KNOTS('',1,(#12720,#12721),.UNSPECIFIED.,
  .F.,.F.,(2,2),(-0.7474,7.4740006),.PIECEWISE_BEZIER_KNOTS.);
#12720 = CARTESIAN_POINT('',(1.101020514434,0.7474));
#12721 = CARTESIAN_POINT('',(1.101020514434,-7.4740006));
#12722 = ( GEOMETRIC_REPRESENTATION_CONTEXT(2) 
PARAMETRIC_REPRESENTATION_CONTEXT() REPRESENTATION_CONTEXT('2D SPACE',''
  ) );
#12723 = PCURVE('',#6287,#12724);
#12724 = DEFINITIONAL_REPRESENTATION('',(#12725),#12728);
#12725 = B_SPLINE_CURVE_WITH_KNOTS('',1,(#12726,#12727),.UNSPECIFIED.,
  .F.,.F.,(2,2),(-0.7474,7.4740006),.PIECEWISE_BEZIER_KNOTS.);
#12726 = CARTESIAN_POINT('',(4.511031059594,-0.7474));
#12727 = CARTESIAN_POINT('',(4.511031059594,7.4740006));
#12728 = ( GEOMETRIC_REPRESENTATION_CONTEXT(2) 
PARAMETRIC_REPRESENTATION_CONTEXT() REPRESENTATION_CONTEXT('2D SPACE',''
  ) );
#12729 = ADVANCED_FACE('',(#12730),#9583,.T.);
#12730 = FACE_BOUND('',#12731,.T.);
#12731 = EDGE_LOOP('',(#12732,#12733,#12734,#12762));
#12732 = ORIENTED_EDGE('',*,*,#9568,.T.);
#12733 = ORIENTED_EDGE('',*,*,#12688,.T.);
#12734 = ORIENTED_EDGE('',*,*,#12735,.T.);
#12735 = EDGE_CURVE('',#12689,#12736,#12738,.T.);
#12736 = VERTEX_POINT('',#12737);
#12737 = CARTESIAN_POINT('',(33.101020514434,-6.5,-10.474));
#12738 = SURFACE_CURVE('',#12739,(#12744,#12755),.PCURVE_S1.);
#12739 = CIRCLE('',#12740,5.);
#12740 = AXIS2_PLACEMENT_3D('',#12741,#12742,#12743);
#12741 = CARTESIAN_POINT('',(38.,-7.5,-10.474));
#12742 = DIRECTION('',(-0.,0.,1.));
#12743 = DIRECTION('',(1.,1.7763568394E-16,0.));
#12744 = PCURVE('',#9583,#12745);
#12745 = DEFINITIONAL_REPRESENTATION('',(#12746),#12754);
#12746 = ( BOUNDED_CURVE() B_SPLINE_CURVE(2,(#12747,#12748,#12749,#12750
    ,#12751,#12752,#12753),.UNSPECIFIED.,.T.,.F.) 
B_SPLINE_CURVE_WITH_KNOTS((1,2,2,2,2,1),(-2.094395102393,0.,
    2.094395102393,4.188790204786,6.28318530718,8.377580409573),
.UNSPECIFIED.) CURVE() GEOMETRIC_REPRESENTATION_ITEM() 
RATIONAL_B_SPLINE_CURVE((1.,0.5,1.,0.5,1.,0.5,1.)) REPRESENTATION_ITEM(
  '') );
#12747 = CARTESIAN_POINT('',(5.,-8.711557486272E-16));
#12748 = CARTESIAN_POINT('',(5.,-8.660254037844));
#12749 = CARTESIAN_POINT('',(-2.5,-4.330127018922));
#12750 = CARTESIAN_POINT('',(-10.,5.687327113258E-16));
#12751 = CARTESIAN_POINT('',(-2.5,4.330127018922));
#12752 = CARTESIAN_POINT('',(5.,8.660254037844));
#12753 = CARTESIAN_POINT('',(5.,-8.711557486272E-16));
#12754 = ( GEOMETRIC_REPRESENTATION_CONTEXT(2) 
PARAMETRIC_REPRESENTATION_CONTEXT() REPRESENTATION_CONTEXT('2D SPACE',''
  ) );
#12755 = PCURVE('',#6287,#12756);
#12756 = DEFINITIONAL_REPRESENTATION('',(#12757),#12761);
#12757 = LINE('',#12758,#12759);
#12758 = CARTESIAN_POINT('',(6.28318530718,7.474));
#12759 = VECTOR('',#12760,1.);
#12760 = DIRECTION('',(-1.,-0.));
#12761 = ( GEOMETRIC_REPRESENTATION_CONTEXT(2) 
PARAMETRIC_REPRESENTATION_CONTEXT() REPRESENTATION_CONTEXT('2D SPACE',''
  ) );
#12762 = ORIENTED_EDGE('',*,*,#12763,.F.);
#12763 = EDGE_CURVE('',#9548,#12736,#12764,.T.);
#12764 = SURFACE_CURVE('',#12765,(#12769,#12776),.PCURVE_S1.);
#12765 = LINE('',#12766,#12767);
#12766 = CARTESIAN_POINT('',(38.,-6.5,-10.474));
#12767 = VECTOR('',#12768,1.);
#12768 = DIRECTION('',(1.,0.,0.));
#12769 = PCURVE('',#9583,#12770);
#12770 = DEFINITIONAL_REPRESENTATION('',(#12771),#12775);
#12771 = LINE('',#12772,#12773);
#12772 = CARTESIAN_POINT('',(4.558133775131E-16,-1.));
#12773 = VECTOR('',#12774,1.);
#12774 = DIRECTION('',(1.,0.));
#12775 = ( GEOMETRIC_REPRESENTATION_CONTEXT(2) 
PARAMETRIC_REPRESENTATION_CONTEXT() REPRESENTATION_CONTEXT('2D SPACE',''
  ) );
#12776 = PCURVE('',#6577,#12777);
#12777 = DEFINITIONAL_REPRESENTATION('',(#12778),#12782);
#12778 = LINE('',#12779,#12780);
#12779 = CARTESIAN_POINT('',(6.,-7.474));
#12780 = VECTOR('',#12781,1.);
#12781 = DIRECTION('',(1.,0.));
#12782 = ( GEOMETRIC_REPRESENTATION_CONTEXT(2) 
PARAMETRIC_REPRESENTATION_CONTEXT() REPRESENTATION_CONTEXT('2D SPACE',''
  ) );
#12783 = ADVANCED_FACE('',(#12784),#6577,.T.);
#12784 = FACE_BOUND('',#12785,.T.);
#12785 = EDGE_LOOP('',(#12786,#12787,#12788,#12789));
#12786 = ORIENTED_EDGE('',*,*,#6561,.F.);
#12787 = ORIENTED_EDGE('',*,*,#9547,.F.);
#12788 = ORIENTED_EDGE('',*,*,#12763,.T.);
#12789 = ORIENTED_EDGE('',*,*,#12790,.F.);
#12790 = EDGE_CURVE('',#6534,#12736,#12791,.T.);
#12791 = SURFACE_CURVE('',#12792,(#12796,#12802),.PCURVE_S1.);
#12792 = LINE('',#12793,#12794);
#12793 = CARTESIAN_POINT('',(33.101020514434,-6.5,-3.));
#12794 = VECTOR('',#12795,1.);
#12795 = DIRECTION('',(0.,0.,-1.));
#12796 = PCURVE('',#6577,#12797);
#12797 = DEFINITIONAL_REPRESENTATION('',(#12798),#12801);
#12798 = B_SPLINE_CURVE_WITH_KNOTS('',1,(#12799,#12800),.UNSPECIFIED.,
  .F.,.F.,(2,2),(-0.7474,7.4740006),.PIECEWISE_BEZIER_KNOTS.);
#12799 = CARTESIAN_POINT('',(1.101020514434,0.7474));
#12800 = CARTESIAN_POINT('',(1.101020514434,-7.4740006));
#12801 = ( GEOMETRIC_REPRESENTATION_CONTEXT(2) 
PARAMETRIC_REPRESENTATION_CONTEXT() REPRESENTATION_CONTEXT('2D SPACE',''
  ) );
#12802 = PCURVE('',#6287,#12803);
#12803 = DEFINITIONAL_REPRESENTATION('',(#12804),#12807);
#12804 = B_SPLINE_CURVE_WITH_KNOTS('',1,(#12805,#12806),.UNSPECIFIED.,
  .F.,.F.,(2,2),(-0.7474,7.4740006),.PIECEWISE_BEZIER_KNOTS.);
#12805 = CARTESIAN_POINT('',(3.34295057438,-0.7474));
#12806 = CARTESIAN_POINT('',(3.34295057438,7.4740006));
#12807 = ( GEOMETRIC_REPRESENTATION_CONTEXT(2) 
PARAMETRIC_REPRESENTATION_CONTEXT() REPRESENTATION_CONTEXT('2D SPACE',''
  ) );
#12808 = ADVANCED_FACE('',(#12809),#6521,.F.);
#12809 = FACE_BOUND('',#12810,.F.);
#12810 = EDGE_LOOP('',(#12811,#12812,#12813,#12836));
#12811 = ORIENTED_EDGE('',*,*,#6505,.F.);
#12812 = ORIENTED_EDGE('',*,*,#9649,.F.);
#12813 = ORIENTED_EDGE('',*,*,#12814,.T.);
#12814 = EDGE_CURVE('',#9621,#12815,#12817,.T.);
#12815 = VERTEX_POINT('',#12816);
#12816 = CARTESIAN_POINT('',(33.101020514434,-8.5,-10.474));
#12817 = SURFACE_CURVE('',#12818,(#12822,#12829),.PCURVE_S1.);
#12818 = LINE('',#12819,#12820);
#12819 = CARTESIAN_POINT('',(38.,-8.5,-10.474));
#12820 = VECTOR('',#12821,1.);
#12821 = DIRECTION('',(1.,0.,0.));
#12822 = PCURVE('',#6521,#12823);
#12823 = DEFINITIONAL_REPRESENTATION('',(#12824),#12828);
#12824 = LINE('',#12825,#12826);
#12825 = CARTESIAN_POINT('',(6.,-7.474));
#12826 = VECTOR('',#12827,1.);
#12827 = DIRECTION('',(1.,0.));
#12828 = ( GEOMETRIC_REPRESENTATION_CONTEXT(2) 
PARAMETRIC_REPRESENTATION_CONTEXT() REPRESENTATION_CONTEXT('2D SPACE',''
  ) );
#12829 = PCURVE('',#9637,#12830);
#12830 = DEFINITIONAL_REPRESENTATION('',(#12831),#12835);
#12831 = LINE('',#12832,#12833);
#12832 = CARTESIAN_POINT('',(4.558133775131E-16,1.));
#12833 = VECTOR('',#12834,1.);
#12834 = DIRECTION('',(1.,0.));
#12835 = ( GEOMETRIC_REPRESENTATION_CONTEXT(2) 
PARAMETRIC_REPRESENTATION_CONTEXT() REPRESENTATION_CONTEXT('2D SPACE',''
  ) );
#12836 = ORIENTED_EDGE('',*,*,#12837,.F.);
#12837 = EDGE_CURVE('',#6506,#12815,#12838,.T.);
#12838 = SURFACE_CURVE('',#12839,(#12843,#12849),.PCURVE_S1.);
#12839 = LINE('',#12840,#12841);
#12840 = CARTESIAN_POINT('',(33.101020514434,-8.5,-3.));
#12841 = VECTOR('',#12842,1.);
#12842 = DIRECTION('',(0.,0.,-1.));
#12843 = PCURVE('',#6521,#12844);
#12844 = DEFINITIONAL_REPRESENTATION('',(#12845),#12848);
#12845 = B_SPLINE_CURVE_WITH_KNOTS('',1,(#12846,#12847),.UNSPECIFIED.,
  .F.,.F.,(2,2),(-0.7474,7.4740006),.PIECEWISE_BEZIER_KNOTS.);
#12846 = CARTESIAN_POINT('',(1.101020514434,0.7474));
#12847 = CARTESIAN_POINT('',(1.101020514434,-7.4740006));
#12848 = ( GEOMETRIC_REPRESENTATION_CONTEXT(2) 
PARAMETRIC_REPRESENTATION_CONTEXT() REPRESENTATION_CONTEXT('2D SPACE',''
  ) );
#12849 = PCURVE('',#6287,#12850);
#12850 = DEFINITIONAL_REPRESENTATION('',(#12851),#12854);
#12851 = B_SPLINE_CURVE_WITH_KNOTS('',1,(#12852,#12853),.UNSPECIFIED.,
  .F.,.F.,(2,2),(-0.7474,7.4740006),.PIECEWISE_BEZIER_KNOTS.);
#12852 = CARTESIAN_POINT('',(2.940234732799,-0.7474));
#12853 = CARTESIAN_POINT('',(2.940234732799,7.4740006));
#12854 = ( GEOMETRIC_REPRESENTATION_CONTEXT(2) 
PARAMETRIC_REPRESENTATION_CONTEXT() REPRESENTATION_CONTEXT('2D SPACE',''
  ) );
#12855 = ADVANCED_FACE('',(#12856),#9637,.T.);
#12856 = FACE_BOUND('',#12857,.T.);
#12857 = EDGE_LOOP('',(#12858,#12881,#12882,#12883));
#12858 = ORIENTED_EDGE('',*,*,#12859,.T.);
#12859 = EDGE_CURVE('',#12860,#9600,#12862,.T.);
#12860 = VERTEX_POINT('',#12861);
#12861 = CARTESIAN_POINT('',(37.,-12.39897948556,-10.474));
#12862 = SURFACE_CURVE('',#12863,(#12867,#12874),.PCURVE_S1.);
#12863 = LINE('',#12864,#12865);
#12864 = CARTESIAN_POINT('',(37.,-7.5,-10.474));
#12865 = VECTOR('',#12866,1.);
#12866 = DIRECTION('',(0.,-1.,0.));
#12867 = PCURVE('',#9637,#12868);
#12868 = DEFINITIONAL_REPRESENTATION('',(#12869),#12873);
#12869 = LINE('',#12870,#12871);
#12870 = CARTESIAN_POINT('',(-1.,1.70226710729E-17));
#12871 = VECTOR('',#12872,1.);
#12872 = DIRECTION('',(0.,1.));
#12873 = ( GEOMETRIC_REPRESENTATION_CONTEXT(2) 
PARAMETRIC_REPRESENTATION_CONTEXT() REPRESENTATION_CONTEXT('2D SPACE',''
  ) );
#12874 = PCURVE('',#6460,#12875);
#12875 = DEFINITIONAL_REPRESENTATION('',(#12876),#12880);
#12876 = LINE('',#12877,#12878);
#12877 = CARTESIAN_POINT('',(-1.,-7.474));
#12878 = VECTOR('',#12879,1.);
#12879 = DIRECTION('',(1.,0.));
#12880 = ( GEOMETRIC_REPRESENTATION_CONTEXT(2) 
PARAMETRIC_REPRESENTATION_CONTEXT() REPRESENTATION_CONTEXT('2D SPACE',''
  ) );
#12881 = ORIENTED_EDGE('',*,*,#9620,.T.);
#12882 = ORIENTED_EDGE('',*,*,#12814,.T.);
#12883 = ORIENTED_EDGE('',*,*,#12884,.T.);
#12884 = EDGE_CURVE('',#12815,#12860,#12885,.T.);
#12885 = SURFACE_CURVE('',#12886,(#12891,#12902),.PCURVE_S1.);
#12886 = CIRCLE('',#12887,5.);
#12887 = AXIS2_PLACEMENT_3D('',#12888,#12889,#12890);
#12888 = CARTESIAN_POINT('',(38.,-7.5,-10.474));
#12889 = DIRECTION('',(-0.,0.,1.));
#12890 = DIRECTION('',(1.,1.7763568394E-16,0.));
#12891 = PCURVE('',#9637,#12892);
#12892 = DEFINITIONAL_REPRESENTATION('',(#12893),#12901);
#12893 = ( BOUNDED_CURVE() B_SPLINE_CURVE(2,(#12894,#12895,#12896,#12897
    ,#12898,#12899,#12900),.UNSPECIFIED.,.T.,.F.) 
B_SPLINE_CURVE_WITH_KNOTS((1,2,2,2,2,1),(-2.094395102393,0.,
    2.094395102393,4.188790204786,6.28318530718,8.377580409573),
.UNSPECIFIED.) CURVE() GEOMETRIC_REPRESENTATION_ITEM() 
RATIONAL_B_SPLINE_CURVE((1.,0.5,1.,0.5,1.,0.5,1.)) REPRESENTATION_ITEM(
  '') );
#12894 = CARTESIAN_POINT('',(5.,-8.711557486272E-16));
#12895 = CARTESIAN_POINT('',(5.,-8.660254037844));
#12896 = CARTESIAN_POINT('',(-2.5,-4.330127018922));
#12897 = CARTESIAN_POINT('',(-10.,5.687327113258E-16));
#12898 = CARTESIAN_POINT('',(-2.5,4.330127018922));
#12899 = CARTESIAN_POINT('',(5.,8.660254037844));
#12900 = CARTESIAN_POINT('',(5.,-8.711557486272E-16));
#12901 = ( GEOMETRIC_REPRESENTATION_CONTEXT(2) 
PARAMETRIC_REPRESENTATION_CONTEXT() REPRESENTATION_CONTEXT('2D SPACE',''
  ) );
#12902 = PCURVE('',#6287,#12903);
#12903 = DEFINITIONAL_REPRESENTATION('',(#12904),#12908);
#12904 = LINE('',#12905,#12906);
#12905 = CARTESIAN_POINT('',(6.28318530718,7.474));
#12906 = VECTOR('',#12907,1.);
#12907 = DIRECTION('',(-1.,-0.));
#12908 = ( GEOMETRIC_REPRESENTATION_CONTEXT(2) 
PARAMETRIC_REPRESENTATION_CONTEXT() REPRESENTATION_CONTEXT('2D SPACE',''
  ) );
#12909 = ADVANCED_FACE('',(#12910),#6460,.F.);
#12910 = FACE_BOUND('',#12911,.F.);
#12911 = EDGE_LOOP('',(#12912,#12913,#12932,#12933));
#12912 = ORIENTED_EDGE('',*,*,#6444,.F.);
#12913 = ORIENTED_EDGE('',*,*,#12914,.T.);
#12914 = EDGE_CURVE('',#6417,#12860,#12915,.T.);
#12915 = SURFACE_CURVE('',#12916,(#12920,#12926),.PCURVE_S1.);
#12916 = LINE('',#12917,#12918);
#12917 = CARTESIAN_POINT('',(37.,-12.39897948556,-3.));
#12918 = VECTOR('',#12919,1.);
#12919 = DIRECTION('',(0.,0.,-1.));
#12920 = PCURVE('',#6460,#12921);
#12921 = DEFINITIONAL_REPRESENTATION('',(#12922),#12925);
#12922 = B_SPLINE_CURVE_WITH_KNOTS('',1,(#12923,#12924),.UNSPECIFIED.,
  .F.,.F.,(2,2),(-0.7474,7.4740006),.PIECEWISE_BEZIER_KNOTS.);
#12923 = CARTESIAN_POINT('',(3.898979485566,0.7474));
#12924 = CARTESIAN_POINT('',(3.898979485566,-7.4740006));
#12925 = ( GEOMETRIC_REPRESENTATION_CONTEXT(2) 
PARAMETRIC_REPRESENTATION_CONTEXT() REPRESENTATION_CONTEXT('2D SPACE',''
  ) );
#12926 = PCURVE('',#6287,#12927);
#12927 = DEFINITIONAL_REPRESENTATION('',(#12928),#12931);
#12928 = B_SPLINE_CURVE_WITH_KNOTS('',1,(#12929,#12930),.UNSPECIFIED.,
  .F.,.F.,(2,2),(-0.7474,7.4740006),.PIECEWISE_BEZIER_KNOTS.);
#12929 = CARTESIAN_POINT('',(1.772154247585,-0.7474));
#12930 = CARTESIAN_POINT('',(1.772154247585,7.4740006));
#12931 = ( GEOMETRIC_REPRESENTATION_CONTEXT(2) 
PARAMETRIC_REPRESENTATION_CONTEXT() REPRESENTATION_CONTEXT('2D SPACE',''
  ) );
#12932 = ORIENTED_EDGE('',*,*,#12859,.T.);
#12933 = ORIENTED_EDGE('',*,*,#9599,.T.);
#12934 = ADVANCED_FACE('',(#12935),#6404,.T.);
#12935 = FACE_BOUND('',#12936,.T.);
#12936 = EDGE_LOOP('',(#12937,#12938,#12959,#12980));
#12937 = ORIENTED_EDGE('',*,*,#6388,.F.);
#12938 = ORIENTED_EDGE('',*,*,#12939,.T.);
#12939 = EDGE_CURVE('',#6389,#12940,#12942,.T.);
#12940 = VERTEX_POINT('',#12941);
#12941 = CARTESIAN_POINT('',(39.,-12.39897948556,-10.474));
#12942 = SURFACE_CURVE('',#12943,(#12947,#12953),.PCURVE_S1.);
#12943 = LINE('',#12944,#12945);
#12944 = CARTESIAN_POINT('',(39.,-12.39897948556,-3.));
#12945 = VECTOR('',#12946,1.);
#12946 = DIRECTION('',(0.,0.,-1.));
#12947 = PCURVE('',#6404,#12948);
#12948 = DEFINITIONAL_REPRESENTATION('',(#12949),#12952);
#12949 = B_SPLINE_CURVE_WITH_KNOTS('',1,(#12950,#12951),.UNSPECIFIED.,
  .F.,.F.,(2,2),(-0.7474,7.4740006),.PIECEWISE_BEZIER_KNOTS.);
#12950 = CARTESIAN_POINT('',(3.898979485566,0.7474));
#12951 = CARTESIAN_POINT('',(3.898979485566,-7.4740006));
#12952 = ( GEOMETRIC_REPRESENTATION_CONTEXT(2) 
PARAMETRIC_REPRESENTATION_CONTEXT() REPRESENTATION_CONTEXT('2D SPACE',''
  ) );
#12953 = PCURVE('',#6287,#12954);
#12954 = DEFINITIONAL_REPRESENTATION('',(#12955),#12958);
#12955 = B_SPLINE_CURVE_WITH_KNOTS('',1,(#12956,#12957),.UNSPECIFIED.,
  .F.,.F.,(2,2),(-0.7474,7.4740006),.PIECEWISE_BEZIER_KNOTS.);
#12956 = CARTESIAN_POINT('',(1.369438406005,-0.7474));
#12957 = CARTESIAN_POINT('',(1.369438406005,7.4740006));
#12958 = ( GEOMETRIC_REPRESENTATION_CONTEXT(2) 
PARAMETRIC_REPRESENTATION_CONTEXT() REPRESENTATION_CONTEXT('2D SPACE',''
  ) );
#12959 = ORIENTED_EDGE('',*,*,#12960,.T.);
#12960 = EDGE_CURVE('',#12940,#9694,#12961,.T.);
#12961 = SURFACE_CURVE('',#12962,(#12966,#12973),.PCURVE_S1.);
#12962 = LINE('',#12963,#12964);
#12963 = CARTESIAN_POINT('',(39.,-7.5,-10.474));
#12964 = VECTOR('',#12965,1.);
#12965 = DIRECTION('',(0.,-1.,0.));
#12966 = PCURVE('',#6404,#12967);
#12967 = DEFINITIONAL_REPRESENTATION('',(#12968),#12972);
#12968 = LINE('',#12969,#12970);
#12969 = CARTESIAN_POINT('',(-1.,-7.474));
#12970 = VECTOR('',#12971,1.);
#12971 = DIRECTION('',(1.,0.));
#12972 = ( GEOMETRIC_REPRESENTATION_CONTEXT(2) 
PARAMETRIC_REPRESENTATION_CONTEXT() REPRESENTATION_CONTEXT('2D SPACE',''
  ) );
#12973 = PCURVE('',#9710,#12974);
#12974 = DEFINITIONAL_REPRESENTATION('',(#12975),#12979);
#12975 = LINE('',#12976,#12977);
#12976 = CARTESIAN_POINT('',(1.,1.70226710729E-17));
#12977 = VECTOR('',#12978,1.);
#12978 = DIRECTION('',(0.,1.));
#12979 = ( GEOMETRIC_REPRESENTATION_CONTEXT(2) 
PARAMETRIC_REPRESENTATION_CONTEXT() REPRESENTATION_CONTEXT('2D SPACE',''
  ) );
#12980 = ORIENTED_EDGE('',*,*,#9722,.T.);
#12981 = ADVANCED_FACE('',(#12982),#9710,.T.);
#12982 = FACE_BOUND('',#12983,.T.);
#12983 = EDGE_LOOP('',(#12984,#13007,#13008,#13009));
#12984 = ORIENTED_EDGE('',*,*,#12985,.T.);
#12985 = EDGE_CURVE('',#12986,#9673,#12988,.T.);
#12986 = VERTEX_POINT('',#12987);
#12987 = CARTESIAN_POINT('',(42.898979485566,-8.5,-10.474));
#12988 = SURFACE_CURVE('',#12989,(#12993,#13000),.PCURVE_S1.);
#12989 = LINE('',#12990,#12991);
#12990 = CARTESIAN_POINT('',(38.,-8.5,-10.474));
#12991 = VECTOR('',#12992,1.);
#12992 = DIRECTION('',(1.,0.,0.));
#12993 = PCURVE('',#9710,#12994);
#12994 = DEFINITIONAL_REPRESENTATION('',(#12995),#12999);
#12995 = LINE('',#12996,#12997);
#12996 = CARTESIAN_POINT('',(4.558133775131E-16,1.));
#12997 = VECTOR('',#12998,1.);
#12998 = DIRECTION('',(1.,0.));
#12999 = ( GEOMETRIC_REPRESENTATION_CONTEXT(2) 
PARAMETRIC_REPRESENTATION_CONTEXT() REPRESENTATION_CONTEXT('2D SPACE',''
  ) );
#13000 = PCURVE('',#6343,#13001);
#13001 = DEFINITIONAL_REPRESENTATION('',(#13002),#13006);
#13002 = LINE('',#13003,#13004);
#13003 = CARTESIAN_POINT('',(-1.,-7.474));
#13004 = VECTOR('',#13005,1.);
#13005 = DIRECTION('',(1.,0.));
#13006 = ( GEOMETRIC_REPRESENTATION_CONTEXT(2) 
PARAMETRIC_REPRESENTATION_CONTEXT() REPRESENTATION_CONTEXT('2D SPACE',''
  ) );
#13007 = ORIENTED_EDGE('',*,*,#9693,.T.);
#13008 = ORIENTED_EDGE('',*,*,#12960,.F.);
#13009 = ORIENTED_EDGE('',*,*,#13010,.T.);
#13010 = EDGE_CURVE('',#12940,#12986,#13011,.T.);
#13011 = SURFACE_CURVE('',#13012,(#13017,#13028),.PCURVE_S1.);
#13012 = CIRCLE('',#13013,5.);
#13013 = AXIS2_PLACEMENT_3D('',#13014,#13015,#13016);
#13014 = CARTESIAN_POINT('',(38.,-7.5,-10.474));
#13015 = DIRECTION('',(-0.,0.,1.));
#13016 = DIRECTION('',(1.,1.7763568394E-16,0.));
#13017 = PCURVE('',#9710,#13018);
#13018 = DEFINITIONAL_REPRESENTATION('',(#13019),#13027);
#13019 = ( BOUNDED_CURVE() B_SPLINE_CURVE(2,(#13020,#13021,#13022,#13023
    ,#13024,#13025,#13026),.UNSPECIFIED.,.T.,.F.) 
B_SPLINE_CURVE_WITH_KNOTS((1,2,2,2,2,1),(-2.094395102393,0.,
    2.094395102393,4.188790204786,6.28318530718,8.377580409573),
.UNSPECIFIED.) CURVE() GEOMETRIC_REPRESENTATION_ITEM() 
RATIONAL_B_SPLINE_CURVE((1.,0.5,1.,0.5,1.,0.5,1.)) REPRESENTATION_ITEM(
  '') );
#13020 = CARTESIAN_POINT('',(5.,-8.711557486272E-16));
#13021 = CARTESIAN_POINT('',(5.,-8.660254037844));
#13022 = CARTESIAN_POINT('',(-2.5,-4.330127018922));
#13023 = CARTESIAN_POINT('',(-10.,5.687327113258E-16));
#13024 = CARTESIAN_POINT('',(-2.5,4.330127018922));
#13025 = CARTESIAN_POINT('',(5.,8.660254037844));
#13026 = CARTESIAN_POINT('',(5.,-8.711557486272E-16));
#13027 = ( GEOMETRIC_REPRESENTATION_CONTEXT(2) 
PARAMETRIC_REPRESENTATION_CONTEXT() REPRESENTATION_CONTEXT('2D SPACE',''
  ) );
#13028 = PCURVE('',#6287,#13029);
#13029 = DEFINITIONAL_REPRESENTATION('',(#13030),#13034);
#13030 = LINE('',#13031,#13032);
#13031 = CARTESIAN_POINT('',(6.28318530718,7.474));
#13032 = VECTOR('',#13033,1.);
#13033 = DIRECTION('',(-1.,-0.));
#13034 = ( GEOMETRIC_REPRESENTATION_CONTEXT(2) 
PARAMETRIC_REPRESENTATION_CONTEXT() REPRESENTATION_CONTEXT('2D SPACE',''
  ) );
#13035 = ADVANCED_FACE('',(#13036),#6343,.F.);
#13036 = FACE_BOUND('',#13037,.F.);
#13037 = EDGE_LOOP('',(#13038,#13039,#13058,#13059));
#13038 = ORIENTED_EDGE('',*,*,#6327,.F.);
#13039 = ORIENTED_EDGE('',*,*,#13040,.T.);
#13040 = EDGE_CURVE('',#6300,#12986,#13041,.T.);
#13041 = SURFACE_CURVE('',#13042,(#13046,#13052),.PCURVE_S1.);
#13042 = LINE('',#13043,#13044);
#13043 = CARTESIAN_POINT('',(42.898979485566,-8.5,-3.));
#13044 = VECTOR('',#13045,1.);
#13045 = DIRECTION('',(0.,0.,-1.));
#13046 = PCURVE('',#6343,#13047);
#13047 = DEFINITIONAL_REPRESENTATION('',(#13048),#13051);
#13048 = B_SPLINE_CURVE_WITH_KNOTS('',1,(#13049,#13050),.UNSPECIFIED.,
  .F.,.F.,(2,2),(-0.7474,7.4740006),.PIECEWISE_BEZIER_KNOTS.);
#13049 = CARTESIAN_POINT('',(3.898979485566,0.7474));
#13050 = CARTESIAN_POINT('',(3.898979485566,-7.4740006));
#13051 = ( GEOMETRIC_REPRESENTATION_CONTEXT(2) 
PARAMETRIC_REPRESENTATION_CONTEXT() REPRESENTATION_CONTEXT('2D SPACE',''
  ) );
#13052 = PCURVE('',#6287,#13053);
#13053 = DEFINITIONAL_REPRESENTATION('',(#13054),#13057);
#13054 = B_SPLINE_CURVE_WITH_KNOTS('',1,(#13055,#13056),.UNSPECIFIED.,
  .F.,.F.,(2,2),(-0.7474,7.4740006),.PIECEWISE_BEZIER_KNOTS.);
#13055 = CARTESIAN_POINT('',(0.20135792079,-0.7474));
#13056 = CARTESIAN_POINT('',(0.20135792079,7.4740006));
#13057 = ( GEOMETRIC_REPRESENTATION_CONTEXT(2) 
PARAMETRIC_REPRESENTATION_CONTEXT() REPRESENTATION_CONTEXT('2D SPACE',''
  ) );
#13058 = ORIENTED_EDGE('',*,*,#12985,.T.);
#13059 = ORIENTED_EDGE('',*,*,#9672,.T.);
#13060 = ADVANCED_FACE('',(#13061,#13064),#9782,.F.);
#13061 = FACE_BOUND('',#13062,.F.);
#13062 = EDGE_LOOP('',(#13063));
#13063 = ORIENTED_EDGE('',*,*,#9767,.T.);
#13064 = FACE_BOUND('',#13065,.F.);
#13065 = EDGE_LOOP('',(#13066));
#13066 = ORIENTED_EDGE('',*,*,#13067,.F.);
#13067 = EDGE_CURVE('',#13068,#13068,#13070,.T.);
#13068 = VERTEX_POINT('',#13069);
#13069 = CARTESIAN_POINT('',(-21.771,1.,-10.474));
#13070 = SURFACE_CURVE('',#13071,(#13076,#13083),.PCURVE_S1.);
#13071 = ELLIPSE('',#13072,16.229,14.409);
#13072 = AXIS2_PLACEMENT_3D('',#13073,#13074,#13075);
#13073 = CARTESIAN_POINT('',(-38.,1.,-10.474));
#13074 = DIRECTION('',(0.,0.,1.));
#13075 = DIRECTION('',(1.,0.,0.));
#13076 = PCURVE('',#9782,#13077);
#13077 = DEFINITIONAL_REPRESENTATION('',(#13078),#13082);
#13078 = ELLIPSE('',#13079,16.229,14.409);
#13079 = AXIS2_PLACEMENT_2D('',#13080,#13081);
#13080 = CARTESIAN_POINT('',(-0.243258025078,-2.306674320894E-17));
#13081 = DIRECTION('',(1.,0.));
#13082 = ( GEOMETRIC_REPRESENTATION_CONTEXT(2) 
PARAMETRIC_REPRESENTATION_CONTEXT() REPRESENTATION_CONTEXT('2D SPACE',''
  ) );
#13083 = PCURVE('',#13084,#13092);
#13084 = SURFACE_OF_LINEAR_EXTRUSION('',#13085,#13090);
#13085 = ELLIPSE('',#13086,16.229,14.409);
#13086 = AXIS2_PLACEMENT_3D('',#13087,#13088,#13089);
#13087 = CARTESIAN_POINT('',(-38.,1.,-3.));
#13088 = DIRECTION('',(0.,0.,1.));
#13089 = DIRECTION('',(1.,0.,0.));
#13090 = VECTOR('',#13091,1.);
#13091 = DIRECTION('',(0.,0.,1.));
#13092 = DEFINITIONAL_REPRESENTATION('',(#13093),#13097);
#13093 = LINE('',#13094,#13095);
#13094 = CARTESIAN_POINT('',(0.,-7.474));
#13095 = VECTOR('',#13096,1.);
#13096 = DIRECTION('',(1.,0.));
#13097 = ( GEOMETRIC_REPRESENTATION_CONTEXT(2) 
PARAMETRIC_REPRESENTATION_CONTEXT() REPRESENTATION_CONTEXT('2D SPACE',''
  ) );
#13098 = ADVANCED_FACE('',(#13099,#13102),#9837,.T.);
#13099 = FACE_BOUND('',#13100,.T.);
#13100 = EDGE_LOOP('',(#13101));
#13101 = ORIENTED_EDGE('',*,*,#9822,.T.);
#13102 = FACE_BOUND('',#13103,.T.);
#13103 = EDGE_LOOP('',(#13104));
#13104 = ORIENTED_EDGE('',*,*,#13105,.F.);
#13105 = EDGE_CURVE('',#13106,#13106,#13108,.T.);
#13106 = VERTEX_POINT('',#13107);
#13107 = CARTESIAN_POINT('',(-51.4,13.5,-14.824));
#13108 = SURFACE_CURVE('',#13109,(#13114,#13121),.PCURVE_S1.);
#13109 = CIRCLE('',#13110,1.1);
#13110 = AXIS2_PLACEMENT_3D('',#13111,#13112,#13113);
#13111 = CARTESIAN_POINT('',(-52.5,13.5,-14.824));
#13112 = DIRECTION('',(0.,0.,-1.));
#13113 = DIRECTION('',(1.,0.,0.));
#13114 = PCURVE('',#9837,#13115);
#13115 = DEFINITIONAL_REPRESENTATION('',(#13116),#13120);
#13116 = CIRCLE('',#13117,1.1);
#13117 = AXIS2_PLACEMENT_2D('',#13118,#13119);
#13118 = CARTESIAN_POINT('',(1.367440132539E-16,-3.4690113325E-17));
#13119 = DIRECTION('',(1.,0.));
#13120 = ( GEOMETRIC_REPRESENTATION_CONTEXT(2) 
PARAMETRIC_REPRESENTATION_CONTEXT() REPRESENTATION_CONTEXT('2D SPACE',''
  ) );
#13121 = PCURVE('',#13122,#13127);
#13122 = CYLINDRICAL_SURFACE('',#13123,1.1);
#13123 = AXIS2_PLACEMENT_3D('',#13124,#13125,#13126);
#13124 = CARTESIAN_POINT('',(-52.5,13.5,-3.));
#13125 = DIRECTION('',(-0.,-0.,1.));
#13126 = DIRECTION('',(1.,0.,0.));
#13127 = DEFINITIONAL_REPRESENTATION('',(#13128),#13132);
#13128 = LINE('',#13129,#13130);
#13129 = CARTESIAN_POINT('',(-0.,-11.824));
#13130 = VECTOR('',#13131,1.);
#13131 = DIRECTION('',(-1.,0.));
#13132 = ( GEOMETRIC_REPRESENTATION_CONTEXT(2) 
PARAMETRIC_REPRESENTATION_CONTEXT() REPRESENTATION_CONTEXT('2D SPACE',''
  ) );
#13133 = ADVANCED_FACE('',(#13134),#6826,.T.);
#13134 = FACE_BOUND('',#13135,.T.);
#13135 = EDGE_LOOP('',(#13136,#13137,#13158,#13179));
#13136 = ORIENTED_EDGE('',*,*,#6810,.F.);
#13137 = ORIENTED_EDGE('',*,*,#13138,.T.);
#13138 = EDGE_CURVE('',#6811,#13139,#13141,.T.);
#13139 = VERTEX_POINT('',#13140);
#13140 = CARTESIAN_POINT('',(32.898979485566,2.,-10.474));
#13141 = SURFACE_CURVE('',#13142,(#13146,#13152),.PCURVE_S1.);
#13142 = LINE('',#13143,#13144);
#13143 = CARTESIAN_POINT('',(32.898979485566,2.,-3.));
#13144 = VECTOR('',#13145,1.);
#13145 = DIRECTION('',(0.,0.,-1.));
#13146 = PCURVE('',#6826,#13147);
#13147 = DEFINITIONAL_REPRESENTATION('',(#13148),#13151);
#13148 = B_SPLINE_CURVE_WITH_KNOTS('',1,(#13149,#13150),.UNSPECIFIED.,
  .F.,.F.,(2,2),(-0.7474,7.4740006),.PIECEWISE_BEZIER_KNOTS.);
#13149 = CARTESIAN_POINT('',(3.898979485566,0.7474));
#13150 = CARTESIAN_POINT('',(3.898979485566,-7.4740006));
#13151 = ( GEOMETRIC_REPRESENTATION_CONTEXT(2) 
PARAMETRIC_REPRESENTATION_CONTEXT() REPRESENTATION_CONTEXT('2D SPACE',''
  ) );
#13152 = PCURVE('',#6859,#13153);
#13153 = DEFINITIONAL_REPRESENTATION('',(#13154),#13157);
#13154 = B_SPLINE_CURVE_WITH_KNOTS('',1,(#13155,#13156),.UNSPECIFIED.,
  .F.,.F.,(2,2),(-0.7474,7.4740006),.PIECEWISE_BEZIER_KNOTS.);
#13155 = CARTESIAN_POINT('',(6.081827386389,-0.7474));
#13156 = CARTESIAN_POINT('',(6.081827386389,7.4740006));
#13157 = ( GEOMETRIC_REPRESENTATION_CONTEXT(2) 
PARAMETRIC_REPRESENTATION_CONTEXT() REPRESENTATION_CONTEXT('2D SPACE',''
  ) );
#13158 = ORIENTED_EDGE('',*,*,#13159,.T.);
#13159 = EDGE_CURVE('',#13139,#9855,#13160,.T.);
#13160 = SURFACE_CURVE('',#13161,(#13165,#13172),.PCURVE_S1.);
#13161 = LINE('',#13162,#13163);
#13162 = CARTESIAN_POINT('',(28.,2.,-10.474));
#13163 = VECTOR('',#13164,1.);
#13164 = DIRECTION('',(1.,0.,0.));
#13165 = PCURVE('',#6826,#13166);
#13166 = DEFINITIONAL_REPRESENTATION('',(#13167),#13171);
#13167 = LINE('',#13168,#13169);
#13168 = CARTESIAN_POINT('',(-1.,-7.474));
#13169 = VECTOR('',#13170,1.);
#13170 = DIRECTION('',(1.,0.));
#13171 = ( GEOMETRIC_REPRESENTATION_CONTEXT(2) 
PARAMETRIC_REPRESENTATION_CONTEXT() REPRESENTATION_CONTEXT('2D SPACE',''
  ) );
#13172 = PCURVE('',#9912,#13173);
#13173 = DEFINITIONAL_REPRESENTATION('',(#13174),#13178);
#13174 = LINE('',#13175,#13176);
#13175 = CARTESIAN_POINT('',(4.558133775131E-16,-1.));
#13176 = VECTOR('',#13177,1.);
#13177 = DIRECTION('',(1.,0.));
#13178 = ( GEOMETRIC_REPRESENTATION_CONTEXT(2) 
PARAMETRIC_REPRESENTATION_CONTEXT() REPRESENTATION_CONTEXT('2D SPACE',''
  ) );
#13179 = ORIENTED_EDGE('',*,*,#9854,.T.);
#13180 = ADVANCED_FACE('',(#13181),#9912,.T.);
#13181 = FACE_BOUND('',#13182,.T.);
#13182 = EDGE_LOOP('',(#13183,#13184,#13185,#13213));
#13183 = ORIENTED_EDGE('',*,*,#9897,.T.);
#13184 = ORIENTED_EDGE('',*,*,#13159,.F.);
#13185 = ORIENTED_EDGE('',*,*,#13186,.T.);
#13186 = EDGE_CURVE('',#13139,#13187,#13189,.T.);
#13187 = VERTEX_POINT('',#13188);
#13188 = CARTESIAN_POINT('',(29.,5.898979485566,-10.474));
#13189 = SURFACE_CURVE('',#13190,(#13195,#13206),.PCURVE_S1.);
#13190 = CIRCLE('',#13191,5.);
#13191 = AXIS2_PLACEMENT_3D('',#13192,#13193,#13194);
#13192 = CARTESIAN_POINT('',(28.,1.,-10.474));
#13193 = DIRECTION('',(-0.,0.,1.));
#13194 = DIRECTION('',(1.,3.10862446895E-16,0.));
#13195 = PCURVE('',#9912,#13196);
#13196 = DEFINITIONAL_REPRESENTATION('',(#13197),#13205);
#13197 = ( BOUNDED_CURVE() B_SPLINE_CURVE(2,(#13198,#13199,#13200,#13201
    ,#13202,#13203,#13204),.UNSPECIFIED.,.T.,.F.) 
B_SPLINE_CURVE_WITH_KNOTS((1,2,2,2,2,1),(-2.094395102393,0.,
    2.094395102393,4.188790204786,6.28318530718,8.377580409573),
.UNSPECIFIED.) CURVE() GEOMETRIC_REPRESENTATION_ITEM() 
RATIONAL_B_SPLINE_CURVE((1.,0.5,1.,0.5,1.,0.5,1.)) REPRESENTATION_ITEM(
  '') );
#13198 = CARTESIAN_POINT('',(5.,-1.315244958477E-15));
#13199 = CARTESIAN_POINT('',(5.,-8.660254037844));
#13200 = CARTESIAN_POINT('',(-2.5,-4.330127018922));
#13201 = CARTESIAN_POINT('',(-10.,2.123044945801E-15));
#13202 = CARTESIAN_POINT('',(-2.5,4.330127018922));
#13203 = CARTESIAN_POINT('',(5.,8.660254037844));
#13204 = CARTESIAN_POINT('',(5.,-1.315244958477E-15));
#13205 = ( GEOMETRIC_REPRESENTATION_CONTEXT(2) 
PARAMETRIC_REPRESENTATION_CONTEXT() REPRESENTATION_CONTEXT('2D SPACE',''
  ) );
#13206 = PCURVE('',#6859,#13207);
#13207 = DEFINITIONAL_REPRESENTATION('',(#13208),#13212);
#13208 = LINE('',#13209,#13210);
#13209 = CARTESIAN_POINT('',(6.28318530718,7.474));
#13210 = VECTOR('',#13211,1.);
#13211 = DIRECTION('',(-1.,-0.));
#13212 = ( GEOMETRIC_REPRESENTATION_CONTEXT(2) 
PARAMETRIC_REPRESENTATION_CONTEXT() REPRESENTATION_CONTEXT('2D SPACE',''
  ) );
#13213 = ORIENTED_EDGE('',*,*,#13214,.F.);
#13214 = EDGE_CURVE('',#9877,#13187,#13215,.T.);
#13215 = SURFACE_CURVE('',#13216,(#13220,#13227),.PCURVE_S1.);
#13216 = LINE('',#13217,#13218);
#13217 = CARTESIAN_POINT('',(29.,1.,-10.474));
#13218 = VECTOR('',#13219,1.);
#13219 = DIRECTION('',(0.,-1.,0.));
#13220 = PCURVE('',#9912,#13221);
#13221 = DEFINITIONAL_REPRESENTATION('',(#13222),#13226);
#13222 = LINE('',#13223,#13224);
#13223 = CARTESIAN_POINT('',(1.,1.70226710729E-17));
#13224 = VECTOR('',#13225,1.);
#13225 = DIRECTION('',(0.,1.));
#13226 = ( GEOMETRIC_REPRESENTATION_CONTEXT(2) 
PARAMETRIC_REPRESENTATION_CONTEXT() REPRESENTATION_CONTEXT('2D SPACE',''
  ) );
#13227 = PCURVE('',#7264,#13228);
#13228 = DEFINITIONAL_REPRESENTATION('',(#13229),#13233);
#13229 = LINE('',#13230,#13231);
#13230 = CARTESIAN_POINT('',(6.,-7.474));
#13231 = VECTOR('',#13232,1.);
#13232 = DIRECTION('',(1.,0.));
#13233 = ( GEOMETRIC_REPRESENTATION_CONTEXT(2) 
PARAMETRIC_REPRESENTATION_CONTEXT() REPRESENTATION_CONTEXT('2D SPACE',''
  ) );
#13234 = ADVANCED_FACE('',(#13235),#7264,.T.);
#13235 = FACE_BOUND('',#13236,.T.);
#13236 = EDGE_LOOP('',(#13237,#13238,#13239,#13240));
#13237 = ORIENTED_EDGE('',*,*,#7250,.F.);
#13238 = ORIENTED_EDGE('',*,*,#9876,.F.);
#13239 = ORIENTED_EDGE('',*,*,#13214,.T.);
#13240 = ORIENTED_EDGE('',*,*,#13241,.F.);
#13241 = EDGE_CURVE('',#7223,#13187,#13242,.T.);
#13242 = SURFACE_CURVE('',#13243,(#13247,#13253),.PCURVE_S1.);
#13243 = LINE('',#13244,#13245);
#13244 = CARTESIAN_POINT('',(29.,5.898979485566,-3.));
#13245 = VECTOR('',#13246,1.);
#13246 = DIRECTION('',(0.,0.,-1.));
#13247 = PCURVE('',#7264,#13248);
#13248 = DEFINITIONAL_REPRESENTATION('',(#13249),#13252);
#13249 = B_SPLINE_CURVE_WITH_KNOTS('',1,(#13250,#13251),.UNSPECIFIED.,
  .F.,.F.,(2,2),(-0.7474,7.4740006),.PIECEWISE_BEZIER_KNOTS.);
#13250 = CARTESIAN_POINT('',(1.101020514434,0.7474));
#13251 = CARTESIAN_POINT('',(1.101020514434,-7.4740006));
#13252 = ( GEOMETRIC_REPRESENTATION_CONTEXT(2) 
PARAMETRIC_REPRESENTATION_CONTEXT() REPRESENTATION_CONTEXT('2D SPACE',''
  ) );
#13253 = PCURVE('',#6859,#13254);
#13254 = DEFINITIONAL_REPRESENTATION('',(#13255),#13258);
#13255 = B_SPLINE_CURVE_WITH_KNOTS('',1,(#13256,#13257),.UNSPECIFIED.,
  .F.,.F.,(2,2),(-0.7474,7.4740006),.PIECEWISE_BEZIER_KNOTS.);
#13256 = CARTESIAN_POINT('',(4.913746901175,-0.7474));
#13257 = CARTESIAN_POINT('',(4.913746901175,7.4740006));
#13258 = ( GEOMETRIC_REPRESENTATION_CONTEXT(2) 
PARAMETRIC_REPRESENTATION_CONTEXT() REPRESENTATION_CONTEXT('2D SPACE',''
  ) );
#13259 = ADVANCED_FACE('',(#13260),#7210,.F.);
#13260 = FACE_BOUND('',#13261,.F.);
#13261 = EDGE_LOOP('',(#13262,#13263,#13264,#13287));
#13262 = ORIENTED_EDGE('',*,*,#7194,.F.);
#13263 = ORIENTED_EDGE('',*,*,#9927,.F.);
#13264 = ORIENTED_EDGE('',*,*,#13265,.T.);
#13265 = EDGE_CURVE('',#9928,#13266,#13268,.T.);
#13266 = VERTEX_POINT('',#13267);
#13267 = CARTESIAN_POINT('',(27.,5.898979485566,-10.474));
#13268 = SURFACE_CURVE('',#13269,(#13273,#13280),.PCURVE_S1.);
#13269 = LINE('',#13270,#13271);
#13270 = CARTESIAN_POINT('',(27.,1.,-10.474));
#13271 = VECTOR('',#13272,1.);
#13272 = DIRECTION('',(0.,-1.,0.));
#13273 = PCURVE('',#7210,#13274);
#13274 = DEFINITIONAL_REPRESENTATION('',(#13275),#13279);
#13275 = LINE('',#13276,#13277);
#13276 = CARTESIAN_POINT('',(6.,-7.474));
#13277 = VECTOR('',#13278,1.);
#13278 = DIRECTION('',(1.,0.));
#13279 = ( GEOMETRIC_REPRESENTATION_CONTEXT(2) 
PARAMETRIC_REPRESENTATION_CONTEXT() REPRESENTATION_CONTEXT('2D SPACE',''
  ) );
#13280 = PCURVE('',#9985,#13281);
#13281 = DEFINITIONAL_REPRESENTATION('',(#13282),#13286);
#13282 = LINE('',#13283,#13284);
#13283 = CARTESIAN_POINT('',(-1.,1.70226710729E-17));
#13284 = VECTOR('',#13285,1.);
#13285 = DIRECTION('',(0.,1.));
#13286 = ( GEOMETRIC_REPRESENTATION_CONTEXT(2) 
PARAMETRIC_REPRESENTATION_CONTEXT() REPRESENTATION_CONTEXT('2D SPACE',''
  ) );
#13287 = ORIENTED_EDGE('',*,*,#13288,.F.);
#13288 = EDGE_CURVE('',#7195,#13266,#13289,.T.);
#13289 = SURFACE_CURVE('',#13290,(#13294,#13300),.PCURVE_S1.);
#13290 = LINE('',#13291,#13292);
#13291 = CARTESIAN_POINT('',(27.,5.898979485566,-3.));
#13292 = VECTOR('',#13293,1.);
#13293 = DIRECTION('',(0.,0.,-1.));
#13294 = PCURVE('',#7210,#13295);
#13295 = DEFINITIONAL_REPRESENTATION('',(#13296),#13299);
#13296 = B_SPLINE_CURVE_WITH_KNOTS('',1,(#13297,#13298),.UNSPECIFIED.,
  .F.,.F.,(2,2),(-0.7474,7.4740006),.PIECEWISE_BEZIER_KNOTS.);
#13297 = CARTESIAN_POINT('',(1.101020514434,0.7474));
#13298 = CARTESIAN_POINT('',(1.101020514434,-7.4740006));
#13299 = ( GEOMETRIC_REPRESENTATION_CONTEXT(2) 
PARAMETRIC_REPRESENTATION_CONTEXT() REPRESENTATION_CONTEXT('2D SPACE',''
  ) );
#13300 = PCURVE('',#6859,#13301);
#13301 = DEFINITIONAL_REPRESENTATION('',(#13302),#13305);
#13302 = B_SPLINE_CURVE_WITH_KNOTS('',1,(#13303,#13304),.UNSPECIFIED.,
  .F.,.F.,(2,2),(-0.7474,7.4740006),.PIECEWISE_BEZIER_KNOTS.);
#13303 = CARTESIAN_POINT('',(4.511031059594,-0.7474));
#13304 = CARTESIAN_POINT('',(4.511031059594,7.4740006));
#13305 = ( GEOMETRIC_REPRESENTATION_CONTEXT(2) 
PARAMETRIC_REPRESENTATION_CONTEXT() REPRESENTATION_CONTEXT('2D SPACE',''
  ) );
#13306 = ADVANCED_FACE('',(#13307),#9985,.T.);
#13307 = FACE_BOUND('',#13308,.T.);
#13308 = EDGE_LOOP('',(#13309,#13310,#13311,#13339));
#13309 = ORIENTED_EDGE('',*,*,#9970,.T.);
#13310 = ORIENTED_EDGE('',*,*,#13265,.T.);
#13311 = ORIENTED_EDGE('',*,*,#13312,.T.);
#13312 = EDGE_CURVE('',#13266,#13313,#13315,.T.);
#13313 = VERTEX_POINT('',#13314);
#13314 = CARTESIAN_POINT('',(23.101020514434,2.,-10.474));
#13315 = SURFACE_CURVE('',#13316,(#13321,#13332),.PCURVE_S1.);
#13316 = CIRCLE('',#13317,5.);
#13317 = AXIS2_PLACEMENT_3D('',#13318,#13319,#13320);
#13318 = CARTESIAN_POINT('',(28.,1.,-10.474));
#13319 = DIRECTION('',(-0.,0.,1.));
#13320 = DIRECTION('',(1.,3.10862446895E-16,0.));
#13321 = PCURVE('',#9985,#13322);
#13322 = DEFINITIONAL_REPRESENTATION('',(#13323),#13331);
#13323 = ( BOUNDED_CURVE() B_SPLINE_CURVE(2,(#13324,#13325,#13326,#13327
    ,#13328,#13329,#13330),.UNSPECIFIED.,.T.,.F.) 
B_SPLINE_CURVE_WITH_KNOTS((1,2,2,2,2,1),(-2.094395102393,0.,
    2.094395102393,4.188790204786,6.28318530718,8.377580409573),
.UNSPECIFIED.) CURVE() GEOMETRIC_REPRESENTATION_ITEM() 
RATIONAL_B_SPLINE_CURVE((1.,0.5,1.,0.5,1.,0.5,1.)) REPRESENTATION_ITEM(
  '') );
#13324 = CARTESIAN_POINT('',(5.,-1.315244958477E-15));
#13325 = CARTESIAN_POINT('',(5.,-8.660254037844));
#13326 = CARTESIAN_POINT('',(-2.5,-4.330127018922));
#13327 = CARTESIAN_POINT('',(-10.,2.123044945801E-15));
#13328 = CARTESIAN_POINT('',(-2.5,4.330127018922));
#13329 = CARTESIAN_POINT('',(5.,8.660254037844));
#13330 = CARTESIAN_POINT('',(5.,-1.315244958477E-15));
#13331 = ( GEOMETRIC_REPRESENTATION_CONTEXT(2) 
PARAMETRIC_REPRESENTATION_CONTEXT() REPRESENTATION_CONTEXT('2D SPACE',''
  ) );
#13332 = PCURVE('',#6859,#13333);
#13333 = DEFINITIONAL_REPRESENTATION('',(#13334),#13338);
#13334 = LINE('',#13335,#13336);
#13335 = CARTESIAN_POINT('',(6.28318530718,7.474));
#13336 = VECTOR('',#13337,1.);
#13337 = DIRECTION('',(-1.,-0.));
#13338 = ( GEOMETRIC_REPRESENTATION_CONTEXT(2) 
PARAMETRIC_REPRESENTATION_CONTEXT() REPRESENTATION_CONTEXT('2D SPACE',''
  ) );
#13339 = ORIENTED_EDGE('',*,*,#13340,.F.);
#13340 = EDGE_CURVE('',#9950,#13313,#13341,.T.);
#13341 = SURFACE_CURVE('',#13342,(#13346,#13353),.PCURVE_S1.);
#13342 = LINE('',#13343,#13344);
#13343 = CARTESIAN_POINT('',(28.,2.,-10.474));
#13344 = VECTOR('',#13345,1.);
#13345 = DIRECTION('',(1.,0.,0.));
#13346 = PCURVE('',#9985,#13347);
#13347 = DEFINITIONAL_REPRESENTATION('',(#13348),#13352);
#13348 = LINE('',#13349,#13350);
#13349 = CARTESIAN_POINT('',(4.558133775131E-16,-1.));
#13350 = VECTOR('',#13351,1.);
#13351 = DIRECTION('',(1.,0.));
#13352 = ( GEOMETRIC_REPRESENTATION_CONTEXT(2) 
PARAMETRIC_REPRESENTATION_CONTEXT() REPRESENTATION_CONTEXT('2D SPACE',''
  ) );
#13353 = PCURVE('',#7149,#13354);
#13354 = DEFINITIONAL_REPRESENTATION('',(#13355),#13359);
#13355 = LINE('',#13356,#13357);
#13356 = CARTESIAN_POINT('',(6.,-7.474));
#13357 = VECTOR('',#13358,1.);
#13358 = DIRECTION('',(1.,0.));
#13359 = ( GEOMETRIC_REPRESENTATION_CONTEXT(2) 
PARAMETRIC_REPRESENTATION_CONTEXT() REPRESENTATION_CONTEXT('2D SPACE',''
  ) );
#13360 = ADVANCED_FACE('',(#13361),#7149,.T.);
#13361 = FACE_BOUND('',#13362,.T.);
#13362 = EDGE_LOOP('',(#13363,#13364,#13365,#13366));
#13363 = ORIENTED_EDGE('',*,*,#7133,.F.);
#13364 = ORIENTED_EDGE('',*,*,#9949,.F.);
#13365 = ORIENTED_EDGE('',*,*,#13340,.T.);
#13366 = ORIENTED_EDGE('',*,*,#13367,.F.);
#13367 = EDGE_CURVE('',#7106,#13313,#13368,.T.);
#13368 = SURFACE_CURVE('',#13369,(#13373,#13379),.PCURVE_S1.);
#13369 = LINE('',#13370,#13371);
#13370 = CARTESIAN_POINT('',(23.101020514434,2.,-3.));
#13371 = VECTOR('',#13372,1.);
#13372 = DIRECTION('',(0.,0.,-1.));
#13373 = PCURVE('',#7149,#13374);
#13374 = DEFINITIONAL_REPRESENTATION('',(#13375),#13378);
#13375 = B_SPLINE_CURVE_WITH_KNOTS('',1,(#13376,#13377),.UNSPECIFIED.,
  .F.,.F.,(2,2),(-0.7474,7.4740006),.PIECEWISE_BEZIER_KNOTS.);
#13376 = CARTESIAN_POINT('',(1.101020514434,0.7474));
#13377 = CARTESIAN_POINT('',(1.101020514434,-7.4740006));
#13378 = ( GEOMETRIC_REPRESENTATION_CONTEXT(2) 
PARAMETRIC_REPRESENTATION_CONTEXT() REPRESENTATION_CONTEXT('2D SPACE',''
  ) );
#13379 = PCURVE('',#6859,#13380);
#13380 = DEFINITIONAL_REPRESENTATION('',(#13381),#13384);
#13381 = B_SPLINE_CURVE_WITH_KNOTS('',1,(#13382,#13383),.UNSPECIFIED.,
  .F.,.F.,(2,2),(-0.7474,7.4740006),.PIECEWISE_BEZIER_KNOTS.);
#13382 = CARTESIAN_POINT('',(3.34295057438,-0.7474));
#13383 = CARTESIAN_POINT('',(3.34295057438,7.4740006));
#13384 = ( GEOMETRIC_REPRESENTATION_CONTEXT(2) 
PARAMETRIC_REPRESENTATION_CONTEXT() REPRESENTATION_CONTEXT('2D SPACE',''
  ) );
#13385 = ADVANCED_FACE('',(#13386),#7093,.F.);
#13386 = FACE_BOUND('',#13387,.F.);
#13387 = EDGE_LOOP('',(#13388,#13389,#13390,#13413));
#13388 = ORIENTED_EDGE('',*,*,#7077,.F.);
#13389 = ORIENTED_EDGE('',*,*,#10051,.F.);
#13390 = ORIENTED_EDGE('',*,*,#13391,.T.);
#13391 = EDGE_CURVE('',#10023,#13392,#13394,.T.);
#13392 = VERTEX_POINT('',#13393);
#13393 = CARTESIAN_POINT('',(23.101020514434,-1.227906665235E-13,-10.474
    ));
#13394 = SURFACE_CURVE('',#13395,(#13399,#13406),.PCURVE_S1.);
#13395 = LINE('',#13396,#13397);
#13396 = CARTESIAN_POINT('',(28.,-2.22044604925E-16,-10.474));
#13397 = VECTOR('',#13398,1.);
#13398 = DIRECTION('',(1.,0.,0.));
#13399 = PCURVE('',#7093,#13400);
#13400 = DEFINITIONAL_REPRESENTATION('',(#13401),#13405);
#13401 = LINE('',#13402,#13403);
#13402 = CARTESIAN_POINT('',(6.,-7.474));
#13403 = VECTOR('',#13404,1.);
#13404 = DIRECTION('',(1.,0.));
#13405 = ( GEOMETRIC_REPRESENTATION_CONTEXT(2) 
PARAMETRIC_REPRESENTATION_CONTEXT() REPRESENTATION_CONTEXT('2D SPACE',''
  ) );
#13406 = PCURVE('',#10039,#13407);
#13407 = DEFINITIONAL_REPRESENTATION('',(#13408),#13412);
#13408 = LINE('',#13409,#13410);
#13409 = CARTESIAN_POINT('',(4.558133775131E-16,1.));
#13410 = VECTOR('',#13411,1.);
#13411 = DIRECTION('',(1.,0.));
#13412 = ( GEOMETRIC_REPRESENTATION_CONTEXT(2) 
PARAMETRIC_REPRESENTATION_CONTEXT() REPRESENTATION_CONTEXT('2D SPACE',''
  ) );
#13413 = ORIENTED_EDGE('',*,*,#13414,.F.);
#13414 = EDGE_CURVE('',#7078,#13392,#13415,.T.);
#13415 = SURFACE_CURVE('',#13416,(#13420,#13426),.PCURVE_S1.);
#13416 = LINE('',#13417,#13418);
#13417 = CARTESIAN_POINT('',(23.101020514434,-2.22044604925E-16,-3.));
#13418 = VECTOR('',#13419,1.);
#13419 = DIRECTION('',(0.,0.,-1.));
#13420 = PCURVE('',#7093,#13421);
#13421 = DEFINITIONAL_REPRESENTATION('',(#13422),#13425);
#13422 = B_SPLINE_CURVE_WITH_KNOTS('',1,(#13423,#13424),.UNSPECIFIED.,
  .F.,.F.,(2,2),(-0.7474,7.4740006),.PIECEWISE_BEZIER_KNOTS.);
#13423 = CARTESIAN_POINT('',(1.101020514434,0.7474));
#13424 = CARTESIAN_POINT('',(1.101020514434,-7.4740006));
#13425 = ( GEOMETRIC_REPRESENTATION_CONTEXT(2) 
PARAMETRIC_REPRESENTATION_CONTEXT() REPRESENTATION_CONTEXT('2D SPACE',''
  ) );
#13426 = PCURVE('',#6859,#13427);
#13427 = DEFINITIONAL_REPRESENTATION('',(#13428),#13431);
#13428 = B_SPLINE_CURVE_WITH_KNOTS('',1,(#13429,#13430),.UNSPECIFIED.,
  .F.,.F.,(2,2),(-0.7474,7.4740006),.PIECEWISE_BEZIER_KNOTS.);
#13429 = CARTESIAN_POINT('',(2.940234732799,-0.7474));
#13430 = CARTESIAN_POINT('',(2.940234732799,7.4740006));
#13431 = ( GEOMETRIC_REPRESENTATION_CONTEXT(2) 
PARAMETRIC_REPRESENTATION_CONTEXT() REPRESENTATION_CONTEXT('2D SPACE',''
  ) );
#13432 = ADVANCED_FACE('',(#13433),#10039,.T.);
#13433 = FACE_BOUND('',#13434,.T.);
#13434 = EDGE_LOOP('',(#13435,#13458,#13459,#13460));
#13435 = ORIENTED_EDGE('',*,*,#13436,.T.);
#13436 = EDGE_CURVE('',#13437,#10002,#13439,.T.);
#13437 = VERTEX_POINT('',#13438);
#13438 = CARTESIAN_POINT('',(27.,-3.898979485566,-10.474));
#13439 = SURFACE_CURVE('',#13440,(#13444,#13451),.PCURVE_S1.);
#13440 = LINE('',#13441,#13442);
#13441 = CARTESIAN_POINT('',(27.,1.,-10.474));
#13442 = VECTOR('',#13443,1.);
#13443 = DIRECTION('',(0.,-1.,0.));
#13444 = PCURVE('',#10039,#13445);
#13445 = DEFINITIONAL_REPRESENTATION('',(#13446),#13450);
#13446 = LINE('',#13447,#13448);
#13447 = CARTESIAN_POINT('',(-1.,1.70226710729E-17));
#13448 = VECTOR('',#13449,1.);
#13449 = DIRECTION('',(0.,1.));
#13450 = ( GEOMETRIC_REPRESENTATION_CONTEXT(2) 
PARAMETRIC_REPRESENTATION_CONTEXT() REPRESENTATION_CONTEXT('2D SPACE',''
  ) );
#13451 = PCURVE('',#7032,#13452);
#13452 = DEFINITIONAL_REPRESENTATION('',(#13453),#13457);
#13453 = LINE('',#13454,#13455);
#13454 = CARTESIAN_POINT('',(-1.,-7.474));
#13455 = VECTOR('',#13456,1.);
#13456 = DIRECTION('',(1.,0.));
#13457 = ( GEOMETRIC_REPRESENTATION_CONTEXT(2) 
PARAMETRIC_REPRESENTATION_CONTEXT() REPRESENTATION_CONTEXT('2D SPACE',''
  ) );
#13458 = ORIENTED_EDGE('',*,*,#10022,.T.);
#13459 = ORIENTED_EDGE('',*,*,#13391,.T.);
#13460 = ORIENTED_EDGE('',*,*,#13461,.T.);
#13461 = EDGE_CURVE('',#13392,#13437,#13462,.T.);
#13462 = SURFACE_CURVE('',#13463,(#13468,#13479),.PCURVE_S1.);
#13463 = CIRCLE('',#13464,5.);
#13464 = AXIS2_PLACEMENT_3D('',#13465,#13466,#13467);
#13465 = CARTESIAN_POINT('',(28.,1.,-10.474));
#13466 = DIRECTION('',(-0.,0.,1.));
#13467 = DIRECTION('',(1.,3.10862446895E-16,0.));
#13468 = PCURVE('',#10039,#13469);
#13469 = DEFINITIONAL_REPRESENTATION('',(#13470),#13478);
#13470 = ( BOUNDED_CURVE() B_SPLINE_CURVE(2,(#13471,#13472,#13473,#13474
    ,#13475,#13476,#13477),.UNSPECIFIED.,.T.,.F.) 
B_SPLINE_CURVE_WITH_KNOTS((1,2,2,2,2,1),(-2.094395102393,0.,
    2.094395102393,4.188790204786,6.28318530718,8.377580409573),
.UNSPECIFIED.) CURVE() GEOMETRIC_REPRESENTATION_ITEM() 
RATIONAL_B_SPLINE_CURVE((1.,0.5,1.,0.5,1.,0.5,1.)) REPRESENTATION_ITEM(
  '') );
#13471 = CARTESIAN_POINT('',(5.,-1.315244958477E-15));
#13472 = CARTESIAN_POINT('',(5.,-8.660254037844));
#13473 = CARTESIAN_POINT('',(-2.5,-4.330127018922));
#13474 = CARTESIAN_POINT('',(-10.,2.123044945801E-15));
#13475 = CARTESIAN_POINT('',(-2.5,4.330127018922));
#13476 = CARTESIAN_POINT('',(5.,8.660254037844));
#13477 = CARTESIAN_POINT('',(5.,-1.315244958477E-15));
#13478 = ( GEOMETRIC_REPRESENTATION_CONTEXT(2) 
PARAMETRIC_REPRESENTATION_CONTEXT() REPRESENTATION_CONTEXT('2D SPACE',''
  ) );
#13479 = PCURVE('',#6859,#13480);
#13480 = DEFINITIONAL_REPRESENTATION('',(#13481),#13485);
#13481 = LINE('',#13482,#13483);
#13482 = CARTESIAN_POINT('',(6.28318530718,7.474));
#13483 = VECTOR('',#13484,1.);
#13484 = DIRECTION('',(-1.,-0.));
#13485 = ( GEOMETRIC_REPRESENTATION_CONTEXT(2) 
PARAMETRIC_REPRESENTATION_CONTEXT() REPRESENTATION_CONTEXT('2D SPACE',''
  ) );
#13486 = ADVANCED_FACE('',(#13487),#7032,.F.);
#13487 = FACE_BOUND('',#13488,.F.);
#13488 = EDGE_LOOP('',(#13489,#13490,#13509,#13510));
#13489 = ORIENTED_EDGE('',*,*,#7016,.F.);
#13490 = ORIENTED_EDGE('',*,*,#13491,.T.);
#13491 = EDGE_CURVE('',#6989,#13437,#13492,.T.);
#13492 = SURFACE_CURVE('',#13493,(#13497,#13503),.PCURVE_S1.);
#13493 = LINE('',#13494,#13495);
#13494 = CARTESIAN_POINT('',(27.,-3.898979485566,-3.));
#13495 = VECTOR('',#13496,1.);
#13496 = DIRECTION('',(0.,0.,-1.));
#13497 = PCURVE('',#7032,#13498);
#13498 = DEFINITIONAL_REPRESENTATION('',(#13499),#13502);
#13499 = B_SPLINE_CURVE_WITH_KNOTS('',1,(#13500,#13501),.UNSPECIFIED.,
  .F.,.F.,(2,2),(-0.7474,7.4740006),.PIECEWISE_BEZIER_KNOTS.);
#13500 = CARTESIAN_POINT('',(3.898979485566,0.7474));
#13501 = CARTESIAN_POINT('',(3.898979485566,-7.4740006));
#13502 = ( GEOMETRIC_REPRESENTATION_CONTEXT(2) 
PARAMETRIC_REPRESENTATION_CONTEXT() REPRESENTATION_CONTEXT('2D SPACE',''
  ) );
#13503 = PCURVE('',#6859,#13504);
#13504 = DEFINITIONAL_REPRESENTATION('',(#13505),#13508);
#13505 = B_SPLINE_CURVE_WITH_KNOTS('',1,(#13506,#13507),.UNSPECIFIED.,
  .F.,.F.,(2,2),(-0.7474,7.4740006),.PIECEWISE_BEZIER_KNOTS.);
#13506 = CARTESIAN_POINT('',(1.772154247585,-0.7474));
#13507 = CARTESIAN_POINT('',(1.772154247585,7.4740006));
#13508 = ( GEOMETRIC_REPRESENTATION_CONTEXT(2) 
PARAMETRIC_REPRESENTATION_CONTEXT() REPRESENTATION_CONTEXT('2D SPACE',''
  ) );
#13509 = ORIENTED_EDGE('',*,*,#13436,.T.);
#13510 = ORIENTED_EDGE('',*,*,#10001,.T.);
#13511 = ADVANCED_FACE('',(#13512),#6976,.T.);
#13512 = FACE_BOUND('',#13513,.T.);
#13513 = EDGE_LOOP('',(#13514,#13515,#13536,#13557));
#13514 = ORIENTED_EDGE('',*,*,#6960,.F.);
#13515 = ORIENTED_EDGE('',*,*,#13516,.T.);
#13516 = EDGE_CURVE('',#6961,#13517,#13519,.T.);
#13517 = VERTEX_POINT('',#13518);
#13518 = CARTESIAN_POINT('',(29.,-3.898979485566,-10.474));
#13519 = SURFACE_CURVE('',#13520,(#13524,#13530),.PCURVE_S1.);
#13520 = LINE('',#13521,#13522);
#13521 = CARTESIAN_POINT('',(29.,-3.898979485566,-3.));
#13522 = VECTOR('',#13523,1.);
#13523 = DIRECTION('',(0.,0.,-1.));
#13524 = PCURVE('',#6976,#13525);
#13525 = DEFINITIONAL_REPRESENTATION('',(#13526),#13529);
#13526 = B_SPLINE_CURVE_WITH_KNOTS('',1,(#13527,#13528),.UNSPECIFIED.,
  .F.,.F.,(2,2),(-0.7474,7.4740006),.PIECEWISE_BEZIER_KNOTS.);
#13527 = CARTESIAN_POINT('',(3.898979485566,0.7474));
#13528 = CARTESIAN_POINT('',(3.898979485566,-7.4740006));
#13529 = ( GEOMETRIC_REPRESENTATION_CONTEXT(2) 
PARAMETRIC_REPRESENTATION_CONTEXT() REPRESENTATION_CONTEXT('2D SPACE',''
  ) );
#13530 = PCURVE('',#6859,#13531);
#13531 = DEFINITIONAL_REPRESENTATION('',(#13532),#13535);
#13532 = B_SPLINE_CURVE_WITH_KNOTS('',1,(#13533,#13534),.UNSPECIFIED.,
  .F.,.F.,(2,2),(-0.7474,7.4740006),.PIECEWISE_BEZIER_KNOTS.);
#13533 = CARTESIAN_POINT('',(1.369438406005,-0.7474));
#13534 = CARTESIAN_POINT('',(1.369438406005,7.4740006));
#13535 = ( GEOMETRIC_REPRESENTATION_CONTEXT(2) 
PARAMETRIC_REPRESENTATION_CONTEXT() REPRESENTATION_CONTEXT('2D SPACE',''
  ) );
#13536 = ORIENTED_EDGE('',*,*,#13537,.T.);
#13537 = EDGE_CURVE('',#13517,#10096,#13538,.T.);
#13538 = SURFACE_CURVE('',#13539,(#13543,#13550),.PCURVE_S1.);
#13539 = LINE('',#13540,#13541);
#13540 = CARTESIAN_POINT('',(29.,1.,-10.474));
#13541 = VECTOR('',#13542,1.);
#13542 = DIRECTION('',(0.,-1.,0.));
#13543 = PCURVE('',#6976,#13544);
#13544 = DEFINITIONAL_REPRESENTATION('',(#13545),#13549);
#13545 = LINE('',#13546,#13547);
#13546 = CARTESIAN_POINT('',(-1.,-7.474));
#13547 = VECTOR('',#13548,1.);
#13548 = DIRECTION('',(1.,0.));
#13549 = ( GEOMETRIC_REPRESENTATION_CONTEXT(2) 
PARAMETRIC_REPRESENTATION_CONTEXT() REPRESENTATION_CONTEXT('2D SPACE',''
  ) );
#13550 = PCURVE('',#10112,#13551);
#13551 = DEFINITIONAL_REPRESENTATION('',(#13552),#13556);
#13552 = LINE('',#13553,#13554);
#13553 = CARTESIAN_POINT('',(1.,1.70226710729E-17));
#13554 = VECTOR('',#13555,1.);
#13555 = DIRECTION('',(0.,1.));
#13556 = ( GEOMETRIC_REPRESENTATION_CONTEXT(2) 
PARAMETRIC_REPRESENTATION_CONTEXT() REPRESENTATION_CONTEXT('2D SPACE',''
  ) );
#13557 = ORIENTED_EDGE('',*,*,#10124,.T.);
#13558 = ADVANCED_FACE('',(#13559),#10112,.T.);
#13559 = FACE_BOUND('',#13560,.T.);
#13560 = EDGE_LOOP('',(#13561,#13584,#13585,#13586));
#13561 = ORIENTED_EDGE('',*,*,#13562,.T.);
#13562 = EDGE_CURVE('',#13563,#10075,#13565,.T.);
#13563 = VERTEX_POINT('',#13564);
#13564 = CARTESIAN_POINT('',(32.898979485566,-6.350475700856E-14,-10.474
    ));
#13565 = SURFACE_CURVE('',#13566,(#13570,#13577),.PCURVE_S1.);
#13566 = LINE('',#13567,#13568);
#13567 = CARTESIAN_POINT('',(28.,-2.22044604925E-16,-10.474));
#13568 = VECTOR('',#13569,1.);
#13569 = DIRECTION('',(1.,0.,0.));
#13570 = PCURVE('',#10112,#13571);
#13571 = DEFINITIONAL_REPRESENTATION('',(#13572),#13576);
#13572 = LINE('',#13573,#13574);
#13573 = CARTESIAN_POINT('',(4.558133775131E-16,1.));
#13574 = VECTOR('',#13575,1.);
#13575 = DIRECTION('',(1.,0.));
#13576 = ( GEOMETRIC_REPRESENTATION_CONTEXT(2) 
PARAMETRIC_REPRESENTATION_CONTEXT() REPRESENTATION_CONTEXT('2D SPACE',''
  ) );
#13577 = PCURVE('',#6915,#13578);
#13578 = DEFINITIONAL_REPRESENTATION('',(#13579),#13583);
#13579 = LINE('',#13580,#13581);
#13580 = CARTESIAN_POINT('',(-1.,-7.474));
#13581 = VECTOR('',#13582,1.);
#13582 = DIRECTION('',(1.,0.));
#13583 = ( GEOMETRIC_REPRESENTATION_CONTEXT(2) 
PARAMETRIC_REPRESENTATION_CONTEXT() REPRESENTATION_CONTEXT('2D SPACE',''
  ) );
#13584 = ORIENTED_EDGE('',*,*,#10095,.T.);
#13585 = ORIENTED_EDGE('',*,*,#13537,.F.);
#13586 = ORIENTED_EDGE('',*,*,#13587,.T.);
#13587 = EDGE_CURVE('',#13517,#13563,#13588,.T.);
#13588 = SURFACE_CURVE('',#13589,(#13594,#13605),.PCURVE_S1.);
#13589 = CIRCLE('',#13590,5.);
#13590 = AXIS2_PLACEMENT_3D('',#13591,#13592,#13593);
#13591 = CARTESIAN_POINT('',(28.,1.,-10.474));
#13592 = DIRECTION('',(-0.,0.,1.));
#13593 = DIRECTION('',(1.,3.10862446895E-16,0.));
#13594 = PCURVE('',#10112,#13595);
#13595 = DEFINITIONAL_REPRESENTATION('',(#13596),#13604);
#13596 = ( BOUNDED_CURVE() B_SPLINE_CURVE(2,(#13597,#13598,#13599,#13600
    ,#13601,#13602,#13603),.UNSPECIFIED.,.T.,.F.) 
B_SPLINE_CURVE_WITH_KNOTS((1,2,2,2,2,1),(-2.094395102393,0.,
    2.094395102393,4.188790204786,6.28318530718,8.377580409573),
.UNSPECIFIED.) CURVE() GEOMETRIC_REPRESENTATION_ITEM() 
RATIONAL_B_SPLINE_CURVE((1.,0.5,1.,0.5,1.,0.5,1.)) REPRESENTATION_ITEM(
  '') );
#13597 = CARTESIAN_POINT('',(5.,-1.315244958477E-15));
#13598 = CARTESIAN_POINT('',(5.,-8.660254037844));
#13599 = CARTESIAN_POINT('',(-2.5,-4.330127018922));
#13600 = CARTESIAN_POINT('',(-10.,2.123044945801E-15));
#13601 = CARTESIAN_POINT('',(-2.5,4.330127018922));
#13602 = CARTESIAN_POINT('',(5.,8.660254037844));
#13603 = CARTESIAN_POINT('',(5.,-1.315244958477E-15));
#13604 = ( GEOMETRIC_REPRESENTATION_CONTEXT(2) 
PARAMETRIC_REPRESENTATION_CONTEXT() REPRESENTATION_CONTEXT('2D SPACE',''
  ) );
#13605 = PCURVE('',#6859,#13606);
#13606 = DEFINITIONAL_REPRESENTATION('',(#13607),#13611);
#13607 = LINE('',#13608,#13609);
#13608 = CARTESIAN_POINT('',(6.28318530718,7.474));
#13609 = VECTOR('',#13610,1.);
#13610 = DIRECTION('',(-1.,-0.));
#13611 = ( GEOMETRIC_REPRESENTATION_CONTEXT(2) 
PARAMETRIC_REPRESENTATION_CONTEXT() REPRESENTATION_CONTEXT('2D SPACE',''
  ) );
#13612 = ADVANCED_FACE('',(#13613),#6915,.F.);
#13613 = FACE_BOUND('',#13614,.F.);
#13614 = EDGE_LOOP('',(#13615,#13616,#13635,#13636));
#13615 = ORIENTED_EDGE('',*,*,#6899,.F.);
#13616 = ORIENTED_EDGE('',*,*,#13617,.T.);
#13617 = EDGE_CURVE('',#6872,#13563,#13618,.T.);
#13618 = SURFACE_CURVE('',#13619,(#13623,#13629),.PCURVE_S1.);
#13619 = LINE('',#13620,#13621);
#13620 = CARTESIAN_POINT('',(32.898979485566,-2.22044604925E-16,-3.));
#13621 = VECTOR('',#13622,1.);
#13622 = DIRECTION('',(0.,0.,-1.));
#13623 = PCURVE('',#6915,#13624);
#13624 = DEFINITIONAL_REPRESENTATION('',(#13625),#13628);
#13625 = B_SPLINE_CURVE_WITH_KNOTS('',1,(#13626,#13627),.UNSPECIFIED.,
  .F.,.F.,(2,2),(-0.7474,7.4740006),.PIECEWISE_BEZIER_KNOTS.);
#13626 = CARTESIAN_POINT('',(3.898979485566,0.7474));
#13627 = CARTESIAN_POINT('',(3.898979485566,-7.4740006));
#13628 = ( GEOMETRIC_REPRESENTATION_CONTEXT(2) 
PARAMETRIC_REPRESENTATION_CONTEXT() REPRESENTATION_CONTEXT('2D SPACE',''
  ) );
#13629 = PCURVE('',#6859,#13630);
#13630 = DEFINITIONAL_REPRESENTATION('',(#13631),#13634);
#13631 = B_SPLINE_CURVE_WITH_KNOTS('',1,(#13632,#13633),.UNSPECIFIED.,
  .F.,.F.,(2,2),(-0.7474,7.4740006),.PIECEWISE_BEZIER_KNOTS.);
#13632 = CARTESIAN_POINT('',(0.20135792079,-0.7474));
#13633 = CARTESIAN_POINT('',(0.20135792079,7.4740006));
#13634 = ( GEOMETRIC_REPRESENTATION_CONTEXT(2) 
PARAMETRIC_REPRESENTATION_CONTEXT() REPRESENTATION_CONTEXT('2D SPACE',''
  ) );
#13635 = ORIENTED_EDGE('',*,*,#13562,.T.);
#13636 = ORIENTED_EDGE('',*,*,#10074,.T.);
#13637 = ADVANCED_FACE('',(#13638),#10204,.T.);
#13638 = FACE_BOUND('',#13639,.T.);
#13639 = EDGE_LOOP('',(#13640,#13641,#13642,#13643));
#13640 = ORIENTED_EDGE('',*,*,#10189,.T.);
#13641 = ORIENTED_EDGE('',*,*,#11144,.F.);
#13642 = ORIENTED_EDGE('',*,*,#10806,.T.);
#13643 = ORIENTED_EDGE('',*,*,#13644,.F.);
#13644 = EDGE_CURVE('',#10169,#10807,#13645,.T.);
#13645 = SURFACE_CURVE('',#13646,(#13650,#13657),.PCURVE_S1.);
#13646 = LINE('',#13647,#13648);
#13647 = CARTESIAN_POINT('',(49.,1.,-10.474));
#13648 = VECTOR('',#13649,1.);
#13649 = DIRECTION('',(0.,-1.,0.));
#13650 = PCURVE('',#10204,#13651);
#13651 = DEFINITIONAL_REPRESENTATION('',(#13652),#13656);
#13652 = LINE('',#13653,#13654);
#13653 = CARTESIAN_POINT('',(1.,1.70226710729E-17));
#13654 = VECTOR('',#13655,1.);
#13655 = DIRECTION('',(0.,1.));
#13656 = ( GEOMETRIC_REPRESENTATION_CONTEXT(2) 
PARAMETRIC_REPRESENTATION_CONTEXT() REPRESENTATION_CONTEXT('2D SPACE',''
  ) );
#13657 = PCURVE('',#7747,#13658);
#13658 = DEFINITIONAL_REPRESENTATION('',(#13659),#13663);
#13659 = LINE('',#13660,#13661);
#13660 = CARTESIAN_POINT('',(6.,-7.474));
#13661 = VECTOR('',#13662,1.);
#13662 = DIRECTION('',(1.,0.));
#13663 = ( GEOMETRIC_REPRESENTATION_CONTEXT(2) 
PARAMETRIC_REPRESENTATION_CONTEXT() REPRESENTATION_CONTEXT('2D SPACE',''
  ) );
#13664 = ADVANCED_FACE('',(#13665),#7747,.T.);
#13665 = FACE_BOUND('',#13666,.T.);
#13666 = EDGE_LOOP('',(#13667,#13668,#13669,#13670));
#13667 = ORIENTED_EDGE('',*,*,#7733,.F.);
#13668 = ORIENTED_EDGE('',*,*,#10168,.F.);
#13669 = ORIENTED_EDGE('',*,*,#13644,.T.);
#13670 = ORIENTED_EDGE('',*,*,#10834,.T.);
#13671 = ADVANCED_FACE('',(#13672),#7697,.F.);
#13672 = FACE_BOUND('',#13673,.F.);
#13673 = EDGE_LOOP('',(#13674,#13675,#13676,#13697));
#13674 = ORIENTED_EDGE('',*,*,#7681,.F.);
#13675 = ORIENTED_EDGE('',*,*,#10219,.F.);
#13676 = ORIENTED_EDGE('',*,*,#13677,.T.);
#13677 = EDGE_CURVE('',#10220,#10855,#13678,.T.);
#13678 = SURFACE_CURVE('',#13679,(#13683,#13690),.PCURVE_S1.);
#13679 = LINE('',#13680,#13681);
#13680 = CARTESIAN_POINT('',(47.,1.,-10.474));
#13681 = VECTOR('',#13682,1.);
#13682 = DIRECTION('',(0.,-1.,0.));
#13683 = PCURVE('',#7697,#13684);
#13684 = DEFINITIONAL_REPRESENTATION('',(#13685),#13689);
#13685 = LINE('',#13686,#13687);
#13686 = CARTESIAN_POINT('',(6.,-7.474));
#13687 = VECTOR('',#13688,1.);
#13688 = DIRECTION('',(1.,0.));
#13689 = ( GEOMETRIC_REPRESENTATION_CONTEXT(2) 
PARAMETRIC_REPRESENTATION_CONTEXT() REPRESENTATION_CONTEXT('2D SPACE',''
  ) );
#13690 = PCURVE('',#10277,#13691);
#13691 = DEFINITIONAL_REPRESENTATION('',(#13692),#13696);
#13692 = LINE('',#13693,#13694);
#13693 = CARTESIAN_POINT('',(-1.,1.70226710729E-17));
#13694 = VECTOR('',#13695,1.);
#13695 = DIRECTION('',(0.,1.));
#13696 = ( GEOMETRIC_REPRESENTATION_CONTEXT(2) 
PARAMETRIC_REPRESENTATION_CONTEXT() REPRESENTATION_CONTEXT('2D SPACE',''
  ) );
#13697 = ORIENTED_EDGE('',*,*,#10854,.T.);
#13698 = ADVANCED_FACE('',(#13699),#10277,.T.);
#13699 = FACE_BOUND('',#13700,.T.);
#13700 = EDGE_LOOP('',(#13701,#13702,#13703,#13704));
#13701 = ORIENTED_EDGE('',*,*,#10262,.T.);
#13702 = ORIENTED_EDGE('',*,*,#13677,.T.);
#13703 = ORIENTED_EDGE('',*,*,#10875,.T.);
#13704 = ORIENTED_EDGE('',*,*,#13705,.F.);
#13705 = EDGE_CURVE('',#10242,#10876,#13706,.T.);
#13706 = SURFACE_CURVE('',#13707,(#13711,#13718),.PCURVE_S1.);
#13707 = LINE('',#13708,#13709);
#13708 = CARTESIAN_POINT('',(48.,2.,-10.474));
#13709 = VECTOR('',#13710,1.);
#13710 = DIRECTION('',(1.,0.,0.));
#13711 = PCURVE('',#10277,#13712);
#13712 = DEFINITIONAL_REPRESENTATION('',(#13713),#13717);
#13713 = LINE('',#13714,#13715);
#13714 = CARTESIAN_POINT('',(4.558133775131E-16,-1.));
#13715 = VECTOR('',#13716,1.);
#13716 = DIRECTION('',(1.,0.));
#13717 = ( GEOMETRIC_REPRESENTATION_CONTEXT(2) 
PARAMETRIC_REPRESENTATION_CONTEXT() REPRESENTATION_CONTEXT('2D SPACE',''
  ) );
#13718 = PCURVE('',#7636,#13719);
#13719 = DEFINITIONAL_REPRESENTATION('',(#13720),#13724);
#13720 = LINE('',#13721,#13722);
#13721 = CARTESIAN_POINT('',(6.,-7.474));
#13722 = VECTOR('',#13723,1.);
#13723 = DIRECTION('',(1.,0.));
#13724 = ( GEOMETRIC_REPRESENTATION_CONTEXT(2) 
PARAMETRIC_REPRESENTATION_CONTEXT() REPRESENTATION_CONTEXT('2D SPACE',''
  ) );
#13725 = ADVANCED_FACE('',(#13726),#7636,.T.);
#13726 = FACE_BOUND('',#13727,.T.);
#13727 = EDGE_LOOP('',(#13728,#13729,#13730,#13731));
#13728 = ORIENTED_EDGE('',*,*,#7620,.F.);
#13729 = ORIENTED_EDGE('',*,*,#10241,.F.);
#13730 = ORIENTED_EDGE('',*,*,#13705,.T.);
#13731 = ORIENTED_EDGE('',*,*,#10903,.T.);
#13732 = ADVANCED_FACE('',(#13733),#7584,.F.);
#13733 = FACE_BOUND('',#13734,.F.);
#13734 = EDGE_LOOP('',(#13735,#13736,#13737,#13758));
#13735 = ORIENTED_EDGE('',*,*,#7568,.F.);
#13736 = ORIENTED_EDGE('',*,*,#10343,.F.);
#13737 = ORIENTED_EDGE('',*,*,#13738,.T.);
#13738 = EDGE_CURVE('',#10315,#10924,#13739,.T.);
#13739 = SURFACE_CURVE('',#13740,(#13744,#13751),.PCURVE_S1.);
#13740 = LINE('',#13741,#13742);
#13741 = CARTESIAN_POINT('',(48.,-2.22044604925E-16,-10.474));
#13742 = VECTOR('',#13743,1.);
#13743 = DIRECTION('',(1.,0.,0.));
#13744 = PCURVE('',#7584,#13745);
#13745 = DEFINITIONAL_REPRESENTATION('',(#13746),#13750);
#13746 = LINE('',#13747,#13748);
#13747 = CARTESIAN_POINT('',(6.,-7.474));
#13748 = VECTOR('',#13749,1.);
#13749 = DIRECTION('',(1.,0.));
#13750 = ( GEOMETRIC_REPRESENTATION_CONTEXT(2) 
PARAMETRIC_REPRESENTATION_CONTEXT() REPRESENTATION_CONTEXT('2D SPACE',''
  ) );
#13751 = PCURVE('',#10331,#13752);
#13752 = DEFINITIONAL_REPRESENTATION('',(#13753),#13757);
#13753 = LINE('',#13754,#13755);
#13754 = CARTESIAN_POINT('',(4.558133775131E-16,1.));
#13755 = VECTOR('',#13756,1.);
#13756 = DIRECTION('',(1.,0.));
#13757 = ( GEOMETRIC_REPRESENTATION_CONTEXT(2) 
PARAMETRIC_REPRESENTATION_CONTEXT() REPRESENTATION_CONTEXT('2D SPACE',''
  ) );
#13758 = ORIENTED_EDGE('',*,*,#10923,.T.);
#13759 = ADVANCED_FACE('',(#13760),#10331,.T.);
#13760 = FACE_BOUND('',#13761,.T.);
#13761 = EDGE_LOOP('',(#13762,#13783,#13784,#13785));
#13762 = ORIENTED_EDGE('',*,*,#13763,.T.);
#13763 = EDGE_CURVE('',#10945,#10294,#13764,.T.);
#13764 = SURFACE_CURVE('',#13765,(#13769,#13776),.PCURVE_S1.);
#13765 = LINE('',#13766,#13767);
#13766 = CARTESIAN_POINT('',(47.,1.,-10.474));
#13767 = VECTOR('',#13768,1.);
#13768 = DIRECTION('',(0.,-1.,0.));
#13769 = PCURVE('',#10331,#13770);
#13770 = DEFINITIONAL_REPRESENTATION('',(#13771),#13775);
#13771 = LINE('',#13772,#13773);
#13772 = CARTESIAN_POINT('',(-1.,1.70226710729E-17));
#13773 = VECTOR('',#13774,1.);
#13774 = DIRECTION('',(0.,1.));
#13775 = ( GEOMETRIC_REPRESENTATION_CONTEXT(2) 
PARAMETRIC_REPRESENTATION_CONTEXT() REPRESENTATION_CONTEXT('2D SPACE',''
  ) );
#13776 = PCURVE('',#7523,#13777);
#13777 = DEFINITIONAL_REPRESENTATION('',(#13778),#13782);
#13778 = LINE('',#13779,#13780);
#13779 = CARTESIAN_POINT('',(-1.,-7.474));
#13780 = VECTOR('',#13781,1.);
#13781 = DIRECTION('',(1.,0.));
#13782 = ( GEOMETRIC_REPRESENTATION_CONTEXT(2) 
PARAMETRIC_REPRESENTATION_CONTEXT() REPRESENTATION_CONTEXT('2D SPACE',''
  ) );
#13783 = ORIENTED_EDGE('',*,*,#10314,.T.);
#13784 = ORIENTED_EDGE('',*,*,#13738,.T.);
#13785 = ORIENTED_EDGE('',*,*,#10944,.T.);
#13786 = ADVANCED_FACE('',(#13787),#7523,.F.);
#13787 = FACE_BOUND('',#13788,.F.);
#13788 = EDGE_LOOP('',(#13789,#13790,#13791,#13792));
#13789 = ORIENTED_EDGE('',*,*,#7507,.F.);
#13790 = ORIENTED_EDGE('',*,*,#10972,.F.);
#13791 = ORIENTED_EDGE('',*,*,#13763,.T.);
#13792 = ORIENTED_EDGE('',*,*,#10293,.T.);
#13793 = ADVANCED_FACE('',(#13794),#7471,.T.);
#13794 = FACE_BOUND('',#13795,.T.);
#13795 = EDGE_LOOP('',(#13796,#13797,#13798,#13819));
#13796 = ORIENTED_EDGE('',*,*,#7455,.F.);
#13797 = ORIENTED_EDGE('',*,*,#10992,.F.);
#13798 = ORIENTED_EDGE('',*,*,#13799,.T.);
#13799 = EDGE_CURVE('',#10993,#10388,#13800,.T.);
#13800 = SURFACE_CURVE('',#13801,(#13805,#13812),.PCURVE_S1.);
#13801 = LINE('',#13802,#13803);
#13802 = CARTESIAN_POINT('',(49.,1.,-10.474));
#13803 = VECTOR('',#13804,1.);
#13804 = DIRECTION('',(0.,-1.,0.));
#13805 = PCURVE('',#7471,#13806);
#13806 = DEFINITIONAL_REPRESENTATION('',(#13807),#13811);
#13807 = LINE('',#13808,#13809);
#13808 = CARTESIAN_POINT('',(-1.,-7.474));
#13809 = VECTOR('',#13810,1.);
#13810 = DIRECTION('',(1.,0.));
#13811 = ( GEOMETRIC_REPRESENTATION_CONTEXT(2) 
PARAMETRIC_REPRESENTATION_CONTEXT() REPRESENTATION_CONTEXT('2D SPACE',''
  ) );
#13812 = PCURVE('',#10404,#13813);
#13813 = DEFINITIONAL_REPRESENTATION('',(#13814),#13818);
#13814 = LINE('',#13815,#13816);
#13815 = CARTESIAN_POINT('',(1.,1.70226710729E-17));
#13816 = VECTOR('',#13817,1.);
#13817 = DIRECTION('',(0.,1.));
#13818 = ( GEOMETRIC_REPRESENTATION_CONTEXT(2) 
PARAMETRIC_REPRESENTATION_CONTEXT() REPRESENTATION_CONTEXT('2D SPACE',''
  ) );
#13819 = ORIENTED_EDGE('',*,*,#10416,.T.);
#13820 = ADVANCED_FACE('',(#13821),#10404,.T.);
#13821 = FACE_BOUND('',#13822,.T.);
#13822 = EDGE_LOOP('',(#13823,#13824,#13825,#13826));
#13823 = ORIENTED_EDGE('',*,*,#11117,.T.);
#13824 = ORIENTED_EDGE('',*,*,#10387,.T.);
#13825 = ORIENTED_EDGE('',*,*,#13799,.F.);
#13826 = ORIENTED_EDGE('',*,*,#11013,.T.);
#13827 = ADVANCED_FACE('',(#13828),#7847,.T.);
#13828 = FACE_BOUND('',#13829,.T.);
#13829 = EDGE_LOOP('',(#13830,#13831,#13852,#13873));
#13830 = ORIENTED_EDGE('',*,*,#7831,.F.);
#13831 = ORIENTED_EDGE('',*,*,#13832,.T.);
#13832 = EDGE_CURVE('',#7832,#13833,#13835,.T.);
#13833 = VERTEX_POINT('',#13834);
#13834 = CARTESIAN_POINT('',(42.898979485566,10.5,-10.474));
#13835 = SURFACE_CURVE('',#13836,(#13840,#13846),.PCURVE_S1.);
#13836 = LINE('',#13837,#13838);
#13837 = CARTESIAN_POINT('',(42.898979485566,10.5,-3.));
#13838 = VECTOR('',#13839,1.);
#13839 = DIRECTION('',(0.,0.,-1.));
#13840 = PCURVE('',#7847,#13841);
#13841 = DEFINITIONAL_REPRESENTATION('',(#13842),#13845);
#13842 = B_SPLINE_CURVE_WITH_KNOTS('',1,(#13843,#13844),.UNSPECIFIED.,
  .F.,.F.,(2,2),(-0.7474,7.4740006),.PIECEWISE_BEZIER_KNOTS.);
#13843 = CARTESIAN_POINT('',(3.898979485566,0.7474));
#13844 = CARTESIAN_POINT('',(3.898979485566,-7.4740006));
#13845 = ( GEOMETRIC_REPRESENTATION_CONTEXT(2) 
PARAMETRIC_REPRESENTATION_CONTEXT() REPRESENTATION_CONTEXT('2D SPACE',''
  ) );
#13846 = PCURVE('',#7880,#13847);
#13847 = DEFINITIONAL_REPRESENTATION('',(#13848),#13851);
#13848 = B_SPLINE_CURVE_WITH_KNOTS('',1,(#13849,#13850),.UNSPECIFIED.,
  .F.,.F.,(2,2),(-0.7474,7.4740006),.PIECEWISE_BEZIER_KNOTS.);
#13849 = CARTESIAN_POINT('',(6.081827386389,-0.7474));
#13850 = CARTESIAN_POINT('',(6.081827386389,7.4740006));
#13851 = ( GEOMETRIC_REPRESENTATION_CONTEXT(2) 
PARAMETRIC_REPRESENTATION_CONTEXT() REPRESENTATION_CONTEXT('2D SPACE',''
  ) );
#13852 = ORIENTED_EDGE('',*,*,#13853,.T.);
#13853 = EDGE_CURVE('',#13833,#10439,#13854,.T.);
#13854 = SURFACE_CURVE('',#13855,(#13859,#13866),.PCURVE_S1.);
#13855 = LINE('',#13856,#13857);
#13856 = CARTESIAN_POINT('',(38.,10.5,-10.474));
#13857 = VECTOR('',#13858,1.);
#13858 = DIRECTION('',(1.,0.,0.));
#13859 = PCURVE('',#7847,#13860);
#13860 = DEFINITIONAL_REPRESENTATION('',(#13861),#13865);
#13861 = LINE('',#13862,#13863);
#13862 = CARTESIAN_POINT('',(-1.,-7.474));
#13863 = VECTOR('',#13864,1.);
#13864 = DIRECTION('',(1.,0.));
#13865 = ( GEOMETRIC_REPRESENTATION_CONTEXT(2) 
PARAMETRIC_REPRESENTATION_CONTEXT() REPRESENTATION_CONTEXT('2D SPACE',''
  ) );
#13866 = PCURVE('',#10496,#13867);
#13867 = DEFINITIONAL_REPRESENTATION('',(#13868),#13872);
#13868 = LINE('',#13869,#13870);
#13869 = CARTESIAN_POINT('',(4.558133775131E-16,-1.));
#13870 = VECTOR('',#13871,1.);
#13871 = DIRECTION('',(1.,0.));
#13872 = ( GEOMETRIC_REPRESENTATION_CONTEXT(2) 
PARAMETRIC_REPRESENTATION_CONTEXT() REPRESENTATION_CONTEXT('2D SPACE',''
  ) );
#13873 = ORIENTED_EDGE('',*,*,#10438,.T.);
#13874 = ADVANCED_FACE('',(#13875),#10496,.T.);
#13875 = FACE_BOUND('',#13876,.T.);
#13876 = EDGE_LOOP('',(#13877,#13878,#13879,#13907));
#13877 = ORIENTED_EDGE('',*,*,#10481,.T.);
#13878 = ORIENTED_EDGE('',*,*,#13853,.F.);
#13879 = ORIENTED_EDGE('',*,*,#13880,.T.);
#13880 = EDGE_CURVE('',#13833,#13881,#13883,.T.);
#13881 = VERTEX_POINT('',#13882);
#13882 = CARTESIAN_POINT('',(39.,14.398979485566,-10.474));
#13883 = SURFACE_CURVE('',#13884,(#13889,#13900),.PCURVE_S1.);
#13884 = CIRCLE('',#13885,5.);
#13885 = AXIS2_PLACEMENT_3D('',#13886,#13887,#13888);
#13886 = CARTESIAN_POINT('',(38.,9.5,-10.474));
#13887 = DIRECTION('',(-0.,0.,1.));
#13888 = DIRECTION('',(1.,3.552713678801E-16,0.));
#13889 = PCURVE('',#10496,#13890);
#13890 = DEFINITIONAL_REPRESENTATION('',(#13891),#13899);
#13891 = ( BOUNDED_CURVE() B_SPLINE_CURVE(2,(#13892,#13893,#13894,#13895
    ,#13896,#13897,#13898),.UNSPECIFIED.,.T.,.F.) 
B_SPLINE_CURVE_WITH_KNOTS((1,2,2,2,2,1),(-2.094395102393,0.,
    2.094395102393,4.188790204786,6.28318530718,8.377580409573),
.UNSPECIFIED.) CURVE() GEOMETRIC_REPRESENTATION_ITEM() 
RATIONAL_B_SPLINE_CURVE((1.,0.5,1.,0.5,1.,0.5,1.)) REPRESENTATION_ITEM(
  '') );
#13892 = CARTESIAN_POINT('',(5.,-1.759334168327E-15));
#13893 = CARTESIAN_POINT('',(5.,-8.660254037844));
#13894 = CARTESIAN_POINT('',(-2.5,-4.330127018922));
#13895 = CARTESIAN_POINT('',(-10.,2.345089550726E-15));
#13896 = CARTESIAN_POINT('',(-2.5,4.330127018922));
#13897 = CARTESIAN_POINT('',(5.,8.660254037844));
#13898 = CARTESIAN_POINT('',(5.,-1.759334168327E-15));
#13899 = ( GEOMETRIC_REPRESENTATION_CONTEXT(2) 
PARAMETRIC_REPRESENTATION_CONTEXT() REPRESENTATION_CONTEXT('2D SPACE',''
  ) );
#13900 = PCURVE('',#7880,#13901);
#13901 = DEFINITIONAL_REPRESENTATION('',(#13902),#13906);
#13902 = LINE('',#13903,#13904);
#13903 = CARTESIAN_POINT('',(6.28318530718,7.474));
#13904 = VECTOR('',#13905,1.);
#13905 = DIRECTION('',(-1.,-0.));
#13906 = ( GEOMETRIC_REPRESENTATION_CONTEXT(2) 
PARAMETRIC_REPRESENTATION_CONTEXT() REPRESENTATION_CONTEXT('2D SPACE',''
  ) );
#13907 = ORIENTED_EDGE('',*,*,#13908,.F.);
#13908 = EDGE_CURVE('',#10461,#13881,#13909,.T.);
#13909 = SURFACE_CURVE('',#13910,(#13914,#13921),.PCURVE_S1.);
#13910 = LINE('',#13911,#13912);
#13911 = CARTESIAN_POINT('',(39.,9.5,-10.474));
#13912 = VECTOR('',#13913,1.);
#13913 = DIRECTION('',(0.,-1.,0.));
#13914 = PCURVE('',#10496,#13915);
#13915 = DEFINITIONAL_REPRESENTATION('',(#13916),#13920);
#13916 = LINE('',#13917,#13918);
#13917 = CARTESIAN_POINT('',(1.,1.70226710729E-17));
#13918 = VECTOR('',#13919,1.);
#13919 = DIRECTION('',(0.,1.));
#13920 = ( GEOMETRIC_REPRESENTATION_CONTEXT(2) 
PARAMETRIC_REPRESENTATION_CONTEXT() REPRESENTATION_CONTEXT('2D SPACE',''
  ) );
#13921 = PCURVE('',#8285,#13922);
#13922 = DEFINITIONAL_REPRESENTATION('',(#13923),#13927);
#13923 = LINE('',#13924,#13925);
#13924 = CARTESIAN_POINT('',(6.,-7.474));
#13925 = VECTOR('',#13926,1.);
#13926 = DIRECTION('',(1.,0.));
#13927 = ( GEOMETRIC_REPRESENTATION_CONTEXT(2) 
PARAMETRIC_REPRESENTATION_CONTEXT() REPRESENTATION_CONTEXT('2D SPACE',''
  ) );
#13928 = ADVANCED_FACE('',(#13929),#8285,.T.);
#13929 = FACE_BOUND('',#13930,.T.);
#13930 = EDGE_LOOP('',(#13931,#13932,#13933,#13934));
#13931 = ORIENTED_EDGE('',*,*,#8271,.F.);
#13932 = ORIENTED_EDGE('',*,*,#10460,.F.);
#13933 = ORIENTED_EDGE('',*,*,#13908,.T.);
#13934 = ORIENTED_EDGE('',*,*,#13935,.F.);
#13935 = EDGE_CURVE('',#8244,#13881,#13936,.T.);
#13936 = SURFACE_CURVE('',#13937,(#13941,#13947),.PCURVE_S1.);
#13937 = LINE('',#13938,#13939);
#13938 = CARTESIAN_POINT('',(39.,14.398979485566,-3.));
#13939 = VECTOR('',#13940,1.);
#13940 = DIRECTION('',(0.,0.,-1.));
#13941 = PCURVE('',#8285,#13942);
#13942 = DEFINITIONAL_REPRESENTATION('',(#13943),#13946);
#13943 = B_SPLINE_CURVE_WITH_KNOTS('',1,(#13944,#13945),.UNSPECIFIED.,
  .F.,.F.,(2,2),(-0.7474,7.4740006),.PIECEWISE_BEZIER_KNOTS.);
#13944 = CARTESIAN_POINT('',(1.101020514434,0.7474));
#13945 = CARTESIAN_POINT('',(1.101020514434,-7.4740006));
#13946 = ( GEOMETRIC_REPRESENTATION_CONTEXT(2) 
PARAMETRIC_REPRESENTATION_CONTEXT() REPRESENTATION_CONTEXT('2D SPACE',''
  ) );
#13947 = PCURVE('',#7880,#13948);
#13948 = DEFINITIONAL_REPRESENTATION('',(#13949),#13952);
#13949 = B_SPLINE_CURVE_WITH_KNOTS('',1,(#13950,#13951),.UNSPECIFIED.,
  .F.,.F.,(2,2),(-0.7474,7.4740006),.PIECEWISE_BEZIER_KNOTS.);
#13950 = CARTESIAN_POINT('',(4.913746901175,-0.7474));
#13951 = CARTESIAN_POINT('',(4.913746901175,7.4740006));
#13952 = ( GEOMETRIC_REPRESENTATION_CONTEXT(2) 
PARAMETRIC_REPRESENTATION_CONTEXT() REPRESENTATION_CONTEXT('2D SPACE',''
  ) );
#13953 = ADVANCED_FACE('',(#13954),#8231,.F.);
#13954 = FACE_BOUND('',#13955,.F.);
#13955 = EDGE_LOOP('',(#13956,#13957,#13958,#13981));
#13956 = ORIENTED_EDGE('',*,*,#8215,.F.);
#13957 = ORIENTED_EDGE('',*,*,#10511,.F.);
#13958 = ORIENTED_EDGE('',*,*,#13959,.T.);
#13959 = EDGE_CURVE('',#10512,#13960,#13962,.T.);
#13960 = VERTEX_POINT('',#13961);
#13961 = CARTESIAN_POINT('',(37.,14.398979485566,-10.474));
#13962 = SURFACE_CURVE('',#13963,(#13967,#13974),.PCURVE_S1.);
#13963 = LINE('',#13964,#13965);
#13964 = CARTESIAN_POINT('',(37.,9.5,-10.474));
#13965 = VECTOR('',#13966,1.);
#13966 = DIRECTION('',(0.,-1.,0.));
#13967 = PCURVE('',#8231,#13968);
#13968 = DEFINITIONAL_REPRESENTATION('',(#13969),#13973);
#13969 = LINE('',#13970,#13971);
#13970 = CARTESIAN_POINT('',(6.,-7.474));
#13971 = VECTOR('',#13972,1.);
#13972 = DIRECTION('',(1.,0.));
#13973 = ( GEOMETRIC_REPRESENTATION_CONTEXT(2) 
PARAMETRIC_REPRESENTATION_CONTEXT() REPRESENTATION_CONTEXT('2D SPACE',''
  ) );
#13974 = PCURVE('',#10569,#13975);
#13975 = DEFINITIONAL_REPRESENTATION('',(#13976),#13980);
#13976 = LINE('',#13977,#13978);
#13977 = CARTESIAN_POINT('',(-1.,1.70226710729E-17));
#13978 = VECTOR('',#13979,1.);
#13979 = DIRECTION('',(0.,1.));
#13980 = ( GEOMETRIC_REPRESENTATION_CONTEXT(2) 
PARAMETRIC_REPRESENTATION_CONTEXT() REPRESENTATION_CONTEXT('2D SPACE',''
  ) );
#13981 = ORIENTED_EDGE('',*,*,#13982,.F.);
#13982 = EDGE_CURVE('',#8216,#13960,#13983,.T.);
#13983 = SURFACE_CURVE('',#13984,(#13988,#13994),.PCURVE_S1.);
#13984 = LINE('',#13985,#13986);
#13985 = CARTESIAN_POINT('',(37.,14.398979485566,-3.));
#13986 = VECTOR('',#13987,1.);
#13987 = DIRECTION('',(0.,0.,-1.));
#13988 = PCURVE('',#8231,#13989);
#13989 = DEFINITIONAL_REPRESENTATION('',(#13990),#13993);
#13990 = B_SPLINE_CURVE_WITH_KNOTS('',1,(#13991,#13992),.UNSPECIFIED.,
  .F.,.F.,(2,2),(-0.7474,7.4740006),.PIECEWISE_BEZIER_KNOTS.);
#13991 = CARTESIAN_POINT('',(1.101020514434,0.7474));
#13992 = CARTESIAN_POINT('',(1.101020514434,-7.4740006));
#13993 = ( GEOMETRIC_REPRESENTATION_CONTEXT(2) 
PARAMETRIC_REPRESENTATION_CONTEXT() REPRESENTATION_CONTEXT('2D SPACE',''
  ) );
#13994 = PCURVE('',#7880,#13995);
#13995 = DEFINITIONAL_REPRESENTATION('',(#13996),#13999);
#13996 = B_SPLINE_CURVE_WITH_KNOTS('',1,(#13997,#13998),.UNSPECIFIED.,
  .F.,.F.,(2,2),(-0.7474,7.4740006),.PIECEWISE_BEZIER_KNOTS.);
#13997 = CARTESIAN_POINT('',(4.511031059594,-0.7474));
#13998 = CARTESIAN_POINT('',(4.511031059594,7.4740006));
#13999 = ( GEOMETRIC_REPRESENTATION_CONTEXT(2) 
PARAMETRIC_REPRESENTATION_CONTEXT() REPRESENTATION_CONTEXT('2D SPACE',''
  ) );
#14000 = ADVANCED_FACE('',(#14001),#10569,.T.);
#14001 = FACE_BOUND('',#14002,.T.);
#14002 = EDGE_LOOP('',(#14003,#14004,#14005,#14033));
#14003 = ORIENTED_EDGE('',*,*,#10554,.T.);
#14004 = ORIENTED_EDGE('',*,*,#13959,.T.);
#14005 = ORIENTED_EDGE('',*,*,#14006,.T.);
#14006 = EDGE_CURVE('',#13960,#14007,#14009,.T.);
#14007 = VERTEX_POINT('',#14008);
#14008 = CARTESIAN_POINT('',(33.101020514434,10.5,-10.474));
#14009 = SURFACE_CURVE('',#14010,(#14015,#14026),.PCURVE_S1.);
#14010 = CIRCLE('',#14011,5.);
#14011 = AXIS2_PLACEMENT_3D('',#14012,#14013,#14014);
#14012 = CARTESIAN_POINT('',(38.,9.5,-10.474));
#14013 = DIRECTION('',(-0.,0.,1.));
#14014 = DIRECTION('',(1.,3.552713678801E-16,0.));
#14015 = PCURVE('',#10569,#14016);
#14016 = DEFINITIONAL_REPRESENTATION('',(#14017),#14025);
#14017 = ( BOUNDED_CURVE() B_SPLINE_CURVE(2,(#14018,#14019,#14020,#14021
    ,#14022,#14023,#14024),.UNSPECIFIED.,.T.,.F.) 
B_SPLINE_CURVE_WITH_KNOTS((1,2,2,2,2,1),(-2.094395102393,0.,
    2.094395102393,4.188790204786,6.28318530718,8.377580409573),
.UNSPECIFIED.) CURVE() GEOMETRIC_REPRESENTATION_ITEM() 
RATIONAL_B_SPLINE_CURVE((1.,0.5,1.,0.5,1.,0.5,1.)) REPRESENTATION_ITEM(
  '') );
#14018 = CARTESIAN_POINT('',(5.,-1.759334168327E-15));
#14019 = CARTESIAN_POINT('',(5.,-8.660254037844));
#14020 = CARTESIAN_POINT('',(-2.5,-4.330127018922));
#14021 = CARTESIAN_POINT('',(-10.,2.345089550726E-15));
#14022 = CARTESIAN_POINT('',(-2.5,4.330127018922));
#14023 = CARTESIAN_POINT('',(5.,8.660254037844));
#14024 = CARTESIAN_POINT('',(5.,-1.759334168327E-15));
#14025 = ( GEOMETRIC_REPRESENTATION_CONTEXT(2) 
PARAMETRIC_REPRESENTATION_CONTEXT() REPRESENTATION_CONTEXT('2D SPACE',''
  ) );
#14026 = PCURVE('',#7880,#14027);
#14027 = DEFINITIONAL_REPRESENTATION('',(#14028),#14032);
#14028 = LINE('',#14029,#14030);
#14029 = CARTESIAN_POINT('',(6.28318530718,7.474));
#14030 = VECTOR('',#14031,1.);
#14031 = DIRECTION('',(-1.,-0.));
#14032 = ( GEOMETRIC_REPRESENTATION_CONTEXT(2) 
PARAMETRIC_REPRESENTATION_CONTEXT() REPRESENTATION_CONTEXT('2D SPACE',''
  ) );
#14033 = ORIENTED_EDGE('',*,*,#14034,.F.);
#14034 = EDGE_CURVE('',#10534,#14007,#14035,.T.);
#14035 = SURFACE_CURVE('',#14036,(#14040,#14047),.PCURVE_S1.);
#14036 = LINE('',#14037,#14038);
#14037 = CARTESIAN_POINT('',(38.,10.5,-10.474));
#14038 = VECTOR('',#14039,1.);
#14039 = DIRECTION('',(1.,0.,0.));
#14040 = PCURVE('',#10569,#14041);
#14041 = DEFINITIONAL_REPRESENTATION('',(#14042),#14046);
#14042 = LINE('',#14043,#14044);
#14043 = CARTESIAN_POINT('',(4.558133775131E-16,-1.));
#14044 = VECTOR('',#14045,1.);
#14045 = DIRECTION('',(1.,0.));
#14046 = ( GEOMETRIC_REPRESENTATION_CONTEXT(2) 
PARAMETRIC_REPRESENTATION_CONTEXT() REPRESENTATION_CONTEXT('2D SPACE',''
  ) );
#14047 = PCURVE('',#8170,#14048);
#14048 = DEFINITIONAL_REPRESENTATION('',(#14049),#14053);
#14049 = LINE('',#14050,#14051);
#14050 = CARTESIAN_POINT('',(6.,-7.474));
#14051 = VECTOR('',#14052,1.);
#14052 = DIRECTION('',(1.,0.));
#14053 = ( GEOMETRIC_REPRESENTATION_CONTEXT(2) 
PARAMETRIC_REPRESENTATION_CONTEXT() REPRESENTATION_CONTEXT('2D SPACE',''
  ) );
#14054 = ADVANCED_FACE('',(#14055),#8170,.T.);
#14055 = FACE_BOUND('',#14056,.T.);
#14056 = EDGE_LOOP('',(#14057,#14058,#14059,#14060));
#14057 = ORIENTED_EDGE('',*,*,#8154,.F.);
#14058 = ORIENTED_EDGE('',*,*,#10533,.F.);
#14059 = ORIENTED_EDGE('',*,*,#14034,.T.);
#14060 = ORIENTED_EDGE('',*,*,#14061,.F.);
#14061 = EDGE_CURVE('',#8127,#14007,#14062,.T.);
#14062 = SURFACE_CURVE('',#14063,(#14067,#14073),.PCURVE_S1.);
#14063 = LINE('',#14064,#14065);
#14064 = CARTESIAN_POINT('',(33.101020514434,10.5,-3.));
#14065 = VECTOR('',#14066,1.);
#14066 = DIRECTION('',(0.,0.,-1.));
#14067 = PCURVE('',#8170,#14068);
#14068 = DEFINITIONAL_REPRESENTATION('',(#14069),#14072);
#14069 = B_SPLINE_CURVE_WITH_KNOTS('',1,(#14070,#14071),.UNSPECIFIED.,
  .F.,.F.,(2,2),(-0.7474,7.4740006),.PIECEWISE_BEZIER_KNOTS.);
#14070 = CARTESIAN_POINT('',(1.101020514434,0.7474));
#14071 = CARTESIAN_POINT('',(1.101020514434,-7.4740006));
#14072 = ( GEOMETRIC_REPRESENTATION_CONTEXT(2) 
PARAMETRIC_REPRESENTATION_CONTEXT() REPRESENTATION_CONTEXT('2D SPACE',''
  ) );
#14073 = PCURVE('',#7880,#14074);
#14074 = DEFINITIONAL_REPRESENTATION('',(#14075),#14078);
#14075 = B_SPLINE_CURVE_WITH_KNOTS('',1,(#14076,#14077),.UNSPECIFIED.,
  .F.,.F.,(2,2),(-0.7474,7.4740006),.PIECEWISE_BEZIER_KNOTS.);
#14076 = CARTESIAN_POINT('',(3.34295057438,-0.7474));
#14077 = CARTESIAN_POINT('',(3.34295057438,7.4740006));
#14078 = ( GEOMETRIC_REPRESENTATION_CONTEXT(2) 
PARAMETRIC_REPRESENTATION_CONTEXT() REPRESENTATION_CONTEXT('2D SPACE',''
  ) );
#14079 = ADVANCED_FACE('',(#14080),#8114,.F.);
#14080 = FACE_BOUND('',#14081,.F.);
#14081 = EDGE_LOOP('',(#14082,#14083,#14084,#14107));
#14082 = ORIENTED_EDGE('',*,*,#8098,.F.);
#14083 = ORIENTED_EDGE('',*,*,#10635,.F.);
#14084 = ORIENTED_EDGE('',*,*,#14085,.T.);
#14085 = EDGE_CURVE('',#10607,#14086,#14088,.T.);
#14086 = VERTEX_POINT('',#14087);
#14087 = CARTESIAN_POINT('',(33.101020514434,8.5,-10.474));
#14088 = SURFACE_CURVE('',#14089,(#14093,#14100),.PCURVE_S1.);
#14089 = LINE('',#14090,#14091);
#14090 = CARTESIAN_POINT('',(38.,8.5,-10.474));
#14091 = VECTOR('',#14092,1.);
#14092 = DIRECTION('',(1.,0.,0.));
#14093 = PCURVE('',#8114,#14094);
#14094 = DEFINITIONAL_REPRESENTATION('',(#14095),#14099);
#14095 = LINE('',#14096,#14097);
#14096 = CARTESIAN_POINT('',(6.,-7.474));
#14097 = VECTOR('',#14098,1.);
#14098 = DIRECTION('',(1.,0.));
#14099 = ( GEOMETRIC_REPRESENTATION_CONTEXT(2) 
PARAMETRIC_REPRESENTATION_CONTEXT() REPRESENTATION_CONTEXT('2D SPACE',''
  ) );
#14100 = PCURVE('',#10623,#14101);
#14101 = DEFINITIONAL_REPRESENTATION('',(#14102),#14106);
#14102 = LINE('',#14103,#14104);
#14103 = CARTESIAN_POINT('',(4.558133775131E-16,1.));
#14104 = VECTOR('',#14105,1.);
#14105 = DIRECTION('',(1.,0.));
#14106 = ( GEOMETRIC_REPRESENTATION_CONTEXT(2) 
PARAMETRIC_REPRESENTATION_CONTEXT() REPRESENTATION_CONTEXT('2D SPACE',''
  ) );
#14107 = ORIENTED_EDGE('',*,*,#14108,.F.);
#14108 = EDGE_CURVE('',#8099,#14086,#14109,.T.);
#14109 = SURFACE_CURVE('',#14110,(#14114,#14120),.PCURVE_S1.);
#14110 = LINE('',#14111,#14112);
#14111 = CARTESIAN_POINT('',(33.101020514434,8.5,-3.));
#14112 = VECTOR('',#14113,1.);
#14113 = DIRECTION('',(0.,0.,-1.));
#14114 = PCURVE('',#8114,#14115);
#14115 = DEFINITIONAL_REPRESENTATION('',(#14116),#14119);
#14116 = B_SPLINE_CURVE_WITH_KNOTS('',1,(#14117,#14118),.UNSPECIFIED.,
  .F.,.F.,(2,2),(-0.7474,7.4740006),.PIECEWISE_BEZIER_KNOTS.);
#14117 = CARTESIAN_POINT('',(1.101020514434,0.7474));
#14118 = CARTESIAN_POINT('',(1.101020514434,-7.4740006));
#14119 = ( GEOMETRIC_REPRESENTATION_CONTEXT(2) 
PARAMETRIC_REPRESENTATION_CONTEXT() REPRESENTATION_CONTEXT('2D SPACE',''
  ) );
#14120 = PCURVE('',#7880,#14121);
#14121 = DEFINITIONAL_REPRESENTATION('',(#14122),#14125);
#14122 = B_SPLINE_CURVE_WITH_KNOTS('',1,(#14123,#14124),.UNSPECIFIED.,
  .F.,.F.,(2,2),(-0.7474,7.4740006),.PIECEWISE_BEZIER_KNOTS.);
#14123 = CARTESIAN_POINT('',(2.940234732799,-0.7474));
#14124 = CARTESIAN_POINT('',(2.940234732799,7.4740006));
#14125 = ( GEOMETRIC_REPRESENTATION_CONTEXT(2) 
PARAMETRIC_REPRESENTATION_CONTEXT() REPRESENTATION_CONTEXT('2D SPACE',''
  ) );
#14126 = ADVANCED_FACE('',(#14127),#10623,.T.);
#14127 = FACE_BOUND('',#14128,.T.);
#14128 = EDGE_LOOP('',(#14129,#14152,#14153,#14154));
#14129 = ORIENTED_EDGE('',*,*,#14130,.T.);
#14130 = EDGE_CURVE('',#14131,#10586,#14133,.T.);
#14131 = VERTEX_POINT('',#14132);
#14132 = CARTESIAN_POINT('',(37.,4.601020514434,-10.474));
#14133 = SURFACE_CURVE('',#14134,(#14138,#14145),.PCURVE_S1.);
#14134 = LINE('',#14135,#14136);
#14135 = CARTESIAN_POINT('',(37.,9.5,-10.474));
#14136 = VECTOR('',#14137,1.);
#14137 = DIRECTION('',(0.,-1.,0.));
#14138 = PCURVE('',#10623,#14139);
#14139 = DEFINITIONAL_REPRESENTATION('',(#14140),#14144);
#14140 = LINE('',#14141,#14142);
#14141 = CARTESIAN_POINT('',(-1.,1.70226710729E-17));
#14142 = VECTOR('',#14143,1.);
#14143 = DIRECTION('',(0.,1.));
#14144 = ( GEOMETRIC_REPRESENTATION_CONTEXT(2) 
PARAMETRIC_REPRESENTATION_CONTEXT() REPRESENTATION_CONTEXT('2D SPACE',''
  ) );
#14145 = PCURVE('',#8053,#14146);
#14146 = DEFINITIONAL_REPRESENTATION('',(#14147),#14151);
#14147 = LINE('',#14148,#14149);
#14148 = CARTESIAN_POINT('',(-1.,-7.474));
#14149 = VECTOR('',#14150,1.);
#14150 = DIRECTION('',(1.,0.));
#14151 = ( GEOMETRIC_REPRESENTATION_CONTEXT(2) 
PARAMETRIC_REPRESENTATION_CONTEXT() REPRESENTATION_CONTEXT('2D SPACE',''
  ) );
#14152 = ORIENTED_EDGE('',*,*,#10606,.T.);
#14153 = ORIENTED_EDGE('',*,*,#14085,.T.);
#14154 = ORIENTED_EDGE('',*,*,#14155,.T.);
#14155 = EDGE_CURVE('',#14086,#14131,#14156,.T.);
#14156 = SURFACE_CURVE('',#14157,(#14162,#14173),.PCURVE_S1.);
#14157 = CIRCLE('',#14158,5.);
#14158 = AXIS2_PLACEMENT_3D('',#14159,#14160,#14161);
#14159 = CARTESIAN_POINT('',(38.,9.5,-10.474));
#14160 = DIRECTION('',(-0.,0.,1.));
#14161 = DIRECTION('',(1.,3.552713678801E-16,0.));
#14162 = PCURVE('',#10623,#14163);
#14163 = DEFINITIONAL_REPRESENTATION('',(#14164),#14172);
#14164 = ( BOUNDED_CURVE() B_SPLINE_CURVE(2,(#14165,#14166,#14167,#14168
    ,#14169,#14170,#14171),.UNSPECIFIED.,.T.,.F.) 
B_SPLINE_CURVE_WITH_KNOTS((1,2,2,2,2,1),(-2.094395102393,0.,
    2.094395102393,4.188790204786,6.28318530718,8.377580409573),
.UNSPECIFIED.) CURVE() GEOMETRIC_REPRESENTATION_ITEM() 
RATIONAL_B_SPLINE_CURVE((1.,0.5,1.,0.5,1.,0.5,1.)) REPRESENTATION_ITEM(
  '') );
#14165 = CARTESIAN_POINT('',(5.,-1.759334168327E-15));
#14166 = CARTESIAN_POINT('',(5.,-8.660254037844));
#14167 = CARTESIAN_POINT('',(-2.5,-4.330127018922));
#14168 = CARTESIAN_POINT('',(-10.,2.345089550726E-15));
#14169 = CARTESIAN_POINT('',(-2.5,4.330127018922));
#14170 = CARTESIAN_POINT('',(5.,8.660254037844));
#14171 = CARTESIAN_POINT('',(5.,-1.759334168327E-15));
#14172 = ( GEOMETRIC_REPRESENTATION_CONTEXT(2) 
PARAMETRIC_REPRESENTATION_CONTEXT() REPRESENTATION_CONTEXT('2D SPACE',''
  ) );
#14173 = PCURVE('',#7880,#14174);
#14174 = DEFINITIONAL_REPRESENTATION('',(#14175),#14179);
#14175 = LINE('',#14176,#14177);
#14176 = CARTESIAN_POINT('',(6.28318530718,7.474));
#14177 = VECTOR('',#14178,1.);
#14178 = DIRECTION('',(-1.,-0.));
#14179 = ( GEOMETRIC_REPRESENTATION_CONTEXT(2) 
PARAMETRIC_REPRESENTATION_CONTEXT() REPRESENTATION_CONTEXT('2D SPACE',''
  ) );
#14180 = ADVANCED_FACE('',(#14181),#8053,.F.);
#14181 = FACE_BOUND('',#14182,.F.);
#14182 = EDGE_LOOP('',(#14183,#14184,#14203,#14204));
#14183 = ORIENTED_EDGE('',*,*,#8037,.F.);
#14184 = ORIENTED_EDGE('',*,*,#14185,.T.);
#14185 = EDGE_CURVE('',#8010,#14131,#14186,.T.);
#14186 = SURFACE_CURVE('',#14187,(#14191,#14197),.PCURVE_S1.);
#14187 = LINE('',#14188,#14189);
#14188 = CARTESIAN_POINT('',(37.,4.601020514434,-3.));
#14189 = VECTOR('',#14190,1.);
#14190 = DIRECTION('',(0.,0.,-1.));
#14191 = PCURVE('',#8053,#14192);
#14192 = DEFINITIONAL_REPRESENTATION('',(#14193),#14196);
#14193 = B_SPLINE_CURVE_WITH_KNOTS('',1,(#14194,#14195),.UNSPECIFIED.,
  .F.,.F.,(2,2),(-0.7474,7.4740006),.PIECEWISE_BEZIER_KNOTS.);
#14194 = CARTESIAN_POINT('',(3.898979485566,0.7474));
#14195 = CARTESIAN_POINT('',(3.898979485566,-7.4740006));
#14196 = ( GEOMETRIC_REPRESENTATION_CONTEXT(2) 
PARAMETRIC_REPRESENTATION_CONTEXT() REPRESENTATION_CONTEXT('2D SPACE',''
  ) );
#14197 = PCURVE('',#7880,#14198);
#14198 = DEFINITIONAL_REPRESENTATION('',(#14199),#14202);
#14199 = B_SPLINE_CURVE_WITH_KNOTS('',1,(#14200,#14201),.UNSPECIFIED.,
  .F.,.F.,(2,2),(-0.7474,7.4740006),.PIECEWISE_BEZIER_KNOTS.);
#14200 = CARTESIAN_POINT('',(1.772154247585,-0.7474));
#14201 = CARTESIAN_POINT('',(1.772154247585,7.4740006));
#14202 = ( GEOMETRIC_REPRESENTATION_CONTEXT(2) 
PARAMETRIC_REPRESENTATION_CONTEXT() REPRESENTATION_CONTEXT('2D SPACE',''
  ) );
#14203 = ORIENTED_EDGE('',*,*,#14130,.T.);
#14204 = ORIENTED_EDGE('',*,*,#10585,.T.);
#14205 = ADVANCED_FACE('',(#14206),#7997,.T.);
#14206 = FACE_BOUND('',#14207,.T.);
#14207 = EDGE_LOOP('',(#14208,#14209,#14230,#14251));
#14208 = ORIENTED_EDGE('',*,*,#7981,.F.);
#14209 = ORIENTED_EDGE('',*,*,#14210,.T.);
#14210 = EDGE_CURVE('',#7982,#14211,#14213,.T.);
#14211 = VERTEX_POINT('',#14212);
#14212 = CARTESIAN_POINT('',(39.,4.601020514434,-10.474));
#14213 = SURFACE_CURVE('',#14214,(#14218,#14224),.PCURVE_S1.);
#14214 = LINE('',#14215,#14216);
#14215 = CARTESIAN_POINT('',(39.,4.601020514434,-3.));
#14216 = VECTOR('',#14217,1.);
#14217 = DIRECTION('',(0.,0.,-1.));
#14218 = PCURVE('',#7997,#14219);
#14219 = DEFINITIONAL_REPRESENTATION('',(#14220),#14223);
#14220 = B_SPLINE_CURVE_WITH_KNOTS('',1,(#14221,#14222),.UNSPECIFIED.,
  .F.,.F.,(2,2),(-0.7474,7.4740006),.PIECEWISE_BEZIER_KNOTS.);
#14221 = CARTESIAN_POINT('',(3.898979485566,0.7474));
#14222 = CARTESIAN_POINT('',(3.898979485566,-7.4740006));
#14223 = ( GEOMETRIC_REPRESENTATION_CONTEXT(2) 
PARAMETRIC_REPRESENTATION_CONTEXT() REPRESENTATION_CONTEXT('2D SPACE',''
  ) );
#14224 = PCURVE('',#7880,#14225);
#14225 = DEFINITIONAL_REPRESENTATION('',(#14226),#14229);
#14226 = B_SPLINE_CURVE_WITH_KNOTS('',1,(#14227,#14228),.UNSPECIFIED.,
  .F.,.F.,(2,2),(-0.7474,7.4740006),.PIECEWISE_BEZIER_KNOTS.);
#14227 = CARTESIAN_POINT('',(1.369438406005,-0.7474));
#14228 = CARTESIAN_POINT('',(1.369438406005,7.4740006));
#14229 = ( GEOMETRIC_REPRESENTATION_CONTEXT(2) 
PARAMETRIC_REPRESENTATION_CONTEXT() REPRESENTATION_CONTEXT('2D SPACE',''
  ) );
#14230 = ORIENTED_EDGE('',*,*,#14231,.T.);
#14231 = EDGE_CURVE('',#14211,#10680,#14232,.T.);
#14232 = SURFACE_CURVE('',#14233,(#14237,#14244),.PCURVE_S1.);
#14233 = LINE('',#14234,#14235);
#14234 = CARTESIAN_POINT('',(39.,9.5,-10.474));
#14235 = VECTOR('',#14236,1.);
#14236 = DIRECTION('',(0.,-1.,0.));
#14237 = PCURVE('',#7997,#14238);
#14238 = DEFINITIONAL_REPRESENTATION('',(#14239),#14243);
#14239 = LINE('',#14240,#14241);
#14240 = CARTESIAN_POINT('',(-1.,-7.474));
#14241 = VECTOR('',#14242,1.);
#14242 = DIRECTION('',(1.,0.));
#14243 = ( GEOMETRIC_REPRESENTATION_CONTEXT(2) 
PARAMETRIC_REPRESENTATION_CONTEXT() REPRESENTATION_CONTEXT('2D SPACE',''
  ) );
#14244 = PCURVE('',#10696,#14245);
#14245 = DEFINITIONAL_REPRESENTATION('',(#14246),#14250);
#14246 = LINE('',#14247,#14248);
#14247 = CARTESIAN_POINT('',(1.,1.70226710729E-17));
#14248 = VECTOR('',#14249,1.);
#14249 = DIRECTION('',(0.,1.));
#14250 = ( GEOMETRIC_REPRESENTATION_CONTEXT(2) 
PARAMETRIC_REPRESENTATION_CONTEXT() REPRESENTATION_CONTEXT('2D SPACE',''
  ) );
#14251 = ORIENTED_EDGE('',*,*,#10708,.T.);
#14252 = ADVANCED_FACE('',(#14253),#10696,.T.);
#14253 = FACE_BOUND('',#14254,.T.);
#14254 = EDGE_LOOP('',(#14255,#14278,#14279,#14280));
#14255 = ORIENTED_EDGE('',*,*,#14256,.T.);
#14256 = EDGE_CURVE('',#14257,#10659,#14259,.T.);
#14257 = VERTEX_POINT('',#14258);
#14258 = CARTESIAN_POINT('',(42.898979485566,8.5,-10.474));
#14259 = SURFACE_CURVE('',#14260,(#14264,#14271),.PCURVE_S1.);
#14260 = LINE('',#14261,#14262);
#14261 = CARTESIAN_POINT('',(38.,8.5,-10.474));
#14262 = VECTOR('',#14263,1.);
#14263 = DIRECTION('',(1.,0.,0.));
#14264 = PCURVE('',#10696,#14265);
#14265 = DEFINITIONAL_REPRESENTATION('',(#14266),#14270);
#14266 = LINE('',#14267,#14268);
#14267 = CARTESIAN_POINT('',(4.558133775131E-16,1.));
#14268 = VECTOR('',#14269,1.);
#14269 = DIRECTION('',(1.,0.));
#14270 = ( GEOMETRIC_REPRESENTATION_CONTEXT(2) 
PARAMETRIC_REPRESENTATION_CONTEXT() REPRESENTATION_CONTEXT('2D SPACE',''
  ) );
#14271 = PCURVE('',#7936,#14272);
#14272 = DEFINITIONAL_REPRESENTATION('',(#14273),#14277);
#14273 = LINE('',#14274,#14275);
#14274 = CARTESIAN_POINT('',(-1.,-7.474));
#14275 = VECTOR('',#14276,1.);
#14276 = DIRECTION('',(1.,0.));
#14277 = ( GEOMETRIC_REPRESENTATION_CONTEXT(2) 
PARAMETRIC_REPRESENTATION_CONTEXT() REPRESENTATION_CONTEXT('2D SPACE',''
  ) );
#14278 = ORIENTED_EDGE('',*,*,#10679,.T.);
#14279 = ORIENTED_EDGE('',*,*,#14231,.F.);
#14280 = ORIENTED_EDGE('',*,*,#14281,.T.);
#14281 = EDGE_CURVE('',#14211,#14257,#14282,.T.);
#14282 = SURFACE_CURVE('',#14283,(#14288,#14299),.PCURVE_S1.);
#14283 = CIRCLE('',#14284,5.);
#14284 = AXIS2_PLACEMENT_3D('',#14285,#14286,#14287);
#14285 = CARTESIAN_POINT('',(38.,9.5,-10.474));
#14286 = DIRECTION('',(-0.,0.,1.));
#14287 = DIRECTION('',(1.,3.552713678801E-16,0.));
#14288 = PCURVE('',#10696,#14289);
#14289 = DEFINITIONAL_REPRESENTATION('',(#14290),#14298);
#14290 = ( BOUNDED_CURVE() B_SPLINE_CURVE(2,(#14291,#14292,#14293,#14294
    ,#14295,#14296,#14297),.UNSPECIFIED.,.T.,.F.) 
B_SPLINE_CURVE_WITH_KNOTS((1,2,2,2,2,1),(-2.094395102393,0.,
    2.094395102393,4.188790204786,6.28318530718,8.377580409573),
.UNSPECIFIED.) CURVE() GEOMETRIC_REPRESENTATION_ITEM() 
RATIONAL_B_SPLINE_CURVE((1.,0.5,1.,0.5,1.,0.5,1.)) REPRESENTATION_ITEM(
  '') );
#14291 = CARTESIAN_POINT('',(5.,-1.759334168327E-15));
#14292 = CARTESIAN_POINT('',(5.,-8.660254037844));
#14293 = CARTESIAN_POINT('',(-2.5,-4.330127018922));
#14294 = CARTESIAN_POINT('',(-10.,2.345089550726E-15));
#14295 = CARTESIAN_POINT('',(-2.5,4.330127018922));
#14296 = CARTESIAN_POINT('',(5.,8.660254037844));
#14297 = CARTESIAN_POINT('',(5.,-1.759334168327E-15));
#14298 = ( GEOMETRIC_REPRESENTATION_CONTEXT(2) 
PARAMETRIC_REPRESENTATION_CONTEXT() REPRESENTATION_CONTEXT('2D SPACE',''
  ) );
#14299 = PCURVE('',#7880,#14300);
#14300 = DEFINITIONAL_REPRESENTATION('',(#14301),#14305);
#14301 = LINE('',#14302,#14303);
#14302 = CARTESIAN_POINT('',(6.28318530718,7.474));
#14303 = VECTOR('',#14304,1.);
#14304 = DIRECTION('',(-1.,-0.));
#14305 = ( GEOMETRIC_REPRESENTATION_CONTEXT(2) 
PARAMETRIC_REPRESENTATION_CONTEXT() REPRESENTATION_CONTEXT('2D SPACE',''
  ) );
#14306 = ADVANCED_FACE('',(#14307),#7936,.F.);
#14307 = FACE_BOUND('',#14308,.F.);
#14308 = EDGE_LOOP('',(#14309,#14310,#14329,#14330));
#14309 = ORIENTED_EDGE('',*,*,#7920,.F.);
#14310 = ORIENTED_EDGE('',*,*,#14311,.T.);
#14311 = EDGE_CURVE('',#7893,#14257,#14312,.T.);
#14312 = SURFACE_CURVE('',#14313,(#14317,#14323),.PCURVE_S1.);
#14313 = LINE('',#14314,#14315);
#14314 = CARTESIAN_POINT('',(42.898979485566,8.5,-3.));
#14315 = VECTOR('',#14316,1.);
#14316 = DIRECTION('',(0.,0.,-1.));
#14317 = PCURVE('',#7936,#14318);
#14318 = DEFINITIONAL_REPRESENTATION('',(#14319),#14322);
#14319 = B_SPLINE_CURVE_WITH_KNOTS('',1,(#14320,#14321),.UNSPECIFIED.,
  .F.,.F.,(2,2),(-0.7474,7.4740006),.PIECEWISE_BEZIER_KNOTS.);
#14320 = CARTESIAN_POINT('',(3.898979485566,0.7474));
#14321 = CARTESIAN_POINT('',(3.898979485566,-7.4740006));
#14322 = ( GEOMETRIC_REPRESENTATION_CONTEXT(2) 
PARAMETRIC_REPRESENTATION_CONTEXT() REPRESENTATION_CONTEXT('2D SPACE',''
  ) );
#14323 = PCURVE('',#7880,#14324);
#14324 = DEFINITIONAL_REPRESENTATION('',(#14325),#14328);
#14325 = B_SPLINE_CURVE_WITH_KNOTS('',1,(#14326,#14327),.UNSPECIFIED.,
  .F.,.F.,(2,2),(-0.7474,7.4740006),.PIECEWISE_BEZIER_KNOTS.);
#14326 = CARTESIAN_POINT('',(0.20135792079,-0.7474));
#14327 = CARTESIAN_POINT('',(0.20135792079,7.4740006));
#14328 = ( GEOMETRIC_REPRESENTATION_CONTEXT(2) 
PARAMETRIC_REPRESENTATION_CONTEXT() REPRESENTATION_CONTEXT('2D SPACE',''
  ) );
#14329 = ORIENTED_EDGE('',*,*,#14256,.T.);
#14330 = ORIENTED_EDGE('',*,*,#10658,.T.);
#14331 = ADVANCED_FACE('',(#14332,#14335),#10768,.T.);
#14332 = FACE_BOUND('',#14333,.T.);
#14333 = EDGE_LOOP('',(#14334));
#14334 = ORIENTED_EDGE('',*,*,#10753,.T.);
#14335 = FACE_BOUND('',#14336,.T.);
#14336 = EDGE_LOOP('',(#14337));
#14337 = ORIENTED_EDGE('',*,*,#14338,.F.);
#14338 = EDGE_CURVE('',#14339,#14339,#14341,.T.);
#14339 = VERTEX_POINT('',#14340);
#14340 = CARTESIAN_POINT('',(53.6,13.5,-14.824));
#14341 = SURFACE_CURVE('',#14342,(#14347,#14354),.PCURVE_S1.);
#14342 = CIRCLE('',#14343,1.1);
#14343 = AXIS2_PLACEMENT_3D('',#14344,#14345,#14346);
#14344 = CARTESIAN_POINT('',(52.5,13.5,-14.824));
#14345 = DIRECTION('',(0.,0.,-1.));
#14346 = DIRECTION('',(1.,0.,0.));
#14347 = PCURVE('',#10768,#14348);
#14348 = DEFINITIONAL_REPRESENTATION('',(#14349),#14353);
#14349 = CIRCLE('',#14350,1.1);
#14350 = AXIS2_PLACEMENT_2D('',#14351,#14352);
#14351 = CARTESIAN_POINT('',(1.367440132539E-16,-3.4690113325E-17));
#14352 = DIRECTION('',(1.,0.));
#14353 = ( GEOMETRIC_REPRESENTATION_CONTEXT(2) 
PARAMETRIC_REPRESENTATION_CONTEXT() REPRESENTATION_CONTEXT('2D SPACE',''
  ) );
#14354 = PCURVE('',#14355,#14360);
#14355 = CYLINDRICAL_SURFACE('',#14356,1.1);
#14356 = AXIS2_PLACEMENT_3D('',#14357,#14358,#14359);
#14357 = CARTESIAN_POINT('',(52.5,13.5,-3.));
#14358 = DIRECTION('',(-0.,-0.,1.));
#14359 = DIRECTION('',(1.,0.,0.));
#14360 = DEFINITIONAL_REPRESENTATION('',(#14361),#14365);
#14361 = LINE('',#14362,#14363);
#14362 = CARTESIAN_POINT('',(-0.,-11.824));
#14363 = VECTOR('',#14364,1.);
#14364 = DIRECTION('',(-1.,0.));
#14365 = ( GEOMETRIC_REPRESENTATION_CONTEXT(2) 
PARAMETRIC_REPRESENTATION_CONTEXT() REPRESENTATION_CONTEXT('2D SPACE',''
  ) );
#14366 = ADVANCED_FACE('',(#14367),#11187,.F.);
#14367 = FACE_BOUND('',#14368,.F.);
#14368 = EDGE_LOOP('',(#14369,#14392,#14393,#14416));
#14369 = ORIENTED_EDGE('',*,*,#14370,.F.);
#14370 = EDGE_CURVE('',#11170,#14371,#14373,.T.);
#14371 = VERTEX_POINT('',#14372);
#14372 = CARTESIAN_POINT('',(-67.5,-16.071,-3.));
#14373 = SURFACE_CURVE('',#14374,(#14378,#14385),.PCURVE_S1.);
#14374 = LINE('',#14375,#14376);
#14375 = CARTESIAN_POINT('',(-67.5,-16.071,-12.824));
#14376 = VECTOR('',#14377,1.);
#14377 = DIRECTION('',(0.,0.,1.));
#14378 = PCURVE('',#11187,#14379);
#14379 = DEFINITIONAL_REPRESENTATION('',(#14380),#14384);
#14380 = LINE('',#14381,#14382);
#14381 = CARTESIAN_POINT('',(0.,-10.429));
#14382 = VECTOR('',#14383,1.);
#14383 = DIRECTION('',(1.,0.));
#14384 = ( GEOMETRIC_REPRESENTATION_CONTEXT(2) 
PARAMETRIC_REPRESENTATION_CONTEXT() REPRESENTATION_CONTEXT('2D SPACE',''
  ) );
#14385 = PCURVE('',#11215,#14386);
#14386 = DEFINITIONAL_REPRESENTATION('',(#14387),#14391);
#14387 = LINE('',#14388,#14389);
#14388 = CARTESIAN_POINT('',(-0.,-7.374416620995));
#14389 = VECTOR('',#14390,1.);
#14390 = DIRECTION('',(-1.,0.));
#14391 = ( GEOMETRIC_REPRESENTATION_CONTEXT(2) 
PARAMETRIC_REPRESENTATION_CONTEXT() REPRESENTATION_CONTEXT('2D SPACE',''
  ) );
#14392 = ORIENTED_EDGE('',*,*,#11169,.T.);
#14393 = ORIENTED_EDGE('',*,*,#14394,.T.);
#14394 = EDGE_CURVE('',#11172,#14395,#14397,.T.);
#14395 = VERTEX_POINT('',#14396);
#14396 = CARTESIAN_POINT('',(-67.5,16.071,-3.));
#14397 = SURFACE_CURVE('',#14398,(#14402,#14409),.PCURVE_S1.);
#14398 = LINE('',#14399,#14400);
#14399 = CARTESIAN_POINT('',(-67.5,16.071,-12.824));
#14400 = VECTOR('',#14401,1.);
#14401 = DIRECTION('',(0.,0.,1.));
#14402 = PCURVE('',#11187,#14403);
#14403 = DEFINITIONAL_REPRESENTATION('',(#14404),#14408);
#14404 = LINE('',#14405,#14406);
#14405 = CARTESIAN_POINT('',(0.,-42.571));
#14406 = VECTOR('',#14407,1.);
#14407 = DIRECTION('',(1.,0.));
#14408 = ( GEOMETRIC_REPRESENTATION_CONTEXT(2) 
PARAMETRIC_REPRESENTATION_CONTEXT() REPRESENTATION_CONTEXT('2D SPACE',''
  ) );
#14409 = PCURVE('',#11408,#14410);
#14410 = DEFINITIONAL_REPRESENTATION('',(#14411),#14415);
#14411 = LINE('',#14412,#14413);
#14412 = CARTESIAN_POINT('',(-0.,-7.374416620995));
#14413 = VECTOR('',#14414,1.);
#14414 = DIRECTION('',(-1.,0.));
#14415 = ( GEOMETRIC_REPRESENTATION_CONTEXT(2) 
PARAMETRIC_REPRESENTATION_CONTEXT() REPRESENTATION_CONTEXT('2D SPACE',''
  ) );
#14416 = ORIENTED_EDGE('',*,*,#14417,.F.);
#14417 = EDGE_CURVE('',#14371,#14395,#14418,.T.);
#14418 = SURFACE_CURVE('',#14419,(#14423,#14430),.PCURVE_S1.);
#14419 = LINE('',#14420,#14421);
#14420 = CARTESIAN_POINT('',(-67.5,-16.071,-3.));
#14421 = VECTOR('',#14422,1.);
#14422 = DIRECTION('',(0.,1.,0.));
#14423 = PCURVE('',#11187,#14424);
#14424 = DEFINITIONAL_REPRESENTATION('',(#14425),#14429);
#14425 = LINE('',#14426,#14427);
#14426 = CARTESIAN_POINT('',(9.824,-10.429));
#14427 = VECTOR('',#14428,1.);
#14428 = DIRECTION('',(0.,-1.));
#14429 = ( GEOMETRIC_REPRESENTATION_CONTEXT(2) 
PARAMETRIC_REPRESENTATION_CONTEXT() REPRESENTATION_CONTEXT('2D SPACE',''
  ) );
#14430 = PCURVE('',#11544,#14431);
#14431 = DEFINITIONAL_REPRESENTATION('',(#14432),#14436);
#14432 = LINE('',#14433,#14434);
#14433 = CARTESIAN_POINT('',(0.,-2.12132034356));
#14434 = VECTOR('',#14435,1.);
#14435 = DIRECTION('',(1.,0.));
#14436 = ( GEOMETRIC_REPRESENTATION_CONTEXT(2) 
PARAMETRIC_REPRESENTATION_CONTEXT() REPRESENTATION_CONTEXT('2D SPACE',''
  ) );
#14437 = ADVANCED_FACE('',(#14438),#11408,.F.);
#14438 = FACE_BOUND('',#14439,.T.);
#14439 = EDGE_LOOP('',(#14440,#14441,#14462,#14463));
#14440 = ORIENTED_EDGE('',*,*,#14394,.T.);
#14441 = ORIENTED_EDGE('',*,*,#14442,.T.);
#14442 = EDGE_CURVE('',#14395,#11424,#14443,.T.);
#14443 = SURFACE_CURVE('',#14444,(#14448,#14455),.PCURVE_S1.);
#14444 = LINE('',#14445,#14446);
#14445 = CARTESIAN_POINT('',(-67.5,16.071,-3.));
#14446 = VECTOR('',#14447,1.);
#14447 = DIRECTION('',(0.707106781187,0.707106781187,-0.));
#14448 = PCURVE('',#11408,#14449);
#14449 = DEFINITIONAL_REPRESENTATION('',(#14450),#14454);
#14450 = LINE('',#14451,#14452);
#14451 = CARTESIAN_POINT('',(-9.824,-7.374416620995));
#14452 = VECTOR('',#14453,1.);
#14453 = DIRECTION('',(-0.,1.));
#14454 = ( GEOMETRIC_REPRESENTATION_CONTEXT(2) 
PARAMETRIC_REPRESENTATION_CONTEXT() REPRESENTATION_CONTEXT('2D SPACE',''
  ) );
#14455 = PCURVE('',#11488,#14456);
#14456 = DEFINITIONAL_REPRESENTATION('',(#14457),#14461);
#14457 = LINE('',#14458,#14459);
#14458 = CARTESIAN_POINT('',(7.105427357601E-15,-2.12132034356));
#14459 = VECTOR('',#14460,1.);
#14460 = DIRECTION('',(-1.,0.));
#14461 = ( GEOMETRIC_REPRESENTATION_CONTEXT(2) 
PARAMETRIC_REPRESENTATION_CONTEXT() REPRESENTATION_CONTEXT('2D SPACE',''
  ) );
#14462 = ORIENTED_EDGE('',*,*,#11423,.F.);
#14463 = ORIENTED_EDGE('',*,*,#11394,.F.);
#14464 = ADVANCED_FACE('',(#14465),#11327,.T.);
#14465 = FACE_BOUND('',#14466,.F.);
#14466 = EDGE_LOOP('',(#14467,#14490,#14511,#14512));
#14467 = ORIENTED_EDGE('',*,*,#14468,.T.);
#14468 = EDGE_CURVE('',#11284,#14469,#14471,.T.);
#14469 = VERTEX_POINT('',#14470);
#14470 = CARTESIAN_POINT('',(67.5,16.071,-3.));
#14471 = SURFACE_CURVE('',#14472,(#14476,#14483),.PCURVE_S1.);
#14472 = LINE('',#14473,#14474);
#14473 = CARTESIAN_POINT('',(67.5,16.071,-12.824));
#14474 = VECTOR('',#14475,1.);
#14475 = DIRECTION('',(0.,0.,1.));
#14476 = PCURVE('',#11327,#14477);
#14477 = DEFINITIONAL_REPRESENTATION('',(#14478),#14482);
#14478 = LINE('',#14479,#14480);
#14479 = CARTESIAN_POINT('',(-0.,-7.374416620995));
#14480 = VECTOR('',#14481,1.);
#14481 = DIRECTION('',(-1.,0.));
#14482 = ( GEOMETRIC_REPRESENTATION_CONTEXT(2) 
PARAMETRIC_REPRESENTATION_CONTEXT() REPRESENTATION_CONTEXT('2D SPACE',''
  ) );
#14483 = PCURVE('',#11299,#14484);
#14484 = DEFINITIONAL_REPRESENTATION('',(#14485),#14489);
#14485 = LINE('',#14486,#14487);
#14486 = CARTESIAN_POINT('',(0.,-42.571));
#14487 = VECTOR('',#14488,1.);
#14488 = DIRECTION('',(1.,0.));
#14489 = ( GEOMETRIC_REPRESENTATION_CONTEXT(2) 
PARAMETRIC_REPRESENTATION_CONTEXT() REPRESENTATION_CONTEXT('2D SPACE',''
  ) );
#14490 = ORIENTED_EDGE('',*,*,#14491,.T.);
#14491 = EDGE_CURVE('',#14469,#12381,#14492,.T.);
#14492 = SURFACE_CURVE('',#14493,(#14497,#14504),.PCURVE_S1.);
#14493 = LINE('',#14494,#14495);
#14494 = CARTESIAN_POINT('',(67.5,16.071,-3.));
#14495 = VECTOR('',#14496,1.);
#14496 = DIRECTION('',(-0.707106781187,0.707106781187,0.));
#14497 = PCURVE('',#11327,#14498);
#14498 = DEFINITIONAL_REPRESENTATION('',(#14499),#14503);
#14499 = LINE('',#14500,#14501);
#14500 = CARTESIAN_POINT('',(-9.824,-7.374416620995));
#14501 = VECTOR('',#14502,1.);
#14502 = DIRECTION('',(-0.,1.));
#14503 = ( GEOMETRIC_REPRESENTATION_CONTEXT(2) 
PARAMETRIC_REPRESENTATION_CONTEXT() REPRESENTATION_CONTEXT('2D SPACE',''
  ) );
#14504 = PCURVE('',#11684,#14505);
#14505 = DEFINITIONAL_REPRESENTATION('',(#14506),#14510);
#14506 = LINE('',#14507,#14508);
#14507 = CARTESIAN_POINT('',(-0.,-2.12132034356));
#14508 = VECTOR('',#14509,1.);
#14509 = DIRECTION('',(-1.,0.));
#14510 = ( GEOMETRIC_REPRESENTATION_CONTEXT(2) 
PARAMETRIC_REPRESENTATION_CONTEXT() REPRESENTATION_CONTEXT('2D SPACE',''
  ) );
#14511 = ORIENTED_EDGE('',*,*,#12403,.F.);
#14512 = ORIENTED_EDGE('',*,*,#11311,.F.);
#14513 = ADVANCED_FACE('',(#14514),#11299,.T.);
#14514 = FACE_BOUND('',#14515,.T.);
#14515 = EDGE_LOOP('',(#14516,#14539,#14540,#14541));
#14516 = ORIENTED_EDGE('',*,*,#14517,.F.);
#14517 = EDGE_CURVE('',#11256,#14518,#14520,.T.);
#14518 = VERTEX_POINT('',#14519);
#14519 = CARTESIAN_POINT('',(67.5,-16.071,-3.));
#14520 = SURFACE_CURVE('',#14521,(#14525,#14532),.PCURVE_S1.);
#14521 = LINE('',#14522,#14523);
#14522 = CARTESIAN_POINT('',(67.5,-16.071,-12.824));
#14523 = VECTOR('',#14524,1.);
#14524 = DIRECTION('',(0.,0.,1.));
#14525 = PCURVE('',#11299,#14526);
#14526 = DEFINITIONAL_REPRESENTATION('',(#14527),#14531);
#14527 = LINE('',#14528,#14529);
#14528 = CARTESIAN_POINT('',(0.,-10.429));
#14529 = VECTOR('',#14530,1.);
#14530 = DIRECTION('',(1.,0.));
#14531 = ( GEOMETRIC_REPRESENTATION_CONTEXT(2) 
PARAMETRIC_REPRESENTATION_CONTEXT() REPRESENTATION_CONTEXT('2D SPACE',''
  ) );
#14532 = PCURVE('',#11271,#14533);
#14533 = DEFINITIONAL_REPRESENTATION('',(#14534),#14538);
#14534 = LINE('',#14535,#14536);
#14535 = CARTESIAN_POINT('',(-0.,-7.374416620995));
#14536 = VECTOR('',#14537,1.);
#14537 = DIRECTION('',(-1.,0.));
#14538 = ( GEOMETRIC_REPRESENTATION_CONTEXT(2) 
PARAMETRIC_REPRESENTATION_CONTEXT() REPRESENTATION_CONTEXT('2D SPACE',''
  ) );
#14539 = ORIENTED_EDGE('',*,*,#11283,.T.);
#14540 = ORIENTED_EDGE('',*,*,#14468,.T.);
#14541 = ORIENTED_EDGE('',*,*,#14542,.F.);
#14542 = EDGE_CURVE('',#14518,#14469,#14543,.T.);
#14543 = SURFACE_CURVE('',#14544,(#14548,#14555),.PCURVE_S1.);
#14544 = LINE('',#14545,#14546);
#14545 = CARTESIAN_POINT('',(67.5,-16.071,-3.));
#14546 = VECTOR('',#14547,1.);
#14547 = DIRECTION('',(0.,1.,0.));
#14548 = PCURVE('',#11299,#14549);
#14549 = DEFINITIONAL_REPRESENTATION('',(#14550),#14554);
#14550 = LINE('',#14551,#14552);
#14551 = CARTESIAN_POINT('',(9.824,-10.429));
#14552 = VECTOR('',#14553,1.);
#14553 = DIRECTION('',(0.,-1.));
#14554 = ( GEOMETRIC_REPRESENTATION_CONTEXT(2) 
PARAMETRIC_REPRESENTATION_CONTEXT() REPRESENTATION_CONTEXT('2D SPACE',''
  ) );
#14555 = PCURVE('',#11656,#14556);
#14556 = DEFINITIONAL_REPRESENTATION('',(#14557),#14561);
#14557 = LINE('',#14558,#14559);
#14558 = CARTESIAN_POINT('',(0.,-2.12132034356));
#14559 = VECTOR('',#14560,1.);
#14560 = DIRECTION('',(1.,0.));
#14561 = ( GEOMETRIC_REPRESENTATION_CONTEXT(2) 
PARAMETRIC_REPRESENTATION_CONTEXT() REPRESENTATION_CONTEXT('2D SPACE',''
  ) );
#14562 = ADVANCED_FACE('',(#14563),#11271,.F.);
#14563 = FACE_BOUND('',#14564,.T.);
#14564 = EDGE_LOOP('',(#14565,#14566,#14589,#14610));
#14565 = ORIENTED_EDGE('',*,*,#14517,.T.);
#14566 = ORIENTED_EDGE('',*,*,#14567,.T.);
#14567 = EDGE_CURVE('',#14518,#14568,#14570,.T.);
#14568 = VERTEX_POINT('',#14569);
#14569 = CARTESIAN_POINT('',(57.071,-26.5,-3.));
#14570 = SURFACE_CURVE('',#14571,(#14575,#14582),.PCURVE_S1.);
#14571 = LINE('',#14572,#14573);
#14572 = CARTESIAN_POINT('',(67.5,-16.071,-3.));
#14573 = VECTOR('',#14574,1.);
#14574 = DIRECTION('',(-0.707106781187,-0.707106781187,0.));
#14575 = PCURVE('',#11271,#14576);
#14576 = DEFINITIONAL_REPRESENTATION('',(#14577),#14581);
#14577 = LINE('',#14578,#14579);
#14578 = CARTESIAN_POINT('',(-9.824,-7.374416620995));
#14579 = VECTOR('',#14580,1.);
#14580 = DIRECTION('',(-0.,1.));
#14581 = ( GEOMETRIC_REPRESENTATION_CONTEXT(2) 
PARAMETRIC_REPRESENTATION_CONTEXT() REPRESENTATION_CONTEXT('2D SPACE',''
  ) );
#14582 = PCURVE('',#11628,#14583);
#14583 = DEFINITIONAL_REPRESENTATION('',(#14584),#14588);
#14584 = LINE('',#14585,#14586);
#14585 = CARTESIAN_POINT('',(7.105427357601E-15,-2.12132034356));
#14586 = VECTOR('',#14587,1.);
#14587 = DIRECTION('',(-1.,0.));
#14588 = ( GEOMETRIC_REPRESENTATION_CONTEXT(2) 
PARAMETRIC_REPRESENTATION_CONTEXT() REPRESENTATION_CONTEXT('2D SPACE',''
  ) );
#14589 = ORIENTED_EDGE('',*,*,#14590,.F.);
#14590 = EDGE_CURVE('',#11228,#14568,#14591,.T.);
#14591 = SURFACE_CURVE('',#14592,(#14596,#14603),.PCURVE_S1.);
#14592 = LINE('',#14593,#14594);
#14593 = CARTESIAN_POINT('',(57.071,-26.5,-12.824));
#14594 = VECTOR('',#14595,1.);
#14595 = DIRECTION('',(0.,0.,1.));
#14596 = PCURVE('',#11271,#14597);
#14597 = DEFINITIONAL_REPRESENTATION('',(#14598),#14602);
#14598 = LINE('',#14599,#14600);
#14599 = CARTESIAN_POINT('',(-0.,7.374416620995));
#14600 = VECTOR('',#14601,1.);
#14601 = DIRECTION('',(-1.,0.));
#14602 = ( GEOMETRIC_REPRESENTATION_CONTEXT(2) 
PARAMETRIC_REPRESENTATION_CONTEXT() REPRESENTATION_CONTEXT('2D SPACE',''
  ) );
#14603 = PCURVE('',#11243,#14604);
#14604 = DEFINITIONAL_REPRESENTATION('',(#14605),#14609);
#14605 = LINE('',#14606,#14607);
#14606 = CARTESIAN_POINT('',(0.,124.571));
#14607 = VECTOR('',#14608,1.);
#14608 = DIRECTION('',(1.,0.));
#14609 = ( GEOMETRIC_REPRESENTATION_CONTEXT(2) 
PARAMETRIC_REPRESENTATION_CONTEXT() REPRESENTATION_CONTEXT('2D SPACE',''
  ) );
#14610 = ORIENTED_EDGE('',*,*,#11255,.F.);
#14611 = ADVANCED_FACE('',(#14612),#11243,.F.);
#14612 = FACE_BOUND('',#14613,.F.);
#14613 = EDGE_LOOP('',(#14614,#14637,#14658,#14659));
#14614 = ORIENTED_EDGE('',*,*,#14615,.T.);
#14615 = EDGE_CURVE('',#11200,#14616,#14618,.T.);
#14616 = VERTEX_POINT('',#14617);
#14617 = CARTESIAN_POINT('',(-57.071,-26.5,-3.));
#14618 = SURFACE_CURVE('',#14619,(#14623,#14630),.PCURVE_S1.);
#14619 = LINE('',#14620,#14621);
#14620 = CARTESIAN_POINT('',(-57.071,-26.5,-12.824));
#14621 = VECTOR('',#14622,1.);
#14622 = DIRECTION('',(0.,0.,1.));
#14623 = PCURVE('',#11243,#14624);
#14624 = DEFINITIONAL_REPRESENTATION('',(#14625),#14629);
#14625 = LINE('',#14626,#14627);
#14626 = CARTESIAN_POINT('',(0.,10.429));
#14627 = VECTOR('',#14628,1.);
#14628 = DIRECTION('',(1.,0.));
#14629 = ( GEOMETRIC_REPRESENTATION_CONTEXT(2) 
PARAMETRIC_REPRESENTATION_CONTEXT() REPRESENTATION_CONTEXT('2D SPACE',''
  ) );
#14630 = PCURVE('',#11215,#14631);
#14631 = DEFINITIONAL_REPRESENTATION('',(#14632),#14636);
#14632 = LINE('',#14633,#14634);
#14633 = CARTESIAN_POINT('',(-0.,7.374416620995));
#14634 = VECTOR('',#14635,1.);
#14635 = DIRECTION('',(-1.,0.));
#14636 = ( GEOMETRIC_REPRESENTATION_CONTEXT(2) 
PARAMETRIC_REPRESENTATION_CONTEXT() REPRESENTATION_CONTEXT('2D SPACE',''
  ) );
#14637 = ORIENTED_EDGE('',*,*,#14638,.T.);
#14638 = EDGE_CURVE('',#14616,#14568,#14639,.T.);
#14639 = SURFACE_CURVE('',#14640,(#14644,#14651),.PCURVE_S1.);
#14640 = LINE('',#14641,#14642);
#14641 = CARTESIAN_POINT('',(-57.071,-26.5,-3.));
#14642 = VECTOR('',#14643,1.);
#14643 = DIRECTION('',(1.,0.,0.));
#14644 = PCURVE('',#11243,#14645);
#14645 = DEFINITIONAL_REPRESENTATION('',(#14646),#14650);
#14646 = LINE('',#14647,#14648);
#14647 = CARTESIAN_POINT('',(9.824,10.429));
#14648 = VECTOR('',#14649,1.);
#14649 = DIRECTION('',(0.,1.));
#14650 = ( GEOMETRIC_REPRESENTATION_CONTEXT(2) 
PARAMETRIC_REPRESENTATION_CONTEXT() REPRESENTATION_CONTEXT('2D SPACE',''
  ) );
#14651 = PCURVE('',#11600,#14652);
#14652 = DEFINITIONAL_REPRESENTATION('',(#14653),#14657);
#14653 = LINE('',#14654,#14655);
#14654 = CARTESIAN_POINT('',(-0.,-2.12132034356));
#14655 = VECTOR('',#14656,1.);
#14656 = DIRECTION('',(-1.,0.));
#14657 = ( GEOMETRIC_REPRESENTATION_CONTEXT(2) 
PARAMETRIC_REPRESENTATION_CONTEXT() REPRESENTATION_CONTEXT('2D SPACE',''
  ) );
#14658 = ORIENTED_EDGE('',*,*,#14590,.F.);
#14659 = ORIENTED_EDGE('',*,*,#11227,.F.);
#14660 = ADVANCED_FACE('',(#14661),#11215,.T.);
#14661 = FACE_BOUND('',#14662,.F.);
#14662 = EDGE_LOOP('',(#14663,#14664,#14685,#14686));
#14663 = ORIENTED_EDGE('',*,*,#14370,.T.);
#14664 = ORIENTED_EDGE('',*,*,#14665,.T.);
#14665 = EDGE_CURVE('',#14371,#14616,#14666,.T.);
#14666 = SURFACE_CURVE('',#14667,(#14671,#14678),.PCURVE_S1.);
#14667 = LINE('',#14668,#14669);
#14668 = CARTESIAN_POINT('',(-67.5,-16.071,-3.));
#14669 = VECTOR('',#14670,1.);
#14670 = DIRECTION('',(0.707106781187,-0.707106781187,0.));
#14671 = PCURVE('',#11215,#14672);
#14672 = DEFINITIONAL_REPRESENTATION('',(#14673),#14677);
#14673 = LINE('',#14674,#14675);
#14674 = CARTESIAN_POINT('',(-9.824,-7.374416620995));
#14675 = VECTOR('',#14676,1.);
#14676 = DIRECTION('',(-0.,1.));
#14677 = ( GEOMETRIC_REPRESENTATION_CONTEXT(2) 
PARAMETRIC_REPRESENTATION_CONTEXT() REPRESENTATION_CONTEXT('2D SPACE',''
  ) );
#14678 = PCURVE('',#11572,#14679);
#14679 = DEFINITIONAL_REPRESENTATION('',(#14680),#14684);
#14680 = LINE('',#14681,#14682);
#14681 = CARTESIAN_POINT('',(7.105427357601E-15,-2.12132034356));
#14682 = VECTOR('',#14683,1.);
#14683 = DIRECTION('',(-1.,0.));
#14684 = ( GEOMETRIC_REPRESENTATION_CONTEXT(2) 
PARAMETRIC_REPRESENTATION_CONTEXT() REPRESENTATION_CONTEXT('2D SPACE',''
  ) );
#14685 = ORIENTED_EDGE('',*,*,#14615,.F.);
#14686 = ORIENTED_EDGE('',*,*,#11199,.F.);
#14687 = ADVANCED_FACE('',(#14688),#11488,.T.);
#14688 = FACE_BOUND('',#14689,.F.);
#14689 = EDGE_LOOP('',(#14690,#14711,#14712,#14713));
#14690 = ORIENTED_EDGE('',*,*,#14691,.F.);
#14691 = EDGE_CURVE('',#14395,#11529,#14692,.T.);
#14692 = SURFACE_CURVE('',#14693,(#14697,#14704),.PCURVE_S1.);
#14693 = LINE('',#14694,#14695);
#14694 = CARTESIAN_POINT('',(-63.05307294959,14.229022504837,
    1.446927050408));
#14695 = VECTOR('',#14696,1.);
#14696 = DIRECTION('',(0.678598344546,-0.281084637715,0.678598344546));
#14697 = PCURVE('',#11488,#14698);
#14698 = DEFINITIONAL_REPRESENTATION('',(#14699),#14703);
#14699 = LINE('',#14700,#14701);
#14700 = CARTESIAN_POINT('',(-1.841977495163,4.167584202011));
#14701 = VECTOR('',#14702,1.);
#14702 = DIRECTION('',(-0.281084637715,0.959682982261));
#14703 = ( GEOMETRIC_REPRESENTATION_CONTEXT(2) 
PARAMETRIC_REPRESENTATION_CONTEXT() REPRESENTATION_CONTEXT('2D SPACE',''
  ) );
#14704 = PCURVE('',#11544,#14705);
#14705 = DEFINITIONAL_REPRESENTATION('',(#14706),#14710);
#14706 = LINE('',#14707,#14708);
#14707 = CARTESIAN_POINT('',(30.300022504837,4.167584202011));
#14708 = VECTOR('',#14709,1.);
#14709 = DIRECTION('',(-0.281084637715,0.959682982261));
#14710 = ( GEOMETRIC_REPRESENTATION_CONTEXT(2) 
PARAMETRIC_REPRESENTATION_CONTEXT() REPRESENTATION_CONTEXT('2D SPACE',''
  ) );
#14711 = ORIENTED_EDGE('',*,*,#14442,.T.);
#14712 = ORIENTED_EDGE('',*,*,#11472,.T.);
#14713 = ORIENTED_EDGE('',*,*,#11719,.F.);
#14714 = ADVANCED_FACE('',(#14715),#11544,.F.);
#14715 = FACE_BOUND('',#14716,.F.);
#14716 = EDGE_LOOP('',(#14717,#14738,#14739,#14740));
#14717 = ORIENTED_EDGE('',*,*,#14718,.F.);
#14718 = EDGE_CURVE('',#14371,#11527,#14719,.T.);
#14719 = SURFACE_CURVE('',#14720,(#14724,#14731),.PCURVE_S1.);
#14720 = LINE('',#14721,#14722);
#14721 = CARTESIAN_POINT('',(-66.11851286033,-15.4987692905,
    -1.618512860339));
#14722 = VECTOR('',#14723,1.);
#14723 = DIRECTION('',(0.678598344546,0.281084637715,0.678598344546));
#14724 = PCURVE('',#11544,#14725);
#14725 = DEFINITIONAL_REPRESENTATION('',(#14726),#14730);
#14726 = LINE('',#14727,#14728);
#14727 = CARTESIAN_POINT('',(0.572230709492,-0.167602494407));
#14728 = VECTOR('',#14729,1.);
#14729 = DIRECTION('',(0.281084637715,0.959682982261));
#14730 = ( GEOMETRIC_REPRESENTATION_CONTEXT(2) 
PARAMETRIC_REPRESENTATION_CONTEXT() REPRESENTATION_CONTEXT('2D SPACE',''
  ) );
#14731 = PCURVE('',#11572,#14732);
#14732 = DEFINITIONAL_REPRESENTATION('',(#14733),#14737);
#14733 = LINE('',#14734,#14735);
#14734 = CARTESIAN_POINT('',(-0.572230709492,-0.167602494407));
#14735 = VECTOR('',#14736,1.);
#14736 = DIRECTION('',(-0.281084637715,0.959682982261));
#14737 = ( GEOMETRIC_REPRESENTATION_CONTEXT(2) 
PARAMETRIC_REPRESENTATION_CONTEXT() REPRESENTATION_CONTEXT('2D SPACE',''
  ) );
#14738 = ORIENTED_EDGE('',*,*,#14417,.T.);
#14739 = ORIENTED_EDGE('',*,*,#14691,.T.);
#14740 = ORIENTED_EDGE('',*,*,#11526,.F.);
#14741 = ADVANCED_FACE('',(#14742),#11572,.F.);
#14742 = FACE_BOUND('',#14743,.T.);
#14743 = EDGE_LOOP('',(#14744,#14745,#14746,#14767));
#14744 = ORIENTED_EDGE('',*,*,#14718,.F.);
#14745 = ORIENTED_EDGE('',*,*,#14665,.T.);
#14746 = ORIENTED_EDGE('',*,*,#14747,.T.);
#14747 = EDGE_CURVE('',#14616,#11557,#14748,.T.);
#14748 = SURFACE_CURVE('',#14749,(#14753,#14760),.PCURVE_S1.);
#14749 = LINE('',#14750,#14751);
#14750 = CARTESIAN_POINT('',(-55.91612715245,-23.71189030863,
    -0.211890308633));
#14751 = VECTOR('',#14752,1.);
#14752 = DIRECTION('',(0.281084637715,0.678598344546,0.678598344546));
#14753 = PCURVE('',#11572,#14754);
#14754 = DEFINITIONAL_REPRESENTATION('',(#14755),#14759);
#14755 = LINE('',#14756,#14757);
#14756 = CARTESIAN_POINT('',(-13.59396039444,1.821662195356));
#14757 = VECTOR('',#14758,1.);
#14758 = DIRECTION('',(0.281084637715,0.959682982261));
#14759 = ( GEOMETRIC_REPRESENTATION_CONTEXT(2) 
PARAMETRIC_REPRESENTATION_CONTEXT() REPRESENTATION_CONTEXT('2D SPACE',''
  ) );
#14760 = PCURVE('',#11600,#14761);
#14761 = DEFINITIONAL_REPRESENTATION('',(#14762),#14766);
#14762 = LINE('',#14763,#14764);
#14763 = CARTESIAN_POINT('',(-1.154872847548,1.821662195356));
#14764 = VECTOR('',#14765,1.);
#14765 = DIRECTION('',(-0.281084637715,0.959682982261));
#14766 = ( GEOMETRIC_REPRESENTATION_CONTEXT(2) 
PARAMETRIC_REPRESENTATION_CONTEXT() REPRESENTATION_CONTEXT('2D SPACE',''
  ) );
#14767 = ORIENTED_EDGE('',*,*,#11556,.F.);
#14768 = ADVANCED_FACE('',(#14769),#11600,.F.);
#14769 = FACE_BOUND('',#14770,.T.);
#14770 = EDGE_LOOP('',(#14771,#14772,#14773,#14794));
#14771 = ORIENTED_EDGE('',*,*,#14747,.F.);
#14772 = ORIENTED_EDGE('',*,*,#14638,.T.);
#14773 = ORIENTED_EDGE('',*,*,#14774,.T.);
#14774 = EDGE_CURVE('',#14568,#11585,#14775,.T.);
#14775 = SURFACE_CURVE('',#14776,(#14780,#14787),.PCURVE_S1.);
#14776 = LINE('',#14777,#14778);
#14777 = CARTESIAN_POINT('',(51.407028850851,-12.82596403483,
    10.674035965166));
#14778 = VECTOR('',#14779,1.);
#14779 = DIRECTION('',(-0.281084637715,0.678598344546,0.678598344546));
#14780 = PCURVE('',#11600,#14781);
#14781 = DEFINITIONAL_REPRESENTATION('',(#14782),#14786);
#14782 = LINE('',#14783,#14784);
#14783 = CARTESIAN_POINT('',(-108.4780288508,17.216686770756));
#14784 = VECTOR('',#14785,1.);
#14785 = DIRECTION('',(0.281084637715,0.959682982261));
#14786 = ( GEOMETRIC_REPRESENTATION_CONTEXT(2) 
PARAMETRIC_REPRESENTATION_CONTEXT() REPRESENTATION_CONTEXT('2D SPACE',''
  ) );
#14787 = PCURVE('',#11628,#14788);
#14788 = DEFINITIONAL_REPRESENTATION('',(#14789),#14793);
#14789 = LINE('',#14790,#14791);
#14790 = CARTESIAN_POINT('',(-9.08486209284,17.216686770756));
#14791 = VECTOR('',#14792,1.);
#14792 = DIRECTION('',(0.281084637715,0.959682982261));
#14793 = ( GEOMETRIC_REPRESENTATION_CONTEXT(2) 
PARAMETRIC_REPRESENTATION_CONTEXT() REPRESENTATION_CONTEXT('2D SPACE',''
  ) );
#14794 = ORIENTED_EDGE('',*,*,#11584,.F.);
#14795 = ADVANCED_FACE('',(#14796),#11628,.T.);
#14796 = FACE_BOUND('',#14797,.F.);
#14797 = EDGE_LOOP('',(#14798,#14819,#14820,#14821));
#14798 = ORIENTED_EDGE('',*,*,#14799,.F.);
#14799 = EDGE_CURVE('',#14518,#11613,#14800,.T.);
#14800 = SURFACE_CURVE('',#14801,(#14805,#14812),.PCURVE_S1.);
#14801 = LINE('',#14802,#14803);
#14802 = CARTESIAN_POINT('',(66.118512860339,-15.4987692905,
    -1.618512860339));
#14803 = VECTOR('',#14804,1.);
#14804 = DIRECTION('',(-0.678598344546,0.281084637715,0.678598344546));
#14805 = PCURVE('',#11628,#14806);
#14806 = DEFINITIONAL_REPRESENTATION('',(#14807),#14811);
#14807 = LINE('',#14808,#14809);
#14808 = CARTESIAN_POINT('',(-0.572230709492,-0.167602494407));
#14809 = VECTOR('',#14810,1.);
#14810 = DIRECTION('',(-0.281084637715,0.959682982261));
#14811 = ( GEOMETRIC_REPRESENTATION_CONTEXT(2) 
PARAMETRIC_REPRESENTATION_CONTEXT() REPRESENTATION_CONTEXT('2D SPACE',''
  ) );
#14812 = PCURVE('',#11656,#14813);
#14813 = DEFINITIONAL_REPRESENTATION('',(#14814),#14818);
#14814 = LINE('',#14815,#14816);
#14815 = CARTESIAN_POINT('',(0.572230709492,-0.167602494407));
#14816 = VECTOR('',#14817,1.);
#14817 = DIRECTION('',(0.281084637715,0.959682982261));
#14818 = ( GEOMETRIC_REPRESENTATION_CONTEXT(2) 
PARAMETRIC_REPRESENTATION_CONTEXT() REPRESENTATION_CONTEXT('2D SPACE',''
  ) );
#14819 = ORIENTED_EDGE('',*,*,#14567,.T.);
#14820 = ORIENTED_EDGE('',*,*,#14774,.T.);
#14821 = ORIENTED_EDGE('',*,*,#11612,.F.);
#14822 = ADVANCED_FACE('',(#14823),#11656,.T.);
#14823 = FACE_BOUND('',#14824,.T.);
#14824 = EDGE_LOOP('',(#14825,#14826,#14827,#14848));
#14825 = ORIENTED_EDGE('',*,*,#14799,.F.);
#14826 = ORIENTED_EDGE('',*,*,#14542,.T.);
#14827 = ORIENTED_EDGE('',*,*,#14828,.T.);
#14828 = EDGE_CURVE('',#14469,#11641,#14829,.T.);
#14829 = SURFACE_CURVE('',#14830,(#14834,#14841),.PCURVE_S1.);
#14830 = LINE('',#14831,#14832);
#14831 = CARTESIAN_POINT('',(63.053072949592,14.229022504837,
    1.446927050408));
#14832 = VECTOR('',#14833,1.);
#14833 = DIRECTION('',(-0.678598344546,-0.281084637715,0.678598344546));
#14834 = PCURVE('',#11656,#14835);
#14835 = DEFINITIONAL_REPRESENTATION('',(#14836),#14840);
#14836 = LINE('',#14837,#14838);
#14837 = CARTESIAN_POINT('',(30.300022504837,4.167584202011));
#14838 = VECTOR('',#14839,1.);
#14839 = DIRECTION('',(-0.281084637715,0.959682982261));
#14840 = ( GEOMETRIC_REPRESENTATION_CONTEXT(2) 
PARAMETRIC_REPRESENTATION_CONTEXT() REPRESENTATION_CONTEXT('2D SPACE',''
  ) );
#14841 = PCURVE('',#11684,#14842);
#14842 = DEFINITIONAL_REPRESENTATION('',(#14843),#14847);
#14843 = LINE('',#14844,#14845);
#14844 = CARTESIAN_POINT('',(-1.841977495163,4.167584202011));
#14845 = VECTOR('',#14846,1.);
#14846 = DIRECTION('',(-0.281084637715,0.959682982261));
#14847 = ( GEOMETRIC_REPRESENTATION_CONTEXT(2) 
PARAMETRIC_REPRESENTATION_CONTEXT() REPRESENTATION_CONTEXT('2D SPACE',''
  ) );
#14848 = ORIENTED_EDGE('',*,*,#11640,.F.);
#14849 = ADVANCED_FACE('',(#14850),#11684,.F.);
#14850 = FACE_BOUND('',#14851,.T.);
#14851 = EDGE_LOOP('',(#14852,#14853,#14854,#14855));
#14852 = ORIENTED_EDGE('',*,*,#14828,.F.);
#14853 = ORIENTED_EDGE('',*,*,#14491,.T.);
#14854 = ORIENTED_EDGE('',*,*,#12430,.T.);
#14855 = ORIENTED_EDGE('',*,*,#11668,.F.);
#14856 = ADVANCED_FACE('',(#14857),#6287,.F.);
#14857 = FACE_BOUND('',#14858,.F.);
#14858 = EDGE_LOOP('',(#14859,#14880,#14881,#14882,#14883,#14884,#14885,
    #14886,#14887,#14888,#14889,#14890,#14891,#14892,#14893,#14894,
    #14895,#14896,#14897,#14898));
#14859 = ORIENTED_EDGE('',*,*,#14860,.T.);
#14860 = EDGE_CURVE('',#6267,#11743,#14861,.T.);
#14861 = SEAM_CURVE('',#14862,(#14866,#14873),.PCURVE_S1.);
#14862 = LINE('',#14863,#14864);
#14863 = CARTESIAN_POINT('',(43.,-7.5,-10.474));
#14864 = VECTOR('',#14865,1.);
#14865 = DIRECTION('',(0.,-8.479839790912E-17,1.));
#14866 = PCURVE('',#6287,#14867);
#14867 = DEFINITIONAL_REPRESENTATION('',(#14868),#14872);
#14868 = LINE('',#14869,#14870);
#14869 = CARTESIAN_POINT('',(0.,7.474));
#14870 = VECTOR('',#14871,1.);
#14871 = DIRECTION('',(-0.,-1.));
#14872 = ( GEOMETRIC_REPRESENTATION_CONTEXT(2) 
PARAMETRIC_REPRESENTATION_CONTEXT() REPRESENTATION_CONTEXT('2D SPACE',''
  ) );
#14873 = PCURVE('',#6287,#14874);
#14874 = DEFINITIONAL_REPRESENTATION('',(#14875),#14879);
#14875 = LINE('',#14876,#14877);
#14876 = CARTESIAN_POINT('',(6.28318530718,7.474));
#14877 = VECTOR('',#14878,1.);
#14878 = DIRECTION('',(-0.,-1.));
#14879 = ( GEOMETRIC_REPRESENTATION_CONTEXT(2) 
PARAMETRIC_REPRESENTATION_CONTEXT() REPRESENTATION_CONTEXT('2D SPACE',''
  ) );
#14880 = ORIENTED_EDGE('',*,*,#11742,.T.);
#14881 = ORIENTED_EDGE('',*,*,#14860,.F.);
#14882 = ORIENTED_EDGE('',*,*,#6266,.F.);
#14883 = ORIENTED_EDGE('',*,*,#12561,.T.);
#14884 = ORIENTED_EDGE('',*,*,#12609,.T.);
#14885 = ORIENTED_EDGE('',*,*,#12664,.F.);
#14886 = ORIENTED_EDGE('',*,*,#6650,.F.);
#14887 = ORIENTED_EDGE('',*,*,#12711,.T.);
#14888 = ORIENTED_EDGE('',*,*,#12735,.T.);
#14889 = ORIENTED_EDGE('',*,*,#12790,.F.);
#14890 = ORIENTED_EDGE('',*,*,#6533,.F.);
#14891 = ORIENTED_EDGE('',*,*,#12837,.T.);
#14892 = ORIENTED_EDGE('',*,*,#12884,.T.);
#14893 = ORIENTED_EDGE('',*,*,#12914,.F.);
#14894 = ORIENTED_EDGE('',*,*,#6416,.F.);
#14895 = ORIENTED_EDGE('',*,*,#12939,.T.);
#14896 = ORIENTED_EDGE('',*,*,#13010,.T.);
#14897 = ORIENTED_EDGE('',*,*,#13040,.F.);
#14898 = ORIENTED_EDGE('',*,*,#6299,.F.);
#14899 = ADVANCED_FACE('',(#14900),#11790,.T.);
#14900 = FACE_BOUND('',#14901,.T.);
#14901 = EDGE_LOOP('',(#14902,#14925,#14926,#14949));
#14902 = ORIENTED_EDGE('',*,*,#14903,.T.);
#14903 = EDGE_CURVE('',#14904,#11773,#14906,.T.);
#14904 = VERTEX_POINT('',#14905);
#14905 = CARTESIAN_POINT('',(-53.,6.0105,-3.));
#14906 = SURFACE_CURVE('',#14907,(#14911,#14918),.PCURVE_S1.);
#14907 = LINE('',#14908,#14909);
#14908 = CARTESIAN_POINT('',(-53.,6.0105,-3.));
#14909 = VECTOR('',#14910,1.);
#14910 = DIRECTION('',(0.,0.,1.));
#14911 = PCURVE('',#11790,#14912);
#14912 = DEFINITIONAL_REPRESENTATION('',(#14913),#14917);
#14913 = LINE('',#14914,#14915);
#14914 = CARTESIAN_POINT('',(0.,0.));
#14915 = VECTOR('',#14916,1.);
#14916 = DIRECTION('',(0.,-1.));
#14917 = ( GEOMETRIC_REPRESENTATION_CONTEXT(2) 
PARAMETRIC_REPRESENTATION_CONTEXT() REPRESENTATION_CONTEXT('2D SPACE',''
  ) );
#14918 = PCURVE('',#11818,#14919);
#14919 = DEFINITIONAL_REPRESENTATION('',(#14920),#14924);
#14920 = LINE('',#14921,#14922);
#14921 = CARTESIAN_POINT('',(0.,0.));
#14922 = VECTOR('',#14923,1.);
#14923 = DIRECTION('',(0.,-1.));
#14924 = ( GEOMETRIC_REPRESENTATION_CONTEXT(2) 
PARAMETRIC_REPRESENTATION_CONTEXT() REPRESENTATION_CONTEXT('2D SPACE',''
  ) );
#14925 = ORIENTED_EDGE('',*,*,#11772,.T.);
#14926 = ORIENTED_EDGE('',*,*,#14927,.F.);
#14927 = EDGE_CURVE('',#14928,#11775,#14930,.T.);
#14928 = VERTEX_POINT('',#14929);
#14929 = CARTESIAN_POINT('',(-53.,-4.0105,-3.));
#14930 = SURFACE_CURVE('',#14931,(#14935,#14942),.PCURVE_S1.);
#14931 = LINE('',#14932,#14933);
#14932 = CARTESIAN_POINT('',(-53.,-4.0105,-3.));
#14933 = VECTOR('',#14934,1.);
#14934 = DIRECTION('',(0.,0.,1.));
#14935 = PCURVE('',#11790,#14936);
#14936 = DEFINITIONAL_REPRESENTATION('',(#14937),#14941);
#14937 = LINE('',#14938,#14939);
#14938 = CARTESIAN_POINT('',(10.021,0.));
#14939 = VECTOR('',#14940,1.);
#14940 = DIRECTION('',(0.,-1.));
#14941 = ( GEOMETRIC_REPRESENTATION_CONTEXT(2) 
PARAMETRIC_REPRESENTATION_CONTEXT() REPRESENTATION_CONTEXT('2D SPACE',''
  ) );
#14942 = PCURVE('',#12096,#14943);
#14943 = DEFINITIONAL_REPRESENTATION('',(#14944),#14948);
#14944 = LINE('',#14945,#14946);
#14945 = CARTESIAN_POINT('',(0.,0.));
#14946 = VECTOR('',#14947,1.);
#14947 = DIRECTION('',(0.,-1.));
#14948 = ( GEOMETRIC_REPRESENTATION_CONTEXT(2) 
PARAMETRIC_REPRESENTATION_CONTEXT() REPRESENTATION_CONTEXT('2D SPACE',''
  ) );
#14949 = ORIENTED_EDGE('',*,*,#14950,.F.);
#14950 = EDGE_CURVE('',#14904,#14928,#14951,.T.);
#14951 = SURFACE_CURVE('',#14952,(#14956,#14963),.PCURVE_S1.);
#14952 = LINE('',#14953,#14954);
#14953 = CARTESIAN_POINT('',(-53.,1.,-3.));
#14954 = VECTOR('',#14955,1.);
#14955 = DIRECTION('',(0.,-1.,0.));
#14956 = PCURVE('',#11790,#14957);
#14957 = DEFINITIONAL_REPRESENTATION('',(#14958),#14962);
#14958 = LINE('',#14959,#14960);
#14959 = CARTESIAN_POINT('',(5.0105,0.));
#14960 = VECTOR('',#14961,1.);
#14961 = DIRECTION('',(1.,0.));
#14962 = ( GEOMETRIC_REPRESENTATION_CONTEXT(2) 
PARAMETRIC_REPRESENTATION_CONTEXT() REPRESENTATION_CONTEXT('2D SPACE',''
  ) );
#14963 = PCURVE('',#14964,#14969);
#14964 = PLANE('',#14965);
#14965 = AXIS2_PLACEMENT_3D('',#14966,#14967,#14968);
#14966 = CARTESIAN_POINT('',(-37.75572103658,1.,-3.));
#14967 = DIRECTION('',(0.,0.,1.));
#14968 = DIRECTION('',(1.,0.,0.));
#14969 = DEFINITIONAL_REPRESENTATION('',(#14970),#14974);
#14970 = LINE('',#14971,#14972);
#14971 = CARTESIAN_POINT('',(-15.24427896342,-1.043146953576E-15));
#14972 = VECTOR('',#14973,1.);
#14973 = DIRECTION('',(0.,-1.));
#14974 = ( GEOMETRIC_REPRESENTATION_CONTEXT(2) 
PARAMETRIC_REPRESENTATION_CONTEXT() REPRESENTATION_CONTEXT('2D SPACE',''
  ) );
#14975 = ADVANCED_FACE('',(#14976),#11818,.F.);
#14976 = FACE_BOUND('',#14977,.F.);
#14977 = EDGE_LOOP('',(#14978,#14979,#14980,#15003));
#14978 = ORIENTED_EDGE('',*,*,#14903,.T.);
#14979 = ORIENTED_EDGE('',*,*,#11802,.T.);
#14980 = ORIENTED_EDGE('',*,*,#14981,.F.);
#14981 = EDGE_CURVE('',#14982,#11803,#14984,.T.);
#14982 = VERTEX_POINT('',#14983);
#14983 = CARTESIAN_POINT('',(-43.,6.0105,-3.));
#14984 = SURFACE_CURVE('',#14985,(#14989,#14996),.PCURVE_S1.);
#14985 = LINE('',#14986,#14987);
#14986 = CARTESIAN_POINT('',(-43.,6.0105,-3.));
#14987 = VECTOR('',#14988,1.);
#14988 = DIRECTION('',(0.,0.,1.));
#14989 = PCURVE('',#11818,#14990);
#14990 = DEFINITIONAL_REPRESENTATION('',(#14991),#14995);
#14991 = LINE('',#14992,#14993);
#14992 = CARTESIAN_POINT('',(10.,0.));
#14993 = VECTOR('',#14994,1.);
#14994 = DIRECTION('',(0.,-1.));
#14995 = ( GEOMETRIC_REPRESENTATION_CONTEXT(2) 
PARAMETRIC_REPRESENTATION_CONTEXT() REPRESENTATION_CONTEXT('2D SPACE',''
  ) );
#14996 = PCURVE('',#11846,#14997);
#14997 = DEFINITIONAL_REPRESENTATION('',(#14998),#15002);
#14998 = LINE('',#14999,#15000);
#14999 = CARTESIAN_POINT('',(8.4895,0.));
#15000 = VECTOR('',#15001,1.);
#15001 = DIRECTION('',(0.,-1.));
#15002 = ( GEOMETRIC_REPRESENTATION_CONTEXT(2) 
PARAMETRIC_REPRESENTATION_CONTEXT() REPRESENTATION_CONTEXT('2D SPACE',''
  ) );
#15003 = ORIENTED_EDGE('',*,*,#15004,.F.);
#15004 = EDGE_CURVE('',#14904,#14982,#15005,.T.);
#15005 = SURFACE_CURVE('',#15006,(#15010,#15017),.PCURVE_S1.);
#15006 = LINE('',#15007,#15008);
#15007 = CARTESIAN_POINT('',(-38.,6.0105,-3.));
#15008 = VECTOR('',#15009,1.);
#15009 = DIRECTION('',(1.,0.,0.));
#15010 = PCURVE('',#11818,#15011);
#15011 = DEFINITIONAL_REPRESENTATION('',(#15012),#15016);
#15012 = LINE('',#15013,#15014);
#15013 = CARTESIAN_POINT('',(15.,0.));
#15014 = VECTOR('',#15015,1.);
#15015 = DIRECTION('',(1.,0.));
#15016 = ( GEOMETRIC_REPRESENTATION_CONTEXT(2) 
PARAMETRIC_REPRESENTATION_CONTEXT() REPRESENTATION_CONTEXT('2D SPACE',''
  ) );
#15017 = PCURVE('',#14964,#15018);
#15018 = DEFINITIONAL_REPRESENTATION('',(#15019),#15023);
#15019 = LINE('',#15020,#15021);
#15020 = CARTESIAN_POINT('',(-0.24427896342,5.0105));
#15021 = VECTOR('',#15022,1.);
#15022 = DIRECTION('',(1.,0.));
#15023 = ( GEOMETRIC_REPRESENTATION_CONTEXT(2) 
PARAMETRIC_REPRESENTATION_CONTEXT() REPRESENTATION_CONTEXT('2D SPACE',''
  ) );
#15024 = ADVANCED_FACE('',(#15025),#12096,.T.);
#15025 = FACE_BOUND('',#15026,.T.);
#15026 = EDGE_LOOP('',(#15027,#15028,#15029,#15052));
#15027 = ORIENTED_EDGE('',*,*,#14927,.T.);
#15028 = ORIENTED_EDGE('',*,*,#12082,.T.);
#15029 = ORIENTED_EDGE('',*,*,#15030,.F.);
#15030 = EDGE_CURVE('',#15031,#12055,#15033,.T.);
#15031 = VERTEX_POINT('',#15032);
#15032 = CARTESIAN_POINT('',(-43.,-4.0105,-3.));
#15033 = SURFACE_CURVE('',#15034,(#15038,#15045),.PCURVE_S1.);
#15034 = LINE('',#15035,#15036);
#15035 = CARTESIAN_POINT('',(-43.,-4.0105,-3.));
#15036 = VECTOR('',#15037,1.);
#15037 = DIRECTION('',(0.,0.,1.));
#15038 = PCURVE('',#12096,#15039);
#15039 = DEFINITIONAL_REPRESENTATION('',(#15040),#15044);
#15040 = LINE('',#15041,#15042);
#15041 = CARTESIAN_POINT('',(10.,0.));
#15042 = VECTOR('',#15043,1.);
#15043 = DIRECTION('',(0.,-1.));
#15044 = ( GEOMETRIC_REPRESENTATION_CONTEXT(2) 
PARAMETRIC_REPRESENTATION_CONTEXT() REPRESENTATION_CONTEXT('2D SPACE',''
  ) );
#15045 = PCURVE('',#12070,#15046);
#15046 = DEFINITIONAL_REPRESENTATION('',(#15047),#15051);
#15047 = LINE('',#15048,#15049);
#15048 = CARTESIAN_POINT('',(0.,0.));
#15049 = VECTOR('',#15050,1.);
#15050 = DIRECTION('',(0.,-1.));
#15051 = ( GEOMETRIC_REPRESENTATION_CONTEXT(2) 
PARAMETRIC_REPRESENTATION_CONTEXT() REPRESENTATION_CONTEXT('2D SPACE',''
  ) );
#15052 = ORIENTED_EDGE('',*,*,#15053,.F.);
#15053 = EDGE_CURVE('',#14928,#15031,#15054,.T.);
#15054 = SURFACE_CURVE('',#15055,(#15059,#15066),.PCURVE_S1.);
#15055 = LINE('',#15056,#15057);
#15056 = CARTESIAN_POINT('',(-38.,-4.0105,-3.));
#15057 = VECTOR('',#15058,1.);
#15058 = DIRECTION('',(1.,0.,0.));
#15059 = PCURVE('',#12096,#15060);
#15060 = DEFINITIONAL_REPRESENTATION('',(#15061),#15065);
#15061 = LINE('',#15062,#15063);
#15062 = CARTESIAN_POINT('',(15.,0.));
#15063 = VECTOR('',#15064,1.);
#15064 = DIRECTION('',(1.,0.));
#15065 = ( GEOMETRIC_REPRESENTATION_CONTEXT(2) 
PARAMETRIC_REPRESENTATION_CONTEXT() REPRESENTATION_CONTEXT('2D SPACE',''
  ) );
#15066 = PCURVE('',#14964,#15067);
#15067 = DEFINITIONAL_REPRESENTATION('',(#15068),#15072);
#15068 = LINE('',#15069,#15070);
#15069 = CARTESIAN_POINT('',(-0.24427896342,-5.0105));
#15070 = VECTOR('',#15071,1.);
#15071 = DIRECTION('',(1.,0.));
#15072 = ( GEOMETRIC_REPRESENTATION_CONTEXT(2) 
PARAMETRIC_REPRESENTATION_CONTEXT() REPRESENTATION_CONTEXT('2D SPACE',''
  ) );
#15073 = ADVANCED_FACE('',(#15074),#11846,.T.);
#15074 = FACE_BOUND('',#15075,.T.);
#15075 = EDGE_LOOP('',(#15076,#15099,#15100,#15101));
#15076 = ORIENTED_EDGE('',*,*,#15077,.T.);
#15077 = EDGE_CURVE('',#15078,#11831,#15080,.T.);
#15078 = VERTEX_POINT('',#15079);
#15079 = CARTESIAN_POINT('',(-43.,14.5,-3.));
#15080 = SURFACE_CURVE('',#15081,(#15085,#15092),.PCURVE_S1.);
#15081 = LINE('',#15082,#15083);
#15082 = CARTESIAN_POINT('',(-43.,14.5,-3.));
#15083 = VECTOR('',#15084,1.);
#15084 = DIRECTION('',(0.,0.,1.));
#15085 = PCURVE('',#11846,#15086);
#15086 = DEFINITIONAL_REPRESENTATION('',(#15087),#15091);
#15087 = LINE('',#15088,#15089);
#15088 = CARTESIAN_POINT('',(0.,0.));
#15089 = VECTOR('',#15090,1.);
#15090 = DIRECTION('',(0.,-1.));
#15091 = ( GEOMETRIC_REPRESENTATION_CONTEXT(2) 
PARAMETRIC_REPRESENTATION_CONTEXT() REPRESENTATION_CONTEXT('2D SPACE',''
  ) );
#15092 = PCURVE('',#11874,#15093);
#15093 = DEFINITIONAL_REPRESENTATION('',(#15094),#15098);
#15094 = LINE('',#15095,#15096);
#15095 = CARTESIAN_POINT('',(0.,0.));
#15096 = VECTOR('',#15097,1.);
#15097 = DIRECTION('',(0.,-1.));
#15098 = ( GEOMETRIC_REPRESENTATION_CONTEXT(2) 
PARAMETRIC_REPRESENTATION_CONTEXT() REPRESENTATION_CONTEXT('2D SPACE',''
  ) );
#15099 = ORIENTED_EDGE('',*,*,#11830,.T.);
#15100 = ORIENTED_EDGE('',*,*,#14981,.F.);
#15101 = ORIENTED_EDGE('',*,*,#15102,.F.);
#15102 = EDGE_CURVE('',#15078,#14982,#15103,.T.);
#15103 = SURFACE_CURVE('',#15104,(#15108,#15115),.PCURVE_S1.);
#15104 = LINE('',#15105,#15106);
#15105 = CARTESIAN_POINT('',(-43.,1.,-3.));
#15106 = VECTOR('',#15107,1.);
#15107 = DIRECTION('',(0.,-1.,0.));
#15108 = PCURVE('',#11846,#15109);
#15109 = DEFINITIONAL_REPRESENTATION('',(#15110),#15114);
#15110 = LINE('',#15111,#15112);
#15111 = CARTESIAN_POINT('',(13.5,0.));
#15112 = VECTOR('',#15113,1.);
#15113 = DIRECTION('',(1.,0.));
#15114 = ( GEOMETRIC_REPRESENTATION_CONTEXT(2) 
PARAMETRIC_REPRESENTATION_CONTEXT() REPRESENTATION_CONTEXT('2D SPACE',''
  ) );
#15115 = PCURVE('',#14964,#15116);
#15116 = DEFINITIONAL_REPRESENTATION('',(#15117),#15121);
#15117 = LINE('',#15118,#15119);
#15118 = CARTESIAN_POINT('',(-5.24427896342,-1.043146953576E-15));
#15119 = VECTOR('',#15120,1.);
#15120 = DIRECTION('',(0.,-1.));
#15121 = ( GEOMETRIC_REPRESENTATION_CONTEXT(2) 
PARAMETRIC_REPRESENTATION_CONTEXT() REPRESENTATION_CONTEXT('2D SPACE',''
  ) );
#15122 = ADVANCED_FACE('',(#15123),#12070,.T.);
#15123 = FACE_BOUND('',#15124,.T.);
#15124 = EDGE_LOOP('',(#15125,#15126,#15127,#15150));
#15125 = ORIENTED_EDGE('',*,*,#15030,.T.);
#15126 = ORIENTED_EDGE('',*,*,#12054,.T.);
#15127 = ORIENTED_EDGE('',*,*,#15128,.F.);
#15128 = EDGE_CURVE('',#15129,#12027,#15131,.T.);
#15129 = VERTEX_POINT('',#15130);
#15130 = CARTESIAN_POINT('',(-43.,-12.5,-3.));
#15131 = SURFACE_CURVE('',#15132,(#15136,#15143),.PCURVE_S1.);
#15132 = LINE('',#15133,#15134);
#15133 = CARTESIAN_POINT('',(-43.,-12.5,-3.));
#15134 = VECTOR('',#15135,1.);
#15135 = DIRECTION('',(0.,0.,1.));
#15136 = PCURVE('',#12070,#15137);
#15137 = DEFINITIONAL_REPRESENTATION('',(#15138),#15142);
#15138 = LINE('',#15139,#15140);
#15139 = CARTESIAN_POINT('',(8.4895,0.));
#15140 = VECTOR('',#15141,1.);
#15141 = DIRECTION('',(0.,-1.));
#15142 = ( GEOMETRIC_REPRESENTATION_CONTEXT(2) 
PARAMETRIC_REPRESENTATION_CONTEXT() REPRESENTATION_CONTEXT('2D SPACE',''
  ) );
#15143 = PCURVE('',#12042,#15144);
#15144 = DEFINITIONAL_REPRESENTATION('',(#15145),#15149);
#15145 = LINE('',#15146,#15147);
#15146 = CARTESIAN_POINT('',(0.,0.));
#15147 = VECTOR('',#15148,1.);
#15148 = DIRECTION('',(0.,-1.));
#15149 = ( GEOMETRIC_REPRESENTATION_CONTEXT(2) 
PARAMETRIC_REPRESENTATION_CONTEXT() REPRESENTATION_CONTEXT('2D SPACE',''
  ) );
#15150 = ORIENTED_EDGE('',*,*,#15151,.F.);
#15151 = EDGE_CURVE('',#15031,#15129,#15152,.T.);
#15152 = SURFACE_CURVE('',#15153,(#15157,#15164),.PCURVE_S1.);
#15153 = LINE('',#15154,#15155);
#15154 = CARTESIAN_POINT('',(-43.,1.,-3.));
#15155 = VECTOR('',#15156,1.);
#15156 = DIRECTION('',(0.,-1.,0.));
#15157 = PCURVE('',#12070,#15158);
#15158 = DEFINITIONAL_REPRESENTATION('',(#15159),#15163);
#15159 = LINE('',#15160,#15161);
#15160 = CARTESIAN_POINT('',(-5.0105,0.));
#15161 = VECTOR('',#15162,1.);
#15162 = DIRECTION('',(1.,0.));
#15163 = ( GEOMETRIC_REPRESENTATION_CONTEXT(2) 
PARAMETRIC_REPRESENTATION_CONTEXT() REPRESENTATION_CONTEXT('2D SPACE',''
  ) );
#15164 = PCURVE('',#14964,#15165);
#15165 = DEFINITIONAL_REPRESENTATION('',(#15166),#15170);
#15166 = LINE('',#15167,#15168);
#15167 = CARTESIAN_POINT('',(-5.24427896342,-1.043146953576E-15));
#15168 = VECTOR('',#15169,1.);
#15169 = DIRECTION('',(0.,-1.));
#15170 = ( GEOMETRIC_REPRESENTATION_CONTEXT(2) 
PARAMETRIC_REPRESENTATION_CONTEXT() REPRESENTATION_CONTEXT('2D SPACE',''
  ) );
#15171 = ADVANCED_FACE('',(#15172),#11874,.F.);
#15172 = FACE_BOUND('',#15173,.F.);
#15173 = EDGE_LOOP('',(#15174,#15175,#15176,#15199));
#15174 = ORIENTED_EDGE('',*,*,#15077,.T.);
#15175 = ORIENTED_EDGE('',*,*,#11858,.T.);
#15176 = ORIENTED_EDGE('',*,*,#15177,.F.);
#15177 = EDGE_CURVE('',#15178,#11859,#15180,.T.);
#15178 = VERTEX_POINT('',#15179);
#15179 = CARTESIAN_POINT('',(-33.,14.5,-3.));
#15180 = SURFACE_CURVE('',#15181,(#15185,#15192),.PCURVE_S1.);
#15181 = LINE('',#15182,#15183);
#15182 = CARTESIAN_POINT('',(-33.,14.5,-3.));
#15183 = VECTOR('',#15184,1.);
#15184 = DIRECTION('',(0.,0.,1.));
#15185 = PCURVE('',#11874,#15186);
#15186 = DEFINITIONAL_REPRESENTATION('',(#15187),#15191);
#15187 = LINE('',#15188,#15189);
#15188 = CARTESIAN_POINT('',(10.,0.));
#15189 = VECTOR('',#15190,1.);
#15190 = DIRECTION('',(0.,-1.));
#15191 = ( GEOMETRIC_REPRESENTATION_CONTEXT(2) 
PARAMETRIC_REPRESENTATION_CONTEXT() REPRESENTATION_CONTEXT('2D SPACE',''
  ) );
#15192 = PCURVE('',#11902,#15193);
#15193 = DEFINITIONAL_REPRESENTATION('',(#15194),#15198);
#15194 = LINE('',#15195,#15196);
#15195 = CARTESIAN_POINT('',(0.,0.));
#15196 = VECTOR('',#15197,1.);
#15197 = DIRECTION('',(0.,-1.));
#15198 = ( GEOMETRIC_REPRESENTATION_CONTEXT(2) 
PARAMETRIC_REPRESENTATION_CONTEXT() REPRESENTATION_CONTEXT('2D SPACE',''
  ) );
#15199 = ORIENTED_EDGE('',*,*,#15200,.F.);
#15200 = EDGE_CURVE('',#15078,#15178,#15201,.T.);
#15201 = SURFACE_CURVE('',#15202,(#15206,#15213),.PCURVE_S1.);
#15202 = LINE('',#15203,#15204);
#15203 = CARTESIAN_POINT('',(-38.,14.5,-3.));
#15204 = VECTOR('',#15205,1.);
#15205 = DIRECTION('',(1.,0.,0.));
#15206 = PCURVE('',#11874,#15207);
#15207 = DEFINITIONAL_REPRESENTATION('',(#15208),#15212);
#15208 = LINE('',#15209,#15210);
#15209 = CARTESIAN_POINT('',(5.,0.));
#15210 = VECTOR('',#15211,1.);
#15211 = DIRECTION('',(1.,0.));
#15212 = ( GEOMETRIC_REPRESENTATION_CONTEXT(2) 
PARAMETRIC_REPRESENTATION_CONTEXT() REPRESENTATION_CONTEXT('2D SPACE',''
  ) );
#15213 = PCURVE('',#14964,#15214);
#15214 = DEFINITIONAL_REPRESENTATION('',(#15215),#15219);
#15215 = LINE('',#15216,#15217);
#15216 = CARTESIAN_POINT('',(-0.24427896342,13.5));
#15217 = VECTOR('',#15218,1.);
#15218 = DIRECTION('',(1.,0.));
#15219 = ( GEOMETRIC_REPRESENTATION_CONTEXT(2) 
PARAMETRIC_REPRESENTATION_CONTEXT() REPRESENTATION_CONTEXT('2D SPACE',''
  ) );
#15220 = ADVANCED_FACE('',(#15221),#12042,.T.);
#15221 = FACE_BOUND('',#15222,.T.);
#15222 = EDGE_LOOP('',(#15223,#15224,#15225,#15248));
#15223 = ORIENTED_EDGE('',*,*,#15128,.T.);
#15224 = ORIENTED_EDGE('',*,*,#12026,.T.);
#15225 = ORIENTED_EDGE('',*,*,#15226,.F.);
#15226 = EDGE_CURVE('',#15227,#11999,#15229,.T.);
#15227 = VERTEX_POINT('',#15228);
#15228 = CARTESIAN_POINT('',(-33.,-12.5,-3.));
#15229 = SURFACE_CURVE('',#15230,(#15234,#15241),.PCURVE_S1.);
#15230 = LINE('',#15231,#15232);
#15231 = CARTESIAN_POINT('',(-33.,-12.5,-3.));
#15232 = VECTOR('',#15233,1.);
#15233 = DIRECTION('',(0.,0.,1.));
#15234 = PCURVE('',#12042,#15235);
#15235 = DEFINITIONAL_REPRESENTATION('',(#15236),#15240);
#15236 = LINE('',#15237,#15238);
#15237 = CARTESIAN_POINT('',(10.,0.));
#15238 = VECTOR('',#15239,1.);
#15239 = DIRECTION('',(0.,-1.));
#15240 = ( GEOMETRIC_REPRESENTATION_CONTEXT(2) 
PARAMETRIC_REPRESENTATION_CONTEXT() REPRESENTATION_CONTEXT('2D SPACE',''
  ) );
#15241 = PCURVE('',#12014,#15242);
#15242 = DEFINITIONAL_REPRESENTATION('',(#15243),#15247);
#15243 = LINE('',#15244,#15245);
#15244 = CARTESIAN_POINT('',(8.4895,0.));
#15245 = VECTOR('',#15246,1.);
#15246 = DIRECTION('',(0.,-1.));
#15247 = ( GEOMETRIC_REPRESENTATION_CONTEXT(2) 
PARAMETRIC_REPRESENTATION_CONTEXT() REPRESENTATION_CONTEXT('2D SPACE',''
  ) );
#15248 = ORIENTED_EDGE('',*,*,#15249,.F.);
#15249 = EDGE_CURVE('',#15129,#15227,#15250,.T.);
#15250 = SURFACE_CURVE('',#15251,(#15255,#15262),.PCURVE_S1.);
#15251 = LINE('',#15252,#15253);
#15252 = CARTESIAN_POINT('',(-38.,-12.5,-3.));
#15253 = VECTOR('',#15254,1.);
#15254 = DIRECTION('',(1.,0.,0.));
#15255 = PCURVE('',#12042,#15256);
#15256 = DEFINITIONAL_REPRESENTATION('',(#15257),#15261);
#15257 = LINE('',#15258,#15259);
#15258 = CARTESIAN_POINT('',(5.,0.));
#15259 = VECTOR('',#15260,1.);
#15260 = DIRECTION('',(1.,0.));
#15261 = ( GEOMETRIC_REPRESENTATION_CONTEXT(2) 
PARAMETRIC_REPRESENTATION_CONTEXT() REPRESENTATION_CONTEXT('2D SPACE',''
  ) );
#15262 = PCURVE('',#14964,#15263);
#15263 = DEFINITIONAL_REPRESENTATION('',(#15264),#15268);
#15264 = LINE('',#15265,#15266);
#15265 = CARTESIAN_POINT('',(-0.24427896342,-13.5));
#15266 = VECTOR('',#15267,1.);
#15267 = DIRECTION('',(1.,0.));
#15268 = ( GEOMETRIC_REPRESENTATION_CONTEXT(2) 
PARAMETRIC_REPRESENTATION_CONTEXT() REPRESENTATION_CONTEXT('2D SPACE',''
  ) );
#15269 = ADVANCED_FACE('',(#15270),#11902,.F.);
#15270 = FACE_BOUND('',#15271,.F.);
#15271 = EDGE_LOOP('',(#15272,#15273,#15274,#15297));
#15272 = ORIENTED_EDGE('',*,*,#15177,.T.);
#15273 = ORIENTED_EDGE('',*,*,#11886,.T.);
#15274 = ORIENTED_EDGE('',*,*,#15275,.F.);
#15275 = EDGE_CURVE('',#15276,#11887,#15278,.T.);
#15276 = VERTEX_POINT('',#15277);
#15277 = CARTESIAN_POINT('',(-33.,6.0105,-3.));
#15278 = SURFACE_CURVE('',#15279,(#15283,#15290),.PCURVE_S1.);
#15279 = LINE('',#15280,#15281);
#15280 = CARTESIAN_POINT('',(-33.,6.0105,-3.));
#15281 = VECTOR('',#15282,1.);
#15282 = DIRECTION('',(0.,0.,1.));
#15283 = PCURVE('',#11902,#15284);
#15284 = DEFINITIONAL_REPRESENTATION('',(#15285),#15289);
#15285 = LINE('',#15286,#15287);
#15286 = CARTESIAN_POINT('',(8.4895,0.));
#15287 = VECTOR('',#15288,1.);
#15288 = DIRECTION('',(0.,-1.));
#15289 = ( GEOMETRIC_REPRESENTATION_CONTEXT(2) 
PARAMETRIC_REPRESENTATION_CONTEXT() REPRESENTATION_CONTEXT('2D SPACE',''
  ) );
#15290 = PCURVE('',#11930,#15291);
#15291 = DEFINITIONAL_REPRESENTATION('',(#15292),#15296);
#15292 = LINE('',#15293,#15294);
#15293 = CARTESIAN_POINT('',(0.,0.));
#15294 = VECTOR('',#15295,1.);
#15295 = DIRECTION('',(0.,-1.));
#15296 = ( GEOMETRIC_REPRESENTATION_CONTEXT(2) 
PARAMETRIC_REPRESENTATION_CONTEXT() REPRESENTATION_CONTEXT('2D SPACE',''
  ) );
#15297 = ORIENTED_EDGE('',*,*,#15298,.F.);
#15298 = EDGE_CURVE('',#15178,#15276,#15299,.T.);
#15299 = SURFACE_CURVE('',#15300,(#15304,#15311),.PCURVE_S1.);
#15300 = LINE('',#15301,#15302);
#15301 = CARTESIAN_POINT('',(-33.,1.,-3.));
#15302 = VECTOR('',#15303,1.);
#15303 = DIRECTION('',(0.,-1.,0.));
#15304 = PCURVE('',#11902,#15305);
#15305 = DEFINITIONAL_REPRESENTATION('',(#15306),#15310);
#15306 = LINE('',#15307,#15308);
#15307 = CARTESIAN_POINT('',(13.5,0.));
#15308 = VECTOR('',#15309,1.);
#15309 = DIRECTION('',(1.,0.));
#15310 = ( GEOMETRIC_REPRESENTATION_CONTEXT(2) 
PARAMETRIC_REPRESENTATION_CONTEXT() REPRESENTATION_CONTEXT('2D SPACE',''
  ) );
#15311 = PCURVE('',#14964,#15312);
#15312 = DEFINITIONAL_REPRESENTATION('',(#15313),#15317);
#15313 = LINE('',#15314,#15315);
#15314 = CARTESIAN_POINT('',(4.75572103658,-1.043146953576E-15));
#15315 = VECTOR('',#15316,1.);
#15316 = DIRECTION('',(0.,-1.));
#15317 = ( GEOMETRIC_REPRESENTATION_CONTEXT(2) 
PARAMETRIC_REPRESENTATION_CONTEXT() REPRESENTATION_CONTEXT('2D SPACE',''
  ) );
#15318 = ADVANCED_FACE('',(#15319),#12014,.F.);
#15319 = FACE_BOUND('',#15320,.F.);
#15320 = EDGE_LOOP('',(#15321,#15344,#15345,#15346));
#15321 = ORIENTED_EDGE('',*,*,#15322,.T.);
#15322 = EDGE_CURVE('',#15323,#11971,#15325,.T.);
#15323 = VERTEX_POINT('',#15324);
#15324 = CARTESIAN_POINT('',(-33.,-4.0105,-3.));
#15325 = SURFACE_CURVE('',#15326,(#15330,#15337),.PCURVE_S1.);
#15326 = LINE('',#15327,#15328);
#15327 = CARTESIAN_POINT('',(-33.,-4.0105,-3.));
#15328 = VECTOR('',#15329,1.);
#15329 = DIRECTION('',(0.,0.,1.));
#15330 = PCURVE('',#12014,#15331);
#15331 = DEFINITIONAL_REPRESENTATION('',(#15332),#15336);
#15332 = LINE('',#15333,#15334);
#15333 = CARTESIAN_POINT('',(0.,0.));
#15334 = VECTOR('',#15335,1.);
#15335 = DIRECTION('',(0.,-1.));
#15336 = ( GEOMETRIC_REPRESENTATION_CONTEXT(2) 
PARAMETRIC_REPRESENTATION_CONTEXT() REPRESENTATION_CONTEXT('2D SPACE',''
  ) );
#15337 = PCURVE('',#11986,#15338);
#15338 = DEFINITIONAL_REPRESENTATION('',(#15339),#15343);
#15339 = LINE('',#15340,#15341);
#15340 = CARTESIAN_POINT('',(0.,0.));
#15341 = VECTOR('',#15342,1.);
#15342 = DIRECTION('',(0.,-1.));
#15343 = ( GEOMETRIC_REPRESENTATION_CONTEXT(2) 
PARAMETRIC_REPRESENTATION_CONTEXT() REPRESENTATION_CONTEXT('2D SPACE',''
  ) );
#15344 = ORIENTED_EDGE('',*,*,#11998,.T.);
#15345 = ORIENTED_EDGE('',*,*,#15226,.F.);
#15346 = ORIENTED_EDGE('',*,*,#15347,.F.);
#15347 = EDGE_CURVE('',#15323,#15227,#15348,.T.);
#15348 = SURFACE_CURVE('',#15349,(#15353,#15360),.PCURVE_S1.);
#15349 = LINE('',#15350,#15351);
#15350 = CARTESIAN_POINT('',(-33.,1.,-3.));
#15351 = VECTOR('',#15352,1.);
#15352 = DIRECTION('',(0.,-1.,0.));
#15353 = PCURVE('',#12014,#15354);
#15354 = DEFINITIONAL_REPRESENTATION('',(#15355),#15359);
#15355 = LINE('',#15356,#15357);
#15356 = CARTESIAN_POINT('',(-5.0105,0.));
#15357 = VECTOR('',#15358,1.);
#15358 = DIRECTION('',(1.,0.));
#15359 = ( GEOMETRIC_REPRESENTATION_CONTEXT(2) 
PARAMETRIC_REPRESENTATION_CONTEXT() REPRESENTATION_CONTEXT('2D SPACE',''
  ) );
#15360 = PCURVE('',#14964,#15361);
#15361 = DEFINITIONAL_REPRESENTATION('',(#15362),#15366);
#15362 = LINE('',#15363,#15364);
#15363 = CARTESIAN_POINT('',(4.75572103658,-1.043146953576E-15));
#15364 = VECTOR('',#15365,1.);
#15365 = DIRECTION('',(0.,-1.));
#15366 = ( GEOMETRIC_REPRESENTATION_CONTEXT(2) 
PARAMETRIC_REPRESENTATION_CONTEXT() REPRESENTATION_CONTEXT('2D SPACE',''
  ) );
#15367 = ADVANCED_FACE('',(#15368),#11930,.F.);
#15368 = FACE_BOUND('',#15369,.F.);
#15369 = EDGE_LOOP('',(#15370,#15371,#15372,#15395));
#15370 = ORIENTED_EDGE('',*,*,#15275,.T.);
#15371 = ORIENTED_EDGE('',*,*,#11914,.T.);
#15372 = ORIENTED_EDGE('',*,*,#15373,.F.);
#15373 = EDGE_CURVE('',#15374,#11915,#15376,.T.);
#15374 = VERTEX_POINT('',#15375);
#15375 = CARTESIAN_POINT('',(-23.,6.0105,-3.));
#15376 = SURFACE_CURVE('',#15377,(#15381,#15388),.PCURVE_S1.);
#15377 = LINE('',#15378,#15379);
#15378 = CARTESIAN_POINT('',(-23.,6.0105,-3.));
#15379 = VECTOR('',#15380,1.);
#15380 = DIRECTION('',(0.,0.,1.));
#15381 = PCURVE('',#11930,#15382);
#15382 = DEFINITIONAL_REPRESENTATION('',(#15383),#15387);
#15383 = LINE('',#15384,#15385);
#15384 = CARTESIAN_POINT('',(10.,0.));
#15385 = VECTOR('',#15386,1.);
#15386 = DIRECTION('',(0.,-1.));
#15387 = ( GEOMETRIC_REPRESENTATION_CONTEXT(2) 
PARAMETRIC_REPRESENTATION_CONTEXT() REPRESENTATION_CONTEXT('2D SPACE',''
  ) );
#15388 = PCURVE('',#11958,#15389);
#15389 = DEFINITIONAL_REPRESENTATION('',(#15390),#15394);
#15390 = LINE('',#15391,#15392);
#15391 = CARTESIAN_POINT('',(0.,0.));
#15392 = VECTOR('',#15393,1.);
#15393 = DIRECTION('',(0.,-1.));
#15394 = ( GEOMETRIC_REPRESENTATION_CONTEXT(2) 
PARAMETRIC_REPRESENTATION_CONTEXT() REPRESENTATION_CONTEXT('2D SPACE',''
  ) );
#15395 = ORIENTED_EDGE('',*,*,#15396,.F.);
#15396 = EDGE_CURVE('',#15276,#15374,#15397,.T.);
#15397 = SURFACE_CURVE('',#15398,(#15402,#15409),.PCURVE_S1.);
#15398 = LINE('',#15399,#15400);
#15399 = CARTESIAN_POINT('',(-38.,6.0105,-3.));
#15400 = VECTOR('',#15401,1.);
#15401 = DIRECTION('',(1.,0.,0.));
#15402 = PCURVE('',#11930,#15403);
#15403 = DEFINITIONAL_REPRESENTATION('',(#15404),#15408);
#15404 = LINE('',#15405,#15406);
#15405 = CARTESIAN_POINT('',(-5.,0.));
#15406 = VECTOR('',#15407,1.);
#15407 = DIRECTION('',(1.,0.));
#15408 = ( GEOMETRIC_REPRESENTATION_CONTEXT(2) 
PARAMETRIC_REPRESENTATION_CONTEXT() REPRESENTATION_CONTEXT('2D SPACE',''
  ) );
#15409 = PCURVE('',#14964,#15410);
#15410 = DEFINITIONAL_REPRESENTATION('',(#15411),#15415);
#15411 = LINE('',#15412,#15413);
#15412 = CARTESIAN_POINT('',(-0.24427896342,5.0105));
#15413 = VECTOR('',#15414,1.);
#15414 = DIRECTION('',(1.,0.));
#15415 = ( GEOMETRIC_REPRESENTATION_CONTEXT(2) 
PARAMETRIC_REPRESENTATION_CONTEXT() REPRESENTATION_CONTEXT('2D SPACE',''
  ) );
#15416 = ADVANCED_FACE('',(#15417),#11986,.T.);
#15417 = FACE_BOUND('',#15418,.T.);
#15418 = EDGE_LOOP('',(#15419,#15420,#15421,#15444));
#15419 = ORIENTED_EDGE('',*,*,#15322,.T.);
#15420 = ORIENTED_EDGE('',*,*,#11970,.T.);
#15421 = ORIENTED_EDGE('',*,*,#15422,.F.);
#15422 = EDGE_CURVE('',#15423,#11943,#15425,.T.);
#15423 = VERTEX_POINT('',#15424);
#15424 = CARTESIAN_POINT('',(-23.,-4.0105,-3.));
#15425 = SURFACE_CURVE('',#15426,(#15430,#15437),.PCURVE_S1.);
#15426 = LINE('',#15427,#15428);
#15427 = CARTESIAN_POINT('',(-23.,-4.0105,-3.));
#15428 = VECTOR('',#15429,1.);
#15429 = DIRECTION('',(0.,0.,1.));
#15430 = PCURVE('',#11986,#15431);
#15431 = DEFINITIONAL_REPRESENTATION('',(#15432),#15436);
#15432 = LINE('',#15433,#15434);
#15433 = CARTESIAN_POINT('',(10.,0.));
#15434 = VECTOR('',#15435,1.);
#15435 = DIRECTION('',(0.,-1.));
#15436 = ( GEOMETRIC_REPRESENTATION_CONTEXT(2) 
PARAMETRIC_REPRESENTATION_CONTEXT() REPRESENTATION_CONTEXT('2D SPACE',''
  ) );
#15437 = PCURVE('',#11958,#15438);
#15438 = DEFINITIONAL_REPRESENTATION('',(#15439),#15443);
#15439 = LINE('',#15440,#15441);
#15440 = CARTESIAN_POINT('',(10.021,0.));
#15441 = VECTOR('',#15442,1.);
#15442 = DIRECTION('',(0.,-1.));
#15443 = ( GEOMETRIC_REPRESENTATION_CONTEXT(2) 
PARAMETRIC_REPRESENTATION_CONTEXT() REPRESENTATION_CONTEXT('2D SPACE',''
  ) );
#15444 = ORIENTED_EDGE('',*,*,#15445,.F.);
#15445 = EDGE_CURVE('',#15323,#15423,#15446,.T.);
#15446 = SURFACE_CURVE('',#15447,(#15451,#15458),.PCURVE_S1.);
#15447 = LINE('',#15448,#15449);
#15448 = CARTESIAN_POINT('',(-38.,-4.0105,-3.));
#15449 = VECTOR('',#15450,1.);
#15450 = DIRECTION('',(1.,0.,0.));
#15451 = PCURVE('',#11986,#15452);
#15452 = DEFINITIONAL_REPRESENTATION('',(#15453),#15457);
#15453 = LINE('',#15454,#15455);
#15454 = CARTESIAN_POINT('',(-5.,0.));
#15455 = VECTOR('',#15456,1.);
#15456 = DIRECTION('',(1.,0.));
#15457 = ( GEOMETRIC_REPRESENTATION_CONTEXT(2) 
PARAMETRIC_REPRESENTATION_CONTEXT() REPRESENTATION_CONTEXT('2D SPACE',''
  ) );
#15458 = PCURVE('',#14964,#15459);
#15459 = DEFINITIONAL_REPRESENTATION('',(#15460),#15464);
#15460 = LINE('',#15461,#15462);
#15461 = CARTESIAN_POINT('',(-0.24427896342,-5.0105));
#15462 = VECTOR('',#15463,1.);
#15463 = DIRECTION('',(1.,0.));
#15464 = ( GEOMETRIC_REPRESENTATION_CONTEXT(2) 
PARAMETRIC_REPRESENTATION_CONTEXT() REPRESENTATION_CONTEXT('2D SPACE',''
  ) );
#15465 = ADVANCED_FACE('',(#15466),#11958,.F.);
#15466 = FACE_BOUND('',#15467,.F.);
#15467 = EDGE_LOOP('',(#15468,#15469,#15470,#15471));
#15468 = ORIENTED_EDGE('',*,*,#15373,.T.);
#15469 = ORIENTED_EDGE('',*,*,#11942,.T.);
#15470 = ORIENTED_EDGE('',*,*,#15422,.F.);
#15471 = ORIENTED_EDGE('',*,*,#15472,.F.);
#15472 = EDGE_CURVE('',#15374,#15423,#15473,.T.);
#15473 = SURFACE_CURVE('',#15474,(#15478,#15485),.PCURVE_S1.);
#15474 = LINE('',#15475,#15476);
#15475 = CARTESIAN_POINT('',(-23.,1.,-3.));
#15476 = VECTOR('',#15477,1.);
#15477 = DIRECTION('',(0.,-1.,0.));
#15478 = PCURVE('',#11958,#15479);
#15479 = DEFINITIONAL_REPRESENTATION('',(#15480),#15484);
#15480 = LINE('',#15481,#15482);
#15481 = CARTESIAN_POINT('',(5.0105,0.));
#15482 = VECTOR('',#15483,1.);
#15483 = DIRECTION('',(1.,0.));
#15484 = ( GEOMETRIC_REPRESENTATION_CONTEXT(2) 
PARAMETRIC_REPRESENTATION_CONTEXT() REPRESENTATION_CONTEXT('2D SPACE',''
  ) );
#15485 = PCURVE('',#14964,#15486);
#15486 = DEFINITIONAL_REPRESENTATION('',(#15487),#15491);
#15487 = LINE('',#15488,#15489);
#15488 = CARTESIAN_POINT('',(14.75572103658,-1.043146953576E-15));
#15489 = VECTOR('',#15490,1.);
#15490 = DIRECTION('',(0.,-1.));
#15491 = ( GEOMETRIC_REPRESENTATION_CONTEXT(2) 
PARAMETRIC_REPRESENTATION_CONTEXT() REPRESENTATION_CONTEXT('2D SPACE',''
  ) );
#15492 = ADVANCED_FACE('',(#15493),#6859,.F.);
#15493 = FACE_BOUND('',#15494,.F.);
#15494 = EDGE_LOOP('',(#15495,#15516,#15517,#15518,#15519,#15520,#15521,
    #15522,#15523,#15524,#15525,#15526,#15527,#15528,#15529,#15530,
    #15531,#15532,#15533,#15534));
#15495 = ORIENTED_EDGE('',*,*,#15496,.T.);
#15496 = EDGE_CURVE('',#6839,#12111,#15497,.T.);
#15497 = SEAM_CURVE('',#15498,(#15502,#15509),.PCURVE_S1.);
#15498 = LINE('',#15499,#15500);
#15499 = CARTESIAN_POINT('',(33.,1.,-10.474));
#15500 = VECTOR('',#15501,1.);
#15501 = DIRECTION('',(0.,-1.271975968637E-16,1.));
#15502 = PCURVE('',#6859,#15503);
#15503 = DEFINITIONAL_REPRESENTATION('',(#15504),#15508);
#15504 = LINE('',#15505,#15506);
#15505 = CARTESIAN_POINT('',(0.,7.474));
#15506 = VECTOR('',#15507,1.);
#15507 = DIRECTION('',(-0.,-1.));
#15508 = ( GEOMETRIC_REPRESENTATION_CONTEXT(2) 
PARAMETRIC_REPRESENTATION_CONTEXT() REPRESENTATION_CONTEXT('2D SPACE',''
  ) );
#15509 = PCURVE('',#6859,#15510);
#15510 = DEFINITIONAL_REPRESENTATION('',(#15511),#15515);
#15511 = LINE('',#15512,#15513);
#15512 = CARTESIAN_POINT('',(6.28318530718,7.474));
#15513 = VECTOR('',#15514,1.);
#15514 = DIRECTION('',(-0.,-1.));
#15515 = ( GEOMETRIC_REPRESENTATION_CONTEXT(2) 
PARAMETRIC_REPRESENTATION_CONTEXT() REPRESENTATION_CONTEXT('2D SPACE',''
  ) );
#15516 = ORIENTED_EDGE('',*,*,#12110,.T.);
#15517 = ORIENTED_EDGE('',*,*,#15496,.F.);
#15518 = ORIENTED_EDGE('',*,*,#6838,.F.);
#15519 = ORIENTED_EDGE('',*,*,#13138,.T.);
#15520 = ORIENTED_EDGE('',*,*,#13186,.T.);
#15521 = ORIENTED_EDGE('',*,*,#13241,.F.);
#15522 = ORIENTED_EDGE('',*,*,#7222,.F.);
#15523 = ORIENTED_EDGE('',*,*,#13288,.T.);
#15524 = ORIENTED_EDGE('',*,*,#13312,.T.);
#15525 = ORIENTED_EDGE('',*,*,#13367,.F.);
#15526 = ORIENTED_EDGE('',*,*,#7105,.F.);
#15527 = ORIENTED_EDGE('',*,*,#13414,.T.);
#15528 = ORIENTED_EDGE('',*,*,#13461,.T.);
#15529 = ORIENTED_EDGE('',*,*,#13491,.F.);
#15530 = ORIENTED_EDGE('',*,*,#6988,.F.);
#15531 = ORIENTED_EDGE('',*,*,#13516,.T.);
#15532 = ORIENTED_EDGE('',*,*,#13587,.T.);
#15533 = ORIENTED_EDGE('',*,*,#13617,.F.);
#15534 = ORIENTED_EDGE('',*,*,#6871,.F.);
#15535 = ADVANCED_FACE('',(#15536),#7880,.F.);
#15536 = FACE_BOUND('',#15537,.F.);
#15537 = EDGE_LOOP('',(#15538,#15559,#15560,#15561,#15562,#15563,#15564,
    #15565,#15566,#15567,#15568,#15569,#15570,#15571,#15572,#15573,
    #15574,#15575,#15576,#15577));
#15538 = ORIENTED_EDGE('',*,*,#15539,.T.);
#15539 = EDGE_CURVE('',#7860,#12144,#15540,.T.);
#15540 = SEAM_CURVE('',#15541,(#15545,#15552),.PCURVE_S1.);
#15541 = LINE('',#15542,#15543);
#15542 = CARTESIAN_POINT('',(43.,9.5,-10.474));
#15543 = VECTOR('',#15544,1.);
#15544 = DIRECTION('',(0.,-1.695967958182E-16,1.));
#15545 = PCURVE('',#7880,#15546);
#15546 = DEFINITIONAL_REPRESENTATION('',(#15547),#15551);
#15547 = LINE('',#15548,#15549);
#15548 = CARTESIAN_POINT('',(0.,7.474));
#15549 = VECTOR('',#15550,1.);
#15550 = DIRECTION('',(-0.,-1.));
#15551 = ( GEOMETRIC_REPRESENTATION_CONTEXT(2) 
PARAMETRIC_REPRESENTATION_CONTEXT() REPRESENTATION_CONTEXT('2D SPACE',''
  ) );
#15552 = PCURVE('',#7880,#15553);
#15553 = DEFINITIONAL_REPRESENTATION('',(#15554),#15558);
#15554 = LINE('',#15555,#15556);
#15555 = CARTESIAN_POINT('',(6.28318530718,7.474));
#15556 = VECTOR('',#15557,1.);
#15557 = DIRECTION('',(-0.,-1.));
#15558 = ( GEOMETRIC_REPRESENTATION_CONTEXT(2) 
PARAMETRIC_REPRESENTATION_CONTEXT() REPRESENTATION_CONTEXT('2D SPACE',''
  ) );
#15559 = ORIENTED_EDGE('',*,*,#12143,.T.);
#15560 = ORIENTED_EDGE('',*,*,#15539,.F.);
#15561 = ORIENTED_EDGE('',*,*,#7859,.F.);
#15562 = ORIENTED_EDGE('',*,*,#13832,.T.);
#15563 = ORIENTED_EDGE('',*,*,#13880,.T.);
#15564 = ORIENTED_EDGE('',*,*,#13935,.F.);
#15565 = ORIENTED_EDGE('',*,*,#8243,.F.);
#15566 = ORIENTED_EDGE('',*,*,#13982,.T.);
#15567 = ORIENTED_EDGE('',*,*,#14006,.T.);
#15568 = ORIENTED_EDGE('',*,*,#14061,.F.);
#15569 = ORIENTED_EDGE('',*,*,#8126,.F.);
#15570 = ORIENTED_EDGE('',*,*,#14108,.T.);
#15571 = ORIENTED_EDGE('',*,*,#14155,.T.);
#15572 = ORIENTED_EDGE('',*,*,#14185,.F.);
#15573 = ORIENTED_EDGE('',*,*,#8009,.F.);
#15574 = ORIENTED_EDGE('',*,*,#14210,.T.);
#15575 = ORIENTED_EDGE('',*,*,#14281,.T.);
#15576 = ORIENTED_EDGE('',*,*,#14311,.F.);
#15577 = ORIENTED_EDGE('',*,*,#7892,.F.);
#15578 = ADVANCED_FACE('',(#15579),#12218,.T.);
#15579 = FACE_BOUND('',#15580,.T.);
#15580 = EDGE_LOOP('',(#15581,#15582,#15583,#15584));
#15581 = ORIENTED_EDGE('',*,*,#12202,.F.);
#15582 = ORIENTED_EDGE('',*,*,#12255,.T.);
#15583 = ORIENTED_EDGE('',*,*,#12304,.T.);
#15584 = ORIENTED_EDGE('',*,*,#12353,.F.);
#15585 = ADVANCED_FACE('',(#15586),#12475,.F.);
#15586 = FACE_BOUND('',#15587,.T.);
#15587 = EDGE_LOOP('',(#15588,#15611,#15612,#15613));
#15588 = ORIENTED_EDGE('',*,*,#15589,.T.);
#15589 = EDGE_CURVE('',#15590,#12459,#15592,.T.);
#15590 = VERTEX_POINT('',#15591);
#15591 = CARTESIAN_POINT('',(-51.4,-11.5,-3.));
#15592 = SEAM_CURVE('',#15593,(#15597,#15604),.PCURVE_S1.);
#15593 = LINE('',#15594,#15595);
#15594 = CARTESIAN_POINT('',(-51.4,-11.5,-3.));
#15595 = VECTOR('',#15596,1.);
#15596 = DIRECTION('',(-0.,-0.,-1.));
#15597 = PCURVE('',#12475,#15598);
#15598 = DEFINITIONAL_REPRESENTATION('',(#15599),#15603);
#15599 = LINE('',#15600,#15601);
#15600 = CARTESIAN_POINT('',(-0.,0.));
#15601 = VECTOR('',#15602,1.);
#15602 = DIRECTION('',(-0.,-1.));
#15603 = ( GEOMETRIC_REPRESENTATION_CONTEXT(2) 
PARAMETRIC_REPRESENTATION_CONTEXT() REPRESENTATION_CONTEXT('2D SPACE',''
  ) );
#15604 = PCURVE('',#12475,#15605);
#15605 = DEFINITIONAL_REPRESENTATION('',(#15606),#15610);
#15606 = LINE('',#15607,#15608);
#15607 = CARTESIAN_POINT('',(-6.28318530718,0.));
#15608 = VECTOR('',#15609,1.);
#15609 = DIRECTION('',(-0.,-1.));
#15610 = ( GEOMETRIC_REPRESENTATION_CONTEXT(2) 
PARAMETRIC_REPRESENTATION_CONTEXT() REPRESENTATION_CONTEXT('2D SPACE',''
  ) );
#15611 = ORIENTED_EDGE('',*,*,#12458,.T.);
#15612 = ORIENTED_EDGE('',*,*,#15589,.F.);
#15613 = ORIENTED_EDGE('',*,*,#15614,.F.);
#15614 = EDGE_CURVE('',#15590,#15590,#15615,.T.);
#15615 = SURFACE_CURVE('',#15616,(#15621,#15628),.PCURVE_S1.);
#15616 = CIRCLE('',#15617,1.1);
#15617 = AXIS2_PLACEMENT_3D('',#15618,#15619,#15620);
#15618 = CARTESIAN_POINT('',(-52.5,-11.5,-3.));
#15619 = DIRECTION('',(0.,0.,-1.));
#15620 = DIRECTION('',(1.,0.,0.));
#15621 = PCURVE('',#12475,#15622);
#15622 = DEFINITIONAL_REPRESENTATION('',(#15623),#15627);
#15623 = LINE('',#15624,#15625);
#15624 = CARTESIAN_POINT('',(-0.,0.));
#15625 = VECTOR('',#15626,1.);
#15626 = DIRECTION('',(-1.,0.));
#15627 = ( GEOMETRIC_REPRESENTATION_CONTEXT(2) 
PARAMETRIC_REPRESENTATION_CONTEXT() REPRESENTATION_CONTEXT('2D SPACE',''
  ) );
#15628 = PCURVE('',#15629,#15634);
#15629 = PLANE('',#15630);
#15630 = AXIS2_PLACEMENT_3D('',#15631,#15632,#15633);
#15631 = CARTESIAN_POINT('',(-67.5,-26.5,-3.));
#15632 = DIRECTION('',(0.,0.,1.));
#15633 = DIRECTION('',(1.,0.,0.));
#15634 = DEFINITIONAL_REPRESENTATION('',(#15635),#15643);
#15635 = ( BOUNDED_CURVE() B_SPLINE_CURVE(2,(#15636,#15637,#15638,#15639
    ,#15640,#15641,#15642),.UNSPECIFIED.,.T.,.F.) 
B_SPLINE_CURVE_WITH_KNOTS((1,2,2,2,2,1),(-2.094395102393,0.,
    2.094395102393,4.188790204786,6.28318530718,8.377580409573),
.UNSPECIFIED.) CURVE() GEOMETRIC_REPRESENTATION_ITEM() 
RATIONAL_B_SPLINE_CURVE((1.,0.5,1.,0.5,1.,0.5,1.)) REPRESENTATION_ITEM(
  '') );
#15636 = CARTESIAN_POINT('',(16.1,15.));
#15637 = CARTESIAN_POINT('',(16.1,13.094744111674));
#15638 = CARTESIAN_POINT('',(14.45,14.047372055837));
#15639 = CARTESIAN_POINT('',(12.8,15.));
#15640 = CARTESIAN_POINT('',(14.45,15.952627944163));
#15641 = CARTESIAN_POINT('',(16.1,16.905255888326));
#15642 = CARTESIAN_POINT('',(16.1,15.));
#15643 = ( GEOMETRIC_REPRESENTATION_CONTEXT(2) 
PARAMETRIC_REPRESENTATION_CONTEXT() REPRESENTATION_CONTEXT('2D SPACE',''
  ) );
#15644 = ADVANCED_FACE('',(#15645),#12510,.F.);
#15645 = FACE_BOUND('',#15646,.T.);
#15646 = EDGE_LOOP('',(#15647,#15670,#15671,#15672));
#15647 = ORIENTED_EDGE('',*,*,#15648,.T.);
#15648 = EDGE_CURVE('',#15649,#12494,#15651,.T.);
#15649 = VERTEX_POINT('',#15650);
#15650 = CARTESIAN_POINT('',(2.6,-11.5,-3.));
#15651 = SEAM_CURVE('',#15652,(#15656,#15663),.PCURVE_S1.);
#15652 = LINE('',#15653,#15654);
#15653 = CARTESIAN_POINT('',(2.6,-11.5,-3.));
#15654 = VECTOR('',#15655,1.);
#15655 = DIRECTION('',(-0.,-0.,-1.));
#15656 = PCURVE('',#12510,#15657);
#15657 = DEFINITIONAL_REPRESENTATION('',(#15658),#15662);
#15658 = LINE('',#15659,#15660);
#15659 = CARTESIAN_POINT('',(-0.,0.));
#15660 = VECTOR('',#15661,1.);
#15661 = DIRECTION('',(-0.,-1.));
#15662 = ( GEOMETRIC_REPRESENTATION_CONTEXT(2) 
PARAMETRIC_REPRESENTATION_CONTEXT() REPRESENTATION_CONTEXT('2D SPACE',''
  ) );
#15663 = PCURVE('',#12510,#15664);
#15664 = DEFINITIONAL_REPRESENTATION('',(#15665),#15669);
#15665 = LINE('',#15666,#15667);
#15666 = CARTESIAN_POINT('',(-6.28318530718,0.));
#15667 = VECTOR('',#15668,1.);
#15668 = DIRECTION('',(-0.,-1.));
#15669 = ( GEOMETRIC_REPRESENTATION_CONTEXT(2) 
PARAMETRIC_REPRESENTATION_CONTEXT() REPRESENTATION_CONTEXT('2D SPACE',''
  ) );
#15670 = ORIENTED_EDGE('',*,*,#12493,.T.);
#15671 = ORIENTED_EDGE('',*,*,#15648,.F.);
#15672 = ORIENTED_EDGE('',*,*,#15673,.F.);
#15673 = EDGE_CURVE('',#15649,#15649,#15674,.T.);
#15674 = SURFACE_CURVE('',#15675,(#15680,#15687),.PCURVE_S1.);
#15675 = CIRCLE('',#15676,2.6);
#15676 = AXIS2_PLACEMENT_3D('',#15677,#15678,#15679);
#15677 = CARTESIAN_POINT('',(3.204641703779E-15,-11.5,-3.));
#15678 = DIRECTION('',(0.,0.,-1.));
#15679 = DIRECTION('',(1.,0.,0.));
#15680 = PCURVE('',#12510,#15681);
#15681 = DEFINITIONAL_REPRESENTATION('',(#15682),#15686);
#15682 = LINE('',#15683,#15684);
#15683 = CARTESIAN_POINT('',(-0.,0.));
#15684 = VECTOR('',#15685,1.);
#15685 = DIRECTION('',(-1.,0.));
#15686 = ( GEOMETRIC_REPRESENTATION_CONTEXT(2) 
PARAMETRIC_REPRESENTATION_CONTEXT() REPRESENTATION_CONTEXT('2D SPACE',''
  ) );
#15687 = PCURVE('',#15688,#15693);
#15688 = PLANE('',#15689);
#15689 = AXIS2_PLACEMENT_3D('',#15690,#15691,#15692);
#15690 = CARTESIAN_POINT('',(-67.5,-26.5,-3.));
#15691 = DIRECTION('',(0.,0.,1.));
#15692 = DIRECTION('',(1.,0.,0.));
#15693 = DEFINITIONAL_REPRESENTATION('',(#15694),#15702);
#15694 = ( BOUNDED_CURVE() B_SPLINE_CURVE(2,(#15695,#15696,#15697,#15698
    ,#15699,#15700,#15701),.UNSPECIFIED.,.T.,.F.) 
B_SPLINE_CURVE_WITH_KNOTS((1,2,2,2,2,1),(-2.094395102393,0.,
    2.094395102393,4.188790204786,6.28318530718,8.377580409573),
.UNSPECIFIED.) CURVE() GEOMETRIC_REPRESENTATION_ITEM() 
RATIONAL_B_SPLINE_CURVE((1.,0.5,1.,0.5,1.,0.5,1.)) REPRESENTATION_ITEM(
  '') );
#15695 = CARTESIAN_POINT('',(70.1,15.));
#15696 = CARTESIAN_POINT('',(70.1,10.496667900321));
#15697 = CARTESIAN_POINT('',(66.2,12.74833395016));
#15698 = CARTESIAN_POINT('',(62.3,15.));
#15699 = CARTESIAN_POINT('',(66.2,17.25166604984));
#15700 = CARTESIAN_POINT('',(70.1,19.503332099679));
#15701 = CARTESIAN_POINT('',(70.1,15.));
#15702 = ( GEOMETRIC_REPRESENTATION_CONTEXT(2) 
PARAMETRIC_REPRESENTATION_CONTEXT() REPRESENTATION_CONTEXT('2D SPACE',''
  ) );
#15703 = ADVANCED_FACE('',(#15704),#12545,.F.);
#15704 = FACE_BOUND('',#15705,.T.);
#15705 = EDGE_LOOP('',(#15706,#15729,#15730,#15731));
#15706 = ORIENTED_EDGE('',*,*,#15707,.T.);
#15707 = EDGE_CURVE('',#15708,#12529,#15710,.T.);
#15708 = VERTEX_POINT('',#15709);
#15709 = CARTESIAN_POINT('',(53.6,-11.5,-3.));
#15710 = SEAM_CURVE('',#15711,(#15715,#15722),.PCURVE_S1.);
#15711 = LINE('',#15712,#15713);
#15712 = CARTESIAN_POINT('',(53.6,-11.5,-3.));
#15713 = VECTOR('',#15714,1.);
#15714 = DIRECTION('',(-0.,-0.,-1.));
#15715 = PCURVE('',#12545,#15716);
#15716 = DEFINITIONAL_REPRESENTATION('',(#15717),#15721);
#15717 = LINE('',#15718,#15719);
#15718 = CARTESIAN_POINT('',(-0.,0.));
#15719 = VECTOR('',#15720,1.);
#15720 = DIRECTION('',(-0.,-1.));
#15721 = ( GEOMETRIC_REPRESENTATION_CONTEXT(2) 
PARAMETRIC_REPRESENTATION_CONTEXT() REPRESENTATION_CONTEXT('2D SPACE',''
  ) );
#15722 = PCURVE('',#12545,#15723);
#15723 = DEFINITIONAL_REPRESENTATION('',(#15724),#15728);
#15724 = LINE('',#15725,#15726);
#15725 = CARTESIAN_POINT('',(-6.28318530718,0.));
#15726 = VECTOR('',#15727,1.);
#15727 = DIRECTION('',(-0.,-1.));
#15728 = ( GEOMETRIC_REPRESENTATION_CONTEXT(2) 
PARAMETRIC_REPRESENTATION_CONTEXT() REPRESENTATION_CONTEXT('2D SPACE',''
  ) );
#15729 = ORIENTED_EDGE('',*,*,#12528,.T.);
#15730 = ORIENTED_EDGE('',*,*,#15707,.F.);
#15731 = ORIENTED_EDGE('',*,*,#15732,.F.);
#15732 = EDGE_CURVE('',#15708,#15708,#15733,.T.);
#15733 = SURFACE_CURVE('',#15734,(#15739,#15746),.PCURVE_S1.);
#15734 = CIRCLE('',#15735,1.1);
#15735 = AXIS2_PLACEMENT_3D('',#15736,#15737,#15738);
#15736 = CARTESIAN_POINT('',(52.5,-11.5,-3.));
#15737 = DIRECTION('',(0.,0.,-1.));
#15738 = DIRECTION('',(1.,0.,0.));
#15739 = PCURVE('',#12545,#15740);
#15740 = DEFINITIONAL_REPRESENTATION('',(#15741),#15745);
#15741 = LINE('',#15742,#15743);
#15742 = CARTESIAN_POINT('',(-0.,0.));
#15743 = VECTOR('',#15744,1.);
#15744 = DIRECTION('',(-1.,0.));
#15745 = ( GEOMETRIC_REPRESENTATION_CONTEXT(2) 
PARAMETRIC_REPRESENTATION_CONTEXT() REPRESENTATION_CONTEXT('2D SPACE',''
  ) );
#15746 = PCURVE('',#15747,#15752);
#15747 = PLANE('',#15748);
#15748 = AXIS2_PLACEMENT_3D('',#15749,#15750,#15751);
#15749 = CARTESIAN_POINT('',(-67.5,-26.5,-3.));
#15750 = DIRECTION('',(0.,0.,1.));
#15751 = DIRECTION('',(1.,0.,0.));
#15752 = DEFINITIONAL_REPRESENTATION('',(#15753),#15761);
#15753 = ( BOUNDED_CURVE() B_SPLINE_CURVE(2,(#15754,#15755,#15756,#15757
    ,#15758,#15759,#15760),.UNSPECIFIED.,.T.,.F.) 
B_SPLINE_CURVE_WITH_KNOTS((1,2,2,2,2,1),(-2.094395102393,0.,
    2.094395102393,4.188790204786,6.28318530718,8.377580409573),
.UNSPECIFIED.) CURVE() GEOMETRIC_REPRESENTATION_ITEM() 
RATIONAL_B_SPLINE_CURVE((1.,0.5,1.,0.5,1.,0.5,1.)) REPRESENTATION_ITEM(
  '') );
#15754 = CARTESIAN_POINT('',(121.1,15.));
#15755 = CARTESIAN_POINT('',(121.1,13.094744111674));
#15756 = CARTESIAN_POINT('',(119.45,14.047372055837));
#15757 = CARTESIAN_POINT('',(117.8,15.));
#15758 = CARTESIAN_POINT('',(119.45,15.952627944163));
#15759 = CARTESIAN_POINT('',(121.1,16.905255888326));
#15760 = CARTESIAN_POINT('',(121.1,15.));
#15761 = ( GEOMETRIC_REPRESENTATION_CONTEXT(2) 
PARAMETRIC_REPRESENTATION_CONTEXT() REPRESENTATION_CONTEXT('2D SPACE',''
  ) );
#15762 = ADVANCED_FACE('',(#15763),#13084,.F.);
#15763 = FACE_BOUND('',#15764,.F.);
#15764 = EDGE_LOOP('',(#15765,#15788,#15789,#15790));
#15765 = ORIENTED_EDGE('',*,*,#15766,.T.);
#15766 = EDGE_CURVE('',#15767,#13068,#15769,.T.);
#15767 = VERTEX_POINT('',#15768);
#15768 = CARTESIAN_POINT('',(-21.771,1.,-3.));
#15769 = SEAM_CURVE('',#15770,(#15774,#15781),.PCURVE_S1.);
#15770 = LINE('',#15771,#15772);
#15771 = CARTESIAN_POINT('',(-21.771,1.,-3.));
#15772 = VECTOR('',#15773,1.);
#15773 = DIRECTION('',(-0.,-0.,-1.));
#15774 = PCURVE('',#13084,#15775);
#15775 = DEFINITIONAL_REPRESENTATION('',(#15776),#15780);
#15776 = LINE('',#15777,#15778);
#15777 = CARTESIAN_POINT('',(0.,0.));
#15778 = VECTOR('',#15779,1.);
#15779 = DIRECTION('',(0.,-1.));
#15780 = ( GEOMETRIC_REPRESENTATION_CONTEXT(2) 
PARAMETRIC_REPRESENTATION_CONTEXT() REPRESENTATION_CONTEXT('2D SPACE',''
  ) );
#15781 = PCURVE('',#13084,#15782);
#15782 = DEFINITIONAL_REPRESENTATION('',(#15783),#15787);
#15783 = LINE('',#15784,#15785);
#15784 = CARTESIAN_POINT('',(6.28318530718,0.));
#15785 = VECTOR('',#15786,1.);
#15786 = DIRECTION('',(0.,-1.));
#15787 = ( GEOMETRIC_REPRESENTATION_CONTEXT(2) 
PARAMETRIC_REPRESENTATION_CONTEXT() REPRESENTATION_CONTEXT('2D SPACE',''
  ) );
#15788 = ORIENTED_EDGE('',*,*,#13067,.T.);
#15789 = ORIENTED_EDGE('',*,*,#15766,.F.);
#15790 = ORIENTED_EDGE('',*,*,#15791,.F.);
#15791 = EDGE_CURVE('',#15767,#15767,#15792,.T.);
#15792 = SURFACE_CURVE('',#15793,(#15798,#15805),.PCURVE_S1.);
#15793 = ELLIPSE('',#15794,16.229,14.409);
#15794 = AXIS2_PLACEMENT_3D('',#15795,#15796,#15797);
#15795 = CARTESIAN_POINT('',(-38.,1.,-3.));
#15796 = DIRECTION('',(0.,0.,1.));
#15797 = DIRECTION('',(1.,0.,0.));
#15798 = PCURVE('',#13084,#15799);
#15799 = DEFINITIONAL_REPRESENTATION('',(#15800),#15804);
#15800 = LINE('',#15801,#15802);
#15801 = CARTESIAN_POINT('',(0.,0.));
#15802 = VECTOR('',#15803,1.);
#15803 = DIRECTION('',(1.,0.));
#15804 = ( GEOMETRIC_REPRESENTATION_CONTEXT(2) 
PARAMETRIC_REPRESENTATION_CONTEXT() REPRESENTATION_CONTEXT('2D SPACE',''
  ) );
#15805 = PCURVE('',#14964,#15806);
#15806 = DEFINITIONAL_REPRESENTATION('',(#15807),#15811);
#15807 = ELLIPSE('',#15808,16.229,14.409);
#15808 = AXIS2_PLACEMENT_2D('',#15809,#15810);
#15809 = CARTESIAN_POINT('',(-0.24427896342,-8.21102348651E-16));
#15810 = DIRECTION('',(1.,0.));
#15811 = ( GEOMETRIC_REPRESENTATION_CONTEXT(2) 
PARAMETRIC_REPRESENTATION_CONTEXT() REPRESENTATION_CONTEXT('2D SPACE',''
  ) );
#15812 = ADVANCED_FACE('',(#15813),#13122,.F.);
#15813 = FACE_BOUND('',#15814,.T.);
#15814 = EDGE_LOOP('',(#15815,#15838,#15839,#15840));
#15815 = ORIENTED_EDGE('',*,*,#15816,.T.);
#15816 = EDGE_CURVE('',#15817,#13106,#15819,.T.);
#15817 = VERTEX_POINT('',#15818);
#15818 = CARTESIAN_POINT('',(-51.4,13.5,-3.));
#15819 = SEAM_CURVE('',#15820,(#15824,#15831),.PCURVE_S1.);
#15820 = LINE('',#15821,#15822);
#15821 = CARTESIAN_POINT('',(-51.4,13.5,-3.));
#15822 = VECTOR('',#15823,1.);
#15823 = DIRECTION('',(-0.,-0.,-1.));
#15824 = PCURVE('',#13122,#15825);
#15825 = DEFINITIONAL_REPRESENTATION('',(#15826),#15830);
#15826 = LINE('',#15827,#15828);
#15827 = CARTESIAN_POINT('',(-0.,0.));
#15828 = VECTOR('',#15829,1.);
#15829 = DIRECTION('',(-0.,-1.));
#15830 = ( GEOMETRIC_REPRESENTATION_CONTEXT(2) 
PARAMETRIC_REPRESENTATION_CONTEXT() REPRESENTATION_CONTEXT('2D SPACE',''
  ) );
#15831 = PCURVE('',#13122,#15832);
#15832 = DEFINITIONAL_REPRESENTATION('',(#15833),#15837);
#15833 = LINE('',#15834,#15835);
#15834 = CARTESIAN_POINT('',(-6.28318530718,0.));
#15835 = VECTOR('',#15836,1.);
#15836 = DIRECTION('',(-0.,-1.));
#15837 = ( GEOMETRIC_REPRESENTATION_CONTEXT(2) 
PARAMETRIC_REPRESENTATION_CONTEXT() REPRESENTATION_CONTEXT('2D SPACE',''
  ) );
#15838 = ORIENTED_EDGE('',*,*,#13105,.T.);
#15839 = ORIENTED_EDGE('',*,*,#15816,.F.);
#15840 = ORIENTED_EDGE('',*,*,#15841,.F.);
#15841 = EDGE_CURVE('',#15817,#15817,#15842,.T.);
#15842 = SURFACE_CURVE('',#15843,(#15848,#15855),.PCURVE_S1.);
#15843 = CIRCLE('',#15844,1.1);
#15844 = AXIS2_PLACEMENT_3D('',#15845,#15846,#15847);
#15845 = CARTESIAN_POINT('',(-52.5,13.5,-3.));
#15846 = DIRECTION('',(0.,0.,-1.));
#15847 = DIRECTION('',(1.,0.,0.));
#15848 = PCURVE('',#13122,#15849);
#15849 = DEFINITIONAL_REPRESENTATION('',(#15850),#15854);
#15850 = LINE('',#15851,#15852);
#15851 = CARTESIAN_POINT('',(-0.,0.));
#15852 = VECTOR('',#15853,1.);
#15853 = DIRECTION('',(-1.,0.));
#15854 = ( GEOMETRIC_REPRESENTATION_CONTEXT(2) 
PARAMETRIC_REPRESENTATION_CONTEXT() REPRESENTATION_CONTEXT('2D SPACE',''
  ) );
#15855 = PCURVE('',#15856,#15861);
#15856 = PLANE('',#15857);
#15857 = AXIS2_PLACEMENT_3D('',#15858,#15859,#15860);
#15858 = CARTESIAN_POINT('',(-67.5,-26.5,-3.));
#15859 = DIRECTION('',(0.,0.,1.));
#15860 = DIRECTION('',(1.,0.,0.));
#15861 = DEFINITIONAL_REPRESENTATION('',(#15862),#15870);
#15862 = ( BOUNDED_CURVE() B_SPLINE_CURVE(2,(#15863,#15864,#15865,#15866
    ,#15867,#15868,#15869),.UNSPECIFIED.,.T.,.F.) 
B_SPLINE_CURVE_WITH_KNOTS((1,2,2,2,2,1),(-2.094395102393,0.,
    2.094395102393,4.188790204786,6.28318530718,8.377580409573),
.UNSPECIFIED.) CURVE() GEOMETRIC_REPRESENTATION_ITEM() 
RATIONAL_B_SPLINE_CURVE((1.,0.5,1.,0.5,1.,0.5,1.)) REPRESENTATION_ITEM(
  '') );
#15863 = CARTESIAN_POINT('',(16.1,40.));
#15864 = CARTESIAN_POINT('',(16.1,38.094744111674));
#15865 = CARTESIAN_POINT('',(14.45,39.047372055837));
#15866 = CARTESIAN_POINT('',(12.8,40.));
#15867 = CARTESIAN_POINT('',(14.45,40.952627944163));
#15868 = CARTESIAN_POINT('',(16.1,41.905255888326));
#15869 = CARTESIAN_POINT('',(16.1,40.));
#15870 = ( GEOMETRIC_REPRESENTATION_CONTEXT(2) 
PARAMETRIC_REPRESENTATION_CONTEXT() REPRESENTATION_CONTEXT('2D SPACE',''
  ) );
#15871 = ADVANCED_FACE('',(#15872),#14355,.F.);
#15872 = FACE_BOUND('',#15873,.T.);
#15873 = EDGE_LOOP('',(#15874,#15897,#15898,#15899));
#15874 = ORIENTED_EDGE('',*,*,#15875,.T.);
#15875 = EDGE_CURVE('',#15876,#14339,#15878,.T.);
#15876 = VERTEX_POINT('',#15877);
#15877 = CARTESIAN_POINT('',(53.6,13.5,-3.));
#15878 = SEAM_CURVE('',#15879,(#15883,#15890),.PCURVE_S1.);
#15879 = LINE('',#15880,#15881);
#15880 = CARTESIAN_POINT('',(53.6,13.5,-3.));
#15881 = VECTOR('',#15882,1.);
#15882 = DIRECTION('',(-0.,-0.,-1.));
#15883 = PCURVE('',#14355,#15884);
#15884 = DEFINITIONAL_REPRESENTATION('',(#15885),#15889);
#15885 = LINE('',#15886,#15887);
#15886 = CARTESIAN_POINT('',(-0.,0.));
#15887 = VECTOR('',#15888,1.);
#15888 = DIRECTION('',(-0.,-1.));
#15889 = ( GEOMETRIC_REPRESENTATION_CONTEXT(2) 
PARAMETRIC_REPRESENTATION_CONTEXT() REPRESENTATION_CONTEXT('2D SPACE',''
  ) );
#15890 = PCURVE('',#14355,#15891);
#15891 = DEFINITIONAL_REPRESENTATION('',(#15892),#15896);
#15892 = LINE('',#15893,#15894);
#15893 = CARTESIAN_POINT('',(-6.28318530718,0.));
#15894 = VECTOR('',#15895,1.);
#15895 = DIRECTION('',(-0.,-1.));
#15896 = ( GEOMETRIC_REPRESENTATION_CONTEXT(2) 
PARAMETRIC_REPRESENTATION_CONTEXT() REPRESENTATION_CONTEXT('2D SPACE',''
  ) );
#15897 = ORIENTED_EDGE('',*,*,#14338,.T.);
#15898 = ORIENTED_EDGE('',*,*,#15875,.F.);
#15899 = ORIENTED_EDGE('',*,*,#15900,.F.);
#15900 = EDGE_CURVE('',#15876,#15876,#15901,.T.);
#15901 = SURFACE_CURVE('',#15902,(#15907,#15914),.PCURVE_S1.);
#15902 = CIRCLE('',#15903,1.1);
#15903 = AXIS2_PLACEMENT_3D('',#15904,#15905,#15906);
#15904 = CARTESIAN_POINT('',(52.5,13.5,-3.));
#15905 = DIRECTION('',(0.,0.,-1.));
#15906 = DIRECTION('',(1.,0.,0.));
#15907 = PCURVE('',#14355,#15908);
#15908 = DEFINITIONAL_REPRESENTATION('',(#15909),#15913);
#15909 = LINE('',#15910,#15911);
#15910 = CARTESIAN_POINT('',(-0.,0.));
#15911 = VECTOR('',#15912,1.);
#15912 = DIRECTION('',(-1.,0.));
#15913 = ( GEOMETRIC_REPRESENTATION_CONTEXT(2) 
PARAMETRIC_REPRESENTATION_CONTEXT() REPRESENTATION_CONTEXT('2D SPACE',''
  ) );
#15914 = PCURVE('',#15915,#15920);
#15915 = PLANE('',#15916);
#15916 = AXIS2_PLACEMENT_3D('',#15917,#15918,#15919);
#15917 = CARTESIAN_POINT('',(-67.5,-26.5,-3.));
#15918 = DIRECTION('',(0.,0.,1.));
#15919 = DIRECTION('',(1.,0.,0.));
#15920 = DEFINITIONAL_REPRESENTATION('',(#15921),#15929);
#15921 = ( BOUNDED_CURVE() B_SPLINE_CURVE(2,(#15922,#15923,#15924,#15925
    ,#15926,#15927,#15928),.UNSPECIFIED.,.T.,.F.) 
B_SPLINE_CURVE_WITH_KNOTS((1,2,2,2,2,1),(-2.094395102393,0.,
    2.094395102393,4.188790204786,6.28318530718,8.377580409573),
.UNSPECIFIED.) CURVE() GEOMETRIC_REPRESENTATION_ITEM() 
RATIONAL_B_SPLINE_CURVE((1.,0.5,1.,0.5,1.,0.5,1.)) REPRESENTATION_ITEM(
  '') );
#15922 = CARTESIAN_POINT('',(121.1,40.));
#15923 = CARTESIAN_POINT('',(121.1,38.094744111674));
#15924 = CARTESIAN_POINT('',(119.45,39.047372055837));
#15925 = CARTESIAN_POINT('',(117.8,40.));
#15926 = CARTESIAN_POINT('',(119.45,40.952627944163));
#15927 = CARTESIAN_POINT('',(121.1,41.905255888326));
#15928 = CARTESIAN_POINT('',(121.1,40.));
#15929 = ( GEOMETRIC_REPRESENTATION_CONTEXT(2) 
PARAMETRIC_REPRESENTATION_CONTEXT() REPRESENTATION_CONTEXT('2D SPACE',''
  ) );
#15930 = ADVANCED_FACE('',(#15931,#15934),#14964,.F.);
#15931 = FACE_BOUND('',#15932,.F.);
#15932 = EDGE_LOOP('',(#15933));
#15933 = ORIENTED_EDGE('',*,*,#15791,.T.);
#15934 = FACE_BOUND('',#15935,.F.);
#15935 = EDGE_LOOP('',(#15936,#15937,#15938,#15939,#15940,#15941,#15942,
    #15943,#15944,#15945,#15946,#15947));
#15936 = ORIENTED_EDGE('',*,*,#14950,.F.);
#15937 = ORIENTED_EDGE('',*,*,#15004,.T.);
#15938 = ORIENTED_EDGE('',*,*,#15102,.F.);
#15939 = ORIENTED_EDGE('',*,*,#15200,.T.);
#15940 = ORIENTED_EDGE('',*,*,#15298,.T.);
#15941 = ORIENTED_EDGE('',*,*,#15396,.T.);
#15942 = ORIENTED_EDGE('',*,*,#15472,.T.);
#15943 = ORIENTED_EDGE('',*,*,#15445,.F.);
#15944 = ORIENTED_EDGE('',*,*,#15347,.T.);
#15945 = ORIENTED_EDGE('',*,*,#15249,.F.);
#15946 = ORIENTED_EDGE('',*,*,#15151,.F.);
#15947 = ORIENTED_EDGE('',*,*,#15053,.F.);
#15948 = ADVANCED_FACE('',(#15949),#15629,.F.);
#15949 = FACE_BOUND('',#15950,.F.);
#15950 = EDGE_LOOP('',(#15951));
#15951 = ORIENTED_EDGE('',*,*,#15614,.F.);
#15952 = ADVANCED_FACE('',(#15953),#15688,.F.);
#15953 = FACE_BOUND('',#15954,.F.);
#15954 = EDGE_LOOP('',(#15955));
#15955 = ORIENTED_EDGE('',*,*,#15673,.F.);
#15956 = ADVANCED_FACE('',(#15957),#15747,.F.);
#15957 = FACE_BOUND('',#15958,.F.);
#15958 = EDGE_LOOP('',(#15959));
#15959 = ORIENTED_EDGE('',*,*,#15732,.F.);
#15960 = ADVANCED_FACE('',(#15961),#15856,.F.);
#15961 = FACE_BOUND('',#15962,.F.);
#15962 = EDGE_LOOP('',(#15963));
#15963 = ORIENTED_EDGE('',*,*,#15841,.F.);
#15964 = ADVANCED_FACE('',(#15965),#15915,.F.);
#15965 = FACE_BOUND('',#15966,.F.);
#15966 = EDGE_LOOP('',(#15967));
#15967 = ORIENTED_EDGE('',*,*,#15900,.F.);
#15968 = ( GEOMETRIC_REPRESENTATION_CONTEXT(3) 
GLOBAL_UNCERTAINTY_ASSIGNED_CONTEXT((#15972)) 
GLOBAL_UNIT_ASSIGNED_CONTEXT((#15969,#15970,#15971)) 
REPRESENTATION_CONTEXT('Context #1',
  '3D Context with UNIT and UNCERTAINTY') );
#15969 = ( LENGTH_UNIT() NAMED_UNIT(*) SI_UNIT(.MILLI.,.METRE.) );
#15970 = ( NAMED_UNIT(*) PLANE_ANGLE_UNIT() SI_UNIT($,.RADIAN.) );
#15971 = ( NAMED_UNIT(*) SI_UNIT($,.STERADIAN.) SOLID_ANGLE_UNIT() );
#15972 = UNCERTAINTY_MEASURE_WITH_UNIT(LENGTH_MEASURE(5.E-06),#15969,
  'distance_accuracy_value','confusion accuracy');
#15973 = CONTEXT_DEPENDENT_SHAPE_REPRESENTATION(#15974,#15976);
#15974 = ( REPRESENTATION_RELATIONSHIP('','',#5643,#5620) 
REPRESENTATION_RELATIONSHIP_WITH_TRANSFORMATION(#15975) 
SHAPE_REPRESENTATION_RELATIONSHIP() );
#15975 = ITEM_DEFINED_TRANSFORMATION('','',#11,#5621);
#15976 = PRODUCT_DEFINITION_SHAPE('Placement','Placement of an item',
  #15977);
#15977 = NEXT_ASSEMBLY_USAGE_OCCURRENCE('8','=>[0:1:1:7]','',#5615,#5638
  ,$);
#15978 = PRODUCT_RELATED_PRODUCT_CATEGORY('part',$,(#5640));
#15979 = SHAPE_DEFINITION_REPRESENTATION(#15980,#15986);
#15980 = PRODUCT_DEFINITION_SHAPE('','',#15981);
#15981 = PRODUCT_DEFINITION('design','',#15982,#15985);
#15982 = PRODUCT_DEFINITION_FORMATION('','',#15983);
#15983 = PRODUCT('ASSEMBLY','ASSEMBLY','',(#15984));
#15984 = PRODUCT_CONTEXT('',#2,'mechanical');
#15985 = PRODUCT_DEFINITION_CONTEXT('part definition',#2,'design');
#15986 = SHAPE_REPRESENTATION('',(#11,#15987),#15991);
#15987 = AXIS2_PLACEMENT_3D('',#15988,#15989,#15990);
#15988 = CARTESIAN_POINT('',(0.,0.,0.));
#15989 = DIRECTION('',(0.,0.,1.));
#15990 = DIRECTION('',(1.,0.,-0.));
#15991 = ( GEOMETRIC_REPRESENTATION_CONTEXT(3) 
GLOBAL_UNCERTAINTY_ASSIGNED_CONTEXT((#15995)) 
GLOBAL_UNIT_ASSIGNED_CONTEXT((#15992,#15993,#15994)) 
REPRESENTATION_CONTEXT('Context #1',
  '3D Context with UNIT and UNCERTAINTY') );
#15992 = ( LENGTH_UNIT() NAMED_UNIT(*) SI_UNIT(.MILLI.,.METRE.) );
#15993 = ( NAMED_UNIT(*) PLANE_ANGLE_UNIT() SI_UNIT($,.RADIAN.) );
#15994 = ( NAMED_UNIT(*) SI_UNIT($,.STERADIAN.) SOLID_ANGLE_UNIT() );
#15995 = UNCERTAINTY_MEASURE_WITH_UNIT(LENGTH_MEASURE(1.E-07),#15992,
  'distance_accuracy_value','confusion accuracy');
#15996 = CONTEXT_DEPENDENT_SHAPE_REPRESENTATION(#15997,#15999);
#15997 = ( REPRESENTATION_RELATIONSHIP('','',#15986,#10) 
REPRESENTATION_RELATIONSHIP_WITH_TRANSFORMATION(#15998) 
SHAPE_REPRESENTATION_RELATIONSHIP() );
#15998 = ITEM_DEFINED_TRANSFORMATION('','',#11,#39);
#15999 = PRODUCT_DEFINITION_SHAPE('Placement','Placement of an item',
  #16000);
#16000 = NEXT_ASSEMBLY_USAGE_OCCURRENCE('11','=>[0:1:1:8]','',#5,#15981,
  $);
#16001 = PRODUCT_RELATED_PRODUCT_CATEGORY('part',$,(#15983));
#16002 = SHAPE_DEFINITION_REPRESENTATION(#16003,#16009);
#16003 = PRODUCT_DEFINITION_SHAPE('','',#16004);
#16004 = PRODUCT_DEFINITION('design','',#16005,#16008);
#16005 = PRODUCT_DEFINITION_FORMATION('','',#16006);
#16006 = PRODUCT('SOLID','SOLID','',(#16007));
#16007 = PRODUCT_CONTEXT('',#2,'mechanical');
#16008 = PRODUCT_DEFINITION_CONTEXT('part definition',#2,'design');
#16009 = ADVANCED_BREP_SHAPE_REPRESENTATION('',(#11,#16010),#18603);
#16010 = MANIFOLD_SOLID_BREP('',#16011);
#16011 = CLOSED_SHELL('',(#16012,#16130,#16209,#16290,#16577,#16626,
    #16680,#16729,#16783,#17029,#17084,#17133,#17182,#17231,#17280,
    #17329,#17378,#17427,#17454,#17481,#17508,#17535,#17562,#17589,
    #17616,#17643,#17670,#17677,#17995,#18071,#18120,#18169,#18218,
    #18267,#18316,#18365,#18414,#18463,#18512,#18561,#18588));
#16012 = ADVANCED_FACE('',(#16013),#16027,.T.);
#16013 = FACE_BOUND('',#16014,.T.);
#16014 = EDGE_LOOP('',(#16015,#16050,#16076,#16104));
#16015 = ORIENTED_EDGE('',*,*,#16016,.F.);
#16016 = EDGE_CURVE('',#16017,#16019,#16021,.T.);
#16017 = VERTEX_POINT('',#16018);
#16018 = CARTESIAN_POINT('',(-52.7,5.7105,19.424));
#16019 = VERTEX_POINT('',#16020);
#16020 = CARTESIAN_POINT('',(-52.7,5.7105,27.424));
#16021 = SURFACE_CURVE('',#16022,(#16026,#16038),.PCURVE_S1.);
#16022 = LINE('',#16023,#16024);
#16023 = CARTESIAN_POINT('',(-52.7,5.7105,12.95));
#16024 = VECTOR('',#16025,1.);
#16025 = DIRECTION('',(0.,0.,1.));
#16026 = PCURVE('',#16027,#16032);
#16027 = PLANE('',#16028);
#16028 = AXIS2_PLACEMENT_3D('',#16029,#16030,#16031);
#16029 = CARTESIAN_POINT('',(-52.7,-3.7105,12.95));
#16030 = DIRECTION('',(-1.,0.,0.));
#16031 = DIRECTION('',(0.,1.,0.));
#16032 = DEFINITIONAL_REPRESENTATION('',(#16033),#16037);
#16033 = LINE('',#16034,#16035);
#16034 = CARTESIAN_POINT('',(9.421,0.));
#16035 = VECTOR('',#16036,1.);
#16036 = DIRECTION('',(0.,-1.));
#16037 = ( GEOMETRIC_REPRESENTATION_CONTEXT(2) 
PARAMETRIC_REPRESENTATION_CONTEXT() REPRESENTATION_CONTEXT('2D SPACE',''
  ) );
#16038 = PCURVE('',#16039,#16044);
#16039 = PLANE('',#16040);
#16040 = AXIS2_PLACEMENT_3D('',#16041,#16042,#16043);
#16041 = CARTESIAN_POINT('',(-52.7,5.7105,12.95));
#16042 = DIRECTION('',(0.,1.,0.));
#16043 = DIRECTION('',(1.,0.,0.));
#16044 = DEFINITIONAL_REPRESENTATION('',(#16045),#16049);
#16045 = LINE('',#16046,#16047);
#16046 = CARTESIAN_POINT('',(0.,0.));
#16047 = VECTOR('',#16048,1.);
#16048 = DIRECTION('',(0.,-1.));
#16049 = ( GEOMETRIC_REPRESENTATION_CONTEXT(2) 
PARAMETRIC_REPRESENTATION_CONTEXT() REPRESENTATION_CONTEXT('2D SPACE',''
  ) );
#16050 = ORIENTED_EDGE('',*,*,#16051,.T.);
#16051 = EDGE_CURVE('',#16017,#16052,#16054,.T.);
#16052 = VERTEX_POINT('',#16053);
#16053 = CARTESIAN_POINT('',(-52.7,-3.7105,19.424));
#16054 = SURFACE_CURVE('',#16055,(#16059,#16065),.PCURVE_S1.);
#16055 = LINE('',#16056,#16057);
#16056 = CARTESIAN_POINT('',(-52.7,-1.35525,19.424));
#16057 = VECTOR('',#16058,1.);
#16058 = DIRECTION('',(0.,-1.,0.));
#16059 = PCURVE('',#16027,#16060);
#16060 = DEFINITIONAL_REPRESENTATION('',(#16061),#16064);
#16061 = B_SPLINE_CURVE_WITH_KNOTS('',1,(#16062,#16063),.UNSPECIFIED.,
  .F.,.F.,(2,2),(-7.06575,2.35525),.PIECEWISE_BEZIER_KNOTS.);
#16062 = CARTESIAN_POINT('',(9.421,-6.474));
#16063 = CARTESIAN_POINT('',(0.,-6.474));
#16064 = ( GEOMETRIC_REPRESENTATION_CONTEXT(2) 
PARAMETRIC_REPRESENTATION_CONTEXT() REPRESENTATION_CONTEXT('2D SPACE',''
  ) );
#16065 = PCURVE('',#16066,#16071);
#16066 = PLANE('',#16067);
#16067 = AXIS2_PLACEMENT_3D('',#16068,#16069,#16070);
#16068 = CARTESIAN_POINT('',(-37.7555007789,1.,19.424));
#16069 = DIRECTION('',(0.,0.,1.));
#16070 = DIRECTION('',(1.,0.,0.));
#16071 = DEFINITIONAL_REPRESENTATION('',(#16072),#16075);
#16072 = B_SPLINE_CURVE_WITH_KNOTS('',1,(#16073,#16074),.UNSPECIFIED.,
  .F.,.F.,(2,2),(-7.06575,2.35525),.PIECEWISE_BEZIER_KNOTS.);
#16073 = CARTESIAN_POINT('',(-14.94449922109,4.7105));
#16074 = CARTESIAN_POINT('',(-14.94449922109,-4.7105));
#16075 = ( GEOMETRIC_REPRESENTATION_CONTEXT(2) 
PARAMETRIC_REPRESENTATION_CONTEXT() REPRESENTATION_CONTEXT('2D SPACE',''
  ) );
#16076 = ORIENTED_EDGE('',*,*,#16077,.T.);
#16077 = EDGE_CURVE('',#16052,#16078,#16080,.T.);
#16078 = VERTEX_POINT('',#16079);
#16079 = CARTESIAN_POINT('',(-52.7,-3.7105,27.424));
#16080 = SURFACE_CURVE('',#16081,(#16085,#16092),.PCURVE_S1.);
#16081 = LINE('',#16082,#16083);
#16082 = CARTESIAN_POINT('',(-52.7,-3.7105,12.95));
#16083 = VECTOR('',#16084,1.);
#16084 = DIRECTION('',(0.,0.,1.));
#16085 = PCURVE('',#16027,#16086);
#16086 = DEFINITIONAL_REPRESENTATION('',(#16087),#16091);
#16087 = LINE('',#16088,#16089);
#16088 = CARTESIAN_POINT('',(0.,0.));
#16089 = VECTOR('',#16090,1.);
#16090 = DIRECTION('',(0.,-1.));
#16091 = ( GEOMETRIC_REPRESENTATION_CONTEXT(2) 
PARAMETRIC_REPRESENTATION_CONTEXT() REPRESENTATION_CONTEXT('2D SPACE',''
  ) );
#16092 = PCURVE('',#16093,#16098);
#16093 = PLANE('',#16094);
#16094 = AXIS2_PLACEMENT_3D('',#16095,#16096,#16097);
#16095 = CARTESIAN_POINT('',(-52.7,-3.7105,12.95));
#16096 = DIRECTION('',(0.,1.,0.));
#16097 = DIRECTION('',(1.,0.,0.));
#16098 = DEFINITIONAL_REPRESENTATION('',(#16099),#16103);
#16099 = LINE('',#16100,#16101);
#16100 = CARTESIAN_POINT('',(0.,0.));
#16101 = VECTOR('',#16102,1.);
#16102 = DIRECTION('',(0.,-1.));
#16103 = ( GEOMETRIC_REPRESENTATION_CONTEXT(2) 
PARAMETRIC_REPRESENTATION_CONTEXT() REPRESENTATION_CONTEXT('2D SPACE',''
  ) );
#16104 = ORIENTED_EDGE('',*,*,#16105,.T.);
#16105 = EDGE_CURVE('',#16078,#16019,#16106,.T.);
#16106 = SURFACE_CURVE('',#16107,(#16111,#16118),.PCURVE_S1.);
#16107 = LINE('',#16108,#16109);
#16108 = CARTESIAN_POINT('',(-52.7,-3.7105,27.424));
#16109 = VECTOR('',#16110,1.);
#16110 = DIRECTION('',(0.,1.,0.));
#16111 = PCURVE('',#16027,#16112);
#16112 = DEFINITIONAL_REPRESENTATION('',(#16113),#16117);
#16113 = LINE('',#16114,#16115);
#16114 = CARTESIAN_POINT('',(0.,-14.474));
#16115 = VECTOR('',#16116,1.);
#16116 = DIRECTION('',(1.,0.));
#16117 = ( GEOMETRIC_REPRESENTATION_CONTEXT(2) 
PARAMETRIC_REPRESENTATION_CONTEXT() REPRESENTATION_CONTEXT('2D SPACE',''
  ) );
#16118 = PCURVE('',#16119,#16124);
#16119 = PLANE('',#16120);
#16120 = AXIS2_PLACEMENT_3D('',#16121,#16122,#16123);
#16121 = CARTESIAN_POINT('',(-52.2,-3.7105,27.924));
#16122 = DIRECTION('',(-0.707106781187,0.,0.707106781187));
#16123 = DIRECTION('',(-0.,-1.,-0.));
#16124 = DEFINITIONAL_REPRESENTATION('',(#16125),#16129);
#16125 = LINE('',#16126,#16127);
#16126 = CARTESIAN_POINT('',(-0.,-0.707106781187));
#16127 = VECTOR('',#16128,1.);
#16128 = DIRECTION('',(-1.,0.));
#16129 = ( GEOMETRIC_REPRESENTATION_CONTEXT(2) 
PARAMETRIC_REPRESENTATION_CONTEXT() REPRESENTATION_CONTEXT('2D SPACE',''
  ) );
#16130 = ADVANCED_FACE('',(#16131),#16039,.T.);
#16131 = FACE_BOUND('',#16132,.T.);
#16132 = EDGE_LOOP('',(#16133,#16163,#16182,#16183));
#16133 = ORIENTED_EDGE('',*,*,#16134,.F.);
#16134 = EDGE_CURVE('',#16135,#16137,#16139,.T.);
#16135 = VERTEX_POINT('',#16136);
#16136 = CARTESIAN_POINT('',(-42.7,5.7105,19.424));
#16137 = VERTEX_POINT('',#16138);
#16138 = CARTESIAN_POINT('',(-42.7,5.7105,27.424));
#16139 = SURFACE_CURVE('',#16140,(#16144,#16151),.PCURVE_S1.);
#16140 = LINE('',#16141,#16142);
#16141 = CARTESIAN_POINT('',(-42.7,5.7105,12.95));
#16142 = VECTOR('',#16143,1.);
#16143 = DIRECTION('',(0.,0.,1.));
#16144 = PCURVE('',#16039,#16145);
#16145 = DEFINITIONAL_REPRESENTATION('',(#16146),#16150);
#16146 = LINE('',#16147,#16148);
#16147 = CARTESIAN_POINT('',(10.,0.));
#16148 = VECTOR('',#16149,1.);
#16149 = DIRECTION('',(0.,-1.));
#16150 = ( GEOMETRIC_REPRESENTATION_CONTEXT(2) 
PARAMETRIC_REPRESENTATION_CONTEXT() REPRESENTATION_CONTEXT('2D SPACE',''
  ) );
#16151 = PCURVE('',#16152,#16157);
#16152 = PLANE('',#16153);
#16153 = AXIS2_PLACEMENT_3D('',#16154,#16155,#16156);
#16154 = CARTESIAN_POINT('',(-42.7,5.7105,12.95));
#16155 = DIRECTION('',(-1.,0.,0.));
#16156 = DIRECTION('',(0.,1.,0.));
#16157 = DEFINITIONAL_REPRESENTATION('',(#16158),#16162);
#16158 = LINE('',#16159,#16160);
#16159 = CARTESIAN_POINT('',(0.,0.));
#16160 = VECTOR('',#16161,1.);
#16161 = DIRECTION('',(0.,-1.));
#16162 = ( GEOMETRIC_REPRESENTATION_CONTEXT(2) 
PARAMETRIC_REPRESENTATION_CONTEXT() REPRESENTATION_CONTEXT('2D SPACE',''
  ) );
#16163 = ORIENTED_EDGE('',*,*,#16164,.T.);
#16164 = EDGE_CURVE('',#16135,#16017,#16165,.T.);
#16165 = SURFACE_CURVE('',#16166,(#16170,#16176),.PCURVE_S1.);
#16166 = LINE('',#16167,#16168);
#16167 = CARTESIAN_POINT('',(-45.22775038945,5.7105,19.424));
#16168 = VECTOR('',#16169,1.);
#16169 = DIRECTION('',(-1.,0.,0.));
#16170 = PCURVE('',#16039,#16171);
#16171 = DEFINITIONAL_REPRESENTATION('',(#16172),#16175);
#16172 = B_SPLINE_CURVE_WITH_KNOTS('',1,(#16173,#16174),.UNSPECIFIED.,
  .F.,.F.,(2,2),(-2.527750389452,7.472249610548),
  .PIECEWISE_BEZIER_KNOTS.);
#16173 = CARTESIAN_POINT('',(10.,-6.474));
#16174 = CARTESIAN_POINT('',(0.,-6.474));
#16175 = ( GEOMETRIC_REPRESENTATION_CONTEXT(2) 
PARAMETRIC_REPRESENTATION_CONTEXT() REPRESENTATION_CONTEXT('2D SPACE',''
  ) );
#16176 = PCURVE('',#16066,#16177);
#16177 = DEFINITIONAL_REPRESENTATION('',(#16178),#16181);
#16178 = B_SPLINE_CURVE_WITH_KNOTS('',1,(#16179,#16180),.UNSPECIFIED.,
  .F.,.F.,(2,2),(-2.527750389452,7.472249610548),
  .PIECEWISE_BEZIER_KNOTS.);
#16179 = CARTESIAN_POINT('',(-4.944499221097,4.7105));
#16180 = CARTESIAN_POINT('',(-14.94449922109,4.7105));
#16181 = ( GEOMETRIC_REPRESENTATION_CONTEXT(2) 
PARAMETRIC_REPRESENTATION_CONTEXT() REPRESENTATION_CONTEXT('2D SPACE',''
  ) );
#16182 = ORIENTED_EDGE('',*,*,#16016,.T.);
#16183 = ORIENTED_EDGE('',*,*,#16184,.T.);
#16184 = EDGE_CURVE('',#16019,#16137,#16185,.T.);
#16185 = SURFACE_CURVE('',#16186,(#16190,#16197),.PCURVE_S1.);
#16186 = LINE('',#16187,#16188);
#16187 = CARTESIAN_POINT('',(-52.7,5.7105,27.424));
#16188 = VECTOR('',#16189,1.);
#16189 = DIRECTION('',(1.,0.,0.));
#16190 = PCURVE('',#16039,#16191);
#16191 = DEFINITIONAL_REPRESENTATION('',(#16192),#16196);
#16192 = LINE('',#16193,#16194);
#16193 = CARTESIAN_POINT('',(0.,-14.474));
#16194 = VECTOR('',#16195,1.);
#16195 = DIRECTION('',(1.,0.));
#16196 = ( GEOMETRIC_REPRESENTATION_CONTEXT(2) 
PARAMETRIC_REPRESENTATION_CONTEXT() REPRESENTATION_CONTEXT('2D SPACE',''
  ) );
#16197 = PCURVE('',#16198,#16203);
#16198 = PLANE('',#16199);
#16199 = AXIS2_PLACEMENT_3D('',#16200,#16201,#16202);
#16200 = CARTESIAN_POINT('',(-52.7,5.2105,27.924));
#16201 = DIRECTION('',(0.,0.707106781187,0.707106781187));
#16202 = DIRECTION('',(-1.,-0.,0.));
#16203 = DEFINITIONAL_REPRESENTATION('',(#16204),#16208);
#16204 = LINE('',#16205,#16206);
#16205 = CARTESIAN_POINT('',(-0.,-0.707106781187));
#16206 = VECTOR('',#16207,1.);
#16207 = DIRECTION('',(-1.,0.));
#16208 = ( GEOMETRIC_REPRESENTATION_CONTEXT(2) 
PARAMETRIC_REPRESENTATION_CONTEXT() REPRESENTATION_CONTEXT('2D SPACE',''
  ) );
#16209 = ADVANCED_FACE('',(#16210),#16119,.T.);
#16210 = FACE_BOUND('',#16211,.F.);
#16211 = EDGE_LOOP('',(#16212,#16240,#16241,#16264));
#16212 = ORIENTED_EDGE('',*,*,#16213,.F.);
#16213 = EDGE_CURVE('',#16078,#16214,#16216,.T.);
#16214 = VERTEX_POINT('',#16215);
#16215 = CARTESIAN_POINT('',(-51.7,-2.7105,28.424));
#16216 = SURFACE_CURVE('',#16217,(#16221,#16228),.PCURVE_S1.);
#16217 = LINE('',#16218,#16219);
#16218 = CARTESIAN_POINT('',(-52.36666666666,-3.377166666667,
    27.757333333333));
#16219 = VECTOR('',#16220,1.);
#16220 = DIRECTION('',(0.57735026919,0.57735026919,0.57735026919));
#16221 = PCURVE('',#16119,#16222);
#16222 = DEFINITIONAL_REPRESENTATION('',(#16223),#16227);
#16223 = LINE('',#16224,#16225);
#16224 = CARTESIAN_POINT('',(-0.333333333333,-0.235702260396));
#16225 = VECTOR('',#16226,1.);
#16226 = DIRECTION('',(-0.57735026919,0.816496580928));
#16227 = ( GEOMETRIC_REPRESENTATION_CONTEXT(2) 
PARAMETRIC_REPRESENTATION_CONTEXT() REPRESENTATION_CONTEXT('2D SPACE',''
  ) );
#16228 = PCURVE('',#16229,#16234);
#16229 = PLANE('',#16230);
#16230 = AXIS2_PLACEMENT_3D('',#16231,#16232,#16233);
#16231 = CARTESIAN_POINT('',(-52.7,-3.2105,27.924));
#16232 = DIRECTION('',(0.,0.707106781187,-0.707106781187));
#16233 = DIRECTION('',(-1.,-0.,-0.));
#16234 = DEFINITIONAL_REPRESENTATION('',(#16235),#16239);
#16235 = LINE('',#16236,#16237);
#16236 = CARTESIAN_POINT('',(-0.333333333333,-0.235702260396));
#16237 = VECTOR('',#16238,1.);
#16238 = DIRECTION('',(-0.57735026919,0.816496580928));
#16239 = ( GEOMETRIC_REPRESENTATION_CONTEXT(2) 
PARAMETRIC_REPRESENTATION_CONTEXT() REPRESENTATION_CONTEXT('2D SPACE',''
  ) );
#16240 = ORIENTED_EDGE('',*,*,#16105,.T.);
#16241 = ORIENTED_EDGE('',*,*,#16242,.T.);
#16242 = EDGE_CURVE('',#16019,#16243,#16245,.T.);
#16243 = VERTEX_POINT('',#16244);
#16244 = CARTESIAN_POINT('',(-51.7,4.7105,28.424));
#16245 = SURFACE_CURVE('',#16246,(#16250,#16257),.PCURVE_S1.);
#16246 = LINE('',#16247,#16248);
#16247 = CARTESIAN_POINT('',(-50.7965,3.807,29.3275));
#16248 = VECTOR('',#16249,1.);
#16249 = DIRECTION('',(0.57735026919,-0.57735026919,0.57735026919));
#16250 = PCURVE('',#16119,#16251);
#16251 = DEFINITIONAL_REPRESENTATION('',(#16252),#16256);
#16252 = LINE('',#16253,#16254);
#16253 = CARTESIAN_POINT('',(-7.5175,1.984848734791));
#16254 = VECTOR('',#16255,1.);
#16255 = DIRECTION('',(0.57735026919,0.816496580928));
#16256 = ( GEOMETRIC_REPRESENTATION_CONTEXT(2) 
PARAMETRIC_REPRESENTATION_CONTEXT() REPRESENTATION_CONTEXT('2D SPACE',''
  ) );
#16257 = PCURVE('',#16198,#16258);
#16258 = DEFINITIONAL_REPRESENTATION('',(#16259),#16263);
#16259 = LINE('',#16260,#16261);
#16260 = CARTESIAN_POINT('',(-1.9035,1.984848734791));
#16261 = VECTOR('',#16262,1.);
#16262 = DIRECTION('',(-0.57735026919,0.816496580928));
#16263 = ( GEOMETRIC_REPRESENTATION_CONTEXT(2) 
PARAMETRIC_REPRESENTATION_CONTEXT() REPRESENTATION_CONTEXT('2D SPACE',''
  ) );
#16264 = ORIENTED_EDGE('',*,*,#16265,.F.);
#16265 = EDGE_CURVE('',#16214,#16243,#16266,.T.);
#16266 = SURFACE_CURVE('',#16267,(#16271,#16278),.PCURVE_S1.);
#16267 = LINE('',#16268,#16269);
#16268 = CARTESIAN_POINT('',(-51.7,-3.7105,28.424));
#16269 = VECTOR('',#16270,1.);
#16270 = DIRECTION('',(0.,1.,0.));
#16271 = PCURVE('',#16119,#16272);
#16272 = DEFINITIONAL_REPRESENTATION('',(#16273),#16277);
#16273 = LINE('',#16274,#16275);
#16274 = CARTESIAN_POINT('',(-0.,0.707106781187));
#16275 = VECTOR('',#16276,1.);
#16276 = DIRECTION('',(-1.,0.));
#16277 = ( GEOMETRIC_REPRESENTATION_CONTEXT(2) 
PARAMETRIC_REPRESENTATION_CONTEXT() REPRESENTATION_CONTEXT('2D SPACE',''
  ) );
#16278 = PCURVE('',#16279,#16284);
#16279 = PLANE('',#16280);
#16280 = AXIS2_PLACEMENT_3D('',#16281,#16282,#16283);
#16281 = CARTESIAN_POINT('',(-38.,1.,28.424));
#16282 = DIRECTION('',(0.,0.,1.));
#16283 = DIRECTION('',(1.,0.,0.));
#16284 = DEFINITIONAL_REPRESENTATION('',(#16285),#16289);
#16285 = LINE('',#16286,#16287);
#16286 = CARTESIAN_POINT('',(-13.7,-4.7105));
#16287 = VECTOR('',#16288,1.);
#16288 = DIRECTION('',(0.,1.));
#16289 = ( GEOMETRIC_REPRESENTATION_CONTEXT(2) 
PARAMETRIC_REPRESENTATION_CONTEXT() REPRESENTATION_CONTEXT('2D SPACE',''
  ) );
#16290 = ADVANCED_FACE('',(#16291,#16325),#16066,.T.);
#16291 = FACE_BOUND('',#16292,.T.);
#16292 = EDGE_LOOP('',(#16293));
#16293 = ORIENTED_EDGE('',*,*,#16294,.T.);
#16294 = EDGE_CURVE('',#16295,#16295,#16297,.T.);
#16295 = VERTEX_POINT('',#16296);
#16296 = CARTESIAN_POINT('',(-21.971,1.,19.424));
#16297 = SURFACE_CURVE('',#16298,(#16303,#16310),.PCURVE_S1.);
#16298 = ELLIPSE('',#16299,16.029,14.209);
#16299 = AXIS2_PLACEMENT_3D('',#16300,#16301,#16302);
#16300 = CARTESIAN_POINT('',(-38.,1.,19.424));
#16301 = DIRECTION('',(0.,0.,1.));
#16302 = DIRECTION('',(1.,0.,0.));
#16303 = PCURVE('',#16066,#16304);
#16304 = DEFINITIONAL_REPRESENTATION('',(#16305),#16309);
#16305 = ELLIPSE('',#16306,16.029,14.209);
#16306 = AXIS2_PLACEMENT_2D('',#16307,#16308);
#16307 = CARTESIAN_POINT('',(-0.244499221097,-1.251972527629E-16));
#16308 = DIRECTION('',(1.,0.));
#16309 = ( GEOMETRIC_REPRESENTATION_CONTEXT(2) 
PARAMETRIC_REPRESENTATION_CONTEXT() REPRESENTATION_CONTEXT('2D SPACE',''
  ) );
#16310 = PCURVE('',#16311,#16319);
#16311 = SURFACE_OF_LINEAR_EXTRUSION('',#16312,#16317);
#16312 = ELLIPSE('',#16313,16.029,14.209);
#16313 = AXIS2_PLACEMENT_3D('',#16314,#16315,#16316);
#16314 = CARTESIAN_POINT('',(-38.,1.,14.95));
#16315 = DIRECTION('',(0.,0.,1.));
#16316 = DIRECTION('',(1.,0.,0.));
#16317 = VECTOR('',#16318,1.);
#16318 = DIRECTION('',(-0.,-0.,-1.));
#16319 = DEFINITIONAL_REPRESENTATION('',(#16320),#16324);
#16320 = LINE('',#16321,#16322);
#16321 = CARTESIAN_POINT('',(0.,-4.474));
#16322 = VECTOR('',#16323,1.);
#16323 = DIRECTION('',(1.,0.));
#16324 = ( GEOMETRIC_REPRESENTATION_CONTEXT(2) 
PARAMETRIC_REPRESENTATION_CONTEXT() REPRESENTATION_CONTEXT('2D SPACE',''
  ) );
#16325 = FACE_BOUND('',#16326,.T.);
#16326 = EDGE_LOOP('',(#16327,#16328,#16329,#16350,#16376,#16402,#16428,
    #16454,#16480,#16506,#16532,#16558));
#16327 = ORIENTED_EDGE('',*,*,#16051,.F.);
#16328 = ORIENTED_EDGE('',*,*,#16164,.F.);
#16329 = ORIENTED_EDGE('',*,*,#16330,.F.);
#16330 = EDGE_CURVE('',#16331,#16135,#16333,.T.);
#16331 = VERTEX_POINT('',#16332);
#16332 = CARTESIAN_POINT('',(-42.7,14.2,19.424));
#16333 = SURFACE_CURVE('',#16334,(#16338,#16344),.PCURVE_S1.);
#16334 = LINE('',#16335,#16336);
#16335 = CARTESIAN_POINT('',(-42.7,3.35525,19.424));
#16336 = VECTOR('',#16337,1.);
#16337 = DIRECTION('',(0.,-1.,0.));
#16338 = PCURVE('',#16066,#16339);
#16339 = DEFINITIONAL_REPRESENTATION('',(#16340),#16343);
#16340 = B_SPLINE_CURVE_WITH_KNOTS('',1,(#16341,#16342),.UNSPECIFIED.,
  .F.,.F.,(2,2),(-10.84475,-2.35525),.PIECEWISE_BEZIER_KNOTS.);
#16341 = CARTESIAN_POINT('',(-4.944499221097,13.2));
#16342 = CARTESIAN_POINT('',(-4.944499221097,4.7105));
#16343 = ( GEOMETRIC_REPRESENTATION_CONTEXT(2) 
PARAMETRIC_REPRESENTATION_CONTEXT() REPRESENTATION_CONTEXT('2D SPACE',''
  ) );
#16344 = PCURVE('',#16152,#16345);
#16345 = DEFINITIONAL_REPRESENTATION('',(#16346),#16349);
#16346 = B_SPLINE_CURVE_WITH_KNOTS('',1,(#16347,#16348),.UNSPECIFIED.,
  .F.,.F.,(2,2),(-10.84475,-2.35525),.PIECEWISE_BEZIER_KNOTS.);
#16347 = CARTESIAN_POINT('',(8.4895,-6.474));
#16348 = CARTESIAN_POINT('',(0.,-6.474));
#16349 = ( GEOMETRIC_REPRESENTATION_CONTEXT(2) 
PARAMETRIC_REPRESENTATION_CONTEXT() REPRESENTATION_CONTEXT('2D SPACE',''
  ) );
#16350 = ORIENTED_EDGE('',*,*,#16351,.F.);
#16351 = EDGE_CURVE('',#16352,#16331,#16354,.T.);
#16352 = VERTEX_POINT('',#16353);
#16353 = CARTESIAN_POINT('',(-33.3,14.2,19.424));
#16354 = SURFACE_CURVE('',#16355,(#16359,#16365),.PCURVE_S1.);
#16355 = LINE('',#16356,#16357);
#16356 = CARTESIAN_POINT('',(-40.22775038945,14.2,19.424));
#16357 = VECTOR('',#16358,1.);
#16358 = DIRECTION('',(-1.,0.,0.));
#16359 = PCURVE('',#16066,#16360);
#16360 = DEFINITIONAL_REPRESENTATION('',(#16361),#16364);
#16361 = B_SPLINE_CURVE_WITH_KNOTS('',1,(#16362,#16363),.UNSPECIFIED.,
  .F.,.F.,(2,2),(-6.927750389452,2.472249610548),
  .PIECEWISE_BEZIER_KNOTS.);
#16362 = CARTESIAN_POINT('',(4.455500778903,13.2));
#16363 = CARTESIAN_POINT('',(-4.944499221097,13.2));
#16364 = ( GEOMETRIC_REPRESENTATION_CONTEXT(2) 
PARAMETRIC_REPRESENTATION_CONTEXT() REPRESENTATION_CONTEXT('2D SPACE',''
  ) );
#16365 = PCURVE('',#16366,#16371);
#16366 = PLANE('',#16367);
#16367 = AXIS2_PLACEMENT_3D('',#16368,#16369,#16370);
#16368 = CARTESIAN_POINT('',(-42.7,14.2,12.95));
#16369 = DIRECTION('',(0.,1.,0.));
#16370 = DIRECTION('',(1.,0.,0.));
#16371 = DEFINITIONAL_REPRESENTATION('',(#16372),#16375);
#16372 = B_SPLINE_CURVE_WITH_KNOTS('',1,(#16373,#16374),.UNSPECIFIED.,
  .F.,.F.,(2,2),(-6.927750389452,2.472249610548),
  .PIECEWISE_BEZIER_KNOTS.);
#16373 = CARTESIAN_POINT('',(9.4,-6.474));
#16374 = CARTESIAN_POINT('',(0.,-6.474));
#16375 = ( GEOMETRIC_REPRESENTATION_CONTEXT(2) 
PARAMETRIC_REPRESENTATION_CONTEXT() REPRESENTATION_CONTEXT('2D SPACE',''
  ) );
#16376 = ORIENTED_EDGE('',*,*,#16377,.T.);
#16377 = EDGE_CURVE('',#16352,#16378,#16380,.T.);
#16378 = VERTEX_POINT('',#16379);
#16379 = CARTESIAN_POINT('',(-33.3,5.7105,19.424));
#16380 = SURFACE_CURVE('',#16381,(#16385,#16391),.PCURVE_S1.);
#16381 = LINE('',#16382,#16383);
#16382 = CARTESIAN_POINT('',(-33.3,3.35525,19.424));
#16383 = VECTOR('',#16384,1.);
#16384 = DIRECTION('',(0.,-1.,0.));
#16385 = PCURVE('',#16066,#16386);
#16386 = DEFINITIONAL_REPRESENTATION('',(#16387),#16390);
#16387 = B_SPLINE_CURVE_WITH_KNOTS('',1,(#16388,#16389),.UNSPECIFIED.,
  .F.,.F.,(2,2),(-10.84475,-2.35525),.PIECEWISE_BEZIER_KNOTS.);
#16388 = CARTESIAN_POINT('',(4.455500778903,13.2));
#16389 = CARTESIAN_POINT('',(4.455500778903,4.7105));
#16390 = ( GEOMETRIC_REPRESENTATION_CONTEXT(2) 
PARAMETRIC_REPRESENTATION_CONTEXT() REPRESENTATION_CONTEXT('2D SPACE',''
  ) );
#16391 = PCURVE('',#16392,#16397);
#16392 = PLANE('',#16393);
#16393 = AXIS2_PLACEMENT_3D('',#16394,#16395,#16396);
#16394 = CARTESIAN_POINT('',(-33.3,5.7105,12.95));
#16395 = DIRECTION('',(-1.,0.,0.));
#16396 = DIRECTION('',(0.,1.,0.));
#16397 = DEFINITIONAL_REPRESENTATION('',(#16398),#16401);
#16398 = B_SPLINE_CURVE_WITH_KNOTS('',1,(#16399,#16400),.UNSPECIFIED.,
  .F.,.F.,(2,2),(-10.84475,-2.35525),.PIECEWISE_BEZIER_KNOTS.);
#16399 = CARTESIAN_POINT('',(8.4895,-6.474));
#16400 = CARTESIAN_POINT('',(0.,-6.474));
#16401 = ( GEOMETRIC_REPRESENTATION_CONTEXT(2) 
PARAMETRIC_REPRESENTATION_CONTEXT() REPRESENTATION_CONTEXT('2D SPACE',''
  ) );
#16402 = ORIENTED_EDGE('',*,*,#16403,.F.);
#16403 = EDGE_CURVE('',#16404,#16378,#16406,.T.);
#16404 = VERTEX_POINT('',#16405);
#16405 = CARTESIAN_POINT('',(-23.3,5.7105,19.424));
#16406 = SURFACE_CURVE('',#16407,(#16411,#16417),.PCURVE_S1.);
#16407 = LINE('',#16408,#16409);
#16408 = CARTESIAN_POINT('',(-35.52775038945,5.7105,19.424));
#16409 = VECTOR('',#16410,1.);
#16410 = DIRECTION('',(-1.,0.,0.));
#16411 = PCURVE('',#16066,#16412);
#16412 = DEFINITIONAL_REPRESENTATION('',(#16413),#16416);
#16413 = B_SPLINE_CURVE_WITH_KNOTS('',1,(#16414,#16415),.UNSPECIFIED.,
  .F.,.F.,(2,2),(-12.22775038945,-2.227750389452),
  .PIECEWISE_BEZIER_KNOTS.);
#16414 = CARTESIAN_POINT('',(14.455500778903,4.7105));
#16415 = CARTESIAN_POINT('',(4.455500778903,4.7105));
#16416 = ( GEOMETRIC_REPRESENTATION_CONTEXT(2) 
PARAMETRIC_REPRESENTATION_CONTEXT() REPRESENTATION_CONTEXT('2D SPACE',''
  ) );
#16417 = PCURVE('',#16418,#16423);
#16418 = PLANE('',#16419);
#16419 = AXIS2_PLACEMENT_3D('',#16420,#16421,#16422);
#16420 = CARTESIAN_POINT('',(-33.3,5.7105,12.95));
#16421 = DIRECTION('',(0.,1.,0.));
#16422 = DIRECTION('',(1.,0.,0.));
#16423 = DEFINITIONAL_REPRESENTATION('',(#16424),#16427);
#16424 = B_SPLINE_CURVE_WITH_KNOTS('',1,(#16425,#16426),.UNSPECIFIED.,
  .F.,.F.,(2,2),(-12.22775038945,-2.227750389452),
  .PIECEWISE_BEZIER_KNOTS.);
#16425 = CARTESIAN_POINT('',(10.,-6.474));
#16426 = CARTESIAN_POINT('',(0.,-6.474));
#16427 = ( GEOMETRIC_REPRESENTATION_CONTEXT(2) 
PARAMETRIC_REPRESENTATION_CONTEXT() REPRESENTATION_CONTEXT('2D SPACE',''
  ) );
#16428 = ORIENTED_EDGE('',*,*,#16429,.T.);
#16429 = EDGE_CURVE('',#16404,#16430,#16432,.T.);
#16430 = VERTEX_POINT('',#16431);
#16431 = CARTESIAN_POINT('',(-23.3,-3.7105,19.424));
#16432 = SURFACE_CURVE('',#16433,(#16437,#16443),.PCURVE_S1.);
#16433 = LINE('',#16434,#16435);
#16434 = CARTESIAN_POINT('',(-23.3,-1.35525,19.424));
#16435 = VECTOR('',#16436,1.);
#16436 = DIRECTION('',(0.,-1.,0.));
#16437 = PCURVE('',#16066,#16438);
#16438 = DEFINITIONAL_REPRESENTATION('',(#16439),#16442);
#16439 = B_SPLINE_CURVE_WITH_KNOTS('',1,(#16440,#16441),.UNSPECIFIED.,
  .F.,.F.,(2,2),(-7.06575,2.35525),.PIECEWISE_BEZIER_KNOTS.);
#16440 = CARTESIAN_POINT('',(14.455500778903,4.7105));
#16441 = CARTESIAN_POINT('',(14.455500778903,-4.7105));
#16442 = ( GEOMETRIC_REPRESENTATION_CONTEXT(2) 
PARAMETRIC_REPRESENTATION_CONTEXT() REPRESENTATION_CONTEXT('2D SPACE',''
  ) );
#16443 = PCURVE('',#16444,#16449);
#16444 = PLANE('',#16445);
#16445 = AXIS2_PLACEMENT_3D('',#16446,#16447,#16448);
#16446 = CARTESIAN_POINT('',(-23.3,-3.7105,12.95));
#16447 = DIRECTION('',(-1.,0.,0.));
#16448 = DIRECTION('',(0.,1.,0.));
#16449 = DEFINITIONAL_REPRESENTATION('',(#16450),#16453);
#16450 = B_SPLINE_CURVE_WITH_KNOTS('',1,(#16451,#16452),.UNSPECIFIED.,
  .F.,.F.,(2,2),(-7.06575,2.35525),.PIECEWISE_BEZIER_KNOTS.);
#16451 = CARTESIAN_POINT('',(9.421,-6.474));
#16452 = CARTESIAN_POINT('',(0.,-6.474));
#16453 = ( GEOMETRIC_REPRESENTATION_CONTEXT(2) 
PARAMETRIC_REPRESENTATION_CONTEXT() REPRESENTATION_CONTEXT('2D SPACE',''
  ) );
#16454 = ORIENTED_EDGE('',*,*,#16455,.T.);
#16455 = EDGE_CURVE('',#16430,#16456,#16458,.T.);
#16456 = VERTEX_POINT('',#16457);
#16457 = CARTESIAN_POINT('',(-33.3,-3.7105,19.424));
#16458 = SURFACE_CURVE('',#16459,(#16463,#16469),.PCURVE_S1.);
#16459 = LINE('',#16460,#16461);
#16460 = CARTESIAN_POINT('',(-35.52775038945,-3.7105,19.424));
#16461 = VECTOR('',#16462,1.);
#16462 = DIRECTION('',(-1.,0.,0.));
#16463 = PCURVE('',#16066,#16464);
#16464 = DEFINITIONAL_REPRESENTATION('',(#16465),#16468);
#16465 = B_SPLINE_CURVE_WITH_KNOTS('',1,(#16466,#16467),.UNSPECIFIED.,
  .F.,.F.,(2,2),(-12.22775038945,-2.227750389452),
  .PIECEWISE_BEZIER_KNOTS.);
#16466 = CARTESIAN_POINT('',(14.455500778903,-4.7105));
#16467 = CARTESIAN_POINT('',(4.455500778903,-4.7105));
#16468 = ( GEOMETRIC_REPRESENTATION_CONTEXT(2) 
PARAMETRIC_REPRESENTATION_CONTEXT() REPRESENTATION_CONTEXT('2D SPACE',''
  ) );
#16469 = PCURVE('',#16470,#16475);
#16470 = PLANE('',#16471);
#16471 = AXIS2_PLACEMENT_3D('',#16472,#16473,#16474);
#16472 = CARTESIAN_POINT('',(-33.3,-3.7105,12.95));
#16473 = DIRECTION('',(0.,1.,0.));
#16474 = DIRECTION('',(1.,0.,0.));
#16475 = DEFINITIONAL_REPRESENTATION('',(#16476),#16479);
#16476 = B_SPLINE_CURVE_WITH_KNOTS('',1,(#16477,#16478),.UNSPECIFIED.,
  .F.,.F.,(2,2),(-12.22775038945,-2.227750389452),
  .PIECEWISE_BEZIER_KNOTS.);
#16477 = CARTESIAN_POINT('',(10.,-6.474));
#16478 = CARTESIAN_POINT('',(0.,-6.474));
#16479 = ( GEOMETRIC_REPRESENTATION_CONTEXT(2) 
PARAMETRIC_REPRESENTATION_CONTEXT() REPRESENTATION_CONTEXT('2D SPACE',''
  ) );
#16480 = ORIENTED_EDGE('',*,*,#16481,.T.);
#16481 = EDGE_CURVE('',#16456,#16482,#16484,.T.);
#16482 = VERTEX_POINT('',#16483);
#16483 = CARTESIAN_POINT('',(-33.3,-12.2,19.424));
#16484 = SURFACE_CURVE('',#16485,(#16489,#16495),.PCURVE_S1.);
#16485 = LINE('',#16486,#16487);
#16486 = CARTESIAN_POINT('',(-33.3,-5.6,19.424));
#16487 = VECTOR('',#16488,1.);
#16488 = DIRECTION('',(0.,-1.,0.));
#16489 = PCURVE('',#16066,#16490);
#16490 = DEFINITIONAL_REPRESENTATION('',(#16491),#16494);
#16491 = B_SPLINE_CURVE_WITH_KNOTS('',1,(#16492,#16493),.UNSPECIFIED.,
  .F.,.F.,(2,2),(-1.8895,6.6),.PIECEWISE_BEZIER_KNOTS.);
#16492 = CARTESIAN_POINT('',(4.455500778903,-4.7105));
#16493 = CARTESIAN_POINT('',(4.455500778903,-13.2));
#16494 = ( GEOMETRIC_REPRESENTATION_CONTEXT(2) 
PARAMETRIC_REPRESENTATION_CONTEXT() REPRESENTATION_CONTEXT('2D SPACE',''
  ) );
#16495 = PCURVE('',#16496,#16501);
#16496 = PLANE('',#16497);
#16497 = AXIS2_PLACEMENT_3D('',#16498,#16499,#16500);
#16498 = CARTESIAN_POINT('',(-33.3,-12.2,12.95));
#16499 = DIRECTION('',(-1.,0.,0.));
#16500 = DIRECTION('',(0.,1.,0.));
#16501 = DEFINITIONAL_REPRESENTATION('',(#16502),#16505);
#16502 = B_SPLINE_CURVE_WITH_KNOTS('',1,(#16503,#16504),.UNSPECIFIED.,
  .F.,.F.,(2,2),(-1.8895,6.6),.PIECEWISE_BEZIER_KNOTS.);
#16503 = CARTESIAN_POINT('',(8.4895,-6.474));
#16504 = CARTESIAN_POINT('',(0.,-6.474));
#16505 = ( GEOMETRIC_REPRESENTATION_CONTEXT(2) 
PARAMETRIC_REPRESENTATION_CONTEXT() REPRESENTATION_CONTEXT('2D SPACE',''
  ) );
#16506 = ORIENTED_EDGE('',*,*,#16507,.T.);
#16507 = EDGE_CURVE('',#16482,#16508,#16510,.T.);
#16508 = VERTEX_POINT('',#16509);
#16509 = CARTESIAN_POINT('',(-42.7,-12.2,19.424));
#16510 = SURFACE_CURVE('',#16511,(#16515,#16521),.PCURVE_S1.);
#16511 = LINE('',#16512,#16513);
#16512 = CARTESIAN_POINT('',(-40.22775038945,-12.2,19.424));
#16513 = VECTOR('',#16514,1.);
#16514 = DIRECTION('',(-1.,0.,0.));
#16515 = PCURVE('',#16066,#16516);
#16516 = DEFINITIONAL_REPRESENTATION('',(#16517),#16520);
#16517 = B_SPLINE_CURVE_WITH_KNOTS('',1,(#16518,#16519),.UNSPECIFIED.,
  .F.,.F.,(2,2),(-6.927750389452,2.472249610548),
  .PIECEWISE_BEZIER_KNOTS.);
#16518 = CARTESIAN_POINT('',(4.455500778903,-13.2));
#16519 = CARTESIAN_POINT('',(-4.944499221097,-13.2));
#16520 = ( GEOMETRIC_REPRESENTATION_CONTEXT(2) 
PARAMETRIC_REPRESENTATION_CONTEXT() REPRESENTATION_CONTEXT('2D SPACE',''
  ) );
#16521 = PCURVE('',#16522,#16527);
#16522 = PLANE('',#16523);
#16523 = AXIS2_PLACEMENT_3D('',#16524,#16525,#16526);
#16524 = CARTESIAN_POINT('',(-42.7,-12.2,12.95));
#16525 = DIRECTION('',(0.,1.,0.));
#16526 = DIRECTION('',(1.,0.,0.));
#16527 = DEFINITIONAL_REPRESENTATION('',(#16528),#16531);
#16528 = B_SPLINE_CURVE_WITH_KNOTS('',1,(#16529,#16530),.UNSPECIFIED.,
  .F.,.F.,(2,2),(-6.927750389452,2.472249610548),
  .PIECEWISE_BEZIER_KNOTS.);
#16529 = CARTESIAN_POINT('',(9.4,-6.474));
#16530 = CARTESIAN_POINT('',(0.,-6.474));
#16531 = ( GEOMETRIC_REPRESENTATION_CONTEXT(2) 
PARAMETRIC_REPRESENTATION_CONTEXT() REPRESENTATION_CONTEXT('2D SPACE',''
  ) );
#16532 = ORIENTED_EDGE('',*,*,#16533,.F.);
#16533 = EDGE_CURVE('',#16534,#16508,#16536,.T.);
#16534 = VERTEX_POINT('',#16535);
#16535 = CARTESIAN_POINT('',(-42.7,-3.7105,19.424));
#16536 = SURFACE_CURVE('',#16537,(#16541,#16547),.PCURVE_S1.);
#16537 = LINE('',#16538,#16539);
#16538 = CARTESIAN_POINT('',(-42.7,-5.6,19.424));
#16539 = VECTOR('',#16540,1.);
#16540 = DIRECTION('',(0.,-1.,0.));
#16541 = PCURVE('',#16066,#16542);
#16542 = DEFINITIONAL_REPRESENTATION('',(#16543),#16546);
#16543 = B_SPLINE_CURVE_WITH_KNOTS('',1,(#16544,#16545),.UNSPECIFIED.,
  .F.,.F.,(2,2),(-1.8895,6.6),.PIECEWISE_BEZIER_KNOTS.);
#16544 = CARTESIAN_POINT('',(-4.944499221097,-4.7105));
#16545 = CARTESIAN_POINT('',(-4.944499221097,-13.2));
#16546 = ( GEOMETRIC_REPRESENTATION_CONTEXT(2) 
PARAMETRIC_REPRESENTATION_CONTEXT() REPRESENTATION_CONTEXT('2D SPACE',''
  ) );
#16547 = PCURVE('',#16548,#16553);
#16548 = PLANE('',#16549);
#16549 = AXIS2_PLACEMENT_3D('',#16550,#16551,#16552);
#16550 = CARTESIAN_POINT('',(-42.7,-12.2,12.95));
#16551 = DIRECTION('',(-1.,0.,0.));
#16552 = DIRECTION('',(0.,1.,0.));
#16553 = DEFINITIONAL_REPRESENTATION('',(#16554),#16557);
#16554 = B_SPLINE_CURVE_WITH_KNOTS('',1,(#16555,#16556),.UNSPECIFIED.,
  .F.,.F.,(2,2),(-1.8895,6.6),.PIECEWISE_BEZIER_KNOTS.);
#16555 = CARTESIAN_POINT('',(8.4895,-6.474));
#16556 = CARTESIAN_POINT('',(0.,-6.474));
#16557 = ( GEOMETRIC_REPRESENTATION_CONTEXT(2) 
PARAMETRIC_REPRESENTATION_CONTEXT() REPRESENTATION_CONTEXT('2D SPACE',''
  ) );
#16558 = ORIENTED_EDGE('',*,*,#16559,.T.);
#16559 = EDGE_CURVE('',#16534,#16052,#16560,.T.);
#16560 = SURFACE_CURVE('',#16561,(#16565,#16571),.PCURVE_S1.);
#16561 = LINE('',#16562,#16563);
#16562 = CARTESIAN_POINT('',(-45.22775038945,-3.7105,19.424));
#16563 = VECTOR('',#16564,1.);
#16564 = DIRECTION('',(-1.,0.,0.));
#16565 = PCURVE('',#16066,#16566);
#16566 = DEFINITIONAL_REPRESENTATION('',(#16567),#16570);
#16567 = B_SPLINE_CURVE_WITH_KNOTS('',1,(#16568,#16569),.UNSPECIFIED.,
  .F.,.F.,(2,2),(-2.527750389452,7.472249610548),
  .PIECEWISE_BEZIER_KNOTS.);
#16568 = CARTESIAN_POINT('',(-4.944499221097,-4.7105));
#16569 = CARTESIAN_POINT('',(-14.94449922109,-4.7105));
#16570 = ( GEOMETRIC_REPRESENTATION_CONTEXT(2) 
PARAMETRIC_REPRESENTATION_CONTEXT() REPRESENTATION_CONTEXT('2D SPACE',''
  ) );
#16571 = PCURVE('',#16093,#16572);
#16572 = DEFINITIONAL_REPRESENTATION('',(#16573),#16576);
#16573 = B_SPLINE_CURVE_WITH_KNOTS('',1,(#16574,#16575),.UNSPECIFIED.,
  .F.,.F.,(2,2),(-2.527750389452,7.472249610548),
  .PIECEWISE_BEZIER_KNOTS.);
#16574 = CARTESIAN_POINT('',(10.,-6.474));
#16575 = CARTESIAN_POINT('',(0.,-6.474));
#16576 = ( GEOMETRIC_REPRESENTATION_CONTEXT(2) 
PARAMETRIC_REPRESENTATION_CONTEXT() REPRESENTATION_CONTEXT('2D SPACE',''
  ) );
#16577 = ADVANCED_FACE('',(#16578),#16093,.F.);
#16578 = FACE_BOUND('',#16579,.F.);
#16579 = EDGE_LOOP('',(#16580,#16603,#16604,#16605));
#16580 = ORIENTED_EDGE('',*,*,#16581,.F.);
#16581 = EDGE_CURVE('',#16534,#16582,#16584,.T.);
#16582 = VERTEX_POINT('',#16583);
#16583 = CARTESIAN_POINT('',(-42.7,-3.7105,27.424));
#16584 = SURFACE_CURVE('',#16585,(#16589,#16596),.PCURVE_S1.);
#16585 = LINE('',#16586,#16587);
#16586 = CARTESIAN_POINT('',(-42.7,-3.7105,12.95));
#16587 = VECTOR('',#16588,1.);
#16588 = DIRECTION('',(0.,0.,1.));
#16589 = PCURVE('',#16093,#16590);
#16590 = DEFINITIONAL_REPRESENTATION('',(#16591),#16595);
#16591 = LINE('',#16592,#16593);
#16592 = CARTESIAN_POINT('',(10.,0.));
#16593 = VECTOR('',#16594,1.);
#16594 = DIRECTION('',(0.,-1.));
#16595 = ( GEOMETRIC_REPRESENTATION_CONTEXT(2) 
PARAMETRIC_REPRESENTATION_CONTEXT() REPRESENTATION_CONTEXT('2D SPACE',''
  ) );
#16596 = PCURVE('',#16548,#16597);
#16597 = DEFINITIONAL_REPRESENTATION('',(#16598),#16602);
#16598 = LINE('',#16599,#16600);
#16599 = CARTESIAN_POINT('',(8.4895,0.));
#16600 = VECTOR('',#16601,1.);
#16601 = DIRECTION('',(0.,-1.));
#16602 = ( GEOMETRIC_REPRESENTATION_CONTEXT(2) 
PARAMETRIC_REPRESENTATION_CONTEXT() REPRESENTATION_CONTEXT('2D SPACE',''
  ) );
#16603 = ORIENTED_EDGE('',*,*,#16559,.T.);
#16604 = ORIENTED_EDGE('',*,*,#16077,.T.);
#16605 = ORIENTED_EDGE('',*,*,#16606,.T.);
#16606 = EDGE_CURVE('',#16078,#16582,#16607,.T.);
#16607 = SURFACE_CURVE('',#16608,(#16612,#16619),.PCURVE_S1.);
#16608 = LINE('',#16609,#16610);
#16609 = CARTESIAN_POINT('',(-52.7,-3.7105,27.424));
#16610 = VECTOR('',#16611,1.);
#16611 = DIRECTION('',(1.,0.,0.));
#16612 = PCURVE('',#16093,#16613);
#16613 = DEFINITIONAL_REPRESENTATION('',(#16614),#16618);
#16614 = LINE('',#16615,#16616);
#16615 = CARTESIAN_POINT('',(0.,-14.474));
#16616 = VECTOR('',#16617,1.);
#16617 = DIRECTION('',(1.,0.));
#16618 = ( GEOMETRIC_REPRESENTATION_CONTEXT(2) 
PARAMETRIC_REPRESENTATION_CONTEXT() REPRESENTATION_CONTEXT('2D SPACE',''
  ) );
#16619 = PCURVE('',#16229,#16620);
#16620 = DEFINITIONAL_REPRESENTATION('',(#16621),#16625);
#16621 = LINE('',#16622,#16623);
#16622 = CARTESIAN_POINT('',(-0.,-0.707106781187));
#16623 = VECTOR('',#16624,1.);
#16624 = DIRECTION('',(-1.,0.));
#16625 = ( GEOMETRIC_REPRESENTATION_CONTEXT(2) 
PARAMETRIC_REPRESENTATION_CONTEXT() REPRESENTATION_CONTEXT('2D SPACE',''
  ) );
#16626 = ADVANCED_FACE('',(#16627),#16152,.T.);
#16627 = FACE_BOUND('',#16628,.T.);
#16628 = EDGE_LOOP('',(#16629,#16652,#16653,#16654));
#16629 = ORIENTED_EDGE('',*,*,#16630,.F.);
#16630 = EDGE_CURVE('',#16331,#16631,#16633,.T.);
#16631 = VERTEX_POINT('',#16632);
#16632 = CARTESIAN_POINT('',(-42.7,14.2,27.424));
#16633 = SURFACE_CURVE('',#16634,(#16638,#16645),.PCURVE_S1.);
#16634 = LINE('',#16635,#16636);
#16635 = CARTESIAN_POINT('',(-42.7,14.2,12.95));
#16636 = VECTOR('',#16637,1.);
#16637 = DIRECTION('',(0.,0.,1.));
#16638 = PCURVE('',#16152,#16639);
#16639 = DEFINITIONAL_REPRESENTATION('',(#16640),#16644);
#16640 = LINE('',#16641,#16642);
#16641 = CARTESIAN_POINT('',(8.4895,0.));
#16642 = VECTOR('',#16643,1.);
#16643 = DIRECTION('',(0.,-1.));
#16644 = ( GEOMETRIC_REPRESENTATION_CONTEXT(2) 
PARAMETRIC_REPRESENTATION_CONTEXT() REPRESENTATION_CONTEXT('2D SPACE',''
  ) );
#16645 = PCURVE('',#16366,#16646);
#16646 = DEFINITIONAL_REPRESENTATION('',(#16647),#16651);
#16647 = LINE('',#16648,#16649);
#16648 = CARTESIAN_POINT('',(0.,0.));
#16649 = VECTOR('',#16650,1.);
#16650 = DIRECTION('',(0.,-1.));
#16651 = ( GEOMETRIC_REPRESENTATION_CONTEXT(2) 
PARAMETRIC_REPRESENTATION_CONTEXT() REPRESENTATION_CONTEXT('2D SPACE',''
  ) );
#16652 = ORIENTED_EDGE('',*,*,#16330,.T.);
#16653 = ORIENTED_EDGE('',*,*,#16134,.T.);
#16654 = ORIENTED_EDGE('',*,*,#16655,.T.);
#16655 = EDGE_CURVE('',#16137,#16631,#16656,.T.);
#16656 = SURFACE_CURVE('',#16657,(#16661,#16668),.PCURVE_S1.);
#16657 = LINE('',#16658,#16659);
#16658 = CARTESIAN_POINT('',(-42.7,5.7105,27.424));
#16659 = VECTOR('',#16660,1.);
#16660 = DIRECTION('',(0.,1.,0.));
#16661 = PCURVE('',#16152,#16662);
#16662 = DEFINITIONAL_REPRESENTATION('',(#16663),#16667);
#16663 = LINE('',#16664,#16665);
#16664 = CARTESIAN_POINT('',(0.,-14.474));
#16665 = VECTOR('',#16666,1.);
#16666 = DIRECTION('',(1.,0.));
#16667 = ( GEOMETRIC_REPRESENTATION_CONTEXT(2) 
PARAMETRIC_REPRESENTATION_CONTEXT() REPRESENTATION_CONTEXT('2D SPACE',''
  ) );
#16668 = PCURVE('',#16669,#16674);
#16669 = PLANE('',#16670);
#16670 = AXIS2_PLACEMENT_3D('',#16671,#16672,#16673);
#16671 = CARTESIAN_POINT('',(-42.2,5.7105,27.924));
#16672 = DIRECTION('',(-0.707106781187,0.,0.707106781187));
#16673 = DIRECTION('',(-0.,-1.,-0.));
#16674 = DEFINITIONAL_REPRESENTATION('',(#16675),#16679);
#16675 = LINE('',#16676,#16677);
#16676 = CARTESIAN_POINT('',(-0.,-0.707106781187));
#16677 = VECTOR('',#16678,1.);
#16678 = DIRECTION('',(-1.,0.));
#16679 = ( GEOMETRIC_REPRESENTATION_CONTEXT(2) 
PARAMETRIC_REPRESENTATION_CONTEXT() REPRESENTATION_CONTEXT('2D SPACE',''
  ) );
#16680 = ADVANCED_FACE('',(#16681),#16198,.T.);
#16681 = FACE_BOUND('',#16682,.F.);
#16682 = EDGE_LOOP('',(#16683,#16684,#16685,#16708));
#16683 = ORIENTED_EDGE('',*,*,#16242,.F.);
#16684 = ORIENTED_EDGE('',*,*,#16184,.T.);
#16685 = ORIENTED_EDGE('',*,*,#16686,.T.);
#16686 = EDGE_CURVE('',#16137,#16687,#16689,.T.);
#16687 = VERTEX_POINT('',#16688);
#16688 = CARTESIAN_POINT('',(-41.7,4.7105,28.424));
#16689 = SURFACE_CURVE('',#16690,(#16694,#16701),.PCURVE_S1.);
#16690 = LINE('',#16691,#16692);
#16691 = CARTESIAN_POINT('',(-44.03333333333,7.043833333333,
    26.090666666667));
#16692 = VECTOR('',#16693,1.);
#16693 = DIRECTION('',(0.57735026919,-0.57735026919,0.57735026919));
#16694 = PCURVE('',#16198,#16695);
#16695 = DEFINITIONAL_REPRESENTATION('',(#16696),#16700);
#16696 = LINE('',#16697,#16698);
#16697 = CARTESIAN_POINT('',(-8.666666666667,-2.592724864351));
#16698 = VECTOR('',#16699,1.);
#16699 = DIRECTION('',(-0.57735026919,0.816496580928));
#16700 = ( GEOMETRIC_REPRESENTATION_CONTEXT(2) 
PARAMETRIC_REPRESENTATION_CONTEXT() REPRESENTATION_CONTEXT('2D SPACE',''
  ) );
#16701 = PCURVE('',#16669,#16702);
#16702 = DEFINITIONAL_REPRESENTATION('',(#16703),#16707);
#16703 = LINE('',#16704,#16705);
#16704 = CARTESIAN_POINT('',(-1.333333333333,-2.592724864351));
#16705 = VECTOR('',#16706,1.);
#16706 = DIRECTION('',(0.57735026919,0.816496580928));
#16707 = ( GEOMETRIC_REPRESENTATION_CONTEXT(2) 
PARAMETRIC_REPRESENTATION_CONTEXT() REPRESENTATION_CONTEXT('2D SPACE',''
  ) );
#16708 = ORIENTED_EDGE('',*,*,#16709,.F.);
#16709 = EDGE_CURVE('',#16243,#16687,#16710,.T.);
#16710 = SURFACE_CURVE('',#16711,(#16715,#16722),.PCURVE_S1.);
#16711 = LINE('',#16712,#16713);
#16712 = CARTESIAN_POINT('',(-52.7,4.7105,28.424));
#16713 = VECTOR('',#16714,1.);
#16714 = DIRECTION('',(1.,0.,0.));
#16715 = PCURVE('',#16198,#16716);
#16716 = DEFINITIONAL_REPRESENTATION('',(#16717),#16721);
#16717 = LINE('',#16718,#16719);
#16718 = CARTESIAN_POINT('',(-0.,0.707106781187));
#16719 = VECTOR('',#16720,1.);
#16720 = DIRECTION('',(-1.,0.));
#16721 = ( GEOMETRIC_REPRESENTATION_CONTEXT(2) 
PARAMETRIC_REPRESENTATION_CONTEXT() REPRESENTATION_CONTEXT('2D SPACE',''
  ) );
#16722 = PCURVE('',#16279,#16723);
#16723 = DEFINITIONAL_REPRESENTATION('',(#16724),#16728);
#16724 = LINE('',#16725,#16726);
#16725 = CARTESIAN_POINT('',(-14.7,3.7105));
#16726 = VECTOR('',#16727,1.);
#16727 = DIRECTION('',(1.,0.));
#16728 = ( GEOMETRIC_REPRESENTATION_CONTEXT(2) 
PARAMETRIC_REPRESENTATION_CONTEXT() REPRESENTATION_CONTEXT('2D SPACE',''
  ) );
#16729 = ADVANCED_FACE('',(#16730),#16229,.F.);
#16730 = FACE_BOUND('',#16731,.T.);
#16731 = EDGE_LOOP('',(#16732,#16733,#16734,#16762));
#16732 = ORIENTED_EDGE('',*,*,#16213,.F.);
#16733 = ORIENTED_EDGE('',*,*,#16606,.T.);
#16734 = ORIENTED_EDGE('',*,*,#16735,.T.);
#16735 = EDGE_CURVE('',#16582,#16736,#16738,.T.);
#16736 = VERTEX_POINT('',#16737);
#16737 = CARTESIAN_POINT('',(-41.7,-2.7105,28.424));
#16738 = SURFACE_CURVE('',#16739,(#16743,#16750),.PCURVE_S1.);
#16739 = LINE('',#16740,#16741);
#16740 = CARTESIAN_POINT('',(-45.44825,-6.45875,24.67575));
#16741 = VECTOR('',#16742,1.);
#16742 = DIRECTION('',(0.57735026919,0.57735026919,0.57735026919));
#16743 = PCURVE('',#16229,#16744);
#16744 = DEFINITIONAL_REPRESENTATION('',(#16745),#16749);
#16745 = LINE('',#16746,#16747);
#16746 = CARTESIAN_POINT('',(-7.25175,-4.593719203978));
#16747 = VECTOR('',#16748,1.);
#16748 = DIRECTION('',(-0.57735026919,0.816496580928));
#16749 = ( GEOMETRIC_REPRESENTATION_CONTEXT(2) 
PARAMETRIC_REPRESENTATION_CONTEXT() REPRESENTATION_CONTEXT('2D SPACE',''
  ) );
#16750 = PCURVE('',#16751,#16756);
#16751 = PLANE('',#16752);
#16752 = AXIS2_PLACEMENT_3D('',#16753,#16754,#16755);
#16753 = CARTESIAN_POINT('',(-42.2,-12.2,27.924));
#16754 = DIRECTION('',(-0.707106781187,0.,0.707106781187));
#16755 = DIRECTION('',(-0.,-1.,-0.));
#16756 = DEFINITIONAL_REPRESENTATION('',(#16757),#16761);
#16757 = LINE('',#16758,#16759);
#16758 = CARTESIAN_POINT('',(-5.74125,-4.593719203978));
#16759 = VECTOR('',#16760,1.);
#16760 = DIRECTION('',(-0.57735026919,0.816496580928));
#16761 = ( GEOMETRIC_REPRESENTATION_CONTEXT(2) 
PARAMETRIC_REPRESENTATION_CONTEXT() REPRESENTATION_CONTEXT('2D SPACE',''
  ) );
#16762 = ORIENTED_EDGE('',*,*,#16763,.F.);
#16763 = EDGE_CURVE('',#16214,#16736,#16764,.T.);
#16764 = SURFACE_CURVE('',#16765,(#16769,#16776),.PCURVE_S1.);
#16765 = LINE('',#16766,#16767);
#16766 = CARTESIAN_POINT('',(-52.7,-2.7105,28.424));
#16767 = VECTOR('',#16768,1.);
#16768 = DIRECTION('',(1.,0.,0.));
#16769 = PCURVE('',#16229,#16770);
#16770 = DEFINITIONAL_REPRESENTATION('',(#16771),#16775);
#16771 = LINE('',#16772,#16773);
#16772 = CARTESIAN_POINT('',(-0.,0.707106781187));
#16773 = VECTOR('',#16774,1.);
#16774 = DIRECTION('',(-1.,0.));
#16775 = ( GEOMETRIC_REPRESENTATION_CONTEXT(2) 
PARAMETRIC_REPRESENTATION_CONTEXT() REPRESENTATION_CONTEXT('2D SPACE',''
  ) );
#16776 = PCURVE('',#16279,#16777);
#16777 = DEFINITIONAL_REPRESENTATION('',(#16778),#16782);
#16778 = LINE('',#16779,#16780);
#16779 = CARTESIAN_POINT('',(-14.7,-3.7105));
#16780 = VECTOR('',#16781,1.);
#16781 = DIRECTION('',(1.,0.));
#16782 = ( GEOMETRIC_REPRESENTATION_CONTEXT(2) 
PARAMETRIC_REPRESENTATION_CONTEXT() REPRESENTATION_CONTEXT('2D SPACE',''
  ) );
#16783 = ADVANCED_FACE('',(#16784),#16279,.T.);
#16784 = FACE_BOUND('',#16785,.T.);
#16785 = EDGE_LOOP('',(#16786,#16787,#16788,#16811,#16839,#16867,#16895,
    #16923,#16951,#16979,#17007,#17028));
#16786 = ORIENTED_EDGE('',*,*,#16265,.F.);
#16787 = ORIENTED_EDGE('',*,*,#16763,.T.);
#16788 = ORIENTED_EDGE('',*,*,#16789,.F.);
#16789 = EDGE_CURVE('',#16790,#16736,#16792,.T.);
#16790 = VERTEX_POINT('',#16791);
#16791 = CARTESIAN_POINT('',(-41.7,-11.2,28.424));
#16792 = SURFACE_CURVE('',#16793,(#16797,#16804),.PCURVE_S1.);
#16793 = LINE('',#16794,#16795);
#16794 = CARTESIAN_POINT('',(-41.7,-12.2,28.424));
#16795 = VECTOR('',#16796,1.);
#16796 = DIRECTION('',(0.,1.,0.));
#16797 = PCURVE('',#16279,#16798);
#16798 = DEFINITIONAL_REPRESENTATION('',(#16799),#16803);
#16799 = LINE('',#16800,#16801);
#16800 = CARTESIAN_POINT('',(-3.7,-13.2));
#16801 = VECTOR('',#16802,1.);
#16802 = DIRECTION('',(0.,1.));
#16803 = ( GEOMETRIC_REPRESENTATION_CONTEXT(2) 
PARAMETRIC_REPRESENTATION_CONTEXT() REPRESENTATION_CONTEXT('2D SPACE',''
  ) );
#16804 = PCURVE('',#16751,#16805);
#16805 = DEFINITIONAL_REPRESENTATION('',(#16806),#16810);
#16806 = LINE('',#16807,#16808);
#16807 = CARTESIAN_POINT('',(-0.,0.707106781187));
#16808 = VECTOR('',#16809,1.);
#16809 = DIRECTION('',(-1.,0.));
#16810 = ( GEOMETRIC_REPRESENTATION_CONTEXT(2) 
PARAMETRIC_REPRESENTATION_CONTEXT() REPRESENTATION_CONTEXT('2D SPACE',''
  ) );
#16811 = ORIENTED_EDGE('',*,*,#16812,.T.);
#16812 = EDGE_CURVE('',#16790,#16813,#16815,.T.);
#16813 = VERTEX_POINT('',#16814);
#16814 = CARTESIAN_POINT('',(-34.3,-11.2,28.424));
#16815 = SURFACE_CURVE('',#16816,(#16820,#16827),.PCURVE_S1.);
#16816 = LINE('',#16817,#16818);
#16817 = CARTESIAN_POINT('',(-42.7,-11.2,28.424));
#16818 = VECTOR('',#16819,1.);
#16819 = DIRECTION('',(1.,0.,0.));
#16820 = PCURVE('',#16279,#16821);
#16821 = DEFINITIONAL_REPRESENTATION('',(#16822),#16826);
#16822 = LINE('',#16823,#16824);
#16823 = CARTESIAN_POINT('',(-4.7,-12.2));
#16824 = VECTOR('',#16825,1.);
#16825 = DIRECTION('',(1.,0.));
#16826 = ( GEOMETRIC_REPRESENTATION_CONTEXT(2) 
PARAMETRIC_REPRESENTATION_CONTEXT() REPRESENTATION_CONTEXT('2D SPACE',''
  ) );
#16827 = PCURVE('',#16828,#16833);
#16828 = PLANE('',#16829);
#16829 = AXIS2_PLACEMENT_3D('',#16830,#16831,#16832);
#16830 = CARTESIAN_POINT('',(-42.7,-11.7,27.924));
#16831 = DIRECTION('',(0.,0.707106781187,-0.707106781187));
#16832 = DIRECTION('',(-1.,-0.,-0.));
#16833 = DEFINITIONAL_REPRESENTATION('',(#16834),#16838);
#16834 = LINE('',#16835,#16836);
#16835 = CARTESIAN_POINT('',(-0.,0.707106781187));
#16836 = VECTOR('',#16837,1.);
#16837 = DIRECTION('',(-1.,0.));
#16838 = ( GEOMETRIC_REPRESENTATION_CONTEXT(2) 
PARAMETRIC_REPRESENTATION_CONTEXT() REPRESENTATION_CONTEXT('2D SPACE',''
  ) );
#16839 = ORIENTED_EDGE('',*,*,#16840,.T.);
#16840 = EDGE_CURVE('',#16813,#16841,#16843,.T.);
#16841 = VERTEX_POINT('',#16842);
#16842 = CARTESIAN_POINT('',(-34.3,-2.7105,28.424));
#16843 = SURFACE_CURVE('',#16844,(#16848,#16855),.PCURVE_S1.);
#16844 = LINE('',#16845,#16846);
#16845 = CARTESIAN_POINT('',(-34.3,-12.2,28.424));
#16846 = VECTOR('',#16847,1.);
#16847 = DIRECTION('',(0.,1.,0.));
#16848 = PCURVE('',#16279,#16849);
#16849 = DEFINITIONAL_REPRESENTATION('',(#16850),#16854);
#16850 = LINE('',#16851,#16852);
#16851 = CARTESIAN_POINT('',(3.7,-13.2));
#16852 = VECTOR('',#16853,1.);
#16853 = DIRECTION('',(0.,1.));
#16854 = ( GEOMETRIC_REPRESENTATION_CONTEXT(2) 
PARAMETRIC_REPRESENTATION_CONTEXT() REPRESENTATION_CONTEXT('2D SPACE',''
  ) );
#16855 = PCURVE('',#16856,#16861);
#16856 = PLANE('',#16857);
#16857 = AXIS2_PLACEMENT_3D('',#16858,#16859,#16860);
#16858 = CARTESIAN_POINT('',(-33.8,-12.2,27.924));
#16859 = DIRECTION('',(-0.707106781187,0.,-0.707106781187));
#16860 = DIRECTION('',(-0.,-1.,-0.));
#16861 = DEFINITIONAL_REPRESENTATION('',(#16862),#16866);
#16862 = LINE('',#16863,#16864);
#16863 = CARTESIAN_POINT('',(-0.,0.707106781187));
#16864 = VECTOR('',#16865,1.);
#16865 = DIRECTION('',(-1.,0.));
#16866 = ( GEOMETRIC_REPRESENTATION_CONTEXT(2) 
PARAMETRIC_REPRESENTATION_CONTEXT() REPRESENTATION_CONTEXT('2D SPACE',''
  ) );
#16867 = ORIENTED_EDGE('',*,*,#16868,.T.);
#16868 = EDGE_CURVE('',#16841,#16869,#16871,.T.);
#16869 = VERTEX_POINT('',#16870);
#16870 = CARTESIAN_POINT('',(-24.3,-2.7105,28.424));
#16871 = SURFACE_CURVE('',#16872,(#16876,#16883),.PCURVE_S1.);
#16872 = LINE('',#16873,#16874);
#16873 = CARTESIAN_POINT('',(-33.3,-2.7105,28.424));
#16874 = VECTOR('',#16875,1.);
#16875 = DIRECTION('',(1.,0.,0.));
#16876 = PCURVE('',#16279,#16877);
#16877 = DEFINITIONAL_REPRESENTATION('',(#16878),#16882);
#16878 = LINE('',#16879,#16880);
#16879 = CARTESIAN_POINT('',(4.7,-3.7105));
#16880 = VECTOR('',#16881,1.);
#16881 = DIRECTION('',(1.,0.));
#16882 = ( GEOMETRIC_REPRESENTATION_CONTEXT(2) 
PARAMETRIC_REPRESENTATION_CONTEXT() REPRESENTATION_CONTEXT('2D SPACE',''
  ) );
#16883 = PCURVE('',#16884,#16889);
#16884 = PLANE('',#16885);
#16885 = AXIS2_PLACEMENT_3D('',#16886,#16887,#16888);
#16886 = CARTESIAN_POINT('',(-33.3,-3.2105,27.924));
#16887 = DIRECTION('',(0.,0.707106781187,-0.707106781187));
#16888 = DIRECTION('',(-1.,-0.,-0.));
#16889 = DEFINITIONAL_REPRESENTATION('',(#16890),#16894);
#16890 = LINE('',#16891,#16892);
#16891 = CARTESIAN_POINT('',(-0.,0.707106781187));
#16892 = VECTOR('',#16893,1.);
#16893 = DIRECTION('',(-1.,0.));
#16894 = ( GEOMETRIC_REPRESENTATION_CONTEXT(2) 
PARAMETRIC_REPRESENTATION_CONTEXT() REPRESENTATION_CONTEXT('2D SPACE',''
  ) );
#16895 = ORIENTED_EDGE('',*,*,#16896,.T.);
#16896 = EDGE_CURVE('',#16869,#16897,#16899,.T.);
#16897 = VERTEX_POINT('',#16898);
#16898 = CARTESIAN_POINT('',(-24.3,4.7105,28.424));
#16899 = SURFACE_CURVE('',#16900,(#16904,#16911),.PCURVE_S1.);
#16900 = LINE('',#16901,#16902);
#16901 = CARTESIAN_POINT('',(-24.3,-3.7105,28.424));
#16902 = VECTOR('',#16903,1.);
#16903 = DIRECTION('',(0.,1.,0.));
#16904 = PCURVE('',#16279,#16905);
#16905 = DEFINITIONAL_REPRESENTATION('',(#16906),#16910);
#16906 = LINE('',#16907,#16908);
#16907 = CARTESIAN_POINT('',(13.7,-4.7105));
#16908 = VECTOR('',#16909,1.);
#16909 = DIRECTION('',(0.,1.));
#16910 = ( GEOMETRIC_REPRESENTATION_CONTEXT(2) 
PARAMETRIC_REPRESENTATION_CONTEXT() REPRESENTATION_CONTEXT('2D SPACE',''
  ) );
#16911 = PCURVE('',#16912,#16917);
#16912 = PLANE('',#16913);
#16913 = AXIS2_PLACEMENT_3D('',#16914,#16915,#16916);
#16914 = CARTESIAN_POINT('',(-23.8,-3.7105,27.924));
#16915 = DIRECTION('',(-0.707106781187,0.,-0.707106781187));
#16916 = DIRECTION('',(-0.,-1.,-0.));
#16917 = DEFINITIONAL_REPRESENTATION('',(#16918),#16922);
#16918 = LINE('',#16919,#16920);
#16919 = CARTESIAN_POINT('',(-0.,0.707106781187));
#16920 = VECTOR('',#16921,1.);
#16921 = DIRECTION('',(-1.,0.));
#16922 = ( GEOMETRIC_REPRESENTATION_CONTEXT(2) 
PARAMETRIC_REPRESENTATION_CONTEXT() REPRESENTATION_CONTEXT('2D SPACE',''
  ) );
#16923 = ORIENTED_EDGE('',*,*,#16924,.F.);
#16924 = EDGE_CURVE('',#16925,#16897,#16927,.T.);
#16925 = VERTEX_POINT('',#16926);
#16926 = CARTESIAN_POINT('',(-34.3,4.7105,28.424));
#16927 = SURFACE_CURVE('',#16928,(#16932,#16939),.PCURVE_S1.);
#16928 = LINE('',#16929,#16930);
#16929 = CARTESIAN_POINT('',(-33.3,4.7105,28.424));
#16930 = VECTOR('',#16931,1.);
#16931 = DIRECTION('',(1.,0.,0.));
#16932 = PCURVE('',#16279,#16933);
#16933 = DEFINITIONAL_REPRESENTATION('',(#16934),#16938);
#16934 = LINE('',#16935,#16936);
#16935 = CARTESIAN_POINT('',(4.7,3.7105));
#16936 = VECTOR('',#16937,1.);
#16937 = DIRECTION('',(1.,0.));
#16938 = ( GEOMETRIC_REPRESENTATION_CONTEXT(2) 
PARAMETRIC_REPRESENTATION_CONTEXT() REPRESENTATION_CONTEXT('2D SPACE',''
  ) );
#16939 = PCURVE('',#16940,#16945);
#16940 = PLANE('',#16941);
#16941 = AXIS2_PLACEMENT_3D('',#16942,#16943,#16944);
#16942 = CARTESIAN_POINT('',(-33.3,5.2105,27.924));
#16943 = DIRECTION('',(0.,0.707106781187,0.707106781187));
#16944 = DIRECTION('',(-1.,-0.,0.));
#16945 = DEFINITIONAL_REPRESENTATION('',(#16946),#16950);
#16946 = LINE('',#16947,#16948);
#16947 = CARTESIAN_POINT('',(-0.,0.707106781187));
#16948 = VECTOR('',#16949,1.);
#16949 = DIRECTION('',(-1.,0.));
#16950 = ( GEOMETRIC_REPRESENTATION_CONTEXT(2) 
PARAMETRIC_REPRESENTATION_CONTEXT() REPRESENTATION_CONTEXT('2D SPACE',''
  ) );
#16951 = ORIENTED_EDGE('',*,*,#16952,.T.);
#16952 = EDGE_CURVE('',#16925,#16953,#16955,.T.);
#16953 = VERTEX_POINT('',#16954);
#16954 = CARTESIAN_POINT('',(-34.3,13.2,28.424));
#16955 = SURFACE_CURVE('',#16956,(#16960,#16967),.PCURVE_S1.);
#16956 = LINE('',#16957,#16958);
#16957 = CARTESIAN_POINT('',(-34.3,5.7105,28.424));
#16958 = VECTOR('',#16959,1.);
#16959 = DIRECTION('',(0.,1.,0.));
#16960 = PCURVE('',#16279,#16961);
#16961 = DEFINITIONAL_REPRESENTATION('',(#16962),#16966);
#16962 = LINE('',#16963,#16964);
#16963 = CARTESIAN_POINT('',(3.7,4.7105));
#16964 = VECTOR('',#16965,1.);
#16965 = DIRECTION('',(0.,1.));
#16966 = ( GEOMETRIC_REPRESENTATION_CONTEXT(2) 
PARAMETRIC_REPRESENTATION_CONTEXT() REPRESENTATION_CONTEXT('2D SPACE',''
  ) );
#16967 = PCURVE('',#16968,#16973);
#16968 = PLANE('',#16969);
#16969 = AXIS2_PLACEMENT_3D('',#16970,#16971,#16972);
#16970 = CARTESIAN_POINT('',(-33.8,5.7105,27.924));
#16971 = DIRECTION('',(-0.707106781187,0.,-0.707106781187));
#16972 = DIRECTION('',(-0.,-1.,-0.));
#16973 = DEFINITIONAL_REPRESENTATION('',(#16974),#16978);
#16974 = LINE('',#16975,#16976);
#16975 = CARTESIAN_POINT('',(-0.,0.707106781187));
#16976 = VECTOR('',#16977,1.);
#16977 = DIRECTION('',(-1.,0.));
#16978 = ( GEOMETRIC_REPRESENTATION_CONTEXT(2) 
PARAMETRIC_REPRESENTATION_CONTEXT() REPRESENTATION_CONTEXT('2D SPACE',''
  ) );
#16979 = ORIENTED_EDGE('',*,*,#16980,.F.);
#16980 = EDGE_CURVE('',#16981,#16953,#16983,.T.);
#16981 = VERTEX_POINT('',#16982);
#16982 = CARTESIAN_POINT('',(-41.7,13.2,28.424));
#16983 = SURFACE_CURVE('',#16984,(#16988,#16995),.PCURVE_S1.);
#16984 = LINE('',#16985,#16986);
#16985 = CARTESIAN_POINT('',(-42.7,13.2,28.424));
#16986 = VECTOR('',#16987,1.);
#16987 = DIRECTION('',(1.,0.,0.));
#16988 = PCURVE('',#16279,#16989);
#16989 = DEFINITIONAL_REPRESENTATION('',(#16990),#16994);
#16990 = LINE('',#16991,#16992);
#16991 = CARTESIAN_POINT('',(-4.7,12.2));
#16992 = VECTOR('',#16993,1.);
#16993 = DIRECTION('',(1.,0.));
#16994 = ( GEOMETRIC_REPRESENTATION_CONTEXT(2) 
PARAMETRIC_REPRESENTATION_CONTEXT() REPRESENTATION_CONTEXT('2D SPACE',''
  ) );
#16995 = PCURVE('',#16996,#17001);
#16996 = PLANE('',#16997);
#16997 = AXIS2_PLACEMENT_3D('',#16998,#16999,#17000);
#16998 = CARTESIAN_POINT('',(-42.7,13.7,27.924));
#16999 = DIRECTION('',(0.,0.707106781187,0.707106781187));
#17000 = DIRECTION('',(-1.,-0.,0.));
#17001 = DEFINITIONAL_REPRESENTATION('',(#17002),#17006);
#17002 = LINE('',#17003,#17004);
#17003 = CARTESIAN_POINT('',(-0.,0.707106781187));
#17004 = VECTOR('',#17005,1.);
#17005 = DIRECTION('',(-1.,0.));
#17006 = ( GEOMETRIC_REPRESENTATION_CONTEXT(2) 
PARAMETRIC_REPRESENTATION_CONTEXT() REPRESENTATION_CONTEXT('2D SPACE',''
  ) );
#17007 = ORIENTED_EDGE('',*,*,#17008,.F.);
#17008 = EDGE_CURVE('',#16687,#16981,#17009,.T.);
#17009 = SURFACE_CURVE('',#17010,(#17014,#17021),.PCURVE_S1.);
#17010 = LINE('',#17011,#17012);
#17011 = CARTESIAN_POINT('',(-41.7,5.7105,28.424));
#17012 = VECTOR('',#17013,1.);
#17013 = DIRECTION('',(0.,1.,0.));
#17014 = PCURVE('',#16279,#17015);
#17015 = DEFINITIONAL_REPRESENTATION('',(#17016),#17020);
#17016 = LINE('',#17017,#17018);
#17017 = CARTESIAN_POINT('',(-3.7,4.7105));
#17018 = VECTOR('',#17019,1.);
#17019 = DIRECTION('',(0.,1.));
#17020 = ( GEOMETRIC_REPRESENTATION_CONTEXT(2) 
PARAMETRIC_REPRESENTATION_CONTEXT() REPRESENTATION_CONTEXT('2D SPACE',''
  ) );
#17021 = PCURVE('',#16669,#17022);
#17022 = DEFINITIONAL_REPRESENTATION('',(#17023),#17027);
#17023 = LINE('',#17024,#17025);
#17024 = CARTESIAN_POINT('',(-0.,0.707106781187));
#17025 = VECTOR('',#17026,1.);
#17026 = DIRECTION('',(-1.,0.));
#17027 = ( GEOMETRIC_REPRESENTATION_CONTEXT(2) 
PARAMETRIC_REPRESENTATION_CONTEXT() REPRESENTATION_CONTEXT('2D SPACE',''
  ) );
#17028 = ORIENTED_EDGE('',*,*,#16709,.F.);
#17029 = ADVANCED_FACE('',(#17030),#16311,.F.);
#17030 = FACE_BOUND('',#17031,.F.);
#17031 = EDGE_LOOP('',(#17032,#17055,#17056,#17057));
#17032 = ORIENTED_EDGE('',*,*,#17033,.T.);
#17033 = EDGE_CURVE('',#17034,#16295,#17036,.T.);
#17034 = VERTEX_POINT('',#17035);
#17035 = CARTESIAN_POINT('',(-21.971,1.,14.95));
#17036 = SEAM_CURVE('',#17037,(#17041,#17048),.PCURVE_S1.);
#17037 = LINE('',#17038,#17039);
#17038 = CARTESIAN_POINT('',(-21.971,1.,14.95));
#17039 = VECTOR('',#17040,1.);
#17040 = DIRECTION('',(0.,0.,1.));
#17041 = PCURVE('',#16311,#17042);
#17042 = DEFINITIONAL_REPRESENTATION('',(#17043),#17047);
#17043 = LINE('',#17044,#17045);
#17044 = CARTESIAN_POINT('',(0.,0.));
#17045 = VECTOR('',#17046,1.);
#17046 = DIRECTION('',(0.,-1.));
#17047 = ( GEOMETRIC_REPRESENTATION_CONTEXT(2) 
PARAMETRIC_REPRESENTATION_CONTEXT() REPRESENTATION_CONTEXT('2D SPACE',''
  ) );
#17048 = PCURVE('',#16311,#17049);
#17049 = DEFINITIONAL_REPRESENTATION('',(#17050),#17054);
#17050 = LINE('',#17051,#17052);
#17051 = CARTESIAN_POINT('',(6.28318530718,0.));
#17052 = VECTOR('',#17053,1.);
#17053 = DIRECTION('',(0.,-1.));
#17054 = ( GEOMETRIC_REPRESENTATION_CONTEXT(2) 
PARAMETRIC_REPRESENTATION_CONTEXT() REPRESENTATION_CONTEXT('2D SPACE',''
  ) );
#17055 = ORIENTED_EDGE('',*,*,#16294,.T.);
#17056 = ORIENTED_EDGE('',*,*,#17033,.F.);
#17057 = ORIENTED_EDGE('',*,*,#17058,.F.);
#17058 = EDGE_CURVE('',#17034,#17034,#17059,.T.);
#17059 = SURFACE_CURVE('',#17060,(#17065,#17072),.PCURVE_S1.);
#17060 = ELLIPSE('',#17061,16.029,14.209);
#17061 = AXIS2_PLACEMENT_3D('',#17062,#17063,#17064);
#17062 = CARTESIAN_POINT('',(-38.,1.,14.95));
#17063 = DIRECTION('',(0.,0.,1.));
#17064 = DIRECTION('',(1.,0.,0.));
#17065 = PCURVE('',#16311,#17066);
#17066 = DEFINITIONAL_REPRESENTATION('',(#17067),#17071);
#17067 = LINE('',#17068,#17069);
#17068 = CARTESIAN_POINT('',(0.,0.));
#17069 = VECTOR('',#17070,1.);
#17070 = DIRECTION('',(1.,0.));
#17071 = ( GEOMETRIC_REPRESENTATION_CONTEXT(2) 
PARAMETRIC_REPRESENTATION_CONTEXT() REPRESENTATION_CONTEXT('2D SPACE',''
  ) );
#17072 = PCURVE('',#17073,#17078);
#17073 = PLANE('',#17074);
#17074 = AXIS2_PLACEMENT_3D('',#17075,#17076,#17077);
#17075 = CARTESIAN_POINT('',(-37.7555007789,1.,14.95));
#17076 = DIRECTION('',(0.,0.,1.));
#17077 = DIRECTION('',(1.,0.,0.));
#17078 = DEFINITIONAL_REPRESENTATION('',(#17079),#17083);
#17079 = ELLIPSE('',#17080,16.029,14.209);
#17080 = AXIS2_PLACEMENT_2D('',#17081,#17082);
#17081 = CARTESIAN_POINT('',(-0.244499221097,-1.251972527629E-16));
#17082 = DIRECTION('',(1.,0.));
#17083 = ( GEOMETRIC_REPRESENTATION_CONTEXT(2) 
PARAMETRIC_REPRESENTATION_CONTEXT() REPRESENTATION_CONTEXT('2D SPACE',''
  ) );
#17084 = ADVANCED_FACE('',(#17085),#16548,.T.);
#17085 = FACE_BOUND('',#17086,.T.);
#17086 = EDGE_LOOP('',(#17087,#17088,#17089,#17112));
#17087 = ORIENTED_EDGE('',*,*,#16581,.F.);
#17088 = ORIENTED_EDGE('',*,*,#16533,.T.);
#17089 = ORIENTED_EDGE('',*,*,#17090,.T.);
#17090 = EDGE_CURVE('',#16508,#17091,#17093,.T.);
#17091 = VERTEX_POINT('',#17092);
#17092 = CARTESIAN_POINT('',(-42.7,-12.2,27.424));
#17093 = SURFACE_CURVE('',#17094,(#17098,#17105),.PCURVE_S1.);
#17094 = LINE('',#17095,#17096);
#17095 = CARTESIAN_POINT('',(-42.7,-12.2,12.95));
#17096 = VECTOR('',#17097,1.);
#17097 = DIRECTION('',(0.,0.,1.));
#17098 = PCURVE('',#16548,#17099);
#17099 = DEFINITIONAL_REPRESENTATION('',(#17100),#17104);
#17100 = LINE('',#17101,#17102);
#17101 = CARTESIAN_POINT('',(0.,0.));
#17102 = VECTOR('',#17103,1.);
#17103 = DIRECTION('',(0.,-1.));
#17104 = ( GEOMETRIC_REPRESENTATION_CONTEXT(2) 
PARAMETRIC_REPRESENTATION_CONTEXT() REPRESENTATION_CONTEXT('2D SPACE',''
  ) );
#17105 = PCURVE('',#16522,#17106);
#17106 = DEFINITIONAL_REPRESENTATION('',(#17107),#17111);
#17107 = LINE('',#17108,#17109);
#17108 = CARTESIAN_POINT('',(0.,0.));
#17109 = VECTOR('',#17110,1.);
#17110 = DIRECTION('',(0.,-1.));
#17111 = ( GEOMETRIC_REPRESENTATION_CONTEXT(2) 
PARAMETRIC_REPRESENTATION_CONTEXT() REPRESENTATION_CONTEXT('2D SPACE',''
  ) );
#17112 = ORIENTED_EDGE('',*,*,#17113,.T.);
#17113 = EDGE_CURVE('',#17091,#16582,#17114,.T.);
#17114 = SURFACE_CURVE('',#17115,(#17119,#17126),.PCURVE_S1.);
#17115 = LINE('',#17116,#17117);
#17116 = CARTESIAN_POINT('',(-42.7,-12.2,27.424));
#17117 = VECTOR('',#17118,1.);
#17118 = DIRECTION('',(0.,1.,0.));
#17119 = PCURVE('',#16548,#17120);
#17120 = DEFINITIONAL_REPRESENTATION('',(#17121),#17125);
#17121 = LINE('',#17122,#17123);
#17122 = CARTESIAN_POINT('',(0.,-14.474));
#17123 = VECTOR('',#17124,1.);
#17124 = DIRECTION('',(1.,0.));
#17125 = ( GEOMETRIC_REPRESENTATION_CONTEXT(2) 
PARAMETRIC_REPRESENTATION_CONTEXT() REPRESENTATION_CONTEXT('2D SPACE',''
  ) );
#17126 = PCURVE('',#16751,#17127);
#17127 = DEFINITIONAL_REPRESENTATION('',(#17128),#17132);
#17128 = LINE('',#17129,#17130);
#17129 = CARTESIAN_POINT('',(-0.,-0.707106781187));
#17130 = VECTOR('',#17131,1.);
#17131 = DIRECTION('',(-1.,0.));
#17132 = ( GEOMETRIC_REPRESENTATION_CONTEXT(2) 
PARAMETRIC_REPRESENTATION_CONTEXT() REPRESENTATION_CONTEXT('2D SPACE',''
  ) );
#17133 = ADVANCED_FACE('',(#17134),#16522,.F.);
#17134 = FACE_BOUND('',#17135,.F.);
#17135 = EDGE_LOOP('',(#17136,#17159,#17160,#17161));
#17136 = ORIENTED_EDGE('',*,*,#17137,.F.);
#17137 = EDGE_CURVE('',#16482,#17138,#17140,.T.);
#17138 = VERTEX_POINT('',#17139);
#17139 = CARTESIAN_POINT('',(-33.3,-12.2,27.424));
#17140 = SURFACE_CURVE('',#17141,(#17145,#17152),.PCURVE_S1.);
#17141 = LINE('',#17142,#17143);
#17142 = CARTESIAN_POINT('',(-33.3,-12.2,12.95));
#17143 = VECTOR('',#17144,1.);
#17144 = DIRECTION('',(0.,0.,1.));
#17145 = PCURVE('',#16522,#17146);
#17146 = DEFINITIONAL_REPRESENTATION('',(#17147),#17151);
#17147 = LINE('',#17148,#17149);
#17148 = CARTESIAN_POINT('',(9.4,0.));
#17149 = VECTOR('',#17150,1.);
#17150 = DIRECTION('',(0.,-1.));
#17151 = ( GEOMETRIC_REPRESENTATION_CONTEXT(2) 
PARAMETRIC_REPRESENTATION_CONTEXT() REPRESENTATION_CONTEXT('2D SPACE',''
  ) );
#17152 = PCURVE('',#16496,#17153);
#17153 = DEFINITIONAL_REPRESENTATION('',(#17154),#17158);
#17154 = LINE('',#17155,#17156);
#17155 = CARTESIAN_POINT('',(0.,0.));
#17156 = VECTOR('',#17157,1.);
#17157 = DIRECTION('',(0.,-1.));
#17158 = ( GEOMETRIC_REPRESENTATION_CONTEXT(2) 
PARAMETRIC_REPRESENTATION_CONTEXT() REPRESENTATION_CONTEXT('2D SPACE',''
  ) );
#17159 = ORIENTED_EDGE('',*,*,#16507,.T.);
#17160 = ORIENTED_EDGE('',*,*,#17090,.T.);
#17161 = ORIENTED_EDGE('',*,*,#17162,.T.);
#17162 = EDGE_CURVE('',#17091,#17138,#17163,.T.);
#17163 = SURFACE_CURVE('',#17164,(#17168,#17175),.PCURVE_S1.);
#17164 = LINE('',#17165,#17166);
#17165 = CARTESIAN_POINT('',(-42.7,-12.2,27.424));
#17166 = VECTOR('',#17167,1.);
#17167 = DIRECTION('',(1.,0.,0.));
#17168 = PCURVE('',#16522,#17169);
#17169 = DEFINITIONAL_REPRESENTATION('',(#17170),#17174);
#17170 = LINE('',#17171,#17172);
#17171 = CARTESIAN_POINT('',(0.,-14.474));
#17172 = VECTOR('',#17173,1.);
#17173 = DIRECTION('',(1.,0.));
#17174 = ( GEOMETRIC_REPRESENTATION_CONTEXT(2) 
PARAMETRIC_REPRESENTATION_CONTEXT() REPRESENTATION_CONTEXT('2D SPACE',''
  ) );
#17175 = PCURVE('',#16828,#17176);
#17176 = DEFINITIONAL_REPRESENTATION('',(#17177),#17181);
#17177 = LINE('',#17178,#17179);
#17178 = CARTESIAN_POINT('',(-0.,-0.707106781187));
#17179 = VECTOR('',#17180,1.);
#17180 = DIRECTION('',(-1.,0.));
#17181 = ( GEOMETRIC_REPRESENTATION_CONTEXT(2) 
PARAMETRIC_REPRESENTATION_CONTEXT() REPRESENTATION_CONTEXT('2D SPACE',''
  ) );
#17182 = ADVANCED_FACE('',(#17183),#16496,.F.);
#17183 = FACE_BOUND('',#17184,.F.);
#17184 = EDGE_LOOP('',(#17185,#17208,#17209,#17210));
#17185 = ORIENTED_EDGE('',*,*,#17186,.F.);
#17186 = EDGE_CURVE('',#16456,#17187,#17189,.T.);
#17187 = VERTEX_POINT('',#17188);
#17188 = CARTESIAN_POINT('',(-33.3,-3.7105,27.424));
#17189 = SURFACE_CURVE('',#17190,(#17194,#17201),.PCURVE_S1.);
#17190 = LINE('',#17191,#17192);
#17191 = CARTESIAN_POINT('',(-33.3,-3.7105,12.95));
#17192 = VECTOR('',#17193,1.);
#17193 = DIRECTION('',(0.,0.,1.));
#17194 = PCURVE('',#16496,#17195);
#17195 = DEFINITIONAL_REPRESENTATION('',(#17196),#17200);
#17196 = LINE('',#17197,#17198);
#17197 = CARTESIAN_POINT('',(8.4895,0.));
#17198 = VECTOR('',#17199,1.);
#17199 = DIRECTION('',(0.,-1.));
#17200 = ( GEOMETRIC_REPRESENTATION_CONTEXT(2) 
PARAMETRIC_REPRESENTATION_CONTEXT() REPRESENTATION_CONTEXT('2D SPACE',''
  ) );
#17201 = PCURVE('',#16470,#17202);
#17202 = DEFINITIONAL_REPRESENTATION('',(#17203),#17207);
#17203 = LINE('',#17204,#17205);
#17204 = CARTESIAN_POINT('',(0.,0.));
#17205 = VECTOR('',#17206,1.);
#17206 = DIRECTION('',(0.,-1.));
#17207 = ( GEOMETRIC_REPRESENTATION_CONTEXT(2) 
PARAMETRIC_REPRESENTATION_CONTEXT() REPRESENTATION_CONTEXT('2D SPACE',''
  ) );
#17208 = ORIENTED_EDGE('',*,*,#16481,.T.);
#17209 = ORIENTED_EDGE('',*,*,#17137,.T.);
#17210 = ORIENTED_EDGE('',*,*,#17211,.T.);
#17211 = EDGE_CURVE('',#17138,#17187,#17212,.T.);
#17212 = SURFACE_CURVE('',#17213,(#17217,#17224),.PCURVE_S1.);
#17213 = LINE('',#17214,#17215);
#17214 = CARTESIAN_POINT('',(-33.3,-12.2,27.424));
#17215 = VECTOR('',#17216,1.);
#17216 = DIRECTION('',(0.,1.,0.));
#17217 = PCURVE('',#16496,#17218);
#17218 = DEFINITIONAL_REPRESENTATION('',(#17219),#17223);
#17219 = LINE('',#17220,#17221);
#17220 = CARTESIAN_POINT('',(0.,-14.474));
#17221 = VECTOR('',#17222,1.);
#17222 = DIRECTION('',(1.,0.));
#17223 = ( GEOMETRIC_REPRESENTATION_CONTEXT(2) 
PARAMETRIC_REPRESENTATION_CONTEXT() REPRESENTATION_CONTEXT('2D SPACE',''
  ) );
#17224 = PCURVE('',#16856,#17225);
#17225 = DEFINITIONAL_REPRESENTATION('',(#17226),#17230);
#17226 = LINE('',#17227,#17228);
#17227 = CARTESIAN_POINT('',(-0.,-0.707106781187));
#17228 = VECTOR('',#17229,1.);
#17229 = DIRECTION('',(-1.,0.));
#17230 = ( GEOMETRIC_REPRESENTATION_CONTEXT(2) 
PARAMETRIC_REPRESENTATION_CONTEXT() REPRESENTATION_CONTEXT('2D SPACE',''
  ) );
#17231 = ADVANCED_FACE('',(#17232),#16470,.F.);
#17232 = FACE_BOUND('',#17233,.F.);
#17233 = EDGE_LOOP('',(#17234,#17257,#17258,#17259));
#17234 = ORIENTED_EDGE('',*,*,#17235,.F.);
#17235 = EDGE_CURVE('',#16430,#17236,#17238,.T.);
#17236 = VERTEX_POINT('',#17237);
#17237 = CARTESIAN_POINT('',(-23.3,-3.7105,27.424));
#17238 = SURFACE_CURVE('',#17239,(#17243,#17250),.PCURVE_S1.);
#17239 = LINE('',#17240,#17241);
#17240 = CARTESIAN_POINT('',(-23.3,-3.7105,12.95));
#17241 = VECTOR('',#17242,1.);
#17242 = DIRECTION('',(0.,0.,1.));
#17243 = PCURVE('',#16470,#17244);
#17244 = DEFINITIONAL_REPRESENTATION('',(#17245),#17249);
#17245 = LINE('',#17246,#17247);
#17246 = CARTESIAN_POINT('',(10.,0.));
#17247 = VECTOR('',#17248,1.);
#17248 = DIRECTION('',(0.,-1.));
#17249 = ( GEOMETRIC_REPRESENTATION_CONTEXT(2) 
PARAMETRIC_REPRESENTATION_CONTEXT() REPRESENTATION_CONTEXT('2D SPACE',''
  ) );
#17250 = PCURVE('',#16444,#17251);
#17251 = DEFINITIONAL_REPRESENTATION('',(#17252),#17256);
#17252 = LINE('',#17253,#17254);
#17253 = CARTESIAN_POINT('',(0.,0.));
#17254 = VECTOR('',#17255,1.);
#17255 = DIRECTION('',(0.,-1.));
#17256 = ( GEOMETRIC_REPRESENTATION_CONTEXT(2) 
PARAMETRIC_REPRESENTATION_CONTEXT() REPRESENTATION_CONTEXT('2D SPACE',''
  ) );
#17257 = ORIENTED_EDGE('',*,*,#16455,.T.);
#17258 = ORIENTED_EDGE('',*,*,#17186,.T.);
#17259 = ORIENTED_EDGE('',*,*,#17260,.T.);
#17260 = EDGE_CURVE('',#17187,#17236,#17261,.T.);
#17261 = SURFACE_CURVE('',#17262,(#17266,#17273),.PCURVE_S1.);
#17262 = LINE('',#17263,#17264);
#17263 = CARTESIAN_POINT('',(-33.3,-3.7105,27.424));
#17264 = VECTOR('',#17265,1.);
#17265 = DIRECTION('',(1.,0.,0.));
#17266 = PCURVE('',#16470,#17267);
#17267 = DEFINITIONAL_REPRESENTATION('',(#17268),#17272);
#17268 = LINE('',#17269,#17270);
#17269 = CARTESIAN_POINT('',(0.,-14.474));
#17270 = VECTOR('',#17271,1.);
#17271 = DIRECTION('',(1.,0.));
#17272 = ( GEOMETRIC_REPRESENTATION_CONTEXT(2) 
PARAMETRIC_REPRESENTATION_CONTEXT() REPRESENTATION_CONTEXT('2D SPACE',''
  ) );
#17273 = PCURVE('',#16884,#17274);
#17274 = DEFINITIONAL_REPRESENTATION('',(#17275),#17279);
#17275 = LINE('',#17276,#17277);
#17276 = CARTESIAN_POINT('',(-0.,-0.707106781187));
#17277 = VECTOR('',#17278,1.);
#17278 = DIRECTION('',(-1.,0.));
#17279 = ( GEOMETRIC_REPRESENTATION_CONTEXT(2) 
PARAMETRIC_REPRESENTATION_CONTEXT() REPRESENTATION_CONTEXT('2D SPACE',''
  ) );
#17280 = ADVANCED_FACE('',(#17281),#16444,.F.);
#17281 = FACE_BOUND('',#17282,.F.);
#17282 = EDGE_LOOP('',(#17283,#17306,#17307,#17308));
#17283 = ORIENTED_EDGE('',*,*,#17284,.F.);
#17284 = EDGE_CURVE('',#16404,#17285,#17287,.T.);
#17285 = VERTEX_POINT('',#17286);
#17286 = CARTESIAN_POINT('',(-23.3,5.7105,27.424));
#17287 = SURFACE_CURVE('',#17288,(#17292,#17299),.PCURVE_S1.);
#17288 = LINE('',#17289,#17290);
#17289 = CARTESIAN_POINT('',(-23.3,5.7105,12.95));
#17290 = VECTOR('',#17291,1.);
#17291 = DIRECTION('',(0.,0.,1.));
#17292 = PCURVE('',#16444,#17293);
#17293 = DEFINITIONAL_REPRESENTATION('',(#17294),#17298);
#17294 = LINE('',#17295,#17296);
#17295 = CARTESIAN_POINT('',(9.421,0.));
#17296 = VECTOR('',#17297,1.);
#17297 = DIRECTION('',(0.,-1.));
#17298 = ( GEOMETRIC_REPRESENTATION_CONTEXT(2) 
PARAMETRIC_REPRESENTATION_CONTEXT() REPRESENTATION_CONTEXT('2D SPACE',''
  ) );
#17299 = PCURVE('',#16418,#17300);
#17300 = DEFINITIONAL_REPRESENTATION('',(#17301),#17305);
#17301 = LINE('',#17302,#17303);
#17302 = CARTESIAN_POINT('',(10.,0.));
#17303 = VECTOR('',#17304,1.);
#17304 = DIRECTION('',(0.,-1.));
#17305 = ( GEOMETRIC_REPRESENTATION_CONTEXT(2) 
PARAMETRIC_REPRESENTATION_CONTEXT() REPRESENTATION_CONTEXT('2D SPACE',''
  ) );
#17306 = ORIENTED_EDGE('',*,*,#16429,.T.);
#17307 = ORIENTED_EDGE('',*,*,#17235,.T.);
#17308 = ORIENTED_EDGE('',*,*,#17309,.T.);
#17309 = EDGE_CURVE('',#17236,#17285,#17310,.T.);
#17310 = SURFACE_CURVE('',#17311,(#17315,#17322),.PCURVE_S1.);
#17311 = LINE('',#17312,#17313);
#17312 = CARTESIAN_POINT('',(-23.3,-3.7105,27.424));
#17313 = VECTOR('',#17314,1.);
#17314 = DIRECTION('',(0.,1.,0.));
#17315 = PCURVE('',#16444,#17316);
#17316 = DEFINITIONAL_REPRESENTATION('',(#17317),#17321);
#17317 = LINE('',#17318,#17319);
#17318 = CARTESIAN_POINT('',(0.,-14.474));
#17319 = VECTOR('',#17320,1.);
#17320 = DIRECTION('',(1.,0.));
#17321 = ( GEOMETRIC_REPRESENTATION_CONTEXT(2) 
PARAMETRIC_REPRESENTATION_CONTEXT() REPRESENTATION_CONTEXT('2D SPACE',''
  ) );
#17322 = PCURVE('',#16912,#17323);
#17323 = DEFINITIONAL_REPRESENTATION('',(#17324),#17328);
#17324 = LINE('',#17325,#17326);
#17325 = CARTESIAN_POINT('',(-0.,-0.707106781187));
#17326 = VECTOR('',#17327,1.);
#17327 = DIRECTION('',(-1.,0.));
#17328 = ( GEOMETRIC_REPRESENTATION_CONTEXT(2) 
PARAMETRIC_REPRESENTATION_CONTEXT() REPRESENTATION_CONTEXT('2D SPACE',''
  ) );
#17329 = ADVANCED_FACE('',(#17330),#16418,.T.);
#17330 = FACE_BOUND('',#17331,.T.);
#17331 = EDGE_LOOP('',(#17332,#17333,#17334,#17357));
#17332 = ORIENTED_EDGE('',*,*,#17284,.F.);
#17333 = ORIENTED_EDGE('',*,*,#16403,.T.);
#17334 = ORIENTED_EDGE('',*,*,#17335,.T.);
#17335 = EDGE_CURVE('',#16378,#17336,#17338,.T.);
#17336 = VERTEX_POINT('',#17337);
#17337 = CARTESIAN_POINT('',(-33.3,5.7105,27.424));
#17338 = SURFACE_CURVE('',#17339,(#17343,#17350),.PCURVE_S1.);
#17339 = LINE('',#17340,#17341);
#17340 = CARTESIAN_POINT('',(-33.3,5.7105,12.95));
#17341 = VECTOR('',#17342,1.);
#17342 = DIRECTION('',(0.,0.,1.));
#17343 = PCURVE('',#16418,#17344);
#17344 = DEFINITIONAL_REPRESENTATION('',(#17345),#17349);
#17345 = LINE('',#17346,#17347);
#17346 = CARTESIAN_POINT('',(0.,0.));
#17347 = VECTOR('',#17348,1.);
#17348 = DIRECTION('',(0.,-1.));
#17349 = ( GEOMETRIC_REPRESENTATION_CONTEXT(2) 
PARAMETRIC_REPRESENTATION_CONTEXT() REPRESENTATION_CONTEXT('2D SPACE',''
  ) );
#17350 = PCURVE('',#16392,#17351);
#17351 = DEFINITIONAL_REPRESENTATION('',(#17352),#17356);
#17352 = LINE('',#17353,#17354);
#17353 = CARTESIAN_POINT('',(0.,0.));
#17354 = VECTOR('',#17355,1.);
#17355 = DIRECTION('',(0.,-1.));
#17356 = ( GEOMETRIC_REPRESENTATION_CONTEXT(2) 
PARAMETRIC_REPRESENTATION_CONTEXT() REPRESENTATION_CONTEXT('2D SPACE',''
  ) );
#17357 = ORIENTED_EDGE('',*,*,#17358,.T.);
#17358 = EDGE_CURVE('',#17336,#17285,#17359,.T.);
#17359 = SURFACE_CURVE('',#17360,(#17364,#17371),.PCURVE_S1.);
#17360 = LINE('',#17361,#17362);
#17361 = CARTESIAN_POINT('',(-33.3,5.7105,27.424));
#17362 = VECTOR('',#17363,1.);
#17363 = DIRECTION('',(1.,0.,0.));
#17364 = PCURVE('',#16418,#17365);
#17365 = DEFINITIONAL_REPRESENTATION('',(#17366),#17370);
#17366 = LINE('',#17367,#17368);
#17367 = CARTESIAN_POINT('',(0.,-14.474));
#17368 = VECTOR('',#17369,1.);
#17369 = DIRECTION('',(1.,0.));
#17370 = ( GEOMETRIC_REPRESENTATION_CONTEXT(2) 
PARAMETRIC_REPRESENTATION_CONTEXT() REPRESENTATION_CONTEXT('2D SPACE',''
  ) );
#17371 = PCURVE('',#16940,#17372);
#17372 = DEFINITIONAL_REPRESENTATION('',(#17373),#17377);
#17373 = LINE('',#17374,#17375);
#17374 = CARTESIAN_POINT('',(-0.,-0.707106781187));
#17375 = VECTOR('',#17376,1.);
#17376 = DIRECTION('',(-1.,0.));
#17377 = ( GEOMETRIC_REPRESENTATION_CONTEXT(2) 
PARAMETRIC_REPRESENTATION_CONTEXT() REPRESENTATION_CONTEXT('2D SPACE',''
  ) );
#17378 = ADVANCED_FACE('',(#17379),#16392,.F.);
#17379 = FACE_BOUND('',#17380,.F.);
#17380 = EDGE_LOOP('',(#17381,#17404,#17405,#17406));
#17381 = ORIENTED_EDGE('',*,*,#17382,.F.);
#17382 = EDGE_CURVE('',#16352,#17383,#17385,.T.);
#17383 = VERTEX_POINT('',#17384);
#17384 = CARTESIAN_POINT('',(-33.3,14.2,27.424));
#17385 = SURFACE_CURVE('',#17386,(#17390,#17397),.PCURVE_S1.);
#17386 = LINE('',#17387,#17388);
#17387 = CARTESIAN_POINT('',(-33.3,14.2,12.95));
#17388 = VECTOR('',#17389,1.);
#17389 = DIRECTION('',(0.,0.,1.));
#17390 = PCURVE('',#16392,#17391);
#17391 = DEFINITIONAL_REPRESENTATION('',(#17392),#17396);
#17392 = LINE('',#17393,#17394);
#17393 = CARTESIAN_POINT('',(8.4895,0.));
#17394 = VECTOR('',#17395,1.);
#17395 = DIRECTION('',(0.,-1.));
#17396 = ( GEOMETRIC_REPRESENTATION_CONTEXT(2) 
PARAMETRIC_REPRESENTATION_CONTEXT() REPRESENTATION_CONTEXT('2D SPACE',''
  ) );
#17397 = PCURVE('',#16366,#17398);
#17398 = DEFINITIONAL_REPRESENTATION('',(#17399),#17403);
#17399 = LINE('',#17400,#17401);
#17400 = CARTESIAN_POINT('',(9.4,0.));
#17401 = VECTOR('',#17402,1.);
#17402 = DIRECTION('',(0.,-1.));
#17403 = ( GEOMETRIC_REPRESENTATION_CONTEXT(2) 
PARAMETRIC_REPRESENTATION_CONTEXT() REPRESENTATION_CONTEXT('2D SPACE',''
  ) );
#17404 = ORIENTED_EDGE('',*,*,#16377,.T.);
#17405 = ORIENTED_EDGE('',*,*,#17335,.T.);
#17406 = ORIENTED_EDGE('',*,*,#17407,.T.);
#17407 = EDGE_CURVE('',#17336,#17383,#17408,.T.);
#17408 = SURFACE_CURVE('',#17409,(#17413,#17420),.PCURVE_S1.);
#17409 = LINE('',#17410,#17411);
#17410 = CARTESIAN_POINT('',(-33.3,5.7105,27.424));
#17411 = VECTOR('',#17412,1.);
#17412 = DIRECTION('',(0.,1.,0.));
#17413 = PCURVE('',#16392,#17414);
#17414 = DEFINITIONAL_REPRESENTATION('',(#17415),#17419);
#17415 = LINE('',#17416,#17417);
#17416 = CARTESIAN_POINT('',(0.,-14.474));
#17417 = VECTOR('',#17418,1.);
#17418 = DIRECTION('',(1.,0.));
#17419 = ( GEOMETRIC_REPRESENTATION_CONTEXT(2) 
PARAMETRIC_REPRESENTATION_CONTEXT() REPRESENTATION_CONTEXT('2D SPACE',''
  ) );
#17420 = PCURVE('',#16968,#17421);
#17421 = DEFINITIONAL_REPRESENTATION('',(#17422),#17426);
#17422 = LINE('',#17423,#17424);
#17423 = CARTESIAN_POINT('',(-0.,-0.707106781187));
#17424 = VECTOR('',#17425,1.);
#17425 = DIRECTION('',(-1.,0.));
#17426 = ( GEOMETRIC_REPRESENTATION_CONTEXT(2) 
PARAMETRIC_REPRESENTATION_CONTEXT() REPRESENTATION_CONTEXT('2D SPACE',''
  ) );
#17427 = ADVANCED_FACE('',(#17428),#16366,.T.);
#17428 = FACE_BOUND('',#17429,.T.);
#17429 = EDGE_LOOP('',(#17430,#17431,#17432,#17433));
#17430 = ORIENTED_EDGE('',*,*,#17382,.F.);
#17431 = ORIENTED_EDGE('',*,*,#16351,.T.);
#17432 = ORIENTED_EDGE('',*,*,#16630,.T.);
#17433 = ORIENTED_EDGE('',*,*,#17434,.T.);
#17434 = EDGE_CURVE('',#16631,#17383,#17435,.T.);
#17435 = SURFACE_CURVE('',#17436,(#17440,#17447),.PCURVE_S1.);
#17436 = LINE('',#17437,#17438);
#17437 = CARTESIAN_POINT('',(-42.7,14.2,27.424));
#17438 = VECTOR('',#17439,1.);
#17439 = DIRECTION('',(1.,0.,0.));
#17440 = PCURVE('',#16366,#17441);
#17441 = DEFINITIONAL_REPRESENTATION('',(#17442),#17446);
#17442 = LINE('',#17443,#17444);
#17443 = CARTESIAN_POINT('',(0.,-14.474));
#17444 = VECTOR('',#17445,1.);
#17445 = DIRECTION('',(1.,0.));
#17446 = ( GEOMETRIC_REPRESENTATION_CONTEXT(2) 
PARAMETRIC_REPRESENTATION_CONTEXT() REPRESENTATION_CONTEXT('2D SPACE',''
  ) );
#17447 = PCURVE('',#16996,#17448);
#17448 = DEFINITIONAL_REPRESENTATION('',(#17449),#17453);
#17449 = LINE('',#17450,#17451);
#17450 = CARTESIAN_POINT('',(-0.,-0.707106781187));
#17451 = VECTOR('',#17452,1.);
#17452 = DIRECTION('',(-1.,0.));
#17453 = ( GEOMETRIC_REPRESENTATION_CONTEXT(2) 
PARAMETRIC_REPRESENTATION_CONTEXT() REPRESENTATION_CONTEXT('2D SPACE',''
  ) );
#17454 = ADVANCED_FACE('',(#17455),#16669,.T.);
#17455 = FACE_BOUND('',#17456,.F.);
#17456 = EDGE_LOOP('',(#17457,#17458,#17459,#17480));
#17457 = ORIENTED_EDGE('',*,*,#16686,.F.);
#17458 = ORIENTED_EDGE('',*,*,#16655,.T.);
#17459 = ORIENTED_EDGE('',*,*,#17460,.T.);
#17460 = EDGE_CURVE('',#16631,#16981,#17461,.T.);
#17461 = SURFACE_CURVE('',#17462,(#17466,#17473),.PCURVE_S1.);
#17462 = LINE('',#17463,#17464);
#17463 = CARTESIAN_POINT('',(-40.95175,12.45175,29.17225));
#17464 = VECTOR('',#17465,1.);
#17465 = DIRECTION('',(0.57735026919,-0.57735026919,0.57735026919));
#17466 = PCURVE('',#16669,#17467);
#17467 = DEFINITIONAL_REPRESENTATION('',(#17468),#17472);
#17468 = LINE('',#17469,#17470);
#17469 = CARTESIAN_POINT('',(-6.74125,1.765292079232));
#17470 = VECTOR('',#17471,1.);
#17471 = DIRECTION('',(0.57735026919,0.816496580928));
#17472 = ( GEOMETRIC_REPRESENTATION_CONTEXT(2) 
PARAMETRIC_REPRESENTATION_CONTEXT() REPRESENTATION_CONTEXT('2D SPACE',''
  ) );
#17473 = PCURVE('',#16996,#17474);
#17474 = DEFINITIONAL_REPRESENTATION('',(#17475),#17479);
#17475 = LINE('',#17476,#17477);
#17476 = CARTESIAN_POINT('',(-1.74825,1.765292079232));
#17477 = VECTOR('',#17478,1.);
#17478 = DIRECTION('',(-0.57735026919,0.816496580928));
#17479 = ( GEOMETRIC_REPRESENTATION_CONTEXT(2) 
PARAMETRIC_REPRESENTATION_CONTEXT() REPRESENTATION_CONTEXT('2D SPACE',''
  ) );
#17480 = ORIENTED_EDGE('',*,*,#17008,.F.);
#17481 = ADVANCED_FACE('',(#17482),#16751,.T.);
#17482 = FACE_BOUND('',#17483,.F.);
#17483 = EDGE_LOOP('',(#17484,#17505,#17506,#17507));
#17484 = ORIENTED_EDGE('',*,*,#17485,.F.);
#17485 = EDGE_CURVE('',#17091,#16790,#17486,.T.);
#17486 = SURFACE_CURVE('',#17487,(#17491,#17498),.PCURVE_S1.);
#17487 = LINE('',#17488,#17489);
#17488 = CARTESIAN_POINT('',(-42.36666666666,-11.86666666666,
    27.757333333333));
#17489 = VECTOR('',#17490,1.);
#17490 = DIRECTION('',(0.57735026919,0.57735026919,0.57735026919));
#17491 = PCURVE('',#16751,#17492);
#17492 = DEFINITIONAL_REPRESENTATION('',(#17493),#17497);
#17493 = LINE('',#17494,#17495);
#17494 = CARTESIAN_POINT('',(-0.333333333333,-0.235702260396));
#17495 = VECTOR('',#17496,1.);
#17496 = DIRECTION('',(-0.57735026919,0.816496580928));
#17497 = ( GEOMETRIC_REPRESENTATION_CONTEXT(2) 
PARAMETRIC_REPRESENTATION_CONTEXT() REPRESENTATION_CONTEXT('2D SPACE',''
  ) );
#17498 = PCURVE('',#16828,#17499);
#17499 = DEFINITIONAL_REPRESENTATION('',(#17500),#17504);
#17500 = LINE('',#17501,#17502);
#17501 = CARTESIAN_POINT('',(-0.333333333333,-0.235702260396));
#17502 = VECTOR('',#17503,1.);
#17503 = DIRECTION('',(-0.57735026919,0.816496580928));
#17504 = ( GEOMETRIC_REPRESENTATION_CONTEXT(2) 
PARAMETRIC_REPRESENTATION_CONTEXT() REPRESENTATION_CONTEXT('2D SPACE',''
  ) );
#17505 = ORIENTED_EDGE('',*,*,#17113,.T.);
#17506 = ORIENTED_EDGE('',*,*,#16735,.T.);
#17507 = ORIENTED_EDGE('',*,*,#16789,.F.);
#17508 = ADVANCED_FACE('',(#17509),#16828,.F.);
#17509 = FACE_BOUND('',#17510,.T.);
#17510 = EDGE_LOOP('',(#17511,#17512,#17513,#17534));
#17511 = ORIENTED_EDGE('',*,*,#17485,.F.);
#17512 = ORIENTED_EDGE('',*,*,#17162,.T.);
#17513 = ORIENTED_EDGE('',*,*,#17514,.T.);
#17514 = EDGE_CURVE('',#17138,#16813,#17515,.T.);
#17515 = SURFACE_CURVE('',#17516,(#17520,#17527),.PCURVE_S1.);
#17516 = LINE('',#17517,#17518);
#17517 = CARTESIAN_POINT('',(-35.2,-10.3,29.324));
#17518 = VECTOR('',#17519,1.);
#17519 = DIRECTION('',(-0.57735026919,0.57735026919,0.57735026919));
#17520 = PCURVE('',#16828,#17521);
#17521 = DEFINITIONAL_REPRESENTATION('',(#17522),#17526);
#17522 = LINE('',#17523,#17524);
#17523 = CARTESIAN_POINT('',(-7.5,1.979898987322));
#17524 = VECTOR('',#17525,1.);
#17525 = DIRECTION('',(0.57735026919,0.816496580928));
#17526 = ( GEOMETRIC_REPRESENTATION_CONTEXT(2) 
PARAMETRIC_REPRESENTATION_CONTEXT() REPRESENTATION_CONTEXT('2D SPACE',''
  ) );
#17527 = PCURVE('',#16856,#17528);
#17528 = DEFINITIONAL_REPRESENTATION('',(#17529),#17533);
#17529 = LINE('',#17530,#17531);
#17530 = CARTESIAN_POINT('',(-1.9,1.979898987322));
#17531 = VECTOR('',#17532,1.);
#17532 = DIRECTION('',(-0.57735026919,0.816496580928));
#17533 = ( GEOMETRIC_REPRESENTATION_CONTEXT(2) 
PARAMETRIC_REPRESENTATION_CONTEXT() REPRESENTATION_CONTEXT('2D SPACE',''
  ) );
#17534 = ORIENTED_EDGE('',*,*,#16812,.F.);
#17535 = ADVANCED_FACE('',(#17536),#16996,.T.);
#17536 = FACE_BOUND('',#17537,.F.);
#17537 = EDGE_LOOP('',(#17538,#17539,#17540,#17561));
#17538 = ORIENTED_EDGE('',*,*,#17460,.F.);
#17539 = ORIENTED_EDGE('',*,*,#17434,.T.);
#17540 = ORIENTED_EDGE('',*,*,#17541,.T.);
#17541 = EDGE_CURVE('',#17383,#16953,#17542,.T.);
#17542 = SURFACE_CURVE('',#17543,(#17547,#17554),.PCURVE_S1.);
#17543 = LINE('',#17544,#17545);
#17544 = CARTESIAN_POINT('',(-36.61491666666,10.885083333333,
    30.738916666667));
#17545 = VECTOR('',#17546,1.);
#17546 = DIRECTION('',(-0.57735026919,-0.57735026919,0.57735026919));
#17547 = PCURVE('',#16996,#17548);
#17548 = DEFINITIONAL_REPRESENTATION('',(#17549),#17553);
#17549 = LINE('',#17550,#17551);
#17550 = CARTESIAN_POINT('',(-6.085083333333,3.98089332695));
#17551 = VECTOR('',#17552,1.);
#17552 = DIRECTION('',(0.57735026919,0.816496580928));
#17553 = ( GEOMETRIC_REPRESENTATION_CONTEXT(2) 
PARAMETRIC_REPRESENTATION_CONTEXT() REPRESENTATION_CONTEXT('2D SPACE',''
  ) );
#17554 = PCURVE('',#16968,#17555);
#17555 = DEFINITIONAL_REPRESENTATION('',(#17556),#17560);
#17556 = LINE('',#17557,#17558);
#17557 = CARTESIAN_POINT('',(-5.174583333333,3.98089332695));
#17558 = VECTOR('',#17559,1.);
#17559 = DIRECTION('',(0.57735026919,0.816496580928));
#17560 = ( GEOMETRIC_REPRESENTATION_CONTEXT(2) 
PARAMETRIC_REPRESENTATION_CONTEXT() REPRESENTATION_CONTEXT('2D SPACE',''
  ) );
#17561 = ORIENTED_EDGE('',*,*,#16980,.F.);
#17562 = ADVANCED_FACE('',(#17563),#16856,.F.);
#17563 = FACE_BOUND('',#17564,.T.);
#17564 = EDGE_LOOP('',(#17565,#17566,#17567,#17588));
#17565 = ORIENTED_EDGE('',*,*,#17514,.F.);
#17566 = ORIENTED_EDGE('',*,*,#17211,.T.);
#17567 = ORIENTED_EDGE('',*,*,#17568,.T.);
#17568 = EDGE_CURVE('',#17187,#16841,#17569,.T.);
#17569 = SURFACE_CURVE('',#17570,(#17574,#17581),.PCURVE_S1.);
#17570 = LINE('',#17571,#17572);
#17571 = CARTESIAN_POINT('',(-32.21841666666,-4.792083333333,
    26.342416666667));
#17572 = VECTOR('',#17573,1.);
#17573 = DIRECTION('',(-0.57735026919,0.57735026919,0.57735026919));
#17574 = PCURVE('',#16856,#17575);
#17575 = DEFINITIONAL_REPRESENTATION('',(#17576),#17580);
#17576 = LINE('',#17577,#17578);
#17577 = CARTESIAN_POINT('',(-7.407916666667,-2.236696600023));
#17578 = VECTOR('',#17579,1.);
#17579 = DIRECTION('',(-0.57735026919,0.816496580928));
#17580 = ( GEOMETRIC_REPRESENTATION_CONTEXT(2) 
PARAMETRIC_REPRESENTATION_CONTEXT() REPRESENTATION_CONTEXT('2D SPACE',''
  ) );
#17581 = PCURVE('',#16884,#17582);
#17582 = DEFINITIONAL_REPRESENTATION('',(#17583),#17587);
#17583 = LINE('',#17584,#17585);
#17584 = CARTESIAN_POINT('',(-1.081583333333,-2.236696600023));
#17585 = VECTOR('',#17586,1.);
#17586 = DIRECTION('',(0.57735026919,0.816496580928));
#17587 = ( GEOMETRIC_REPRESENTATION_CONTEXT(2) 
PARAMETRIC_REPRESENTATION_CONTEXT() REPRESENTATION_CONTEXT('2D SPACE',''
  ) );
#17588 = ORIENTED_EDGE('',*,*,#16840,.F.);
#17589 = ADVANCED_FACE('',(#17590),#16968,.F.);
#17590 = FACE_BOUND('',#17591,.T.);
#17591 = EDGE_LOOP('',(#17592,#17613,#17614,#17615));
#17592 = ORIENTED_EDGE('',*,*,#17593,.F.);
#17593 = EDGE_CURVE('',#17336,#16925,#17594,.T.);
#17594 = SURFACE_CURVE('',#17595,(#17599,#17606),.PCURVE_S1.);
#17595 = LINE('',#17596,#17597);
#17596 = CARTESIAN_POINT('',(-33.63333333333,5.377166666667,
    27.757333333333));
#17597 = VECTOR('',#17598,1.);
#17598 = DIRECTION('',(-0.57735026919,-0.57735026919,0.57735026919));
#17599 = PCURVE('',#16968,#17600);
#17600 = DEFINITIONAL_REPRESENTATION('',(#17601),#17605);
#17601 = LINE('',#17602,#17603);
#17602 = CARTESIAN_POINT('',(0.333333333333,-0.235702260396));
#17603 = VECTOR('',#17604,1.);
#17604 = DIRECTION('',(0.57735026919,0.816496580928));
#17605 = ( GEOMETRIC_REPRESENTATION_CONTEXT(2) 
PARAMETRIC_REPRESENTATION_CONTEXT() REPRESENTATION_CONTEXT('2D SPACE',''
  ) );
#17606 = PCURVE('',#16940,#17607);
#17607 = DEFINITIONAL_REPRESENTATION('',(#17608),#17612);
#17608 = LINE('',#17609,#17610);
#17609 = CARTESIAN_POINT('',(0.333333333333,-0.235702260396));
#17610 = VECTOR('',#17611,1.);
#17611 = DIRECTION('',(0.57735026919,0.816496580928));
#17612 = ( GEOMETRIC_REPRESENTATION_CONTEXT(2) 
PARAMETRIC_REPRESENTATION_CONTEXT() REPRESENTATION_CONTEXT('2D SPACE',''
  ) );
#17613 = ORIENTED_EDGE('',*,*,#17407,.T.);
#17614 = ORIENTED_EDGE('',*,*,#17541,.T.);
#17615 = ORIENTED_EDGE('',*,*,#16952,.F.);
#17616 = ADVANCED_FACE('',(#17617),#16884,.F.);
#17617 = FACE_BOUND('',#17618,.T.);
#17618 = EDGE_LOOP('',(#17619,#17620,#17621,#17642));
#17619 = ORIENTED_EDGE('',*,*,#17568,.F.);
#17620 = ORIENTED_EDGE('',*,*,#17260,.T.);
#17621 = ORIENTED_EDGE('',*,*,#17622,.T.);
#17622 = EDGE_CURVE('',#17236,#16869,#17623,.T.);
#17623 = SURFACE_CURVE('',#17624,(#17628,#17635),.PCURVE_S1.);
#17624 = LINE('',#17625,#17626);
#17625 = CARTESIAN_POINT('',(-25.3,-1.7105,29.424));
#17626 = VECTOR('',#17627,1.);
#17627 = DIRECTION('',(-0.57735026919,0.57735026919,0.57735026919));
#17628 = PCURVE('',#16884,#17629);
#17629 = DEFINITIONAL_REPRESENTATION('',(#17630),#17634);
#17630 = LINE('',#17631,#17632);
#17631 = CARTESIAN_POINT('',(-8.,2.12132034356));
#17632 = VECTOR('',#17633,1.);
#17633 = DIRECTION('',(0.57735026919,0.816496580928));
#17634 = ( GEOMETRIC_REPRESENTATION_CONTEXT(2) 
PARAMETRIC_REPRESENTATION_CONTEXT() REPRESENTATION_CONTEXT('2D SPACE',''
  ) );
#17635 = PCURVE('',#16912,#17636);
#17636 = DEFINITIONAL_REPRESENTATION('',(#17637),#17641);
#17637 = LINE('',#17638,#17639);
#17638 = CARTESIAN_POINT('',(-2.,2.12132034356));
#17639 = VECTOR('',#17640,1.);
#17640 = DIRECTION('',(-0.57735026919,0.816496580928));
#17641 = ( GEOMETRIC_REPRESENTATION_CONTEXT(2) 
PARAMETRIC_REPRESENTATION_CONTEXT() REPRESENTATION_CONTEXT('2D SPACE',''
  ) );
#17642 = ORIENTED_EDGE('',*,*,#16868,.F.);
#17643 = ADVANCED_FACE('',(#17644),#16940,.T.);
#17644 = FACE_BOUND('',#17645,.F.);
#17645 = EDGE_LOOP('',(#17646,#17647,#17648,#17669));
#17646 = ORIENTED_EDGE('',*,*,#17593,.F.);
#17647 = ORIENTED_EDGE('',*,*,#17358,.T.);
#17648 = ORIENTED_EDGE('',*,*,#17649,.T.);
#17649 = EDGE_CURVE('',#17285,#16897,#17650,.T.);
#17650 = SURFACE_CURVE('',#17651,(#17655,#17662),.PCURVE_S1.);
#17651 = LINE('',#17652,#17653);
#17652 = CARTESIAN_POINT('',(-26.87016666666,2.140333333333,
    30.994166666667));
#17653 = VECTOR('',#17654,1.);
#17654 = DIRECTION('',(-0.57735026919,-0.57735026919,0.57735026919));
#17655 = PCURVE('',#16940,#17656);
#17656 = DEFINITIONAL_REPRESENTATION('',(#17657),#17661);
#17657 = LINE('',#17658,#17659);
#17658 = CARTESIAN_POINT('',(-6.429833333333,4.341871338746));
#17659 = VECTOR('',#17660,1.);
#17660 = DIRECTION('',(0.57735026919,0.816496580928));
#17661 = ( GEOMETRIC_REPRESENTATION_CONTEXT(2) 
PARAMETRIC_REPRESENTATION_CONTEXT() REPRESENTATION_CONTEXT('2D SPACE',''
  ) );
#17662 = PCURVE('',#16912,#17663);
#17663 = DEFINITIONAL_REPRESENTATION('',(#17664),#17668);
#17664 = LINE('',#17665,#17666);
#17665 = CARTESIAN_POINT('',(-5.850833333333,4.341871338746));
#17666 = VECTOR('',#17667,1.);
#17667 = DIRECTION('',(0.57735026919,0.816496580928));
#17668 = ( GEOMETRIC_REPRESENTATION_CONTEXT(2) 
PARAMETRIC_REPRESENTATION_CONTEXT() REPRESENTATION_CONTEXT('2D SPACE',''
  ) );
#17669 = ORIENTED_EDGE('',*,*,#16924,.F.);
#17670 = ADVANCED_FACE('',(#17671),#16912,.F.);
#17671 = FACE_BOUND('',#17672,.T.);
#17672 = EDGE_LOOP('',(#17673,#17674,#17675,#17676));
#17673 = ORIENTED_EDGE('',*,*,#17622,.F.);
#17674 = ORIENTED_EDGE('',*,*,#17309,.T.);
#17675 = ORIENTED_EDGE('',*,*,#17649,.T.);
#17676 = ORIENTED_EDGE('',*,*,#16896,.F.);
#17677 = ADVANCED_FACE('',(#17678,#17681),#17073,.F.);
#17678 = FACE_BOUND('',#17679,.F.);
#17679 = EDGE_LOOP('',(#17680));
#17680 = ORIENTED_EDGE('',*,*,#17058,.T.);
#17681 = FACE_BOUND('',#17682,.F.);
#17682 = EDGE_LOOP('',(#17683,#17711,#17737,#17763,#17789,#17815,#17841,
    #17867,#17893,#17919,#17945,#17971));
#17683 = ORIENTED_EDGE('',*,*,#17684,.F.);
#17684 = EDGE_CURVE('',#17685,#17687,#17689,.T.);
#17685 = VERTEX_POINT('',#17686);
#17686 = CARTESIAN_POINT('',(-52.7,5.7105,14.95));
#17687 = VERTEX_POINT('',#17688);
#17688 = CARTESIAN_POINT('',(-52.7,-3.7105,14.95));
#17689 = SURFACE_CURVE('',#17690,(#17694,#17700),.PCURVE_S1.);
#17690 = LINE('',#17691,#17692);
#17691 = CARTESIAN_POINT('',(-52.7,-1.35525,14.95));
#17692 = VECTOR('',#17693,1.);
#17693 = DIRECTION('',(0.,-1.,0.));
#17694 = PCURVE('',#17073,#17695);
#17695 = DEFINITIONAL_REPRESENTATION('',(#17696),#17699);
#17696 = B_SPLINE_CURVE_WITH_KNOTS('',1,(#17697,#17698),.UNSPECIFIED.,
  .F.,.F.,(2,2),(-7.06575,2.35525),.PIECEWISE_BEZIER_KNOTS.);
#17697 = CARTESIAN_POINT('',(-14.94449922109,4.7105));
#17698 = CARTESIAN_POINT('',(-14.94449922109,-4.7105));
#17699 = ( GEOMETRIC_REPRESENTATION_CONTEXT(2) 
PARAMETRIC_REPRESENTATION_CONTEXT() REPRESENTATION_CONTEXT('2D SPACE',''
  ) );
#17700 = PCURVE('',#17701,#17706);
#17701 = PLANE('',#17702);
#17702 = AXIS2_PLACEMENT_3D('',#17703,#17704,#17705);
#17703 = CARTESIAN_POINT('',(-52.7,-3.7105,12.95));
#17704 = DIRECTION('',(-1.,0.,0.));
#17705 = DIRECTION('',(0.,1.,0.));
#17706 = DEFINITIONAL_REPRESENTATION('',(#17707),#17710);
#17707 = B_SPLINE_CURVE_WITH_KNOTS('',1,(#17708,#17709),.UNSPECIFIED.,
  .F.,.F.,(2,2),(-7.06575,2.35525),.PIECEWISE_BEZIER_KNOTS.);
#17708 = CARTESIAN_POINT('',(9.421,-2.));
#17709 = CARTESIAN_POINT('',(0.,-2.));
#17710 = ( GEOMETRIC_REPRESENTATION_CONTEXT(2) 
PARAMETRIC_REPRESENTATION_CONTEXT() REPRESENTATION_CONTEXT('2D SPACE',''
  ) );
#17711 = ORIENTED_EDGE('',*,*,#17712,.F.);
#17712 = EDGE_CURVE('',#17713,#17685,#17715,.T.);
#17713 = VERTEX_POINT('',#17714);
#17714 = CARTESIAN_POINT('',(-42.7,5.7105,14.95));
#17715 = SURFACE_CURVE('',#17716,(#17720,#17726),.PCURVE_S1.);
#17716 = LINE('',#17717,#17718);
#17717 = CARTESIAN_POINT('',(-45.22775038945,5.7105,14.95));
#17718 = VECTOR('',#17719,1.);
#17719 = DIRECTION('',(-1.,0.,0.));
#17720 = PCURVE('',#17073,#17721);
#17721 = DEFINITIONAL_REPRESENTATION('',(#17722),#17725);
#17722 = B_SPLINE_CURVE_WITH_KNOTS('',1,(#17723,#17724),.UNSPECIFIED.,
  .F.,.F.,(2,2),(-2.527750389452,7.472249610548),
  .PIECEWISE_BEZIER_KNOTS.);
#17723 = CARTESIAN_POINT('',(-4.944499221097,4.7105));
#17724 = CARTESIAN_POINT('',(-14.94449922109,4.7105));
#17725 = ( GEOMETRIC_REPRESENTATION_CONTEXT(2) 
PARAMETRIC_REPRESENTATION_CONTEXT() REPRESENTATION_CONTEXT('2D SPACE',''
  ) );
#17726 = PCURVE('',#17727,#17732);
#17727 = PLANE('',#17728);
#17728 = AXIS2_PLACEMENT_3D('',#17729,#17730,#17731);
#17729 = CARTESIAN_POINT('',(-52.7,5.7105,12.95));
#17730 = DIRECTION('',(0.,1.,0.));
#17731 = DIRECTION('',(1.,0.,0.));
#17732 = DEFINITIONAL_REPRESENTATION('',(#17733),#17736);
#17733 = B_SPLINE_CURVE_WITH_KNOTS('',1,(#17734,#17735),.UNSPECIFIED.,
  .F.,.F.,(2,2),(-2.527750389452,7.472249610548),
  .PIECEWISE_BEZIER_KNOTS.);
#17734 = CARTESIAN_POINT('',(10.,-2.));
#17735 = CARTESIAN_POINT('',(0.,-2.));
#17736 = ( GEOMETRIC_REPRESENTATION_CONTEXT(2) 
PARAMETRIC_REPRESENTATION_CONTEXT() REPRESENTATION_CONTEXT('2D SPACE',''
  ) );
#17737 = ORIENTED_EDGE('',*,*,#17738,.F.);
#17738 = EDGE_CURVE('',#17739,#17713,#17741,.T.);
#17739 = VERTEX_POINT('',#17740);
#17740 = CARTESIAN_POINT('',(-42.7,14.2,14.95));
#17741 = SURFACE_CURVE('',#17742,(#17746,#17752),.PCURVE_S1.);
#17742 = LINE('',#17743,#17744);
#17743 = CARTESIAN_POINT('',(-42.7,3.35525,14.95));
#17744 = VECTOR('',#17745,1.);
#17745 = DIRECTION('',(0.,-1.,0.));
#17746 = PCURVE('',#17073,#17747);
#17747 = DEFINITIONAL_REPRESENTATION('',(#17748),#17751);
#17748 = B_SPLINE_CURVE_WITH_KNOTS('',1,(#17749,#17750),.UNSPECIFIED.,
  .F.,.F.,(2,2),(-10.84475,-2.35525),.PIECEWISE_BEZIER_KNOTS.);
#17749 = CARTESIAN_POINT('',(-4.944499221097,13.2));
#17750 = CARTESIAN_POINT('',(-4.944499221097,4.7105));
#17751 = ( GEOMETRIC_REPRESENTATION_CONTEXT(2) 
PARAMETRIC_REPRESENTATION_CONTEXT() REPRESENTATION_CONTEXT('2D SPACE',''
  ) );
#17752 = PCURVE('',#17753,#17758);
#17753 = PLANE('',#17754);
#17754 = AXIS2_PLACEMENT_3D('',#17755,#17756,#17757);
#17755 = CARTESIAN_POINT('',(-42.7,5.7105,12.95));
#17756 = DIRECTION('',(-1.,0.,0.));
#17757 = DIRECTION('',(0.,1.,0.));
#17758 = DEFINITIONAL_REPRESENTATION('',(#17759),#17762);
#17759 = B_SPLINE_CURVE_WITH_KNOTS('',1,(#17760,#17761),.UNSPECIFIED.,
  .F.,.F.,(2,2),(-10.84475,-2.35525),.PIECEWISE_BEZIER_KNOTS.);
#17760 = CARTESIAN_POINT('',(8.4895,-2.));
#17761 = CARTESIAN_POINT('',(0.,-2.));
#17762 = ( GEOMETRIC_REPRESENTATION_CONTEXT(2) 
PARAMETRIC_REPRESENTATION_CONTEXT() REPRESENTATION_CONTEXT('2D SPACE',''
  ) );
#17763 = ORIENTED_EDGE('',*,*,#17764,.F.);
#17764 = EDGE_CURVE('',#17765,#17739,#17767,.T.);
#17765 = VERTEX_POINT('',#17766);
#17766 = CARTESIAN_POINT('',(-33.3,14.2,14.95));
#17767 = SURFACE_CURVE('',#17768,(#17772,#17778),.PCURVE_S1.);
#17768 = LINE('',#17769,#17770);
#17769 = CARTESIAN_POINT('',(-40.22775038945,14.2,14.95));
#17770 = VECTOR('',#17771,1.);
#17771 = DIRECTION('',(-1.,0.,0.));
#17772 = PCURVE('',#17073,#17773);
#17773 = DEFINITIONAL_REPRESENTATION('',(#17774),#17777);
#17774 = B_SPLINE_CURVE_WITH_KNOTS('',1,(#17775,#17776),.UNSPECIFIED.,
  .F.,.F.,(2,2),(-6.927750389452,2.472249610548),
  .PIECEWISE_BEZIER_KNOTS.);
#17775 = CARTESIAN_POINT('',(4.455500778903,13.2));
#17776 = CARTESIAN_POINT('',(-4.944499221097,13.2));
#17777 = ( GEOMETRIC_REPRESENTATION_CONTEXT(2) 
PARAMETRIC_REPRESENTATION_CONTEXT() REPRESENTATION_CONTEXT('2D SPACE',''
  ) );
#17778 = PCURVE('',#17779,#17784);
#17779 = PLANE('',#17780);
#17780 = AXIS2_PLACEMENT_3D('',#17781,#17782,#17783);
#17781 = CARTESIAN_POINT('',(-42.7,14.2,12.95));
#17782 = DIRECTION('',(0.,1.,0.));
#17783 = DIRECTION('',(1.,0.,0.));
#17784 = DEFINITIONAL_REPRESENTATION('',(#17785),#17788);
#17785 = B_SPLINE_CURVE_WITH_KNOTS('',1,(#17786,#17787),.UNSPECIFIED.,
  .F.,.F.,(2,2),(-6.927750389452,2.472249610548),
  .PIECEWISE_BEZIER_KNOTS.);
#17786 = CARTESIAN_POINT('',(9.4,-2.));
#17787 = CARTESIAN_POINT('',(0.,-2.));
#17788 = ( GEOMETRIC_REPRESENTATION_CONTEXT(2) 
PARAMETRIC_REPRESENTATION_CONTEXT() REPRESENTATION_CONTEXT('2D SPACE',''
  ) );
#17789 = ORIENTED_EDGE('',*,*,#17790,.T.);
#17790 = EDGE_CURVE('',#17765,#17791,#17793,.T.);
#17791 = VERTEX_POINT('',#17792);
#17792 = CARTESIAN_POINT('',(-33.3,5.7105,14.95));
#17793 = SURFACE_CURVE('',#17794,(#17798,#17804),.PCURVE_S1.);
#17794 = LINE('',#17795,#17796);
#17795 = CARTESIAN_POINT('',(-33.3,3.35525,14.95));
#17796 = VECTOR('',#17797,1.);
#17797 = DIRECTION('',(0.,-1.,0.));
#17798 = PCURVE('',#17073,#17799);
#17799 = DEFINITIONAL_REPRESENTATION('',(#17800),#17803);
#17800 = B_SPLINE_CURVE_WITH_KNOTS('',1,(#17801,#17802),.UNSPECIFIED.,
  .F.,.F.,(2,2),(-10.84475,-2.35525),.PIECEWISE_BEZIER_KNOTS.);
#17801 = CARTESIAN_POINT('',(4.455500778903,13.2));
#17802 = CARTESIAN_POINT('',(4.455500778903,4.7105));
#17803 = ( GEOMETRIC_REPRESENTATION_CONTEXT(2) 
PARAMETRIC_REPRESENTATION_CONTEXT() REPRESENTATION_CONTEXT('2D SPACE',''
  ) );
#17804 = PCURVE('',#17805,#17810);
#17805 = PLANE('',#17806);
#17806 = AXIS2_PLACEMENT_3D('',#17807,#17808,#17809);
#17807 = CARTESIAN_POINT('',(-33.3,5.7105,12.95));
#17808 = DIRECTION('',(-1.,0.,0.));
#17809 = DIRECTION('',(0.,1.,0.));
#17810 = DEFINITIONAL_REPRESENTATION('',(#17811),#17814);
#17811 = B_SPLINE_CURVE_WITH_KNOTS('',1,(#17812,#17813),.UNSPECIFIED.,
  .F.,.F.,(2,2),(-10.84475,-2.35525),.PIECEWISE_BEZIER_KNOTS.);
#17812 = CARTESIAN_POINT('',(8.4895,-2.));
#17813 = CARTESIAN_POINT('',(0.,-2.));
#17814 = ( GEOMETRIC_REPRESENTATION_CONTEXT(2) 
PARAMETRIC_REPRESENTATION_CONTEXT() REPRESENTATION_CONTEXT('2D SPACE',''
  ) );
#17815 = ORIENTED_EDGE('',*,*,#17816,.F.);
#17816 = EDGE_CURVE('',#17817,#17791,#17819,.T.);
#17817 = VERTEX_POINT('',#17818);
#17818 = CARTESIAN_POINT('',(-23.3,5.7105,14.95));
#17819 = SURFACE_CURVE('',#17820,(#17824,#17830),.PCURVE_S1.);
#17820 = LINE('',#17821,#17822);
#17821 = CARTESIAN_POINT('',(-35.52775038945,5.7105,14.95));
#17822 = VECTOR('',#17823,1.);
#17823 = DIRECTION('',(-1.,0.,0.));
#17824 = PCURVE('',#17073,#17825);
#17825 = DEFINITIONAL_REPRESENTATION('',(#17826),#17829);
#17826 = B_SPLINE_CURVE_WITH_KNOTS('',1,(#17827,#17828),.UNSPECIFIED.,
  .F.,.F.,(2,2),(-12.22775038945,-2.227750389452),
  .PIECEWISE_BEZIER_KNOTS.);
#17827 = CARTESIAN_POINT('',(14.455500778903,4.7105));
#17828 = CARTESIAN_POINT('',(4.455500778903,4.7105));
#17829 = ( GEOMETRIC_REPRESENTATION_CONTEXT(2) 
PARAMETRIC_REPRESENTATION_CONTEXT() REPRESENTATION_CONTEXT('2D SPACE',''
  ) );
#17830 = PCURVE('',#17831,#17836);
#17831 = PLANE('',#17832);
#17832 = AXIS2_PLACEMENT_3D('',#17833,#17834,#17835);
#17833 = CARTESIAN_POINT('',(-33.3,5.7105,12.95));
#17834 = DIRECTION('',(0.,1.,0.));
#17835 = DIRECTION('',(1.,0.,0.));
#17836 = DEFINITIONAL_REPRESENTATION('',(#17837),#17840);
#17837 = B_SPLINE_CURVE_WITH_KNOTS('',1,(#17838,#17839),.UNSPECIFIED.,
  .F.,.F.,(2,2),(-12.22775038945,-2.227750389452),
  .PIECEWISE_BEZIER_KNOTS.);
#17838 = CARTESIAN_POINT('',(10.,-2.));
#17839 = CARTESIAN_POINT('',(0.,-2.));
#17840 = ( GEOMETRIC_REPRESENTATION_CONTEXT(2) 
PARAMETRIC_REPRESENTATION_CONTEXT() REPRESENTATION_CONTEXT('2D SPACE',''
  ) );
#17841 = ORIENTED_EDGE('',*,*,#17842,.T.);
#17842 = EDGE_CURVE('',#17817,#17843,#17845,.T.);
#17843 = VERTEX_POINT('',#17844);
#17844 = CARTESIAN_POINT('',(-23.3,-3.7105,14.95));
#17845 = SURFACE_CURVE('',#17846,(#17850,#17856),.PCURVE_S1.);
#17846 = LINE('',#17847,#17848);
#17847 = CARTESIAN_POINT('',(-23.3,-1.35525,14.95));
#17848 = VECTOR('',#17849,1.);
#17849 = DIRECTION('',(0.,-1.,0.));
#17850 = PCURVE('',#17073,#17851);
#17851 = DEFINITIONAL_REPRESENTATION('',(#17852),#17855);
#17852 = B_SPLINE_CURVE_WITH_KNOTS('',1,(#17853,#17854),.UNSPECIFIED.,
  .F.,.F.,(2,2),(-7.06575,2.35525),.PIECEWISE_BEZIER_KNOTS.);
#17853 = CARTESIAN_POINT('',(14.455500778903,4.7105));
#17854 = CARTESIAN_POINT('',(14.455500778903,-4.7105));
#17855 = ( GEOMETRIC_REPRESENTATION_CONTEXT(2) 
PARAMETRIC_REPRESENTATION_CONTEXT() REPRESENTATION_CONTEXT('2D SPACE',''
  ) );
#17856 = PCURVE('',#17857,#17862);
#17857 = PLANE('',#17858);
#17858 = AXIS2_PLACEMENT_3D('',#17859,#17860,#17861);
#17859 = CARTESIAN_POINT('',(-23.3,-3.7105,12.95));
#17860 = DIRECTION('',(-1.,0.,0.));
#17861 = DIRECTION('',(0.,1.,0.));
#17862 = DEFINITIONAL_REPRESENTATION('',(#17863),#17866);
#17863 = B_SPLINE_CURVE_WITH_KNOTS('',1,(#17864,#17865),.UNSPECIFIED.,
  .F.,.F.,(2,2),(-7.06575,2.35525),.PIECEWISE_BEZIER_KNOTS.);
#17864 = CARTESIAN_POINT('',(9.421,-2.));
#17865 = CARTESIAN_POINT('',(0.,-2.));
#17866 = ( GEOMETRIC_REPRESENTATION_CONTEXT(2) 
PARAMETRIC_REPRESENTATION_CONTEXT() REPRESENTATION_CONTEXT('2D SPACE',''
  ) );
#17867 = ORIENTED_EDGE('',*,*,#17868,.T.);
#17868 = EDGE_CURVE('',#17843,#17869,#17871,.T.);
#17869 = VERTEX_POINT('',#17870);
#17870 = CARTESIAN_POINT('',(-33.3,-3.7105,14.95));
#17871 = SURFACE_CURVE('',#17872,(#17876,#17882),.PCURVE_S1.);
#17872 = LINE('',#17873,#17874);
#17873 = CARTESIAN_POINT('',(-35.52775038945,-3.7105,14.95));
#17874 = VECTOR('',#17875,1.);
#17875 = DIRECTION('',(-1.,0.,0.));
#17876 = PCURVE('',#17073,#17877);
#17877 = DEFINITIONAL_REPRESENTATION('',(#17878),#17881);
#17878 = B_SPLINE_CURVE_WITH_KNOTS('',1,(#17879,#17880),.UNSPECIFIED.,
  .F.,.F.,(2,2),(-12.22775038945,-2.227750389452),
  .PIECEWISE_BEZIER_KNOTS.);
#17879 = CARTESIAN_POINT('',(14.455500778903,-4.7105));
#17880 = CARTESIAN_POINT('',(4.455500778903,-4.7105));
#17881 = ( GEOMETRIC_REPRESENTATION_CONTEXT(2) 
PARAMETRIC_REPRESENTATION_CONTEXT() REPRESENTATION_CONTEXT('2D SPACE',''
  ) );
#17882 = PCURVE('',#17883,#17888);
#17883 = PLANE('',#17884);
#17884 = AXIS2_PLACEMENT_3D('',#17885,#17886,#17887);
#17885 = CARTESIAN_POINT('',(-33.3,-3.7105,12.95));
#17886 = DIRECTION('',(0.,1.,0.));
#17887 = DIRECTION('',(1.,0.,0.));
#17888 = DEFINITIONAL_REPRESENTATION('',(#17889),#17892);
#17889 = B_SPLINE_CURVE_WITH_KNOTS('',1,(#17890,#17891),.UNSPECIFIED.,
  .F.,.F.,(2,2),(-12.22775038945,-2.227750389452),
  .PIECEWISE_BEZIER_KNOTS.);
#17890 = CARTESIAN_POINT('',(10.,-2.));
#17891 = CARTESIAN_POINT('',(0.,-2.));
#17892 = ( GEOMETRIC_REPRESENTATION_CONTEXT(2) 
PARAMETRIC_REPRESENTATION_CONTEXT() REPRESENTATION_CONTEXT('2D SPACE',''
  ) );
#17893 = ORIENTED_EDGE('',*,*,#17894,.T.);
#17894 = EDGE_CURVE('',#17869,#17895,#17897,.T.);
#17895 = VERTEX_POINT('',#17896);
#17896 = CARTESIAN_POINT('',(-33.3,-12.2,14.95));
#17897 = SURFACE_CURVE('',#17898,(#17902,#17908),.PCURVE_S1.);
#17898 = LINE('',#17899,#17900);
#17899 = CARTESIAN_POINT('',(-33.3,-5.6,14.95));
#17900 = VECTOR('',#17901,1.);
#17901 = DIRECTION('',(0.,-1.,0.));
#17902 = PCURVE('',#17073,#17903);
#17903 = DEFINITIONAL_REPRESENTATION('',(#17904),#17907);
#17904 = B_SPLINE_CURVE_WITH_KNOTS('',1,(#17905,#17906),.UNSPECIFIED.,
  .F.,.F.,(2,2),(-1.8895,6.6),.PIECEWISE_BEZIER_KNOTS.);
#17905 = CARTESIAN_POINT('',(4.455500778903,-4.7105));
#17906 = CARTESIAN_POINT('',(4.455500778903,-13.2));
#17907 = ( GEOMETRIC_REPRESENTATION_CONTEXT(2) 
PARAMETRIC_REPRESENTATION_CONTEXT() REPRESENTATION_CONTEXT('2D SPACE',''
  ) );
#17908 = PCURVE('',#17909,#17914);
#17909 = PLANE('',#17910);
#17910 = AXIS2_PLACEMENT_3D('',#17911,#17912,#17913);
#17911 = CARTESIAN_POINT('',(-33.3,-12.2,12.95));
#17912 = DIRECTION('',(-1.,0.,0.));
#17913 = DIRECTION('',(0.,1.,0.));
#17914 = DEFINITIONAL_REPRESENTATION('',(#17915),#17918);
#17915 = B_SPLINE_CURVE_WITH_KNOTS('',1,(#17916,#17917),.UNSPECIFIED.,
  .F.,.F.,(2,2),(-1.8895,6.6),.PIECEWISE_BEZIER_KNOTS.);
#17916 = CARTESIAN_POINT('',(8.4895,-2.));
#17917 = CARTESIAN_POINT('',(0.,-2.));
#17918 = ( GEOMETRIC_REPRESENTATION_CONTEXT(2) 
PARAMETRIC_REPRESENTATION_CONTEXT() REPRESENTATION_CONTEXT('2D SPACE',''
  ) );
#17919 = ORIENTED_EDGE('',*,*,#17920,.T.);
#17920 = EDGE_CURVE('',#17895,#17921,#17923,.T.);
#17921 = VERTEX_POINT('',#17922);
#17922 = CARTESIAN_POINT('',(-42.7,-12.2,14.95));
#17923 = SURFACE_CURVE('',#17924,(#17928,#17934),.PCURVE_S1.);
#17924 = LINE('',#17925,#17926);
#17925 = CARTESIAN_POINT('',(-40.22775038945,-12.2,14.95));
#17926 = VECTOR('',#17927,1.);
#17927 = DIRECTION('',(-1.,0.,0.));
#17928 = PCURVE('',#17073,#17929);
#17929 = DEFINITIONAL_REPRESENTATION('',(#17930),#17933);
#17930 = B_SPLINE_CURVE_WITH_KNOTS('',1,(#17931,#17932),.UNSPECIFIED.,
  .F.,.F.,(2,2),(-6.927750389452,2.472249610548),
  .PIECEWISE_BEZIER_KNOTS.);
#17931 = CARTESIAN_POINT('',(4.455500778903,-13.2));
#17932 = CARTESIAN_POINT('',(-4.944499221097,-13.2));
#17933 = ( GEOMETRIC_REPRESENTATION_CONTEXT(2) 
PARAMETRIC_REPRESENTATION_CONTEXT() REPRESENTATION_CONTEXT('2D SPACE',''
  ) );
#17934 = PCURVE('',#17935,#17940);
#17935 = PLANE('',#17936);
#17936 = AXIS2_PLACEMENT_3D('',#17937,#17938,#17939);
#17937 = CARTESIAN_POINT('',(-42.7,-12.2,12.95));
#17938 = DIRECTION('',(0.,1.,0.));
#17939 = DIRECTION('',(1.,0.,0.));
#17940 = DEFINITIONAL_REPRESENTATION('',(#17941),#17944);
#17941 = B_SPLINE_CURVE_WITH_KNOTS('',1,(#17942,#17943),.UNSPECIFIED.,
  .F.,.F.,(2,2),(-6.927750389452,2.472249610548),
  .PIECEWISE_BEZIER_KNOTS.);
#17942 = CARTESIAN_POINT('',(9.4,-2.));
#17943 = CARTESIAN_POINT('',(0.,-2.));
#17944 = ( GEOMETRIC_REPRESENTATION_CONTEXT(2) 
PARAMETRIC_REPRESENTATION_CONTEXT() REPRESENTATION_CONTEXT('2D SPACE',''
  ) );
#17945 = ORIENTED_EDGE('',*,*,#17946,.F.);
#17946 = EDGE_CURVE('',#17947,#17921,#17949,.T.);
#17947 = VERTEX_POINT('',#17948);
#17948 = CARTESIAN_POINT('',(-42.7,-3.7105,14.95));
#17949 = SURFACE_CURVE('',#17950,(#17954,#17960),.PCURVE_S1.);
#17950 = LINE('',#17951,#17952);
#17951 = CARTESIAN_POINT('',(-42.7,-5.6,14.95));
#17952 = VECTOR('',#17953,1.);
#17953 = DIRECTION('',(0.,-1.,0.));
#17954 = PCURVE('',#17073,#17955);
#17955 = DEFINITIONAL_REPRESENTATION('',(#17956),#17959);
#17956 = B_SPLINE_CURVE_WITH_KNOTS('',1,(#17957,#17958),.UNSPECIFIED.,
  .F.,.F.,(2,2),(-1.8895,6.6),.PIECEWISE_BEZIER_KNOTS.);
#17957 = CARTESIAN_POINT('',(-4.944499221097,-4.7105));
#17958 = CARTESIAN_POINT('',(-4.944499221097,-13.2));
#17959 = ( GEOMETRIC_REPRESENTATION_CONTEXT(2) 
PARAMETRIC_REPRESENTATION_CONTEXT() REPRESENTATION_CONTEXT('2D SPACE',''
  ) );
#17960 = PCURVE('',#17961,#17966);
#17961 = PLANE('',#17962);
#17962 = AXIS2_PLACEMENT_3D('',#17963,#17964,#17965);
#17963 = CARTESIAN_POINT('',(-42.7,-12.2,12.95));
#17964 = DIRECTION('',(-1.,0.,0.));
#17965 = DIRECTION('',(0.,1.,0.));
#17966 = DEFINITIONAL_REPRESENTATION('',(#17967),#17970);
#17967 = B_SPLINE_CURVE_WITH_KNOTS('',1,(#17968,#17969),.UNSPECIFIED.,
  .F.,.F.,(2,2),(-1.8895,6.6),.PIECEWISE_BEZIER_KNOTS.);
#17968 = CARTESIAN_POINT('',(8.4895,-2.));
#17969 = CARTESIAN_POINT('',(0.,-2.));
#17970 = ( GEOMETRIC_REPRESENTATION_CONTEXT(2) 
PARAMETRIC_REPRESENTATION_CONTEXT() REPRESENTATION_CONTEXT('2D SPACE',''
  ) );
#17971 = ORIENTED_EDGE('',*,*,#17972,.T.);
#17972 = EDGE_CURVE('',#17947,#17687,#17973,.T.);
#17973 = SURFACE_CURVE('',#17974,(#17978,#17984),.PCURVE_S1.);
#17974 = LINE('',#17975,#17976);
#17975 = CARTESIAN_POINT('',(-45.22775038945,-3.7105,14.95));
#17976 = VECTOR('',#17977,1.);
#17977 = DIRECTION('',(-1.,0.,0.));
#17978 = PCURVE('',#17073,#17979);
#17979 = DEFINITIONAL_REPRESENTATION('',(#17980),#17983);
#17980 = B_SPLINE_CURVE_WITH_KNOTS('',1,(#17981,#17982),.UNSPECIFIED.,
  .F.,.F.,(2,2),(-2.527750389452,7.472249610548),
  .PIECEWISE_BEZIER_KNOTS.);
#17981 = CARTESIAN_POINT('',(-4.944499221097,-4.7105));
#17982 = CARTESIAN_POINT('',(-14.94449922109,-4.7105));
#17983 = ( GEOMETRIC_REPRESENTATION_CONTEXT(2) 
PARAMETRIC_REPRESENTATION_CONTEXT() REPRESENTATION_CONTEXT('2D SPACE',''
  ) );
#17984 = PCURVE('',#17985,#17990);
#17985 = PLANE('',#17986);
#17986 = AXIS2_PLACEMENT_3D('',#17987,#17988,#17989);
#17987 = CARTESIAN_POINT('',(-52.7,-3.7105,12.95));
#17988 = DIRECTION('',(0.,1.,0.));
#17989 = DIRECTION('',(1.,0.,0.));
#17990 = DEFINITIONAL_REPRESENTATION('',(#17991),#17994);
#17991 = B_SPLINE_CURVE_WITH_KNOTS('',1,(#17992,#17993),.UNSPECIFIED.,
  .F.,.F.,(2,2),(-2.527750389452,7.472249610548),
  .PIECEWISE_BEZIER_KNOTS.);
#17992 = CARTESIAN_POINT('',(10.,-2.));
#17993 = CARTESIAN_POINT('',(0.,-2.));
#17994 = ( GEOMETRIC_REPRESENTATION_CONTEXT(2) 
PARAMETRIC_REPRESENTATION_CONTEXT() REPRESENTATION_CONTEXT('2D SPACE',''
  ) );
#17995 = ADVANCED_FACE('',(#17996),#17701,.T.);
#17996 = FACE_BOUND('',#17997,.T.);
#17997 = EDGE_LOOP('',(#17998,#18028,#18049,#18050));
#17998 = ORIENTED_EDGE('',*,*,#17999,.F.);
#17999 = EDGE_CURVE('',#18000,#18002,#18004,.T.);
#18000 = VERTEX_POINT('',#18001);
#18001 = CARTESIAN_POINT('',(-52.7,-3.7105,12.95));
#18002 = VERTEX_POINT('',#18003);
#18003 = CARTESIAN_POINT('',(-52.7,5.7105,12.95));
#18004 = SURFACE_CURVE('',#18005,(#18009,#18016),.PCURVE_S1.);
#18005 = LINE('',#18006,#18007);
#18006 = CARTESIAN_POINT('',(-52.7,1.,12.95));
#18007 = VECTOR('',#18008,1.);
#18008 = DIRECTION('',(0.,1.,0.));
#18009 = PCURVE('',#17701,#18010);
#18010 = DEFINITIONAL_REPRESENTATION('',(#18011),#18015);
#18011 = LINE('',#18012,#18013);
#18012 = CARTESIAN_POINT('',(4.7105,0.));
#18013 = VECTOR('',#18014,1.);
#18014 = DIRECTION('',(1.,0.));
#18015 = ( GEOMETRIC_REPRESENTATION_CONTEXT(2) 
PARAMETRIC_REPRESENTATION_CONTEXT() REPRESENTATION_CONTEXT('2D SPACE',''
  ) );
#18016 = PCURVE('',#18017,#18022);
#18017 = PLANE('',#18018);
#18018 = AXIS2_PLACEMENT_3D('',#18019,#18020,#18021);
#18019 = CARTESIAN_POINT('',(-38.,1.,12.95));
#18020 = DIRECTION('',(0.,0.,1.));
#18021 = DIRECTION('',(1.,0.,0.));
#18022 = DEFINITIONAL_REPRESENTATION('',(#18023),#18027);
#18023 = LINE('',#18024,#18025);
#18024 = CARTESIAN_POINT('',(-14.7,0.));
#18025 = VECTOR('',#18026,1.);
#18026 = DIRECTION('',(0.,1.));
#18027 = ( GEOMETRIC_REPRESENTATION_CONTEXT(2) 
PARAMETRIC_REPRESENTATION_CONTEXT() REPRESENTATION_CONTEXT('2D SPACE',''
  ) );
#18028 = ORIENTED_EDGE('',*,*,#18029,.T.);
#18029 = EDGE_CURVE('',#18000,#17687,#18030,.T.);
#18030 = SURFACE_CURVE('',#18031,(#18035,#18042),.PCURVE_S1.);
#18031 = LINE('',#18032,#18033);
#18032 = CARTESIAN_POINT('',(-52.7,-3.7105,12.95));
#18033 = VECTOR('',#18034,1.);
#18034 = DIRECTION('',(0.,0.,1.));
#18035 = PCURVE('',#17701,#18036);
#18036 = DEFINITIONAL_REPRESENTATION('',(#18037),#18041);
#18037 = LINE('',#18038,#18039);
#18038 = CARTESIAN_POINT('',(0.,0.));
#18039 = VECTOR('',#18040,1.);
#18040 = DIRECTION('',(0.,-1.));
#18041 = ( GEOMETRIC_REPRESENTATION_CONTEXT(2) 
PARAMETRIC_REPRESENTATION_CONTEXT() REPRESENTATION_CONTEXT('2D SPACE',''
  ) );
#18042 = PCURVE('',#17985,#18043);
#18043 = DEFINITIONAL_REPRESENTATION('',(#18044),#18048);
#18044 = LINE('',#18045,#18046);
#18045 = CARTESIAN_POINT('',(0.,0.));
#18046 = VECTOR('',#18047,1.);
#18047 = DIRECTION('',(0.,-1.));
#18048 = ( GEOMETRIC_REPRESENTATION_CONTEXT(2) 
PARAMETRIC_REPRESENTATION_CONTEXT() REPRESENTATION_CONTEXT('2D SPACE',''
  ) );
#18049 = ORIENTED_EDGE('',*,*,#17684,.F.);
#18050 = ORIENTED_EDGE('',*,*,#18051,.F.);
#18051 = EDGE_CURVE('',#18002,#17685,#18052,.T.);
#18052 = SURFACE_CURVE('',#18053,(#18057,#18064),.PCURVE_S1.);
#18053 = LINE('',#18054,#18055);
#18054 = CARTESIAN_POINT('',(-52.7,5.7105,12.95));
#18055 = VECTOR('',#18056,1.);
#18056 = DIRECTION('',(0.,0.,1.));
#18057 = PCURVE('',#17701,#18058);
#18058 = DEFINITIONAL_REPRESENTATION('',(#18059),#18063);
#18059 = LINE('',#18060,#18061);
#18060 = CARTESIAN_POINT('',(9.421,0.));
#18061 = VECTOR('',#18062,1.);
#18062 = DIRECTION('',(0.,-1.));
#18063 = ( GEOMETRIC_REPRESENTATION_CONTEXT(2) 
PARAMETRIC_REPRESENTATION_CONTEXT() REPRESENTATION_CONTEXT('2D SPACE',''
  ) );
#18064 = PCURVE('',#17727,#18065);
#18065 = DEFINITIONAL_REPRESENTATION('',(#18066),#18070);
#18066 = LINE('',#18067,#18068);
#18067 = CARTESIAN_POINT('',(0.,0.));
#18068 = VECTOR('',#18069,1.);
#18069 = DIRECTION('',(0.,-1.));
#18070 = ( GEOMETRIC_REPRESENTATION_CONTEXT(2) 
PARAMETRIC_REPRESENTATION_CONTEXT() REPRESENTATION_CONTEXT('2D SPACE',''
  ) );
#18071 = ADVANCED_FACE('',(#18072),#17985,.F.);
#18072 = FACE_BOUND('',#18073,.F.);
#18073 = EDGE_LOOP('',(#18074,#18097,#18098,#18099));
#18074 = ORIENTED_EDGE('',*,*,#18075,.F.);
#18075 = EDGE_CURVE('',#18000,#18076,#18078,.T.);
#18076 = VERTEX_POINT('',#18077);
#18077 = CARTESIAN_POINT('',(-42.7,-3.7105,12.95));
#18078 = SURFACE_CURVE('',#18079,(#18083,#18090),.PCURVE_S1.);
#18079 = LINE('',#18080,#18081);
#18080 = CARTESIAN_POINT('',(-38.,-3.7105,12.95));
#18081 = VECTOR('',#18082,1.);
#18082 = DIRECTION('',(1.,0.,0.));
#18083 = PCURVE('',#17985,#18084);
#18084 = DEFINITIONAL_REPRESENTATION('',(#18085),#18089);
#18085 = LINE('',#18086,#18087);
#18086 = CARTESIAN_POINT('',(14.7,0.));
#18087 = VECTOR('',#18088,1.);
#18088 = DIRECTION('',(1.,0.));
#18089 = ( GEOMETRIC_REPRESENTATION_CONTEXT(2) 
PARAMETRIC_REPRESENTATION_CONTEXT() REPRESENTATION_CONTEXT('2D SPACE',''
  ) );
#18090 = PCURVE('',#18017,#18091);
#18091 = DEFINITIONAL_REPRESENTATION('',(#18092),#18096);
#18092 = LINE('',#18093,#18094);
#18093 = CARTESIAN_POINT('',(0.,-4.7105));
#18094 = VECTOR('',#18095,1.);
#18095 = DIRECTION('',(1.,0.));
#18096 = ( GEOMETRIC_REPRESENTATION_CONTEXT(2) 
PARAMETRIC_REPRESENTATION_CONTEXT() REPRESENTATION_CONTEXT('2D SPACE',''
  ) );
#18097 = ORIENTED_EDGE('',*,*,#18029,.T.);
#18098 = ORIENTED_EDGE('',*,*,#17972,.F.);
#18099 = ORIENTED_EDGE('',*,*,#18100,.F.);
#18100 = EDGE_CURVE('',#18076,#17947,#18101,.T.);
#18101 = SURFACE_CURVE('',#18102,(#18106,#18113),.PCURVE_S1.);
#18102 = LINE('',#18103,#18104);
#18103 = CARTESIAN_POINT('',(-42.7,-3.7105,12.95));
#18104 = VECTOR('',#18105,1.);
#18105 = DIRECTION('',(0.,0.,1.));
#18106 = PCURVE('',#17985,#18107);
#18107 = DEFINITIONAL_REPRESENTATION('',(#18108),#18112);
#18108 = LINE('',#18109,#18110);
#18109 = CARTESIAN_POINT('',(10.,0.));
#18110 = VECTOR('',#18111,1.);
#18111 = DIRECTION('',(0.,-1.));
#18112 = ( GEOMETRIC_REPRESENTATION_CONTEXT(2) 
PARAMETRIC_REPRESENTATION_CONTEXT() REPRESENTATION_CONTEXT('2D SPACE',''
  ) );
#18113 = PCURVE('',#17961,#18114);
#18114 = DEFINITIONAL_REPRESENTATION('',(#18115),#18119);
#18115 = LINE('',#18116,#18117);
#18116 = CARTESIAN_POINT('',(8.4895,0.));
#18117 = VECTOR('',#18118,1.);
#18118 = DIRECTION('',(0.,-1.));
#18119 = ( GEOMETRIC_REPRESENTATION_CONTEXT(2) 
PARAMETRIC_REPRESENTATION_CONTEXT() REPRESENTATION_CONTEXT('2D SPACE',''
  ) );
#18120 = ADVANCED_FACE('',(#18121),#17961,.T.);
#18121 = FACE_BOUND('',#18122,.T.);
#18122 = EDGE_LOOP('',(#18123,#18146,#18167,#18168));
#18123 = ORIENTED_EDGE('',*,*,#18124,.F.);
#18124 = EDGE_CURVE('',#18125,#18076,#18127,.T.);
#18125 = VERTEX_POINT('',#18126);
#18126 = CARTESIAN_POINT('',(-42.7,-12.2,12.95));
#18127 = SURFACE_CURVE('',#18128,(#18132,#18139),.PCURVE_S1.);
#18128 = LINE('',#18129,#18130);
#18129 = CARTESIAN_POINT('',(-42.7,1.,12.95));
#18130 = VECTOR('',#18131,1.);
#18131 = DIRECTION('',(0.,1.,0.));
#18132 = PCURVE('',#17961,#18133);
#18133 = DEFINITIONAL_REPRESENTATION('',(#18134),#18138);
#18134 = LINE('',#18135,#18136);
#18135 = CARTESIAN_POINT('',(13.2,0.));
#18136 = VECTOR('',#18137,1.);
#18137 = DIRECTION('',(1.,0.));
#18138 = ( GEOMETRIC_REPRESENTATION_CONTEXT(2) 
PARAMETRIC_REPRESENTATION_CONTEXT() REPRESENTATION_CONTEXT('2D SPACE',''
  ) );
#18139 = PCURVE('',#18017,#18140);
#18140 = DEFINITIONAL_REPRESENTATION('',(#18141),#18145);
#18141 = LINE('',#18142,#18143);
#18142 = CARTESIAN_POINT('',(-4.7,0.));
#18143 = VECTOR('',#18144,1.);
#18144 = DIRECTION('',(0.,1.));
#18145 = ( GEOMETRIC_REPRESENTATION_CONTEXT(2) 
PARAMETRIC_REPRESENTATION_CONTEXT() REPRESENTATION_CONTEXT('2D SPACE',''
  ) );
#18146 = ORIENTED_EDGE('',*,*,#18147,.T.);
#18147 = EDGE_CURVE('',#18125,#17921,#18148,.T.);
#18148 = SURFACE_CURVE('',#18149,(#18153,#18160),.PCURVE_S1.);
#18149 = LINE('',#18150,#18151);
#18150 = CARTESIAN_POINT('',(-42.7,-12.2,12.95));
#18151 = VECTOR('',#18152,1.);
#18152 = DIRECTION('',(0.,0.,1.));
#18153 = PCURVE('',#17961,#18154);
#18154 = DEFINITIONAL_REPRESENTATION('',(#18155),#18159);
#18155 = LINE('',#18156,#18157);
#18156 = CARTESIAN_POINT('',(0.,0.));
#18157 = VECTOR('',#18158,1.);
#18158 = DIRECTION('',(0.,-1.));
#18159 = ( GEOMETRIC_REPRESENTATION_CONTEXT(2) 
PARAMETRIC_REPRESENTATION_CONTEXT() REPRESENTATION_CONTEXT('2D SPACE',''
  ) );
#18160 = PCURVE('',#17935,#18161);
#18161 = DEFINITIONAL_REPRESENTATION('',(#18162),#18166);
#18162 = LINE('',#18163,#18164);
#18163 = CARTESIAN_POINT('',(0.,0.));
#18164 = VECTOR('',#18165,1.);
#18165 = DIRECTION('',(0.,-1.));
#18166 = ( GEOMETRIC_REPRESENTATION_CONTEXT(2) 
PARAMETRIC_REPRESENTATION_CONTEXT() REPRESENTATION_CONTEXT('2D SPACE',''
  ) );
#18167 = ORIENTED_EDGE('',*,*,#17946,.F.);
#18168 = ORIENTED_EDGE('',*,*,#18100,.F.);
#18169 = ADVANCED_FACE('',(#18170),#17935,.F.);
#18170 = FACE_BOUND('',#18171,.F.);
#18171 = EDGE_LOOP('',(#18172,#18195,#18196,#18197));
#18172 = ORIENTED_EDGE('',*,*,#18173,.F.);
#18173 = EDGE_CURVE('',#18125,#18174,#18176,.T.);
#18174 = VERTEX_POINT('',#18175);
#18175 = CARTESIAN_POINT('',(-33.3,-12.2,12.95));
#18176 = SURFACE_CURVE('',#18177,(#18181,#18188),.PCURVE_S1.);
#18177 = LINE('',#18178,#18179);
#18178 = CARTESIAN_POINT('',(-38.,-12.2,12.95));
#18179 = VECTOR('',#18180,1.);
#18180 = DIRECTION('',(1.,0.,0.));
#18181 = PCURVE('',#17935,#18182);
#18182 = DEFINITIONAL_REPRESENTATION('',(#18183),#18187);
#18183 = LINE('',#18184,#18185);
#18184 = CARTESIAN_POINT('',(4.7,0.));
#18185 = VECTOR('',#18186,1.);
#18186 = DIRECTION('',(1.,0.));
#18187 = ( GEOMETRIC_REPRESENTATION_CONTEXT(2) 
PARAMETRIC_REPRESENTATION_CONTEXT() REPRESENTATION_CONTEXT('2D SPACE',''
  ) );
#18188 = PCURVE('',#18017,#18189);
#18189 = DEFINITIONAL_REPRESENTATION('',(#18190),#18194);
#18190 = LINE('',#18191,#18192);
#18191 = CARTESIAN_POINT('',(0.,-13.2));
#18192 = VECTOR('',#18193,1.);
#18193 = DIRECTION('',(1.,0.));
#18194 = ( GEOMETRIC_REPRESENTATION_CONTEXT(2) 
PARAMETRIC_REPRESENTATION_CONTEXT() REPRESENTATION_CONTEXT('2D SPACE',''
  ) );
#18195 = ORIENTED_EDGE('',*,*,#18147,.T.);
#18196 = ORIENTED_EDGE('',*,*,#17920,.F.);
#18197 = ORIENTED_EDGE('',*,*,#18198,.F.);
#18198 = EDGE_CURVE('',#18174,#17895,#18199,.T.);
#18199 = SURFACE_CURVE('',#18200,(#18204,#18211),.PCURVE_S1.);
#18200 = LINE('',#18201,#18202);
#18201 = CARTESIAN_POINT('',(-33.3,-12.2,12.95));
#18202 = VECTOR('',#18203,1.);
#18203 = DIRECTION('',(0.,0.,1.));
#18204 = PCURVE('',#17935,#18205);
#18205 = DEFINITIONAL_REPRESENTATION('',(#18206),#18210);
#18206 = LINE('',#18207,#18208);
#18207 = CARTESIAN_POINT('',(9.4,0.));
#18208 = VECTOR('',#18209,1.);
#18209 = DIRECTION('',(0.,-1.));
#18210 = ( GEOMETRIC_REPRESENTATION_CONTEXT(2) 
PARAMETRIC_REPRESENTATION_CONTEXT() REPRESENTATION_CONTEXT('2D SPACE',''
  ) );
#18211 = PCURVE('',#17909,#18212);
#18212 = DEFINITIONAL_REPRESENTATION('',(#18213),#18217);
#18213 = LINE('',#18214,#18215);
#18214 = CARTESIAN_POINT('',(0.,0.));
#18215 = VECTOR('',#18216,1.);
#18216 = DIRECTION('',(0.,-1.));
#18217 = ( GEOMETRIC_REPRESENTATION_CONTEXT(2) 
PARAMETRIC_REPRESENTATION_CONTEXT() REPRESENTATION_CONTEXT('2D SPACE',''
  ) );
#18218 = ADVANCED_FACE('',(#18219),#17909,.F.);
#18219 = FACE_BOUND('',#18220,.F.);
#18220 = EDGE_LOOP('',(#18221,#18244,#18245,#18246));
#18221 = ORIENTED_EDGE('',*,*,#18222,.F.);
#18222 = EDGE_CURVE('',#18174,#18223,#18225,.T.);
#18223 = VERTEX_POINT('',#18224);
#18224 = CARTESIAN_POINT('',(-33.3,-3.7105,12.95));
#18225 = SURFACE_CURVE('',#18226,(#18230,#18237),.PCURVE_S1.);
#18226 = LINE('',#18227,#18228);
#18227 = CARTESIAN_POINT('',(-33.3,1.,12.95));
#18228 = VECTOR('',#18229,1.);
#18229 = DIRECTION('',(0.,1.,0.));
#18230 = PCURVE('',#17909,#18231);
#18231 = DEFINITIONAL_REPRESENTATION('',(#18232),#18236);
#18232 = LINE('',#18233,#18234);
#18233 = CARTESIAN_POINT('',(13.2,0.));
#18234 = VECTOR('',#18235,1.);
#18235 = DIRECTION('',(1.,0.));
#18236 = ( GEOMETRIC_REPRESENTATION_CONTEXT(2) 
PARAMETRIC_REPRESENTATION_CONTEXT() REPRESENTATION_CONTEXT('2D SPACE',''
  ) );
#18237 = PCURVE('',#18017,#18238);
#18238 = DEFINITIONAL_REPRESENTATION('',(#18239),#18243);
#18239 = LINE('',#18240,#18241);
#18240 = CARTESIAN_POINT('',(4.7,0.));
#18241 = VECTOR('',#18242,1.);
#18242 = DIRECTION('',(0.,1.));
#18243 = ( GEOMETRIC_REPRESENTATION_CONTEXT(2) 
PARAMETRIC_REPRESENTATION_CONTEXT() REPRESENTATION_CONTEXT('2D SPACE',''
  ) );
#18244 = ORIENTED_EDGE('',*,*,#18198,.T.);
#18245 = ORIENTED_EDGE('',*,*,#17894,.F.);
#18246 = ORIENTED_EDGE('',*,*,#18247,.F.);
#18247 = EDGE_CURVE('',#18223,#17869,#18248,.T.);
#18248 = SURFACE_CURVE('',#18249,(#18253,#18260),.PCURVE_S1.);
#18249 = LINE('',#18250,#18251);
#18250 = CARTESIAN_POINT('',(-33.3,-3.7105,12.95));
#18251 = VECTOR('',#18252,1.);
#18252 = DIRECTION('',(0.,0.,1.));
#18253 = PCURVE('',#17909,#18254);
#18254 = DEFINITIONAL_REPRESENTATION('',(#18255),#18259);
#18255 = LINE('',#18256,#18257);
#18256 = CARTESIAN_POINT('',(8.4895,0.));
#18257 = VECTOR('',#18258,1.);
#18258 = DIRECTION('',(0.,-1.));
#18259 = ( GEOMETRIC_REPRESENTATION_CONTEXT(2) 
PARAMETRIC_REPRESENTATION_CONTEXT() REPRESENTATION_CONTEXT('2D SPACE',''
  ) );
#18260 = PCURVE('',#17883,#18261);
#18261 = DEFINITIONAL_REPRESENTATION('',(#18262),#18266);
#18262 = LINE('',#18263,#18264);
#18263 = CARTESIAN_POINT('',(0.,0.));
#18264 = VECTOR('',#18265,1.);
#18265 = DIRECTION('',(0.,-1.));
#18266 = ( GEOMETRIC_REPRESENTATION_CONTEXT(2) 
PARAMETRIC_REPRESENTATION_CONTEXT() REPRESENTATION_CONTEXT('2D SPACE',''
  ) );
#18267 = ADVANCED_FACE('',(#18268),#17883,.F.);
#18268 = FACE_BOUND('',#18269,.F.);
#18269 = EDGE_LOOP('',(#18270,#18293,#18294,#18295));
#18270 = ORIENTED_EDGE('',*,*,#18271,.F.);
#18271 = EDGE_CURVE('',#18223,#18272,#18274,.T.);
#18272 = VERTEX_POINT('',#18273);
#18273 = CARTESIAN_POINT('',(-23.3,-3.7105,12.95));
#18274 = SURFACE_CURVE('',#18275,(#18279,#18286),.PCURVE_S1.);
#18275 = LINE('',#18276,#18277);
#18276 = CARTESIAN_POINT('',(-38.,-3.7105,12.95));
#18277 = VECTOR('',#18278,1.);
#18278 = DIRECTION('',(1.,0.,0.));
#18279 = PCURVE('',#17883,#18280);
#18280 = DEFINITIONAL_REPRESENTATION('',(#18281),#18285);
#18281 = LINE('',#18282,#18283);
#18282 = CARTESIAN_POINT('',(-4.7,0.));
#18283 = VECTOR('',#18284,1.);
#18284 = DIRECTION('',(1.,0.));
#18285 = ( GEOMETRIC_REPRESENTATION_CONTEXT(2) 
PARAMETRIC_REPRESENTATION_CONTEXT() REPRESENTATION_CONTEXT('2D SPACE',''
  ) );
#18286 = PCURVE('',#18017,#18287);
#18287 = DEFINITIONAL_REPRESENTATION('',(#18288),#18292);
#18288 = LINE('',#18289,#18290);
#18289 = CARTESIAN_POINT('',(0.,-4.7105));
#18290 = VECTOR('',#18291,1.);
#18291 = DIRECTION('',(1.,0.));
#18292 = ( GEOMETRIC_REPRESENTATION_CONTEXT(2) 
PARAMETRIC_REPRESENTATION_CONTEXT() REPRESENTATION_CONTEXT('2D SPACE',''
  ) );
#18293 = ORIENTED_EDGE('',*,*,#18247,.T.);
#18294 = ORIENTED_EDGE('',*,*,#17868,.F.);
#18295 = ORIENTED_EDGE('',*,*,#18296,.F.);
#18296 = EDGE_CURVE('',#18272,#17843,#18297,.T.);
#18297 = SURFACE_CURVE('',#18298,(#18302,#18309),.PCURVE_S1.);
#18298 = LINE('',#18299,#18300);
#18299 = CARTESIAN_POINT('',(-23.3,-3.7105,12.95));
#18300 = VECTOR('',#18301,1.);
#18301 = DIRECTION('',(0.,0.,1.));
#18302 = PCURVE('',#17883,#18303);
#18303 = DEFINITIONAL_REPRESENTATION('',(#18304),#18308);
#18304 = LINE('',#18305,#18306);
#18305 = CARTESIAN_POINT('',(10.,0.));
#18306 = VECTOR('',#18307,1.);
#18307 = DIRECTION('',(0.,-1.));
#18308 = ( GEOMETRIC_REPRESENTATION_CONTEXT(2) 
PARAMETRIC_REPRESENTATION_CONTEXT() REPRESENTATION_CONTEXT('2D SPACE',''
  ) );
#18309 = PCURVE('',#17857,#18310);
#18310 = DEFINITIONAL_REPRESENTATION('',(#18311),#18315);
#18311 = LINE('',#18312,#18313);
#18312 = CARTESIAN_POINT('',(0.,0.));
#18313 = VECTOR('',#18314,1.);
#18314 = DIRECTION('',(0.,-1.));
#18315 = ( GEOMETRIC_REPRESENTATION_CONTEXT(2) 
PARAMETRIC_REPRESENTATION_CONTEXT() REPRESENTATION_CONTEXT('2D SPACE',''
  ) );
#18316 = ADVANCED_FACE('',(#18317),#17857,.F.);
#18317 = FACE_BOUND('',#18318,.F.);
#18318 = EDGE_LOOP('',(#18319,#18342,#18343,#18344));
#18319 = ORIENTED_EDGE('',*,*,#18320,.F.);
#18320 = EDGE_CURVE('',#18272,#18321,#18323,.T.);
#18321 = VERTEX_POINT('',#18322);
#18322 = CARTESIAN_POINT('',(-23.3,5.7105,12.95));
#18323 = SURFACE_CURVE('',#18324,(#18328,#18335),.PCURVE_S1.);
#18324 = LINE('',#18325,#18326);
#18325 = CARTESIAN_POINT('',(-23.3,1.,12.95));
#18326 = VECTOR('',#18327,1.);
#18327 = DIRECTION('',(0.,1.,0.));
#18328 = PCURVE('',#17857,#18329);
#18329 = DEFINITIONAL_REPRESENTATION('',(#18330),#18334);
#18330 = LINE('',#18331,#18332);
#18331 = CARTESIAN_POINT('',(4.7105,0.));
#18332 = VECTOR('',#18333,1.);
#18333 = DIRECTION('',(1.,0.));
#18334 = ( GEOMETRIC_REPRESENTATION_CONTEXT(2) 
PARAMETRIC_REPRESENTATION_CONTEXT() REPRESENTATION_CONTEXT('2D SPACE',''
  ) );
#18335 = PCURVE('',#18017,#18336);
#18336 = DEFINITIONAL_REPRESENTATION('',(#18337),#18341);
#18337 = LINE('',#18338,#18339);
#18338 = CARTESIAN_POINT('',(14.7,0.));
#18339 = VECTOR('',#18340,1.);
#18340 = DIRECTION('',(0.,1.));
#18341 = ( GEOMETRIC_REPRESENTATION_CONTEXT(2) 
PARAMETRIC_REPRESENTATION_CONTEXT() REPRESENTATION_CONTEXT('2D SPACE',''
  ) );
#18342 = ORIENTED_EDGE('',*,*,#18296,.T.);
#18343 = ORIENTED_EDGE('',*,*,#17842,.F.);
#18344 = ORIENTED_EDGE('',*,*,#18345,.F.);
#18345 = EDGE_CURVE('',#18321,#17817,#18346,.T.);
#18346 = SURFACE_CURVE('',#18347,(#18351,#18358),.PCURVE_S1.);
#18347 = LINE('',#18348,#18349);
#18348 = CARTESIAN_POINT('',(-23.3,5.7105,12.95));
#18349 = VECTOR('',#18350,1.);
#18350 = DIRECTION('',(0.,0.,1.));
#18351 = PCURVE('',#17857,#18352);
#18352 = DEFINITIONAL_REPRESENTATION('',(#18353),#18357);
#18353 = LINE('',#18354,#18355);
#18354 = CARTESIAN_POINT('',(9.421,0.));
#18355 = VECTOR('',#18356,1.);
#18356 = DIRECTION('',(0.,-1.));
#18357 = ( GEOMETRIC_REPRESENTATION_CONTEXT(2) 
PARAMETRIC_REPRESENTATION_CONTEXT() REPRESENTATION_CONTEXT('2D SPACE',''
  ) );
#18358 = PCURVE('',#17831,#18359);
#18359 = DEFINITIONAL_REPRESENTATION('',(#18360),#18364);
#18360 = LINE('',#18361,#18362);
#18361 = CARTESIAN_POINT('',(10.,0.));
#18362 = VECTOR('',#18363,1.);
#18363 = DIRECTION('',(0.,-1.));
#18364 = ( GEOMETRIC_REPRESENTATION_CONTEXT(2) 
PARAMETRIC_REPRESENTATION_CONTEXT() REPRESENTATION_CONTEXT('2D SPACE',''
  ) );
#18365 = ADVANCED_FACE('',(#18366),#17831,.T.);
#18366 = FACE_BOUND('',#18367,.T.);
#18367 = EDGE_LOOP('',(#18368,#18391,#18412,#18413));
#18368 = ORIENTED_EDGE('',*,*,#18369,.F.);
#18369 = EDGE_CURVE('',#18370,#18321,#18372,.T.);
#18370 = VERTEX_POINT('',#18371);
#18371 = CARTESIAN_POINT('',(-33.3,5.7105,12.95));
#18372 = SURFACE_CURVE('',#18373,(#18377,#18384),.PCURVE_S1.);
#18373 = LINE('',#18374,#18375);
#18374 = CARTESIAN_POINT('',(-38.,5.7105,12.95));
#18375 = VECTOR('',#18376,1.);
#18376 = DIRECTION('',(1.,0.,0.));
#18377 = PCURVE('',#17831,#18378);
#18378 = DEFINITIONAL_REPRESENTATION('',(#18379),#18383);
#18379 = LINE('',#18380,#18381);
#18380 = CARTESIAN_POINT('',(-4.7,0.));
#18381 = VECTOR('',#18382,1.);
#18382 = DIRECTION('',(1.,0.));
#18383 = ( GEOMETRIC_REPRESENTATION_CONTEXT(2) 
PARAMETRIC_REPRESENTATION_CONTEXT() REPRESENTATION_CONTEXT('2D SPACE',''
  ) );
#18384 = PCURVE('',#18017,#18385);
#18385 = DEFINITIONAL_REPRESENTATION('',(#18386),#18390);
#18386 = LINE('',#18387,#18388);
#18387 = CARTESIAN_POINT('',(0.,4.7105));
#18388 = VECTOR('',#18389,1.);
#18389 = DIRECTION('',(1.,0.));
#18390 = ( GEOMETRIC_REPRESENTATION_CONTEXT(2) 
PARAMETRIC_REPRESENTATION_CONTEXT() REPRESENTATION_CONTEXT('2D SPACE',''
  ) );
#18391 = ORIENTED_EDGE('',*,*,#18392,.T.);
#18392 = EDGE_CURVE('',#18370,#17791,#18393,.T.);
#18393 = SURFACE_CURVE('',#18394,(#18398,#18405),.PCURVE_S1.);
#18394 = LINE('',#18395,#18396);
#18395 = CARTESIAN_POINT('',(-33.3,5.7105,12.95));
#18396 = VECTOR('',#18397,1.);
#18397 = DIRECTION('',(0.,0.,1.));
#18398 = PCURVE('',#17831,#18399);
#18399 = DEFINITIONAL_REPRESENTATION('',(#18400),#18404);
#18400 = LINE('',#18401,#18402);
#18401 = CARTESIAN_POINT('',(0.,0.));
#18402 = VECTOR('',#18403,1.);
#18403 = DIRECTION('',(0.,-1.));
#18404 = ( GEOMETRIC_REPRESENTATION_CONTEXT(2) 
PARAMETRIC_REPRESENTATION_CONTEXT() REPRESENTATION_CONTEXT('2D SPACE',''
  ) );
#18405 = PCURVE('',#17805,#18406);
#18406 = DEFINITIONAL_REPRESENTATION('',(#18407),#18411);
#18407 = LINE('',#18408,#18409);
#18408 = CARTESIAN_POINT('',(0.,0.));
#18409 = VECTOR('',#18410,1.);
#18410 = DIRECTION('',(0.,-1.));
#18411 = ( GEOMETRIC_REPRESENTATION_CONTEXT(2) 
PARAMETRIC_REPRESENTATION_CONTEXT() REPRESENTATION_CONTEXT('2D SPACE',''
  ) );
#18412 = ORIENTED_EDGE('',*,*,#17816,.F.);
#18413 = ORIENTED_EDGE('',*,*,#18345,.F.);
#18414 = ADVANCED_FACE('',(#18415),#17805,.F.);
#18415 = FACE_BOUND('',#18416,.F.);
#18416 = EDGE_LOOP('',(#18417,#18440,#18441,#18442));
#18417 = ORIENTED_EDGE('',*,*,#18418,.F.);
#18418 = EDGE_CURVE('',#18370,#18419,#18421,.T.);
#18419 = VERTEX_POINT('',#18420);
#18420 = CARTESIAN_POINT('',(-33.3,14.2,12.95));
#18421 = SURFACE_CURVE('',#18422,(#18426,#18433),.PCURVE_S1.);
#18422 = LINE('',#18423,#18424);
#18423 = CARTESIAN_POINT('',(-33.3,1.,12.95));
#18424 = VECTOR('',#18425,1.);
#18425 = DIRECTION('',(0.,1.,0.));
#18426 = PCURVE('',#17805,#18427);
#18427 = DEFINITIONAL_REPRESENTATION('',(#18428),#18432);
#18428 = LINE('',#18429,#18430);
#18429 = CARTESIAN_POINT('',(-4.7105,0.));
#18430 = VECTOR('',#18431,1.);
#18431 = DIRECTION('',(1.,0.));
#18432 = ( GEOMETRIC_REPRESENTATION_CONTEXT(2) 
PARAMETRIC_REPRESENTATION_CONTEXT() REPRESENTATION_CONTEXT('2D SPACE',''
  ) );
#18433 = PCURVE('',#18017,#18434);
#18434 = DEFINITIONAL_REPRESENTATION('',(#18435),#18439);
#18435 = LINE('',#18436,#18437);
#18436 = CARTESIAN_POINT('',(4.7,0.));
#18437 = VECTOR('',#18438,1.);
#18438 = DIRECTION('',(0.,1.));
#18439 = ( GEOMETRIC_REPRESENTATION_CONTEXT(2) 
PARAMETRIC_REPRESENTATION_CONTEXT() REPRESENTATION_CONTEXT('2D SPACE',''
  ) );
#18440 = ORIENTED_EDGE('',*,*,#18392,.T.);
#18441 = ORIENTED_EDGE('',*,*,#17790,.F.);
#18442 = ORIENTED_EDGE('',*,*,#18443,.F.);
#18443 = EDGE_CURVE('',#18419,#17765,#18444,.T.);
#18444 = SURFACE_CURVE('',#18445,(#18449,#18456),.PCURVE_S1.);
#18445 = LINE('',#18446,#18447);
#18446 = CARTESIAN_POINT('',(-33.3,14.2,12.95));
#18447 = VECTOR('',#18448,1.);
#18448 = DIRECTION('',(0.,0.,1.));
#18449 = PCURVE('',#17805,#18450);
#18450 = DEFINITIONAL_REPRESENTATION('',(#18451),#18455);
#18451 = LINE('',#18452,#18453);
#18452 = CARTESIAN_POINT('',(8.4895,0.));
#18453 = VECTOR('',#18454,1.);
#18454 = DIRECTION('',(0.,-1.));
#18455 = ( GEOMETRIC_REPRESENTATION_CONTEXT(2) 
PARAMETRIC_REPRESENTATION_CONTEXT() REPRESENTATION_CONTEXT('2D SPACE',''
  ) );
#18456 = PCURVE('',#17779,#18457);
#18457 = DEFINITIONAL_REPRESENTATION('',(#18458),#18462);
#18458 = LINE('',#18459,#18460);
#18459 = CARTESIAN_POINT('',(9.4,0.));
#18460 = VECTOR('',#18461,1.);
#18461 = DIRECTION('',(0.,-1.));
#18462 = ( GEOMETRIC_REPRESENTATION_CONTEXT(2) 
PARAMETRIC_REPRESENTATION_CONTEXT() REPRESENTATION_CONTEXT('2D SPACE',''
  ) );
#18463 = ADVANCED_FACE('',(#18464),#17779,.T.);
#18464 = FACE_BOUND('',#18465,.T.);
#18465 = EDGE_LOOP('',(#18466,#18489,#18510,#18511));
#18466 = ORIENTED_EDGE('',*,*,#18467,.F.);
#18467 = EDGE_CURVE('',#18468,#18419,#18470,.T.);
#18468 = VERTEX_POINT('',#18469);
#18469 = CARTESIAN_POINT('',(-42.7,14.2,12.95));
#18470 = SURFACE_CURVE('',#18471,(#18475,#18482),.PCURVE_S1.);
#18471 = LINE('',#18472,#18473);
#18472 = CARTESIAN_POINT('',(-38.,14.2,12.95));
#18473 = VECTOR('',#18474,1.);
#18474 = DIRECTION('',(1.,0.,0.));
#18475 = PCURVE('',#17779,#18476);
#18476 = DEFINITIONAL_REPRESENTATION('',(#18477),#18481);
#18477 = LINE('',#18478,#18479);
#18478 = CARTESIAN_POINT('',(4.7,0.));
#18479 = VECTOR('',#18480,1.);
#18480 = DIRECTION('',(1.,0.));
#18481 = ( GEOMETRIC_REPRESENTATION_CONTEXT(2) 
PARAMETRIC_REPRESENTATION_CONTEXT() REPRESENTATION_CONTEXT('2D SPACE',''
  ) );
#18482 = PCURVE('',#18017,#18483);
#18483 = DEFINITIONAL_REPRESENTATION('',(#18484),#18488);
#18484 = LINE('',#18485,#18486);
#18485 = CARTESIAN_POINT('',(0.,13.2));
#18486 = VECTOR('',#18487,1.);
#18487 = DIRECTION('',(1.,0.));
#18488 = ( GEOMETRIC_REPRESENTATION_CONTEXT(2) 
PARAMETRIC_REPRESENTATION_CONTEXT() REPRESENTATION_CONTEXT('2D SPACE',''
  ) );
#18489 = ORIENTED_EDGE('',*,*,#18490,.T.);
#18490 = EDGE_CURVE('',#18468,#17739,#18491,.T.);
#18491 = SURFACE_CURVE('',#18492,(#18496,#18503),.PCURVE_S1.);
#18492 = LINE('',#18493,#18494);
#18493 = CARTESIAN_POINT('',(-42.7,14.2,12.95));
#18494 = VECTOR('',#18495,1.);
#18495 = DIRECTION('',(0.,0.,1.));
#18496 = PCURVE('',#17779,#18497);
#18497 = DEFINITIONAL_REPRESENTATION('',(#18498),#18502);
#18498 = LINE('',#18499,#18500);
#18499 = CARTESIAN_POINT('',(0.,0.));
#18500 = VECTOR('',#18501,1.);
#18501 = DIRECTION('',(0.,-1.));
#18502 = ( GEOMETRIC_REPRESENTATION_CONTEXT(2) 
PARAMETRIC_REPRESENTATION_CONTEXT() REPRESENTATION_CONTEXT('2D SPACE',''
  ) );
#18503 = PCURVE('',#17753,#18504);
#18504 = DEFINITIONAL_REPRESENTATION('',(#18505),#18509);
#18505 = LINE('',#18506,#18507);
#18506 = CARTESIAN_POINT('',(8.4895,0.));
#18507 = VECTOR('',#18508,1.);
#18508 = DIRECTION('',(0.,-1.));
#18509 = ( GEOMETRIC_REPRESENTATION_CONTEXT(2) 
PARAMETRIC_REPRESENTATION_CONTEXT() REPRESENTATION_CONTEXT('2D SPACE',''
  ) );
#18510 = ORIENTED_EDGE('',*,*,#17764,.F.);
#18511 = ORIENTED_EDGE('',*,*,#18443,.F.);
#18512 = ADVANCED_FACE('',(#18513),#17753,.T.);
#18513 = FACE_BOUND('',#18514,.T.);
#18514 = EDGE_LOOP('',(#18515,#18538,#18559,#18560));
#18515 = ORIENTED_EDGE('',*,*,#18516,.F.);
#18516 = EDGE_CURVE('',#18517,#18468,#18519,.T.);
#18517 = VERTEX_POINT('',#18518);
#18518 = CARTESIAN_POINT('',(-42.7,5.7105,12.95));
#18519 = SURFACE_CURVE('',#18520,(#18524,#18531),.PCURVE_S1.);
#18520 = LINE('',#18521,#18522);
#18521 = CARTESIAN_POINT('',(-42.7,1.,12.95));
#18522 = VECTOR('',#18523,1.);
#18523 = DIRECTION('',(0.,1.,0.));
#18524 = PCURVE('',#17753,#18525);
#18525 = DEFINITIONAL_REPRESENTATION('',(#18526),#18530);
#18526 = LINE('',#18527,#18528);
#18527 = CARTESIAN_POINT('',(-4.7105,0.));
#18528 = VECTOR('',#18529,1.);
#18529 = DIRECTION('',(1.,0.));
#18530 = ( GEOMETRIC_REPRESENTATION_CONTEXT(2) 
PARAMETRIC_REPRESENTATION_CONTEXT() REPRESENTATION_CONTEXT('2D SPACE',''
  ) );
#18531 = PCURVE('',#18017,#18532);
#18532 = DEFINITIONAL_REPRESENTATION('',(#18533),#18537);
#18533 = LINE('',#18534,#18535);
#18534 = CARTESIAN_POINT('',(-4.7,0.));
#18535 = VECTOR('',#18536,1.);
#18536 = DIRECTION('',(0.,1.));
#18537 = ( GEOMETRIC_REPRESENTATION_CONTEXT(2) 
PARAMETRIC_REPRESENTATION_CONTEXT() REPRESENTATION_CONTEXT('2D SPACE',''
  ) );
#18538 = ORIENTED_EDGE('',*,*,#18539,.T.);
#18539 = EDGE_CURVE('',#18517,#17713,#18540,.T.);
#18540 = SURFACE_CURVE('',#18541,(#18545,#18552),.PCURVE_S1.);
#18541 = LINE('',#18542,#18543);
#18542 = CARTESIAN_POINT('',(-42.7,5.7105,12.95));
#18543 = VECTOR('',#18544,1.);
#18544 = DIRECTION('',(0.,0.,1.));
#18545 = PCURVE('',#17753,#18546);
#18546 = DEFINITIONAL_REPRESENTATION('',(#18547),#18551);
#18547 = LINE('',#18548,#18549);
#18548 = CARTESIAN_POINT('',(0.,0.));
#18549 = VECTOR('',#18550,1.);
#18550 = DIRECTION('',(0.,-1.));
#18551 = ( GEOMETRIC_REPRESENTATION_CONTEXT(2) 
PARAMETRIC_REPRESENTATION_CONTEXT() REPRESENTATION_CONTEXT('2D SPACE',''
  ) );
#18552 = PCURVE('',#17727,#18553);
#18553 = DEFINITIONAL_REPRESENTATION('',(#18554),#18558);
#18554 = LINE('',#18555,#18556);
#18555 = CARTESIAN_POINT('',(10.,0.));
#18556 = VECTOR('',#18557,1.);
#18557 = DIRECTION('',(0.,-1.));
#18558 = ( GEOMETRIC_REPRESENTATION_CONTEXT(2) 
PARAMETRIC_REPRESENTATION_CONTEXT() REPRESENTATION_CONTEXT('2D SPACE',''
  ) );
#18559 = ORIENTED_EDGE('',*,*,#17738,.F.);
#18560 = ORIENTED_EDGE('',*,*,#18490,.F.);
#18561 = ADVANCED_FACE('',(#18562),#17727,.T.);
#18562 = FACE_BOUND('',#18563,.T.);
#18563 = EDGE_LOOP('',(#18564,#18585,#18586,#18587));
#18564 = ORIENTED_EDGE('',*,*,#18565,.F.);
#18565 = EDGE_CURVE('',#18002,#18517,#18566,.T.);
#18566 = SURFACE_CURVE('',#18567,(#18571,#18578),.PCURVE_S1.);
#18567 = LINE('',#18568,#18569);
#18568 = CARTESIAN_POINT('',(-38.,5.7105,12.95));
#18569 = VECTOR('',#18570,1.);
#18570 = DIRECTION('',(1.,0.,0.));
#18571 = PCURVE('',#17727,#18572);
#18572 = DEFINITIONAL_REPRESENTATION('',(#18573),#18577);
#18573 = LINE('',#18574,#18575);
#18574 = CARTESIAN_POINT('',(14.7,0.));
#18575 = VECTOR('',#18576,1.);
#18576 = DIRECTION('',(1.,0.));
#18577 = ( GEOMETRIC_REPRESENTATION_CONTEXT(2) 
PARAMETRIC_REPRESENTATION_CONTEXT() REPRESENTATION_CONTEXT('2D SPACE',''
  ) );
#18578 = PCURVE('',#18017,#18579);
#18579 = DEFINITIONAL_REPRESENTATION('',(#18580),#18584);
#18580 = LINE('',#18581,#18582);
#18581 = CARTESIAN_POINT('',(0.,4.7105));
#18582 = VECTOR('',#18583,1.);
#18583 = DIRECTION('',(1.,0.));
#18584 = ( GEOMETRIC_REPRESENTATION_CONTEXT(2) 
PARAMETRIC_REPRESENTATION_CONTEXT() REPRESENTATION_CONTEXT('2D SPACE',''
  ) );
#18585 = ORIENTED_EDGE('',*,*,#18051,.T.);
#18586 = ORIENTED_EDGE('',*,*,#17712,.F.);
#18587 = ORIENTED_EDGE('',*,*,#18539,.F.);
#18588 = ADVANCED_FACE('',(#18589),#18017,.F.);
#18589 = FACE_BOUND('',#18590,.F.);
#18590 = EDGE_LOOP('',(#18591,#18592,#18593,#18594,#18595,#18596,#18597,
    #18598,#18599,#18600,#18601,#18602));
#18591 = ORIENTED_EDGE('',*,*,#17999,.F.);
#18592 = ORIENTED_EDGE('',*,*,#18075,.T.);
#18593 = ORIENTED_EDGE('',*,*,#18124,.F.);
#18594 = ORIENTED_EDGE('',*,*,#18173,.T.);
#18595 = ORIENTED_EDGE('',*,*,#18222,.T.);
#18596 = ORIENTED_EDGE('',*,*,#18271,.T.);
#18597 = ORIENTED_EDGE('',*,*,#18320,.T.);
#18598 = ORIENTED_EDGE('',*,*,#18369,.F.);
#18599 = ORIENTED_EDGE('',*,*,#18418,.T.);
#18600 = ORIENTED_EDGE('',*,*,#18467,.F.);
#18601 = ORIENTED_EDGE('',*,*,#18516,.F.);
#18602 = ORIENTED_EDGE('',*,*,#18565,.F.);
#18603 = ( GEOMETRIC_REPRESENTATION_CONTEXT(3) 
GLOBAL_UNCERTAINTY_ASSIGNED_CONTEXT((#18607)) 
GLOBAL_UNIT_ASSIGNED_CONTEXT((#18604,#18605,#18606)) 
REPRESENTATION_CONTEXT('Context #1',
  '3D Context with UNIT and UNCERTAINTY') );
#18604 = ( LENGTH_UNIT() NAMED_UNIT(*) SI_UNIT(.MILLI.,.METRE.) );
#18605 = ( NAMED_UNIT(*) PLANE_ANGLE_UNIT() SI_UNIT($,.RADIAN.) );
#18606 = ( NAMED_UNIT(*) SI_UNIT($,.STERADIAN.) SOLID_ANGLE_UNIT() );
#18607 = UNCERTAINTY_MEASURE_WITH_UNIT(LENGTH_MEASURE(1.E-07),#18604,
  'distance_accuracy_value','confusion accuracy');
#18608 = CONTEXT_DEPENDENT_SHAPE_REPRESENTATION(#18609,#18611);
#18609 = ( REPRESENTATION_RELATIONSHIP('','',#16009,#15986) 
REPRESENTATION_RELATIONSHIP_WITH_TRANSFORMATION(#18610) 
SHAPE_REPRESENTATION_RELATIONSHIP() );
#18610 = ITEM_DEFINED_TRANSFORMATION('','',#11,#15987);
#18611 = PRODUCT_DEFINITION_SHAPE('Placement','Placement of an item',
  #18612);
#18612 = NEXT_ASSEMBLY_USAGE_OCCURRENCE('10','=>[0:1:1:9]','',#15981,
  #16004,$);
#18613 = PRODUCT_RELATED_PRODUCT_CATEGORY('part',$,(#16006));
#18614 = MECHANICAL_DESIGN_GEOMETRIC_PRESENTATION_REPRESENTATION('',(
    #18615),#5587);
#18615 = STYLED_ITEM('color',(#18616),#4176);
#18616 = PRESENTATION_STYLE_ASSIGNMENT((#18617));
#18617 = SURFACE_STYLE_USAGE(.BOTH.,#18618);
#18618 = SURFACE_SIDE_STYLE('',(#18619));
#18619 = SURFACE_STYLE_FILL_AREA(#18620);
#18620 = FILL_AREA_STYLE('',(#18621));
#18621 = FILL_AREA_STYLE_COLOUR('',#18622);
#18622 = DRAUGHTING_PRE_DEFINED_COLOUR('red');
#18623 = MECHANICAL_DESIGN_GEOMETRIC_PRESENTATION_REPRESENTATION('',(
    #18624),#18603);
#18624 = STYLED_ITEM('color',(#18625),#16010);
#18625 = PRESENTATION_STYLE_ASSIGNMENT((#18626));
#18626 = SURFACE_STYLE_USAGE(.BOTH.,#18627);
#18627 = SURFACE_SIDE_STYLE('',(#18628));
#18628 = SURFACE_STYLE_FILL_AREA(#18629);
#18629 = FILL_AREA_STYLE('',(#18630));
#18630 = FILL_AREA_STYLE_COLOUR('',#18631);
#18631 = DRAUGHTING_PRE_DEFINED_COLOUR('blue');
#18632 = MECHANICAL_DESIGN_GEOMETRIC_PRESENTATION_REPRESENTATION('',(
    #18633),#15968);
#18633 = STYLED_ITEM('color',(#18634),#5644);
#18634 = PRESENTATION_STYLE_ASSIGNMENT((#18635));
#18635 = SURFACE_STYLE_USAGE(.BOTH.,#18636);
#18636 = SURFACE_SIDE_STYLE('',(#18637));
#18637 = SURFACE_STYLE_FILL_AREA(#18638);
#18638 = FILL_AREA_STYLE('',(#18639));
#18639 = FILL_AREA_STYLE_COLOUR('',#18640);
#18640 = COLOUR_RGB('',0.827451179477,0.827451179477,0.827451179477);
#18641 = MECHANICAL_DESIGN_GEOMETRIC_PRESENTATION_REPRESENTATION('',(
    #18642),#4134);
#18642 = STYLED_ITEM('color',(#18643),#80);
#18643 = PRESENTATION_STYLE_ASSIGNMENT((#18644));
#18644 = SURFACE_STYLE_USAGE(.BOTH.,#18645);
#18645 = SURFACE_SIDE_STYLE('',(#18646));
#18646 = SURFACE_STYLE_FILL_AREA(#18647);
#18647 = FILL_AREA_STYLE('',(#18648));
#18648 = FILL_AREA_STYLE_COLOUR('',#18649);
#18649 = COLOUR_RGB('',0.752941088125,0.752941088125,0.752941088125);
ENDSEC;
END-ISO-10303-21;
