ISO-10303-21;
HEADER;
/* Generated by software containing ST-Developer
 * from STEP Tools, Inc. (www.steptools.com) 
 */

FILE_DESCRIPTION(
/* description */ ('STEP AP242 Edition 2'),
/* implementation_level */ '2;1');

FILE_NAME(
/* name */ 'Bottom Shell.step',
/* time_stamp */ '2026-03-25T13:00:37+05:30',
/* author */ (''),
/* organization */ (''),
/* preprocessor_version */ 'ST-DEVELOPER v20.1',
/* originating_system */ 'Autodesk Translation Framework v14.24.0.0',
/* authorisation */ '');

FILE_SCHEMA (('AUTOMOTIVE_DESIGN { 1 0 10303 214 3 1 1 }'));
ENDSEC;

DATA;
#10=MECHANICAL_DESIGN_GEOMETRIC_PRESENTATION_REPRESENTATION('',(#17),#3221);
#11=ITEM_DEFINED_TRANSFORMATION($,$,#1141,#1226);
#12=(
REPRESENTATION_RELATIONSHIP($,$,#3232,#3231)
REPRESENTATION_RELATIONSHIP_WITH_TRANSFORMATION(#11)
SHAPE_REPRESENTATION_RELATIONSHIP()
);
#13=CONTEXT_DEPENDENT_SHAPE_REPRESENTATION(#12,#3230);
#14=NEXT_ASSEMBLY_USAGE_OCCURRENCE('Bottom Shell:1','Bottom Shell:1',
'Bottom Shell:1',#3234,#3235,'Bottom Shell:1');
#15=SHAPE_REPRESENTATION_RELATIONSHIP('SRR','None',#3232,#16);
#16=ADVANCED_BREP_SHAPE_REPRESENTATION('',(#18),#3220);
#17=STYLED_ITEM('',(#3248),#18);
#18=MANIFOLD_SOLID_BREP('Body1',#1127);
#19=B_SPLINE_SURFACE_WITH_KNOTS('',3,1,((#2060,#2061),(#2062,#2063),(#2064,
#2065),(#2066,#2067),(#2068,#2069),(#2070,#2071),(#2072,#2073),(#2074,#2075),
(#2076,#2077),(#2078,#2079),(#2080,#2081),(#2082,#2083),(#2084,#2085),(#2086,
#2087),(#2088,#2089),(#2090,#2091),(#2092,#2093),(#2094,#2095),(#2096,#2097),
(#2098,#2099),(#2100,#2101),(#2102,#2103),(#2104,#2105),(#2106,#2107),(#2108,
#2109),(#2110,#2111),(#2112,#2113),(#2114,#2115),(#2116,#2117),(#2118,#2119),
(#2120,#2121),(#2122,#2123),(#2124,#2125),(#2126,#2127),(#2128,#2129),(#2130,
#2131),(#2132,#2133),(#2134,#2135),(#2136,#2137),(#2138,#2139),(#2140,#2141),
(#2142,#2143),(#2144,#2145),(#2146,#2147),(#2148,#2149),(#2150,#2151),(#2152,
#2153),(#2154,#2155),(#2156,#2157),(#2158,#2159),(#2160,#2161),(#2162,#2163),
(#2164,#2165),(#2166,#2167),(#2168,#2169),(#2170,#2171),(#2172,#2173),(#2174,
#2175),(#2176,#2177),(#2178,#2179),(#2180,#2181),(#2182,#2183),(#2184,#2185),
(#2186,#2187),(#2188,#2189),(#2190,#2191),(#2192,#2193),(#2194,#2195),(#2196,
#2197),(#2198,#2199),(#2200,#2201),(#2202,#2203),(#2204,#2205),(#2206,#2207),
(#2208,#2209),(#2210,#2211),(#2212,#2213),(#2214,#2215),(#2216,#2217),(#2218,
#2219),(#2220,#2221),(#2222,#2223),(#2224,#2225),(#2226,#2227),(#2228,#2229),
(#2230,#2231),(#2232,#2233)),.UNSPECIFIED.,.T.,.F.,.F.,(4,1,1,1,1,1,1,1,
1,1,1,1,1,1,1,1,1,1,1,1,1,1,1,1,1,1,1,1,1,1,1,1,1,1,1,1,1,1,1,1,1,1,1,1,
1,1,1,1,1,1,1,1,1,1,1,1,1,1,1,1,1,1,1,1,1,1,1,1,1,1,1,1,1,1,1,1,1,1,1,1,
1,1,1,1,4),(2,2),(0.,0.0078125,0.015625,0.03125,0.046875,0.0625,0.078125,
0.0859375,0.09375,0.109375,0.125,0.140625,0.1484375,0.15625,0.1640625,0.171875,
0.1875,0.203125,0.21875,0.234375,0.2421875,0.25,0.2578125,0.265625,0.28125,
0.296875,0.3125,0.328125,0.3359375,0.34375,0.3515625,0.359375,0.375,0.390625,
0.40625,0.4140625,0.421875,0.4375,0.453125,0.46875,0.484375,0.4921875,0.5,
0.5078125,0.515625,0.53125,0.546875,0.5625,0.578125,0.5859375,0.59375,0.609375,
0.625,0.640625,0.6484375,0.65625,0.6640625,0.671875,0.6875,0.703125,0.71875,
0.734375,0.7421875,0.75,0.7578125,0.765625,0.78125,0.796875,0.8125,0.828125,
0.8359375,0.84375,0.8515625,0.859375,0.875,0.890625,0.90625,0.9140625,0.921875,
0.9375,0.953125,0.96875,0.984375,0.9921875,1.),(0.,0.36),.UNSPECIFIED.);
#20=B_SPLINE_SURFACE_WITH_KNOTS('',3,1,((#2323,#2324),(#2325,#2326),(#2327,
#2328),(#2329,#2330),(#2331,#2332),(#2333,#2334),(#2335,#2336),(#2337,#2338),
(#2339,#2340),(#2341,#2342),(#2343,#2344),(#2345,#2346),(#2347,#2348),(#2349,
#2350),(#2351,#2352),(#2353,#2354),(#2355,#2356),(#2357,#2358),(#2359,#2360),
(#2361,#2362),(#2363,#2364),(#2365,#2366),(#2367,#2368),(#2369,#2370),(#2371,
#2372),(#2373,#2374),(#2375,#2376),(#2377,#2378),(#2379,#2380),(#2381,#2382),
(#2383,#2384),(#2385,#2386),(#2387,#2388),(#2389,#2390),(#2391,#2392),(#2393,
#2394),(#2395,#2396),(#2397,#2398),(#2399,#2400),(#2401,#2402),(#2403,#2404),
(#2405,#2406),(#2407,#2408),(#2409,#2410),(#2411,#2412),(#2413,#2414),(#2415,
#2416),(#2417,#2418),(#2419,#2420),(#2421,#2422),(#2423,#2424),(#2425,#2426),
(#2427,#2428),(#2429,#2430),(#2431,#2432),(#2433,#2434),(#2435,#2436),(#2437,
#2438),(#2439,#2440),(#2441,#2442),(#2443,#2444),(#2445,#2446),(#2447,#2448),
(#2449,#2450),(#2451,#2452),(#2453,#2454),(#2455,#2456),(#2457,#2458),(#2459,
#2460),(#2461,#2462),(#2463,#2464),(#2465,#2466),(#2467,#2468),(#2469,#2470),
(#2471,#2472),(#2473,#2474),(#2475,#2476),(#2477,#2478),(#2479,#2480),(#2481,
#2482),(#2483,#2484),(#2485,#2486),(#2487,#2488),(#2489,#2490),(#2491,#2492),
(#2493,#2494),(#2495,#2496)),.UNSPECIFIED.,.T.,.F.,.F.,(4,1,1,1,1,1,1,1,
1,1,1,1,1,1,1,1,1,1,1,1,1,1,1,1,1,1,1,1,1,1,1,1,1,1,1,1,1,1,1,1,1,1,1,1,
1,1,1,1,1,1,1,1,1,1,1,1,1,1,1,1,1,1,1,1,1,1,1,1,1,1,1,1,1,1,1,1,1,1,1,1,
1,1,1,1,4),(2,2),(0.,0.0078125,0.015625,0.03125,0.046875,0.0625,0.078125,
0.0859375,0.09375,0.109375,0.125,0.140625,0.1484375,0.15625,0.1640625,0.171875,
0.1875,0.203125,0.21875,0.234375,0.2421875,0.25,0.2578125,0.265625,0.28125,
0.296875,0.3125,0.328125,0.3359375,0.34375,0.3515625,0.359375,0.375,0.390625,
0.40625,0.4140625,0.421875,0.4375,0.453125,0.46875,0.484375,0.4921875,0.5,
0.5078125,0.515625,0.53125,0.546875,0.5625,0.578125,0.5859375,0.59375,0.609375,
0.625,0.640625,0.6484375,0.65625,0.6640625,0.671875,0.6875,0.703125,0.71875,
0.734375,0.7421875,0.75,0.7578125,0.765625,0.78125,0.796875,0.8125,0.828125,
0.8359375,0.84375,0.8515625,0.859375,0.875,0.890625,0.90625,0.9140625,0.921875,
0.9375,0.953125,0.96875,0.984375,0.9921875,1.),(0.,0.36),.UNSPECIFIED.);
#21=B_SPLINE_SURFACE_WITH_KNOTS('',3,1,((#2676,#2677),(#2678,#2679),(#2680,
#2681),(#2682,#2683),(#2684,#2685),(#2686,#2687),(#2688,#2689),(#2690,#2691),
(#2692,#2693),(#2694,#2695),(#2696,#2697),(#2698,#2699),(#2700,#2701),(#2702,
#2703),(#2704,#2705),(#2706,#2707),(#2708,#2709),(#2710,#2711),(#2712,#2713),
(#2714,#2715),(#2716,#2717),(#2718,#2719),(#2720,#2721),(#2722,#2723),(#2724,
#2725),(#2726,#2727),(#2728,#2729),(#2730,#2731),(#2732,#2733),(#2734,#2735),
(#2736,#2737),(#2738,#2739),(#2740,#2741),(#2742,#2743),(#2744,#2745),(#2746,
#2747),(#2748,#2749),(#2750,#2751),(#2752,#2753),(#2754,#2755),(#2756,#2757),
(#2758,#2759),(#2760,#2761),(#2762,#2763),(#2764,#2765),(#2766,#2767),(#2768,
#2769),(#2770,#2771),(#2772,#2773),(#2774,#2775),(#2776,#2777),(#2778,#2779),
(#2780,#2781),(#2782,#2783),(#2784,#2785),(#2786,#2787),(#2788,#2789),(#2790,
#2791),(#2792,#2793),(#2794,#2795),(#2796,#2797),(#2798,#2799),(#2800,#2801),
(#2802,#2803),(#2804,#2805),(#2806,#2807),(#2808,#2809),(#2810,#2811),(#2812,
#2813),(#2814,#2815),(#2816,#2817),(#2818,#2819),(#2820,#2821),(#2822,#2823),
(#2824,#2825),(#2826,#2827),(#2828,#2829),(#2830,#2831),(#2832,#2833),(#2834,
#2835),(#2836,#2837),(#2838,#2839),(#2840,#2841),(#2842,#2843),(#2844,#2845),
(#2846,#2847),(#2848,#2849)),.UNSPECIFIED.,.T.,.F.,.F.,(4,1,1,1,1,1,1,1,
1,1,1,1,1,1,1,1,1,1,1,1,1,1,1,1,1,1,1,1,1,1,1,1,1,1,1,1,1,1,1,1,1,1,1,1,
1,1,1,1,1,1,1,1,1,1,1,1,1,1,1,1,1,1,1,1,1,1,1,1,1,1,1,1,1,1,1,1,1,1,1,1,
1,1,1,1,4),(2,2),(0.,0.0078125,0.015625,0.03125,0.046875,0.0625,0.078125,
0.0859375,0.09375,0.109375,0.125,0.140625,0.1484375,0.15625,0.1640625,0.171875,
0.1875,0.203125,0.21875,0.234375,0.2421875,0.25,0.2578125,0.265625,0.28125,
0.296875,0.3125,0.328125,0.3359375,0.34375,0.3515625,0.359375,0.375,0.390625,
0.40625,0.4140625,0.421875,0.4375,0.453125,0.46875,0.484375,0.4921875,0.5,
0.5078125,0.515625,0.53125,0.546875,0.5625,0.578125,0.5859375,0.59375,0.609375,
0.625,0.640625,0.6484375,0.65625,0.6640625,0.671875,0.6875,0.703125,0.71875,
0.734375,0.7421875,0.75,0.7578125,0.765625,0.78125,0.796875,0.8125,0.828125,
0.8359375,0.84375,0.8515625,0.859375,0.875,0.890625,0.90625,0.9140625,0.921875,
0.9375,0.953125,0.96875,0.984375,0.9921875,1.),(0.,0.36),.UNSPECIFIED.);
#22=B_SPLINE_SURFACE_WITH_KNOTS('',3,1,((#2939,#2940),(#2941,#2942),(#2943,
#2944),(#2945,#2946),(#2947,#2948),(#2949,#2950),(#2951,#2952),(#2953,#2954),
(#2955,#2956),(#2957,#2958),(#2959,#2960),(#2961,#2962),(#2963,#2964),(#2965,
#2966),(#2967,#2968),(#2969,#2970),(#2971,#2972),(#2973,#2974),(#2975,#2976),
(#2977,#2978),(#2979,#2980),(#2981,#2982),(#2983,#2984),(#2985,#2986),(#2987,
#2988),(#2989,#2990),(#2991,#2992),(#2993,#2994),(#2995,#2996),(#2997,#2998),
(#2999,#3000),(#3001,#3002),(#3003,#3004),(#3005,#3006),(#3007,#3008),(#3009,
#3010),(#3011,#3012),(#3013,#3014),(#3015,#3016),(#3017,#3018),(#3019,#3020),
(#3021,#3022),(#3023,#3024),(#3025,#3026),(#3027,#3028),(#3029,#3030),(#3031,
#3032),(#3033,#3034),(#3035,#3036),(#3037,#3038),(#3039,#3040),(#3041,#3042),
(#3043,#3044),(#3045,#3046),(#3047,#3048),(#3049,#3050),(#3051,#3052),(#3053,
#3054),(#3055,#3056),(#3057,#3058),(#3059,#3060),(#3061,#3062),(#3063,#3064),
(#3065,#3066),(#3067,#3068),(#3069,#3070),(#3071,#3072),(#3073,#3074),(#3075,
#3076),(#3077,#3078),(#3079,#3080),(#3081,#3082),(#3083,#3084),(#3085,#3086),
(#3087,#3088),(#3089,#3090),(#3091,#3092),(#3093,#3094),(#3095,#3096),(#3097,
#3098),(#3099,#3100),(#3101,#3102),(#3103,#3104),(#3105,#3106),(#3107,#3108),
(#3109,#3110),(#3111,#3112)),.UNSPECIFIED.,.T.,.F.,.F.,(4,1,1,1,1,1,1,1,
1,1,1,1,1,1,1,1,1,1,1,1,1,1,1,1,1,1,1,1,1,1,1,1,1,1,1,1,1,1,1,1,1,1,1,1,
1,1,1,1,1,1,1,1,1,1,1,1,1,1,1,1,1,1,1,1,1,1,1,1,1,1,1,1,1,1,1,1,1,1,1,1,
1,1,1,1,4),(2,2),(0.,0.0078125,0.015625,0.03125,0.046875,0.0625,0.078125,
0.0859375,0.09375,0.109375,0.125,0.140625,0.1484375,0.15625,0.1640625,0.171875,
0.1875,0.203125,0.21875,0.234375,0.2421875,0.25,0.2578125,0.265625,0.28125,
0.296875,0.3125,0.328125,0.3359375,0.34375,0.3515625,0.359375,0.375,0.390625,
0.40625,0.4140625,0.421875,0.4375,0.453125,0.46875,0.484375,0.4921875,0.5,
0.5078125,0.515625,0.53125,0.546875,0.5625,0.578125,0.5859375,0.59375,0.609375,
0.625,0.640625,0.6484375,0.65625,0.6640625,0.671875,0.6875,0.703125,0.71875,
0.734375,0.7421875,0.75,0.7578125,0.765625,0.78125,0.796875,0.8125,0.828125,
0.8359375,0.84375,0.8515625,0.859375,0.875,0.890625,0.90625,0.9140625,0.921875,
0.9375,0.953125,0.96875,0.984375,0.9921875,1.),(0.,0.36),.UNSPECIFIED.);
#23=CYLINDRICAL_SURFACE('',#1162,2.5);
#24=CYLINDRICAL_SURFACE('',#1166,2.5);
#25=CYLINDRICAL_SURFACE('',#1170,4.);
#26=CYLINDRICAL_SURFACE('',#1174,2.5);
#27=CYLINDRICAL_SURFACE('',#1178,2.5);
#28=CYLINDRICAL_SURFACE('',#1183,2.5);
#29=CYLINDRICAL_SURFACE('',#1186,1.);
#30=CYLINDRICAL_SURFACE('',#1189,1.);
#31=CYLINDRICAL_SURFACE('',#1192,1.);
#32=CYLINDRICAL_SURFACE('',#1195,1.);
#33=CIRCLE('',#1154,2.5);
#34=CIRCLE('',#1155,2.5);
#35=CIRCLE('',#1156,4.);
#36=CIRCLE('',#1157,2.5);
#37=CIRCLE('',#1158,2.5);
#38=CIRCLE('',#1160,2.5);
#39=CIRCLE('',#1161,1.);
#40=CIRCLE('',#1164,2.5);
#41=CIRCLE('',#1165,1.);
#42=CIRCLE('',#1168,4.);
#43=CIRCLE('',#1169,2.5);
#44=CIRCLE('',#1172,2.5);
#45=CIRCLE('',#1173,1.);
#46=CIRCLE('',#1176,2.5);
#47=CIRCLE('',#1177,1.);
#48=CIRCLE('',#1184,2.5);
#49=CIRCLE('',#1187,1.);
#50=CIRCLE('',#1190,1.);
#51=CIRCLE('',#1193,1.);
#52=CIRCLE('',#1196,1.);
#53=FACE_BOUND('',#155,.T.);
#54=FACE_BOUND('',#156,.T.);
#55=FACE_BOUND('',#157,.T.);
#56=FACE_BOUND('',#158,.T.);
#57=FACE_BOUND('',#159,.T.);
#58=FACE_BOUND('',#160,.T.);
#59=FACE_BOUND('',#161,.T.);
#60=FACE_BOUND('',#163,.T.);
#61=FACE_BOUND('',#166,.T.);
#62=FACE_BOUND('',#169,.T.);
#63=FACE_BOUND('',#172,.T.);
#64=FACE_BOUND('',#175,.T.);
#65=FACE_BOUND('',#178,.T.);
#66=FACE_BOUND('',#183,.T.);
#67=B_SPLINE_CURVE_WITH_KNOTS('',3,(#1663,#1664,#1665,#1666,#1667,#1668,
#1669,#1670,#1671,#1672,#1673,#1674,#1675,#1676,#1677,#1678,#1679,#1680,
#1681,#1682,#1683,#1684,#1685,#1686,#1687,#1688,#1689,#1690,#1691,#1692,
#1693,#1694,#1695,#1696,#1697,#1698,#1699,#1700,#1701,#1702,#1703,#1704,
#1705,#1706,#1707,#1708,#1709,#1710,#1711,#1712,#1713,#1714,#1715,#1716,
#1717,#1718,#1719,#1720,#1721,#1722,#1723,#1724,#1725,#1726,#1727,#1728,
#1729,#1730,#1731,#1732,#1733,#1734,#1735,#1736,#1737,#1738,#1739,#1740,
#1741,#1742,#1743,#1744,#1745,#1746,#1747,#1748,#1749),.UNSPECIFIED.,.T.,
 .F.,(4,1,1,1,1,1,1,1,1,1,1,1,1,1,1,1,1,1,1,1,1,1,1,1,1,1,1,1,1,1,1,1,1,
1,1,1,1,1,1,1,1,1,1,1,1,1,1,1,1,1,1,1,1,1,1,1,1,1,1,1,1,1,1,1,1,1,1,1,1,
1,1,1,1,1,1,1,1,1,1,1,1,1,1,1,4),(0.,0.0078125,0.015625,0.03125,0.046875,
0.0625,0.078125,0.0859375,0.09375,0.109375,0.125,0.140625,0.1484375,0.15625,
0.1640625,0.171875,0.1875,0.203125,0.21875,0.234375,0.2421875,0.25,0.2578125,
0.265625,0.28125,0.296875,0.3125,0.328125,0.3359375,0.34375,0.3515625,0.359375,
0.375,0.390625,0.40625,0.4140625,0.421875,0.4375,0.453125,0.46875,0.484375,
0.4921875,0.5,0.5078125,0.515625,0.53125,0.546875,0.5625,0.578125,0.5859375,
0.59375,0.609375,0.625,0.640625,0.6484375,0.65625,0.6640625,0.671875,0.6875,
0.703125,0.71875,0.734375,0.7421875,0.75,0.7578125,0.765625,0.78125,0.796875,
0.8125,0.828125,0.8359375,0.84375,0.8515625,0.859375,0.875,0.890625,0.90625,
0.9140625,0.921875,0.9375,0.953125,0.96875,0.984375,0.9921875,1.),
 .UNSPECIFIED.);
#68=B_SPLINE_CURVE_WITH_KNOTS('',3,(#1751,#1752,#1753,#1754,#1755,#1756,
#1757,#1758,#1759,#1760,#1761,#1762,#1763,#1764,#1765,#1766,#1767,#1768,
#1769,#1770,#1771,#1772,#1773,#1774,#1775,#1776,#1777,#1778,#1779,#1780,
#1781,#1782,#1783,#1784,#1785,#1786,#1787,#1788,#1789,#1790,#1791,#1792,
#1793,#1794,#1795,#1796,#1797,#1798,#1799,#1800,#1801,#1802,#1803,#1804,
#1805,#1806,#1807,#1808,#1809,#1810,#1811,#1812,#1813,#1814,#1815,#1816,
#1817,#1818,#1819,#1820,#1821,#1822,#1823,#1824,#1825,#1826,#1827,#1828,
#1829,#1830,#1831,#1832,#1833,#1834,#1835,#1836,#1837),.UNSPECIFIED.,.T.,
 .F.,(4,1,1,1,1,1,1,1,1,1,1,1,1,1,1,1,1,1,1,1,1,1,1,1,1,1,1,1,1,1,1,1,1,
1,1,1,1,1,1,1,1,1,1,1,1,1,1,1,1,1,1,1,1,1,1,1,1,1,1,1,1,1,1,1,1,1,1,1,1,
1,1,1,1,1,1,1,1,1,1,1,1,1,1,1,4),(0.,0.0078125,0.015625,0.03125,0.046875,
0.0625,0.078125,0.0859375,0.09375,0.109375,0.125,0.140625,0.1484375,0.15625,
0.1640625,0.171875,0.1875,0.203125,0.21875,0.234375,0.2421875,0.25,0.2578125,
0.265625,0.28125,0.296875,0.3125,0.328125,0.3359375,0.34375,0.3515625,0.359375,
0.375,0.390625,0.40625,0.4140625,0.421875,0.4375,0.453125,0.46875,0.484375,
0.4921875,0.5,0.5078125,0.515625,0.53125,0.546875,0.5625,0.578125,0.5859375,
0.59375,0.609375,0.625,0.640625,0.6484375,0.65625,0.6640625,0.671875,0.6875,
0.703125,0.71875,0.734375,0.7421875,0.75,0.7578125,0.765625,0.78125,0.796875,
0.8125,0.828125,0.8359375,0.84375,0.8515625,0.859375,0.875,0.890625,0.90625,
0.9140625,0.921875,0.9375,0.953125,0.96875,0.984375,0.9921875,1.),
 .UNSPECIFIED.);
#69=B_SPLINE_CURVE_WITH_KNOTS('',3,(#1885,#1886,#1887,#1888,#1889,#1890,
#1891,#1892,#1893,#1894,#1895,#1896,#1897,#1898,#1899,#1900,#1901,#1902,
#1903,#1904,#1905,#1906,#1907,#1908,#1909,#1910,#1911,#1912,#1913,#1914,
#1915,#1916,#1917,#1918,#1919,#1920,#1921,#1922,#1923,#1924,#1925,#1926,
#1927,#1928,#1929,#1930,#1931,#1932,#1933,#1934,#1935,#1936,#1937,#1938,
#1939,#1940,#1941,#1942,#1943,#1944,#1945,#1946,#1947,#1948,#1949,#1950,
#1951,#1952,#1953,#1954,#1955,#1956,#1957,#1958,#1959,#1960,#1961,#1962,
#1963,#1964,#1965,#1966,#1967,#1968,#1969,#1970,#1971),.UNSPECIFIED.,.T.,
 .F.,(4,1,1,1,1,1,1,1,1,1,1,1,1,1,1,1,1,1,1,1,1,1,1,1,1,1,1,1,1,1,1,1,1,
1,1,1,1,1,1,1,1,1,1,1,1,1,1,1,1,1,1,1,1,1,1,1,1,1,1,1,1,1,1,1,1,1,1,1,1,
1,1,1,1,1,1,1,1,1,1,1,1,1,1,1,4),(0.,0.0078125,0.015625,0.03125,0.046875,
0.0625,0.078125,0.0859375,0.09375,0.109375,0.125,0.140625,0.1484375,0.15625,
0.1640625,0.171875,0.1875,0.203125,0.21875,0.234375,0.2421875,0.25,0.2578125,
0.265625,0.28125,0.296875,0.3125,0.328125,0.3359375,0.34375,0.3515625,0.359375,
0.375,0.390625,0.40625,0.4140625,0.421875,0.4375,0.453125,0.46875,0.484375,
0.4921875,0.5,0.5078125,0.515625,0.53125,0.546875,0.5625,0.578125,0.5859375,
0.59375,0.609375,0.625,0.640625,0.6484375,0.65625,0.6640625,0.671875,0.6875,
0.703125,0.71875,0.734375,0.7421875,0.75,0.7578125,0.765625,0.78125,0.796875,
0.8125,0.828125,0.8359375,0.84375,0.8515625,0.859375,0.875,0.890625,0.90625,
0.9140625,0.921875,0.9375,0.953125,0.96875,0.984375,0.9921875,1.),
 .UNSPECIFIED.);
#70=B_SPLINE_CURVE_WITH_KNOTS('',3,(#1973,#1974,#1975,#1976,#1977,#1978,
#1979,#1980,#1981,#1982,#1983,#1984,#1985,#1986,#1987,#1988,#1989,#1990,
#1991,#1992,#1993,#1994,#1995,#1996,#1997,#1998,#1999,#2000,#2001,#2002,
#2003,#2004,#2005,#2006,#2007,#2008,#2009,#2010,#2011,#2012,#2013,#2014,
#2015,#2016,#2017,#2018,#2019,#2020,#2021,#2022,#2023,#2024,#2025,#2026,
#2027,#2028,#2029,#2030,#2031,#2032,#2033,#2034,#2035,#2036,#2037,#2038,
#2039,#2040,#2041,#2042,#2043,#2044,#2045,#2046,#2047,#2048,#2049,#2050,
#2051,#2052,#2053,#2054,#2055,#2056,#2057,#2058,#2059),.UNSPECIFIED.,.T.,
 .F.,(4,1,1,1,1,1,1,1,1,1,1,1,1,1,1,1,1,1,1,1,1,1,1,1,1,1,1,1,1,1,1,1,1,
1,1,1,1,1,1,1,1,1,1,1,1,1,1,1,1,1,1,1,1,1,1,1,1,1,1,1,1,1,1,1,1,1,1,1,1,
1,1,1,1,1,1,1,1,1,1,1,1,1,1,1,4),(0.,0.0078125,0.015625,0.03125,0.046875,
0.0625,0.078125,0.0859375,0.09375,0.109375,0.125,0.140625,0.1484375,0.15625,
0.1640625,0.171875,0.1875,0.203125,0.21875,0.234375,0.2421875,0.25,0.2578125,
0.265625,0.28125,0.296875,0.3125,0.328125,0.3359375,0.34375,0.3515625,0.359375,
0.375,0.390625,0.40625,0.4140625,0.421875,0.4375,0.453125,0.46875,0.484375,
0.4921875,0.5,0.5078125,0.515625,0.53125,0.546875,0.5625,0.578125,0.5859375,
0.59375,0.609375,0.625,0.640625,0.6484375,0.65625,0.6640625,0.671875,0.6875,
0.703125,0.71875,0.734375,0.7421875,0.75,0.7578125,0.765625,0.78125,0.796875,
0.8125,0.828125,0.8359375,0.84375,0.8515625,0.859375,0.875,0.890625,0.90625,
0.9140625,0.921875,0.9375,0.953125,0.96875,0.984375,0.9921875,1.),
 .UNSPECIFIED.);
#71=B_SPLINE_CURVE_WITH_KNOTS('',3,(#2235,#2236,#2237,#2238,#2239,#2240,
#2241,#2242,#2243,#2244,#2245,#2246,#2247,#2248,#2249,#2250,#2251,#2252,
#2253,#2254,#2255,#2256,#2257,#2258,#2259,#2260,#2261,#2262,#2263,#2264,
#2265,#2266,#2267,#2268,#2269,#2270,#2271,#2272,#2273,#2274,#2275,#2276,
#2277,#2278,#2279,#2280,#2281,#2282,#2283,#2284,#2285,#2286,#2287,#2288,
#2289,#2290,#2291,#2292,#2293,#2294,#2295,#2296,#2297,#2298,#2299,#2300,
#2301,#2302,#2303,#2304,#2305,#2306,#2307,#2308,#2309,#2310,#2311,#2312,
#2313,#2314,#2315,#2316,#2317,#2318,#2319,#2320,#2321),.UNSPECIFIED.,.T.,
 .F.,(4,1,1,1,1,1,1,1,1,1,1,1,1,1,1,1,1,1,1,1,1,1,1,1,1,1,1,1,1,1,1,1,1,
1,1,1,1,1,1,1,1,1,1,1,1,1,1,1,1,1,1,1,1,1,1,1,1,1,1,1,1,1,1,1,1,1,1,1,1,
1,1,1,1,1,1,1,1,1,1,1,1,1,1,1,4),(0.,0.0078125,0.015625,0.03125,0.046875,
0.0625,0.078125,0.0859375,0.09375,0.109375,0.125,0.140625,0.1484375,0.15625,
0.1640625,0.171875,0.1875,0.203125,0.21875,0.234375,0.2421875,0.25,0.2578125,
0.265625,0.28125,0.296875,0.3125,0.328125,0.3359375,0.34375,0.3515625,0.359375,
0.375,0.390625,0.40625,0.4140625,0.421875,0.4375,0.453125,0.46875,0.484375,
0.4921875,0.5,0.5078125,0.515625,0.53125,0.546875,0.5625,0.578125,0.5859375,
0.59375,0.609375,0.625,0.640625,0.6484375,0.65625,0.6640625,0.671875,0.6875,
0.703125,0.71875,0.734375,0.7421875,0.75,0.7578125,0.765625,0.78125,0.796875,
0.8125,0.828125,0.8359375,0.84375,0.8515625,0.859375,0.875,0.890625,0.90625,
0.9140625,0.921875,0.9375,0.953125,0.96875,0.984375,0.9921875,1.),
 .UNSPECIFIED.);
#72=B_SPLINE_CURVE_WITH_KNOTS('',3,(#2501,#2502,#2503,#2504,#2505,#2506,
#2507,#2508,#2509,#2510,#2511,#2512,#2513,#2514,#2515,#2516,#2517,#2518,
#2519,#2520,#2521,#2522,#2523,#2524,#2525,#2526,#2527,#2528,#2529,#2530,
#2531,#2532,#2533,#2534,#2535,#2536,#2537,#2538,#2539,#2540,#2541,#2542,
#2543,#2544,#2545,#2546,#2547,#2548,#2549,#2550,#2551,#2552,#2553,#2554,
#2555,#2556,#2557,#2558,#2559,#2560,#2561,#2562,#2563,#2564,#2565,#2566,
#2567,#2568,#2569,#2570,#2571,#2572,#2573,#2574,#2575,#2576,#2577,#2578,
#2579,#2580,#2581,#2582,#2583,#2584,#2585,#2586,#2587),.UNSPECIFIED.,.T.,
 .F.,(4,1,1,1,1,1,1,1,1,1,1,1,1,1,1,1,1,1,1,1,1,1,1,1,1,1,1,1,1,1,1,1,1,
1,1,1,1,1,1,1,1,1,1,1,1,1,1,1,1,1,1,1,1,1,1,1,1,1,1,1,1,1,1,1,1,1,1,1,1,
1,1,1,1,1,1,1,1,1,1,1,1,1,1,1,4),(0.,0.0078125,0.015625,0.03125,0.046875,
0.0625,0.078125,0.0859375,0.09375,0.109375,0.125,0.140625,0.1484375,0.15625,
0.1640625,0.171875,0.1875,0.203125,0.21875,0.234375,0.2421875,0.25,0.2578125,
0.265625,0.28125,0.296875,0.3125,0.328125,0.3359375,0.34375,0.3515625,0.359375,
0.375,0.390625,0.40625,0.4140625,0.421875,0.4375,0.453125,0.46875,0.484375,
0.4921875,0.5,0.5078125,0.515625,0.53125,0.546875,0.5625,0.578125,0.5859375,
0.59375,0.609375,0.625,0.640625,0.6484375,0.65625,0.6640625,0.671875,0.6875,
0.703125,0.71875,0.734375,0.7421875,0.75,0.7578125,0.765625,0.78125,0.796875,
0.8125,0.828125,0.8359375,0.84375,0.8515625,0.859375,0.875,0.890625,0.90625,
0.9140625,0.921875,0.9375,0.953125,0.96875,0.984375,0.9921875,1.),
 .UNSPECIFIED.);
#73=B_SPLINE_CURVE_WITH_KNOTS('',3,(#2589,#2590,#2591,#2592,#2593,#2594,
#2595,#2596,#2597,#2598,#2599,#2600,#2601,#2602,#2603,#2604,#2605,#2606,
#2607,#2608,#2609,#2610,#2611,#2612,#2613,#2614,#2615,#2616,#2617,#2618,
#2619,#2620,#2621,#2622,#2623,#2624,#2625,#2626,#2627,#2628,#2629,#2630,
#2631,#2632,#2633,#2634,#2635,#2636,#2637,#2638,#2639,#2640,#2641,#2642,
#2643,#2644,#2645,#2646,#2647,#2648,#2649,#2650,#2651,#2652,#2653,#2654,
#2655,#2656,#2657,#2658,#2659,#2660,#2661,#2662,#2663,#2664,#2665,#2666,
#2667,#2668,#2669,#2670,#2671,#2672,#2673,#2674,#2675),.UNSPECIFIED.,.T.,
 .F.,(4,1,1,1,1,1,1,1,1,1,1,1,1,1,1,1,1,1,1,1,1,1,1,1,1,1,1,1,1,1,1,1,1,
1,1,1,1,1,1,1,1,1,1,1,1,1,1,1,1,1,1,1,1,1,1,1,1,1,1,1,1,1,1,1,1,1,1,1,1,
1,1,1,1,1,1,1,1,1,1,1,1,1,1,1,4),(0.,0.0078125,0.015625,0.03125,0.046875,
0.0625,0.078125,0.0859375,0.09375,0.109375,0.125,0.140625,0.1484375,0.15625,
0.1640625,0.171875,0.1875,0.203125,0.21875,0.234375,0.2421875,0.25,0.2578125,
0.265625,0.28125,0.296875,0.3125,0.328125,0.3359375,0.34375,0.3515625,0.359375,
0.375,0.390625,0.40625,0.4140625,0.421875,0.4375,0.453125,0.46875,0.484375,
0.4921875,0.5,0.5078125,0.515625,0.53125,0.546875,0.5625,0.578125,0.5859375,
0.59375,0.609375,0.625,0.640625,0.6484375,0.65625,0.6640625,0.671875,0.6875,
0.703125,0.71875,0.734375,0.7421875,0.75,0.7578125,0.765625,0.78125,0.796875,
0.8125,0.828125,0.8359375,0.84375,0.8515625,0.859375,0.875,0.890625,0.90625,
0.9140625,0.921875,0.9375,0.953125,0.96875,0.984375,0.9921875,1.),
 .UNSPECIFIED.);
#74=B_SPLINE_CURVE_WITH_KNOTS('',3,(#2851,#2852,#2853,#2854,#2855,#2856,
#2857,#2858,#2859,#2860,#2861,#2862,#2863,#2864,#2865,#2866,#2867,#2868,
#2869,#2870,#2871,#2872,#2873,#2874,#2875,#2876,#2877,#2878,#2879,#2880,
#2881,#2882,#2883,#2884,#2885,#2886,#2887,#2888,#2889,#2890,#2891,#2892,
#2893,#2894,#2895,#2896,#2897,#2898,#2899,#2900,#2901,#2902,#2903,#2904,
#2905,#2906,#2907,#2908,#2909,#2910,#2911,#2912,#2913,#2914,#2915,#2916,
#2917,#2918,#2919,#2920,#2921,#2922,#2923,#2924,#2925,#2926,#2927,#2928,
#2929,#2930,#2931,#2932,#2933,#2934,#2935,#2936,#2937),.UNSPECIFIED.,.T.,
 .F.,(4,1,1,1,1,1,1,1,1,1,1,1,1,1,1,1,1,1,1,1,1,1,1,1,1,1,1,1,1,1,1,1,1,
1,1,1,1,1,1,1,1,1,1,1,1,1,1,1,1,1,1,1,1,1,1,1,1,1,1,1,1,1,1,1,1,1,1,1,1,
1,1,1,1,1,1,1,1,1,1,1,1,1,1,1,4),(0.,0.0078125,0.015625,0.03125,0.046875,
0.0625,0.078125,0.0859375,0.09375,0.109375,0.125,0.140625,0.1484375,0.15625,
0.1640625,0.171875,0.1875,0.203125,0.21875,0.234375,0.2421875,0.25,0.2578125,
0.265625,0.28125,0.296875,0.3125,0.328125,0.3359375,0.34375,0.3515625,0.359375,
0.375,0.390625,0.40625,0.4140625,0.421875,0.4375,0.453125,0.46875,0.484375,
0.4921875,0.5,0.5078125,0.515625,0.53125,0.546875,0.5625,0.578125,0.5859375,
0.59375,0.609375,0.625,0.640625,0.6484375,0.65625,0.6640625,0.671875,0.6875,
0.703125,0.71875,0.734375,0.7421875,0.75,0.7578125,0.765625,0.78125,0.796875,
0.8125,0.828125,0.8359375,0.84375,0.8515625,0.859375,0.875,0.890625,0.90625,
0.9140625,0.921875,0.9375,0.953125,0.96875,0.984375,0.9921875,1.),
 .UNSPECIFIED.);
#75=FACE_OUTER_BOUND('',#143,.T.);
#76=FACE_OUTER_BOUND('',#144,.T.);
#77=FACE_OUTER_BOUND('',#145,.T.);
#78=FACE_OUTER_BOUND('',#146,.T.);
#79=FACE_OUTER_BOUND('',#147,.T.);
#80=FACE_OUTER_BOUND('',#148,.T.);
#81=FACE_OUTER_BOUND('',#149,.T.);
#82=FACE_OUTER_BOUND('',#150,.T.);
#83=FACE_OUTER_BOUND('',#151,.T.);
#84=FACE_OUTER_BOUND('',#152,.T.);
#85=FACE_OUTER_BOUND('',#153,.T.);
#86=FACE_OUTER_BOUND('',#154,.T.);
#87=FACE_OUTER_BOUND('',#162,.T.);
#88=FACE_OUTER_BOUND('',#164,.T.);
#89=FACE_OUTER_BOUND('',#165,.T.);
#90=FACE_OUTER_BOUND('',#167,.T.);
#91=FACE_OUTER_BOUND('',#168,.T.);
#92=FACE_OUTER_BOUND('',#170,.T.);
#93=FACE_OUTER_BOUND('',#171,.T.);
#94=FACE_OUTER_BOUND('',#173,.T.);
#95=FACE_OUTER_BOUND('',#174,.T.);
#96=FACE_OUTER_BOUND('',#176,.T.);
#97=FACE_OUTER_BOUND('',#177,.T.);
#98=FACE_OUTER_BOUND('',#179,.T.);
#99=FACE_OUTER_BOUND('',#180,.T.);
#100=FACE_OUTER_BOUND('',#181,.T.);
#101=FACE_OUTER_BOUND('',#182,.T.);
#102=FACE_OUTER_BOUND('',#184,.T.);
#103=FACE_OUTER_BOUND('',#185,.T.);
#104=FACE_OUTER_BOUND('',#186,.T.);
#105=FACE_OUTER_BOUND('',#187,.T.);
#106=FACE_OUTER_BOUND('',#188,.T.);
#107=FACE_OUTER_BOUND('',#189,.T.);
#108=FACE_OUTER_BOUND('',#190,.T.);
#109=FACE_OUTER_BOUND('',#191,.T.);
#110=FACE_OUTER_BOUND('',#192,.T.);
#111=FACE_OUTER_BOUND('',#193,.T.);
#112=FACE_OUTER_BOUND('',#194,.T.);
#113=FACE_OUTER_BOUND('',#195,.T.);
#114=FACE_OUTER_BOUND('',#196,.T.);
#115=FACE_OUTER_BOUND('',#197,.T.);
#116=FACE_OUTER_BOUND('',#198,.T.);
#117=FACE_OUTER_BOUND('',#199,.T.);
#118=FACE_OUTER_BOUND('',#200,.T.);
#119=FACE_OUTER_BOUND('',#201,.T.);
#120=FACE_OUTER_BOUND('',#202,.T.);
#121=FACE_OUTER_BOUND('',#203,.T.);
#122=FACE_OUTER_BOUND('',#204,.T.);
#123=FACE_OUTER_BOUND('',#205,.T.);
#124=FACE_OUTER_BOUND('',#206,.T.);
#125=FACE_OUTER_BOUND('',#207,.T.);
#126=FACE_OUTER_BOUND('',#208,.T.);
#127=FACE_OUTER_BOUND('',#209,.T.);
#128=FACE_OUTER_BOUND('',#210,.T.);
#129=FACE_OUTER_BOUND('',#211,.T.);
#130=FACE_OUTER_BOUND('',#212,.T.);
#131=FACE_OUTER_BOUND('',#213,.T.);
#132=FACE_OUTER_BOUND('',#214,.T.);
#133=FACE_OUTER_BOUND('',#215,.T.);
#134=FACE_OUTER_BOUND('',#216,.T.);
#135=FACE_OUTER_BOUND('',#217,.T.);
#136=FACE_OUTER_BOUND('',#218,.T.);
#137=FACE_OUTER_BOUND('',#219,.T.);
#138=FACE_OUTER_BOUND('',#220,.T.);
#139=FACE_OUTER_BOUND('',#221,.T.);
#140=FACE_OUTER_BOUND('',#222,.T.);
#141=FACE_OUTER_BOUND('',#223,.T.);
#142=FACE_OUTER_BOUND('',#224,.T.);
#143=EDGE_LOOP('',(#709,#710,#711,#712,#713,#714,#715,#716));
#144=EDGE_LOOP('',(#717,#718,#719,#720,#721,#722,#723,#724,#725,#726,#727,
#728,#729,#730,#731,#732,#733,#734,#735,#736));
#145=EDGE_LOOP('',(#737,#738,#739,#740,#741,#742,#743,#744,#745,#746,#747,
#748,#749,#750,#751,#752,#753,#754,#755,#756));
#146=EDGE_LOOP('',(#757,#758,#759,#760));
#147=EDGE_LOOP('',(#761,#762,#763,#764));
#148=EDGE_LOOP('',(#765,#766,#767,#768));
#149=EDGE_LOOP('',(#769,#770,#771,#772));
#150=EDGE_LOOP('',(#773,#774,#775,#776));
#151=EDGE_LOOP('',(#777,#778,#779,#780));
#152=EDGE_LOOP('',(#781,#782,#783,#784));
#153=EDGE_LOOP('',(#785,#786,#787,#788));
#154=EDGE_LOOP('',(#789,#790,#791,#792,#793,#794,#795,#796));
#155=EDGE_LOOP('',(#797));
#156=EDGE_LOOP('',(#798));
#157=EDGE_LOOP('',(#799));
#158=EDGE_LOOP('',(#800));
#159=EDGE_LOOP('',(#801));
#160=EDGE_LOOP('',(#802));
#161=EDGE_LOOP('',(#803));
#162=EDGE_LOOP('',(#804));
#163=EDGE_LOOP('',(#805));
#164=EDGE_LOOP('',(#806,#807,#808,#809));
#165=EDGE_LOOP('',(#810));
#166=EDGE_LOOP('',(#811));
#167=EDGE_LOOP('',(#812,#813,#814,#815));
#168=EDGE_LOOP('',(#816));
#169=EDGE_LOOP('',(#817));
#170=EDGE_LOOP('',(#818,#819,#820,#821));
#171=EDGE_LOOP('',(#822));
#172=EDGE_LOOP('',(#823));
#173=EDGE_LOOP('',(#824,#825,#826,#827));
#174=EDGE_LOOP('',(#828));
#175=EDGE_LOOP('',(#829));
#176=EDGE_LOOP('',(#830,#831,#832,#833));
#177=EDGE_LOOP('',(#834));
#178=EDGE_LOOP('',(#835));
#179=EDGE_LOOP('',(#836,#837,#838,#839));
#180=EDGE_LOOP('',(#840,#841,#842,#843));
#181=EDGE_LOOP('',(#844));
#182=EDGE_LOOP('',(#845));
#183=EDGE_LOOP('',(#846));
#184=EDGE_LOOP('',(#847,#848,#849,#850));
#185=EDGE_LOOP('',(#851,#852,#853,#854));
#186=EDGE_LOOP('',(#855));
#187=EDGE_LOOP('',(#856,#857,#858,#859));
#188=EDGE_LOOP('',(#860));
#189=EDGE_LOOP('',(#861,#862,#863,#864));
#190=EDGE_LOOP('',(#865));
#191=EDGE_LOOP('',(#866,#867,#868,#869));
#192=EDGE_LOOP('',(#870));
#193=EDGE_LOOP('',(#871,#872,#873,#874));
#194=EDGE_LOOP('',(#875));
#195=EDGE_LOOP('',(#876,#877,#878,#879));
#196=EDGE_LOOP('',(#880));
#197=EDGE_LOOP('',(#881,#882,#883,#884));
#198=EDGE_LOOP('',(#885,#886,#887,#888));
#199=EDGE_LOOP('',(#889,#890,#891,#892));
#200=EDGE_LOOP('',(#893,#894,#895,#896));
#201=EDGE_LOOP('',(#897,#898,#899,#900));
#202=EDGE_LOOP('',(#901,#902,#903,#904));
#203=EDGE_LOOP('',(#905,#906,#907,#908));
#204=EDGE_LOOP('',(#909,#910,#911,#912,#913,#914,#915,#916));
#205=EDGE_LOOP('',(#917,#918,#919,#920,#921,#922,#923,#924));
#206=EDGE_LOOP('',(#925,#926,#927,#928));
#207=EDGE_LOOP('',(#929,#930,#931,#932));
#208=EDGE_LOOP('',(#933,#934,#935,#936));
#209=EDGE_LOOP('',(#937,#938,#939,#940));
#210=EDGE_LOOP('',(#941,#942,#943,#944));
#211=EDGE_LOOP('',(#945,#946,#947,#948));
#212=EDGE_LOOP('',(#949,#950,#951,#952));
#213=EDGE_LOOP('',(#953,#954,#955,#956));
#214=EDGE_LOOP('',(#957,#958,#959,#960));
#215=EDGE_LOOP('',(#961,#962,#963,#964));
#216=EDGE_LOOP('',(#965,#966,#967,#968));
#217=EDGE_LOOP('',(#969,#970,#971,#972));
#218=EDGE_LOOP('',(#973,#974,#975,#976));
#219=EDGE_LOOP('',(#977,#978,#979,#980));
#220=EDGE_LOOP('',(#981,#982,#983,#984));
#221=EDGE_LOOP('',(#985,#986,#987,#988));
#222=EDGE_LOOP('',(#989,#990,#991,#992));
#223=EDGE_LOOP('',(#993,#994,#995,#996,#997,#998));
#224=EDGE_LOOP('',(#999,#1000,#1001,#1002,#1003,#1004));
#225=LINE('',#1526,#345);
#226=LINE('',#1528,#346);
#227=LINE('',#1530,#347);
#228=LINE('',#1532,#348);
#229=LINE('',#1534,#349);
#230=LINE('',#1536,#350);
#231=LINE('',#1538,#351);
#232=LINE('',#1539,#352);
#233=LINE('',#1543,#353);
#234=LINE('',#1545,#354);
#235=LINE('',#1547,#355);
#236=LINE('',#1549,#356);
#237=LINE('',#1551,#357);
#238=LINE('',#1553,#358);
#239=LINE('',#1555,#359);
#240=LINE('',#1557,#360);
#241=LINE('',#1559,#361);
#242=LINE('',#1561,#362);
#243=LINE('',#1563,#363);
#244=LINE('',#1565,#364);
#245=LINE('',#1567,#365);
#246=LINE('',#1569,#366);
#247=LINE('',#1571,#367);
#248=LINE('',#1573,#368);
#249=LINE('',#1575,#369);
#250=LINE('',#1577,#370);
#251=LINE('',#1579,#371);
#252=LINE('',#1580,#372);
#253=LINE('',#1583,#373);
#254=LINE('',#1585,#374);
#255=LINE('',#1587,#375);
#256=LINE('',#1589,#376);
#257=LINE('',#1591,#377);
#258=LINE('',#1593,#378);
#259=LINE('',#1595,#379);
#260=LINE('',#1597,#380);
#261=LINE('',#1599,#381);
#262=LINE('',#1601,#382);
#263=LINE('',#1602,#383);
#264=LINE('',#1604,#384);
#265=LINE('',#1606,#385);
#266=LINE('',#1608,#386);
#267=LINE('',#1610,#387);
#268=LINE('',#1612,#388);
#269=LINE('',#1614,#389);
#270=LINE('',#1615,#390);
#271=LINE('',#1617,#391);
#272=LINE('',#1618,#392);
#273=LINE('',#1621,#393);
#274=LINE('',#1623,#394);
#275=LINE('',#1624,#395);
#276=LINE('',#1627,#396);
#277=LINE('',#1628,#397);
#278=LINE('',#1631,#398);
#279=LINE('',#1632,#399);
#280=LINE('',#1635,#400);
#281=LINE('',#1636,#401);
#282=LINE('',#1638,#402);
#283=LINE('',#1641,#403);
#284=LINE('',#1642,#404);
#285=LINE('',#1644,#405);
#286=LINE('',#1648,#406);
#287=LINE('',#1650,#407);
#288=LINE('',#1652,#408);
#289=LINE('',#1654,#409);
#290=LINE('',#1656,#410);
#291=LINE('',#1658,#411);
#292=LINE('',#1660,#412);
#293=LINE('',#1661,#413);
#294=LINE('',#1854,#414);
#295=LINE('',#1861,#415);
#296=LINE('',#1868,#416);
#297=LINE('',#1875,#417);
#298=LINE('',#1882,#418);
#299=LINE('',#2322,#419);
#300=LINE('',#2497,#420);
#301=LINE('',#2938,#421);
#302=LINE('',#3113,#422);
#303=LINE('',#3117,#423);
#304=LINE('',#3122,#424);
#305=LINE('',#3127,#425);
#306=LINE('',#3132,#426);
#307=LINE('',#3137,#427);
#308=LINE('',#3141,#428);
#309=LINE('',#3142,#429);
#310=LINE('',#3144,#430);
#311=LINE('',#3146,#431);
#312=LINE('',#3148,#432);
#313=LINE('',#3150,#433);
#314=LINE('',#3152,#434);
#315=LINE('',#3154,#435);
#316=LINE('',#3157,#436);
#317=LINE('',#3159,#437);
#318=LINE('',#3160,#438);
#319=LINE('',#3164,#439);
#320=LINE('',#3166,#440);
#321=LINE('',#3168,#441);
#322=LINE('',#3170,#442);
#323=LINE('',#3172,#443);
#324=LINE('',#3174,#444);
#325=LINE('',#3176,#445);
#326=LINE('',#3177,#446);
#327=LINE('',#3179,#447);
#328=LINE('',#3180,#448);
#329=LINE('',#3182,#449);
#330=LINE('',#3184,#450);
#331=LINE('',#3186,#451);
#332=LINE('',#3188,#452);
#333=LINE('',#3190,#453);
#334=LINE('',#3192,#454);
#335=LINE('',#3195,#455);
#336=LINE('',#3196,#456);
#337=LINE('',#3198,#457);
#338=LINE('',#3200,#458);
#339=LINE('',#3202,#459);
#340=LINE('',#3204,#460);
#341=LINE('',#3206,#461);
#342=LINE('',#3208,#462);
#343=LINE('',#3211,#463);
#344=LINE('',#3212,#464);
#345=VECTOR('',#1233,1000.);
#346=VECTOR('',#1234,1000.);
#347=VECTOR('',#1235,1000.);
#348=VECTOR('',#1236,1000.);
#349=VECTOR('',#1237,1000.);
#350=VECTOR('',#1238,1000.);
#351=VECTOR('',#1239,1000.);
#352=VECTOR('',#1240,1000.);
#353=VECTOR('',#1243,1000.);
#354=VECTOR('',#1244,1000.);
#355=VECTOR('',#1245,1000.);
#356=VECTOR('',#1246,1000.);
#357=VECTOR('',#1247,1000.);
#358=VECTOR('',#1248,1000.);
#359=VECTOR('',#1249,1000.);
#360=VECTOR('',#1250,1000.);
#361=VECTOR('',#1251,1000.);
#362=VECTOR('',#1252,1000.);
#363=VECTOR('',#1253,1000.);
#364=VECTOR('',#1254,1000.);
#365=VECTOR('',#1255,1000.);
#366=VECTOR('',#1256,1000.);
#367=VECTOR('',#1257,1000.);
#368=VECTOR('',#1258,1000.);
#369=VECTOR('',#1259,1000.);
#370=VECTOR('',#1260,1000.);
#371=VECTOR('',#1261,1000.);
#372=VECTOR('',#1262,1000.);
#373=VECTOR('',#1265,1000.);
#374=VECTOR('',#1266,1000.);
#375=VECTOR('',#1267,1000.);
#376=VECTOR('',#1268,1000.);
#377=VECTOR('',#1269,1000.);
#378=VECTOR('',#1270,1000.);
#379=VECTOR('',#1271,1000.);
#380=VECTOR('',#1272,1000.);
#381=VECTOR('',#1273,1000.);
#382=VECTOR('',#1274,1000.);
#383=VECTOR('',#1275,1000.);
#384=VECTOR('',#1276,1000.);
#385=VECTOR('',#1277,1000.);
#386=VECTOR('',#1278,1000.);
#387=VECTOR('',#1279,1000.);
#388=VECTOR('',#1280,1000.);
#389=VECTOR('',#1281,1000.);
#390=VECTOR('',#1282,1000.);
#391=VECTOR('',#1285,1000.);
#392=VECTOR('',#1286,1000.);
#393=VECTOR('',#1289,1000.);
#394=VECTOR('',#1290,1000.);
#395=VECTOR('',#1291,1000.);
#396=VECTOR('',#1294,1000.);
#397=VECTOR('',#1295,1000.);
#398=VECTOR('',#1298,1000.);
#399=VECTOR('',#1299,1000.);
#400=VECTOR('',#1302,1000.);
#401=VECTOR('',#1303,1000.);
#402=VECTOR('',#1306,1000.);
#403=VECTOR('',#1309,1000.);
#404=VECTOR('',#1310,1000.);
#405=VECTOR('',#1313,1000.);
#406=VECTOR('',#1316,1000.);
#407=VECTOR('',#1317,1000.);
#408=VECTOR('',#1318,1000.);
#409=VECTOR('',#1319,1000.);
#410=VECTOR('',#1320,1000.);
#411=VECTOR('',#1321,1000.);
#412=VECTOR('',#1322,1000.);
#413=VECTOR('',#1323,1000.);
#414=VECTOR('',#1342,2.5);
#415=VECTOR('',#1351,2.5);
#416=VECTOR('',#1360,4.);
#417=VECTOR('',#1369,2.5);
#418=VECTOR('',#1378,2.5);
#419=VECTOR('',#1381,10.);
#420=VECTOR('',#1382,10.);
#421=VECTOR('',#1387,10.);
#422=VECTOR('',#1388,10.);
#423=VECTOR('',#1393,2.5);
#424=VECTOR('',#1400,1.);
#425=VECTOR('',#1407,1.);
#426=VECTOR('',#1414,1.);
#427=VECTOR('',#1421,1.);
#428=VECTOR('',#1428,1000.);
#429=VECTOR('',#1429,1000.);
#430=VECTOR('',#1432,1000.);
#431=VECTOR('',#1435,1000.);
#432=VECTOR('',#1438,1000.);
#433=VECTOR('',#1441,1000.);
#434=VECTOR('',#1444,1000.);
#435=VECTOR('',#1447,1000.);
#436=VECTOR('',#1450,1000.);
#437=VECTOR('',#1451,1000.);
#438=VECTOR('',#1452,1000.);
#439=VECTOR('',#1455,1000.);
#440=VECTOR('',#1456,1000.);
#441=VECTOR('',#1457,1000.);
#442=VECTOR('',#1458,1000.);
#443=VECTOR('',#1459,1000.);
#444=VECTOR('',#1460,1000.);
#445=VECTOR('',#1461,1000.);
#446=VECTOR('',#1462,1000.);
#447=VECTOR('',#1465,1000.);
#448=VECTOR('',#1466,1000.);
#449=VECTOR('',#1469,1000.);
#450=VECTOR('',#1472,1000.);
#451=VECTOR('',#1475,1000.);
#452=VECTOR('',#1478,1000.);
#453=VECTOR('',#1481,1000.);
#454=VECTOR('',#1484,1000.);
#455=VECTOR('',#1489,1000.);
#456=VECTOR('',#1490,1000.);
#457=VECTOR('',#1493,1000.);
#458=VECTOR('',#1496,1000.);
#459=VECTOR('',#1499,1000.);
#460=VECTOR('',#1502,1000.);
#461=VECTOR('',#1505,1000.);
#462=VECTOR('',#1508,1000.);
#463=VECTOR('',#1513,1000.);
#464=VECTOR('',#1514,1000.);
#465=VERTEX_POINT('',#1524);
#466=VERTEX_POINT('',#1525);
#467=VERTEX_POINT('',#1527);
#468=VERTEX_POINT('',#1529);
#469=VERTEX_POINT('',#1531);
#470=VERTEX_POINT('',#1533);
#471=VERTEX_POINT('',#1535);
#472=VERTEX_POINT('',#1537);
#473=VERTEX_POINT('',#1541);
#474=VERTEX_POINT('',#1542);
#475=VERTEX_POINT('',#1544);
#476=VERTEX_POINT('',#1546);
#477=VERTEX_POINT('',#1548);
#478=VERTEX_POINT('',#1550);
#479=VERTEX_POINT('',#1552);
#480=VERTEX_POINT('',#1554);
#481=VERTEX_POINT('',#1556);
#482=VERTEX_POINT('',#1558);
#483=VERTEX_POINT('',#1560);
#484=VERTEX_POINT('',#1562);
#485=VERTEX_POINT('',#1564);
#486=VERTEX_POINT('',#1566);
#487=VERTEX_POINT('',#1568);
#488=VERTEX_POINT('',#1570);
#489=VERTEX_POINT('',#1572);
#490=VERTEX_POINT('',#1574);
#491=VERTEX_POINT('',#1576);
#492=VERTEX_POINT('',#1578);
#493=VERTEX_POINT('',#1582);
#494=VERTEX_POINT('',#1584);
#495=VERTEX_POINT('',#1586);
#496=VERTEX_POINT('',#1588);
#497=VERTEX_POINT('',#1590);
#498=VERTEX_POINT('',#1592);
#499=VERTEX_POINT('',#1594);
#500=VERTEX_POINT('',#1596);
#501=VERTEX_POINT('',#1598);
#502=VERTEX_POINT('',#1600);
#503=VERTEX_POINT('',#1603);
#504=VERTEX_POINT('',#1605);
#505=VERTEX_POINT('',#1607);
#506=VERTEX_POINT('',#1609);
#507=VERTEX_POINT('',#1611);
#508=VERTEX_POINT('',#1613);
#509=VERTEX_POINT('',#1620);
#510=VERTEX_POINT('',#1622);
#511=VERTEX_POINT('',#1626);
#512=VERTEX_POINT('',#1630);
#513=VERTEX_POINT('',#1634);
#514=VERTEX_POINT('',#1640);
#515=VERTEX_POINT('',#1646);
#516=VERTEX_POINT('',#1647);
#517=VERTEX_POINT('',#1649);
#518=VERTEX_POINT('',#1651);
#519=VERTEX_POINT('',#1653);
#520=VERTEX_POINT('',#1655);
#521=VERTEX_POINT('',#1657);
#522=VERTEX_POINT('',#1659);
#523=VERTEX_POINT('',#1662);
#524=VERTEX_POINT('',#1750);
#525=VERTEX_POINT('',#1838);
#526=VERTEX_POINT('',#1840);
#527=VERTEX_POINT('',#1842);
#528=VERTEX_POINT('',#1844);
#529=VERTEX_POINT('',#1846);
#530=VERTEX_POINT('',#1849);
#531=VERTEX_POINT('',#1851);
#532=VERTEX_POINT('',#1856);
#533=VERTEX_POINT('',#1858);
#534=VERTEX_POINT('',#1863);
#535=VERTEX_POINT('',#1865);
#536=VERTEX_POINT('',#1870);
#537=VERTEX_POINT('',#1872);
#538=VERTEX_POINT('',#1877);
#539=VERTEX_POINT('',#1879);
#540=VERTEX_POINT('',#1884);
#541=VERTEX_POINT('',#1972);
#542=VERTEX_POINT('',#2234);
#543=VERTEX_POINT('',#2500);
#544=VERTEX_POINT('',#2588);
#545=VERTEX_POINT('',#2850);
#546=VERTEX_POINT('',#3116);
#547=VERTEX_POINT('',#3121);
#548=VERTEX_POINT('',#3126);
#549=VERTEX_POINT('',#3131);
#550=VERTEX_POINT('',#3136);
#551=VERTEX_POINT('',#3156);
#552=VERTEX_POINT('',#3158);
#553=VERTEX_POINT('',#3162);
#554=VERTEX_POINT('',#3163);
#555=VERTEX_POINT('',#3165);
#556=VERTEX_POINT('',#3167);
#557=VERTEX_POINT('',#3169);
#558=VERTEX_POINT('',#3171);
#559=VERTEX_POINT('',#3173);
#560=VERTEX_POINT('',#3175);
#561=EDGE_CURVE('',#465,#466,#225,.T.);
#562=EDGE_CURVE('',#467,#465,#226,.T.);
#563=EDGE_CURVE('',#468,#467,#227,.T.);
#564=EDGE_CURVE('',#468,#469,#228,.T.);
#565=EDGE_CURVE('',#469,#470,#229,.T.);
#566=EDGE_CURVE('',#471,#470,#230,.T.);
#567=EDGE_CURVE('',#471,#472,#231,.T.);
#568=EDGE_CURVE('',#466,#472,#232,.T.);
#569=EDGE_CURVE('',#473,#474,#233,.T.);
#570=EDGE_CURVE('',#473,#475,#234,.T.);
#571=EDGE_CURVE('',#476,#475,#235,.T.);
#572=EDGE_CURVE('',#476,#477,#236,.T.);
#573=EDGE_CURVE('',#477,#478,#237,.T.);
#574=EDGE_CURVE('',#478,#479,#238,.T.);
#575=EDGE_CURVE('',#479,#480,#239,.T.);
#576=EDGE_CURVE('',#480,#481,#240,.T.);
#577=EDGE_CURVE('',#481,#482,#241,.T.);
#578=EDGE_CURVE('',#482,#483,#242,.T.);
#579=EDGE_CURVE('',#483,#484,#243,.T.);
#580=EDGE_CURVE('',#485,#484,#244,.T.);
#581=EDGE_CURVE('',#486,#485,#245,.T.);
#582=EDGE_CURVE('',#487,#486,#246,.T.);
#583=EDGE_CURVE('',#488,#487,#247,.T.);
#584=EDGE_CURVE('',#489,#488,#248,.T.);
#585=EDGE_CURVE('',#490,#489,#249,.T.);
#586=EDGE_CURVE('',#491,#490,#250,.T.);
#587=EDGE_CURVE('',#491,#492,#251,.T.);
#588=EDGE_CURVE('',#474,#492,#252,.T.);
#589=EDGE_CURVE('',#493,#465,#253,.T.);
#590=EDGE_CURVE('',#494,#493,#254,.T.);
#591=EDGE_CURVE('',#494,#495,#255,.T.);
#592=EDGE_CURVE('',#496,#495,#256,.T.);
#593=EDGE_CURVE('',#497,#496,#257,.T.);
#594=EDGE_CURVE('',#498,#497,#258,.T.);
#595=EDGE_CURVE('',#499,#498,#259,.T.);
#596=EDGE_CURVE('',#500,#499,#260,.T.);
#597=EDGE_CURVE('',#501,#500,#261,.T.);
#598=EDGE_CURVE('',#502,#501,#262,.T.);
#599=EDGE_CURVE('',#502,#471,#263,.T.);
#600=EDGE_CURVE('',#470,#503,#264,.T.);
#601=EDGE_CURVE('',#503,#504,#265,.T.);
#602=EDGE_CURVE('',#504,#505,#266,.T.);
#603=EDGE_CURVE('',#505,#506,#267,.T.);
#604=EDGE_CURVE('',#506,#507,#268,.T.);
#605=EDGE_CURVE('',#507,#508,#269,.T.);
#606=EDGE_CURVE('',#467,#508,#270,.T.);
#607=EDGE_CURVE('',#502,#484,#271,.T.);
#608=EDGE_CURVE('',#501,#485,#272,.T.);
#609=EDGE_CURVE('',#509,#506,#273,.T.);
#610=EDGE_CURVE('',#509,#510,#274,.T.);
#611=EDGE_CURVE('',#510,#507,#275,.T.);
#612=EDGE_CURVE('',#511,#505,#276,.T.);
#613=EDGE_CURVE('',#511,#509,#277,.T.);
#614=EDGE_CURVE('',#512,#504,#278,.T.);
#615=EDGE_CURVE('',#512,#511,#279,.T.);
#616=EDGE_CURVE('',#513,#503,#280,.T.);
#617=EDGE_CURVE('',#513,#512,#281,.T.);
#618=EDGE_CURVE('',#469,#513,#282,.T.);
#619=EDGE_CURVE('',#514,#508,#283,.T.);
#620=EDGE_CURVE('',#514,#468,#284,.T.);
#621=EDGE_CURVE('',#510,#514,#285,.T.);
#622=EDGE_CURVE('',#515,#516,#286,.T.);
#623=EDGE_CURVE('',#515,#517,#287,.T.);
#624=EDGE_CURVE('',#518,#517,#288,.T.);
#625=EDGE_CURVE('',#519,#518,#289,.T.);
#626=EDGE_CURVE('',#520,#519,#290,.T.);
#627=EDGE_CURVE('',#521,#520,#291,.T.);
#628=EDGE_CURVE('',#522,#521,#292,.T.);
#629=EDGE_CURVE('',#516,#522,#293,.T.);
#630=EDGE_CURVE('',#523,#523,#67,.T.);
#631=EDGE_CURVE('',#524,#524,#68,.T.);
#632=EDGE_CURVE('',#525,#525,#33,.T.);
#633=EDGE_CURVE('',#526,#526,#34,.F.);
#634=EDGE_CURVE('',#527,#527,#35,.F.);
#635=EDGE_CURVE('',#528,#528,#36,.F.);
#636=EDGE_CURVE('',#529,#529,#37,.F.);
#637=EDGE_CURVE('',#530,#530,#38,.T.);
#638=EDGE_CURVE('',#531,#531,#39,.T.);
#639=EDGE_CURVE('',#525,#530,#294,.T.);
#640=EDGE_CURVE('',#532,#532,#40,.T.);
#641=EDGE_CURVE('',#533,#533,#41,.T.);
#642=EDGE_CURVE('',#526,#532,#295,.T.);
#643=EDGE_CURVE('',#534,#534,#42,.T.);
#644=EDGE_CURVE('',#535,#535,#43,.T.);
#645=EDGE_CURVE('',#527,#534,#296,.T.);
#646=EDGE_CURVE('',#536,#536,#44,.T.);
#647=EDGE_CURVE('',#537,#537,#45,.T.);
#648=EDGE_CURVE('',#528,#536,#297,.T.);
#649=EDGE_CURVE('',#538,#538,#46,.T.);
#650=EDGE_CURVE('',#539,#539,#47,.T.);
#651=EDGE_CURVE('',#529,#538,#298,.T.);
#652=EDGE_CURVE('',#540,#540,#69,.F.);
#653=EDGE_CURVE('',#541,#541,#70,.F.);
#654=EDGE_CURVE('',#542,#542,#71,.T.);
#655=EDGE_CURVE('',#542,#541,#299,.T.);
#656=EDGE_CURVE('',#540,#524,#300,.T.);
#657=EDGE_CURVE('',#543,#543,#72,.F.);
#658=EDGE_CURVE('',#544,#544,#73,.F.);
#659=EDGE_CURVE('',#545,#545,#74,.T.);
#660=EDGE_CURVE('',#545,#544,#301,.T.);
#661=EDGE_CURVE('',#543,#523,#302,.T.);
#662=EDGE_CURVE('',#535,#546,#303,.T.);
#663=EDGE_CURVE('',#546,#546,#48,.T.);
#664=EDGE_CURVE('',#533,#547,#304,.T.);
#665=EDGE_CURVE('',#547,#547,#49,.T.);
#666=EDGE_CURVE('',#531,#548,#305,.T.);
#667=EDGE_CURVE('',#548,#548,#50,.T.);
#668=EDGE_CURVE('',#539,#549,#306,.T.);
#669=EDGE_CURVE('',#549,#549,#51,.T.);
#670=EDGE_CURVE('',#537,#550,#307,.T.);
#671=EDGE_CURVE('',#550,#550,#52,.T.);
#672=EDGE_CURVE('',#476,#515,#308,.T.);
#673=EDGE_CURVE('',#477,#516,#309,.T.);
#674=EDGE_CURVE('',#478,#522,#310,.T.);
#675=EDGE_CURVE('',#479,#521,#311,.T.);
#676=EDGE_CURVE('',#480,#520,#312,.T.);
#677=EDGE_CURVE('',#481,#519,#313,.T.);
#678=EDGE_CURVE('',#475,#517,#314,.T.);
#679=EDGE_CURVE('',#482,#518,#315,.T.);
#680=EDGE_CURVE('',#473,#551,#316,.T.);
#681=EDGE_CURVE('',#551,#552,#317,.T.);
#682=EDGE_CURVE('',#483,#552,#318,.T.);
#683=EDGE_CURVE('',#553,#554,#319,.T.);
#684=EDGE_CURVE('',#554,#555,#320,.T.);
#685=EDGE_CURVE('',#555,#556,#321,.T.);
#686=EDGE_CURVE('',#556,#557,#322,.T.);
#687=EDGE_CURVE('',#557,#558,#323,.T.);
#688=EDGE_CURVE('',#558,#559,#324,.T.);
#689=EDGE_CURVE('',#559,#560,#325,.T.);
#690=EDGE_CURVE('',#560,#553,#326,.T.);
#691=EDGE_CURVE('',#493,#474,#327,.T.);
#692=EDGE_CURVE('',#494,#492,#328,.T.);
#693=EDGE_CURVE('',#500,#486,#329,.T.);
#694=EDGE_CURVE('',#499,#487,#330,.T.);
#695=EDGE_CURVE('',#498,#488,#331,.T.);
#696=EDGE_CURVE('',#497,#489,#332,.T.);
#697=EDGE_CURVE('',#496,#490,#333,.T.);
#698=EDGE_CURVE('',#495,#491,#334,.T.);
#699=EDGE_CURVE('',#560,#512,#335,.F.);
#700=EDGE_CURVE('',#511,#559,#336,.T.);
#701=EDGE_CURVE('',#509,#558,#337,.T.);
#702=EDGE_CURVE('',#553,#513,#338,.F.);
#703=EDGE_CURVE('',#510,#557,#339,.T.);
#704=EDGE_CURVE('',#554,#469,#340,.T.);
#705=EDGE_CURVE('',#514,#556,#341,.T.);
#706=EDGE_CURVE('',#555,#468,#342,.T.);
#707=EDGE_CURVE('',#551,#466,#343,.T.);
#708=EDGE_CURVE('',#552,#472,#344,.T.);
#709=ORIENTED_EDGE('',*,*,#561,.F.);
#710=ORIENTED_EDGE('',*,*,#562,.F.);
#711=ORIENTED_EDGE('',*,*,#563,.F.);
#712=ORIENTED_EDGE('',*,*,#564,.T.);
#713=ORIENTED_EDGE('',*,*,#565,.T.);
#714=ORIENTED_EDGE('',*,*,#566,.F.);
#715=ORIENTED_EDGE('',*,*,#567,.T.);
#716=ORIENTED_EDGE('',*,*,#568,.F.);
#717=ORIENTED_EDGE('',*,*,#569,.F.);
#718=ORIENTED_EDGE('',*,*,#570,.T.);
#719=ORIENTED_EDGE('',*,*,#571,.F.);
#720=ORIENTED_EDGE('',*,*,#572,.T.);
#721=ORIENTED_EDGE('',*,*,#573,.T.);
#722=ORIENTED_EDGE('',*,*,#574,.T.);
#723=ORIENTED_EDGE('',*,*,#575,.T.);
#724=ORIENTED_EDGE('',*,*,#576,.T.);
#725=ORIENTED_EDGE('',*,*,#577,.T.);
#726=ORIENTED_EDGE('',*,*,#578,.T.);
#727=ORIENTED_EDGE('',*,*,#579,.T.);
#728=ORIENTED_EDGE('',*,*,#580,.F.);
#729=ORIENTED_EDGE('',*,*,#581,.F.);
#730=ORIENTED_EDGE('',*,*,#582,.F.);
#731=ORIENTED_EDGE('',*,*,#583,.F.);
#732=ORIENTED_EDGE('',*,*,#584,.F.);
#733=ORIENTED_EDGE('',*,*,#585,.F.);
#734=ORIENTED_EDGE('',*,*,#586,.F.);
#735=ORIENTED_EDGE('',*,*,#587,.T.);
#736=ORIENTED_EDGE('',*,*,#588,.F.);
#737=ORIENTED_EDGE('',*,*,#589,.F.);
#738=ORIENTED_EDGE('',*,*,#590,.F.);
#739=ORIENTED_EDGE('',*,*,#591,.T.);
#740=ORIENTED_EDGE('',*,*,#592,.F.);
#741=ORIENTED_EDGE('',*,*,#593,.F.);
#742=ORIENTED_EDGE('',*,*,#594,.F.);
#743=ORIENTED_EDGE('',*,*,#595,.F.);
#744=ORIENTED_EDGE('',*,*,#596,.F.);
#745=ORIENTED_EDGE('',*,*,#597,.F.);
#746=ORIENTED_EDGE('',*,*,#598,.F.);
#747=ORIENTED_EDGE('',*,*,#599,.T.);
#748=ORIENTED_EDGE('',*,*,#566,.T.);
#749=ORIENTED_EDGE('',*,*,#600,.T.);
#750=ORIENTED_EDGE('',*,*,#601,.T.);
#751=ORIENTED_EDGE('',*,*,#602,.T.);
#752=ORIENTED_EDGE('',*,*,#603,.T.);
#753=ORIENTED_EDGE('',*,*,#604,.T.);
#754=ORIENTED_EDGE('',*,*,#605,.T.);
#755=ORIENTED_EDGE('',*,*,#606,.F.);
#756=ORIENTED_EDGE('',*,*,#562,.T.);
#757=ORIENTED_EDGE('',*,*,#607,.F.);
#758=ORIENTED_EDGE('',*,*,#598,.T.);
#759=ORIENTED_EDGE('',*,*,#608,.T.);
#760=ORIENTED_EDGE('',*,*,#580,.T.);
#761=ORIENTED_EDGE('',*,*,#609,.F.);
#762=ORIENTED_EDGE('',*,*,#610,.T.);
#763=ORIENTED_EDGE('',*,*,#611,.T.);
#764=ORIENTED_EDGE('',*,*,#604,.F.);
#765=ORIENTED_EDGE('',*,*,#612,.F.);
#766=ORIENTED_EDGE('',*,*,#613,.T.);
#767=ORIENTED_EDGE('',*,*,#609,.T.);
#768=ORIENTED_EDGE('',*,*,#603,.F.);
#769=ORIENTED_EDGE('',*,*,#614,.F.);
#770=ORIENTED_EDGE('',*,*,#615,.T.);
#771=ORIENTED_EDGE('',*,*,#612,.T.);
#772=ORIENTED_EDGE('',*,*,#602,.F.);
#773=ORIENTED_EDGE('',*,*,#616,.F.);
#774=ORIENTED_EDGE('',*,*,#617,.T.);
#775=ORIENTED_EDGE('',*,*,#614,.T.);
#776=ORIENTED_EDGE('',*,*,#601,.F.);
#777=ORIENTED_EDGE('',*,*,#565,.F.);
#778=ORIENTED_EDGE('',*,*,#618,.T.);
#779=ORIENTED_EDGE('',*,*,#616,.T.);
#780=ORIENTED_EDGE('',*,*,#600,.F.);
#781=ORIENTED_EDGE('',*,*,#619,.F.);
#782=ORIENTED_EDGE('',*,*,#620,.T.);
#783=ORIENTED_EDGE('',*,*,#563,.T.);
#784=ORIENTED_EDGE('',*,*,#606,.T.);
#785=ORIENTED_EDGE('',*,*,#611,.F.);
#786=ORIENTED_EDGE('',*,*,#621,.T.);
#787=ORIENTED_EDGE('',*,*,#619,.T.);
#788=ORIENTED_EDGE('',*,*,#605,.F.);
#789=ORIENTED_EDGE('',*,*,#622,.F.);
#790=ORIENTED_EDGE('',*,*,#623,.T.);
#791=ORIENTED_EDGE('',*,*,#624,.F.);
#792=ORIENTED_EDGE('',*,*,#625,.F.);
#793=ORIENTED_EDGE('',*,*,#626,.F.);
#794=ORIENTED_EDGE('',*,*,#627,.F.);
#795=ORIENTED_EDGE('',*,*,#628,.F.);
#796=ORIENTED_EDGE('',*,*,#629,.F.);
#797=ORIENTED_EDGE('',*,*,#630,.F.);
#798=ORIENTED_EDGE('',*,*,#631,.F.);
#799=ORIENTED_EDGE('',*,*,#632,.F.);
#800=ORIENTED_EDGE('',*,*,#633,.F.);
#801=ORIENTED_EDGE('',*,*,#634,.F.);
#802=ORIENTED_EDGE('',*,*,#635,.F.);
#803=ORIENTED_EDGE('',*,*,#636,.F.);
#804=ORIENTED_EDGE('',*,*,#637,.F.);
#805=ORIENTED_EDGE('',*,*,#638,.F.);
#806=ORIENTED_EDGE('',*,*,#632,.T.);
#807=ORIENTED_EDGE('',*,*,#639,.T.);
#808=ORIENTED_EDGE('',*,*,#637,.T.);
#809=ORIENTED_EDGE('',*,*,#639,.F.);
#810=ORIENTED_EDGE('',*,*,#640,.F.);
#811=ORIENTED_EDGE('',*,*,#641,.F.);
#812=ORIENTED_EDGE('',*,*,#633,.T.);
#813=ORIENTED_EDGE('',*,*,#642,.T.);
#814=ORIENTED_EDGE('',*,*,#640,.T.);
#815=ORIENTED_EDGE('',*,*,#642,.F.);
#816=ORIENTED_EDGE('',*,*,#643,.F.);
#817=ORIENTED_EDGE('',*,*,#644,.F.);
#818=ORIENTED_EDGE('',*,*,#634,.T.);
#819=ORIENTED_EDGE('',*,*,#645,.T.);
#820=ORIENTED_EDGE('',*,*,#643,.T.);
#821=ORIENTED_EDGE('',*,*,#645,.F.);
#822=ORIENTED_EDGE('',*,*,#646,.F.);
#823=ORIENTED_EDGE('',*,*,#647,.F.);
#824=ORIENTED_EDGE('',*,*,#635,.T.);
#825=ORIENTED_EDGE('',*,*,#648,.T.);
#826=ORIENTED_EDGE('',*,*,#646,.T.);
#827=ORIENTED_EDGE('',*,*,#648,.F.);
#828=ORIENTED_EDGE('',*,*,#649,.F.);
#829=ORIENTED_EDGE('',*,*,#650,.F.);
#830=ORIENTED_EDGE('',*,*,#636,.T.);
#831=ORIENTED_EDGE('',*,*,#651,.T.);
#832=ORIENTED_EDGE('',*,*,#649,.T.);
#833=ORIENTED_EDGE('',*,*,#651,.F.);
#834=ORIENTED_EDGE('',*,*,#652,.F.);
#835=ORIENTED_EDGE('',*,*,#653,.T.);
#836=ORIENTED_EDGE('',*,*,#654,.F.);
#837=ORIENTED_EDGE('',*,*,#655,.T.);
#838=ORIENTED_EDGE('',*,*,#653,.F.);
#839=ORIENTED_EDGE('',*,*,#655,.F.);
#840=ORIENTED_EDGE('',*,*,#652,.T.);
#841=ORIENTED_EDGE('',*,*,#656,.T.);
#842=ORIENTED_EDGE('',*,*,#631,.T.);
#843=ORIENTED_EDGE('',*,*,#656,.F.);
#844=ORIENTED_EDGE('',*,*,#654,.T.);
#845=ORIENTED_EDGE('',*,*,#657,.F.);
#846=ORIENTED_EDGE('',*,*,#658,.T.);
#847=ORIENTED_EDGE('',*,*,#659,.F.);
#848=ORIENTED_EDGE('',*,*,#660,.T.);
#849=ORIENTED_EDGE('',*,*,#658,.F.);
#850=ORIENTED_EDGE('',*,*,#660,.F.);
#851=ORIENTED_EDGE('',*,*,#657,.T.);
#852=ORIENTED_EDGE('',*,*,#661,.T.);
#853=ORIENTED_EDGE('',*,*,#630,.T.);
#854=ORIENTED_EDGE('',*,*,#661,.F.);
#855=ORIENTED_EDGE('',*,*,#659,.T.);
#856=ORIENTED_EDGE('',*,*,#644,.T.);
#857=ORIENTED_EDGE('',*,*,#662,.T.);
#858=ORIENTED_EDGE('',*,*,#663,.F.);
#859=ORIENTED_EDGE('',*,*,#662,.F.);
#860=ORIENTED_EDGE('',*,*,#663,.T.);
#861=ORIENTED_EDGE('',*,*,#641,.T.);
#862=ORIENTED_EDGE('',*,*,#664,.T.);
#863=ORIENTED_EDGE('',*,*,#665,.F.);
#864=ORIENTED_EDGE('',*,*,#664,.F.);
#865=ORIENTED_EDGE('',*,*,#665,.T.);
#866=ORIENTED_EDGE('',*,*,#638,.T.);
#867=ORIENTED_EDGE('',*,*,#666,.T.);
#868=ORIENTED_EDGE('',*,*,#667,.F.);
#869=ORIENTED_EDGE('',*,*,#666,.F.);
#870=ORIENTED_EDGE('',*,*,#667,.T.);
#871=ORIENTED_EDGE('',*,*,#650,.T.);
#872=ORIENTED_EDGE('',*,*,#668,.T.);
#873=ORIENTED_EDGE('',*,*,#669,.F.);
#874=ORIENTED_EDGE('',*,*,#668,.F.);
#875=ORIENTED_EDGE('',*,*,#669,.T.);
#876=ORIENTED_EDGE('',*,*,#647,.T.);
#877=ORIENTED_EDGE('',*,*,#670,.T.);
#878=ORIENTED_EDGE('',*,*,#671,.F.);
#879=ORIENTED_EDGE('',*,*,#670,.F.);
#880=ORIENTED_EDGE('',*,*,#671,.T.);
#881=ORIENTED_EDGE('',*,*,#572,.F.);
#882=ORIENTED_EDGE('',*,*,#672,.T.);
#883=ORIENTED_EDGE('',*,*,#622,.T.);
#884=ORIENTED_EDGE('',*,*,#673,.F.);
#885=ORIENTED_EDGE('',*,*,#573,.F.);
#886=ORIENTED_EDGE('',*,*,#673,.T.);
#887=ORIENTED_EDGE('',*,*,#629,.T.);
#888=ORIENTED_EDGE('',*,*,#674,.F.);
#889=ORIENTED_EDGE('',*,*,#574,.F.);
#890=ORIENTED_EDGE('',*,*,#674,.T.);
#891=ORIENTED_EDGE('',*,*,#628,.T.);
#892=ORIENTED_EDGE('',*,*,#675,.F.);
#893=ORIENTED_EDGE('',*,*,#575,.F.);
#894=ORIENTED_EDGE('',*,*,#675,.T.);
#895=ORIENTED_EDGE('',*,*,#627,.T.);
#896=ORIENTED_EDGE('',*,*,#676,.F.);
#897=ORIENTED_EDGE('',*,*,#576,.F.);
#898=ORIENTED_EDGE('',*,*,#676,.T.);
#899=ORIENTED_EDGE('',*,*,#626,.T.);
#900=ORIENTED_EDGE('',*,*,#677,.F.);
#901=ORIENTED_EDGE('',*,*,#672,.F.);
#902=ORIENTED_EDGE('',*,*,#571,.T.);
#903=ORIENTED_EDGE('',*,*,#678,.T.);
#904=ORIENTED_EDGE('',*,*,#623,.F.);
#905=ORIENTED_EDGE('',*,*,#577,.F.);
#906=ORIENTED_EDGE('',*,*,#677,.T.);
#907=ORIENTED_EDGE('',*,*,#625,.T.);
#908=ORIENTED_EDGE('',*,*,#679,.F.);
#909=ORIENTED_EDGE('',*,*,#570,.F.);
#910=ORIENTED_EDGE('',*,*,#680,.T.);
#911=ORIENTED_EDGE('',*,*,#681,.T.);
#912=ORIENTED_EDGE('',*,*,#682,.F.);
#913=ORIENTED_EDGE('',*,*,#578,.F.);
#914=ORIENTED_EDGE('',*,*,#679,.T.);
#915=ORIENTED_EDGE('',*,*,#624,.T.);
#916=ORIENTED_EDGE('',*,*,#678,.F.);
#917=ORIENTED_EDGE('',*,*,#683,.T.);
#918=ORIENTED_EDGE('',*,*,#684,.T.);
#919=ORIENTED_EDGE('',*,*,#685,.T.);
#920=ORIENTED_EDGE('',*,*,#686,.T.);
#921=ORIENTED_EDGE('',*,*,#687,.T.);
#922=ORIENTED_EDGE('',*,*,#688,.T.);
#923=ORIENTED_EDGE('',*,*,#689,.T.);
#924=ORIENTED_EDGE('',*,*,#690,.T.);
#925=ORIENTED_EDGE('',*,*,#590,.T.);
#926=ORIENTED_EDGE('',*,*,#691,.T.);
#927=ORIENTED_EDGE('',*,*,#588,.T.);
#928=ORIENTED_EDGE('',*,*,#692,.F.);
#929=ORIENTED_EDGE('',*,*,#597,.T.);
#930=ORIENTED_EDGE('',*,*,#693,.T.);
#931=ORIENTED_EDGE('',*,*,#581,.T.);
#932=ORIENTED_EDGE('',*,*,#608,.F.);
#933=ORIENTED_EDGE('',*,*,#596,.T.);
#934=ORIENTED_EDGE('',*,*,#694,.T.);
#935=ORIENTED_EDGE('',*,*,#582,.T.);
#936=ORIENTED_EDGE('',*,*,#693,.F.);
#937=ORIENTED_EDGE('',*,*,#595,.T.);
#938=ORIENTED_EDGE('',*,*,#695,.T.);
#939=ORIENTED_EDGE('',*,*,#583,.T.);
#940=ORIENTED_EDGE('',*,*,#694,.F.);
#941=ORIENTED_EDGE('',*,*,#594,.T.);
#942=ORIENTED_EDGE('',*,*,#696,.T.);
#943=ORIENTED_EDGE('',*,*,#584,.T.);
#944=ORIENTED_EDGE('',*,*,#695,.F.);
#945=ORIENTED_EDGE('',*,*,#593,.T.);
#946=ORIENTED_EDGE('',*,*,#697,.T.);
#947=ORIENTED_EDGE('',*,*,#585,.T.);
#948=ORIENTED_EDGE('',*,*,#696,.F.);
#949=ORIENTED_EDGE('',*,*,#592,.T.);
#950=ORIENTED_EDGE('',*,*,#698,.T.);
#951=ORIENTED_EDGE('',*,*,#586,.T.);
#952=ORIENTED_EDGE('',*,*,#697,.F.);
#953=ORIENTED_EDGE('',*,*,#692,.T.);
#954=ORIENTED_EDGE('',*,*,#587,.F.);
#955=ORIENTED_EDGE('',*,*,#698,.F.);
#956=ORIENTED_EDGE('',*,*,#591,.F.);
#957=ORIENTED_EDGE('',*,*,#699,.F.);
#958=ORIENTED_EDGE('',*,*,#689,.F.);
#959=ORIENTED_EDGE('',*,*,#700,.F.);
#960=ORIENTED_EDGE('',*,*,#615,.F.);
#961=ORIENTED_EDGE('',*,*,#700,.T.);
#962=ORIENTED_EDGE('',*,*,#688,.F.);
#963=ORIENTED_EDGE('',*,*,#701,.F.);
#964=ORIENTED_EDGE('',*,*,#613,.F.);
#965=ORIENTED_EDGE('',*,*,#699,.T.);
#966=ORIENTED_EDGE('',*,*,#617,.F.);
#967=ORIENTED_EDGE('',*,*,#702,.F.);
#968=ORIENTED_EDGE('',*,*,#690,.F.);
#969=ORIENTED_EDGE('',*,*,#701,.T.);
#970=ORIENTED_EDGE('',*,*,#687,.F.);
#971=ORIENTED_EDGE('',*,*,#703,.F.);
#972=ORIENTED_EDGE('',*,*,#610,.F.);
#973=ORIENTED_EDGE('',*,*,#702,.T.);
#974=ORIENTED_EDGE('',*,*,#618,.F.);
#975=ORIENTED_EDGE('',*,*,#704,.F.);
#976=ORIENTED_EDGE('',*,*,#683,.F.);
#977=ORIENTED_EDGE('',*,*,#703,.T.);
#978=ORIENTED_EDGE('',*,*,#686,.F.);
#979=ORIENTED_EDGE('',*,*,#705,.F.);
#980=ORIENTED_EDGE('',*,*,#621,.F.);
#981=ORIENTED_EDGE('',*,*,#704,.T.);
#982=ORIENTED_EDGE('',*,*,#564,.F.);
#983=ORIENTED_EDGE('',*,*,#706,.F.);
#984=ORIENTED_EDGE('',*,*,#684,.F.);
#985=ORIENTED_EDGE('',*,*,#705,.T.);
#986=ORIENTED_EDGE('',*,*,#685,.F.);
#987=ORIENTED_EDGE('',*,*,#706,.T.);
#988=ORIENTED_EDGE('',*,*,#620,.F.);
#989=ORIENTED_EDGE('',*,*,#707,.T.);
#990=ORIENTED_EDGE('',*,*,#568,.T.);
#991=ORIENTED_EDGE('',*,*,#708,.F.);
#992=ORIENTED_EDGE('',*,*,#681,.F.);
#993=ORIENTED_EDGE('',*,*,#569,.T.);
#994=ORIENTED_EDGE('',*,*,#691,.F.);
#995=ORIENTED_EDGE('',*,*,#589,.T.);
#996=ORIENTED_EDGE('',*,*,#561,.T.);
#997=ORIENTED_EDGE('',*,*,#707,.F.);
#998=ORIENTED_EDGE('',*,*,#680,.F.);
#999=ORIENTED_EDGE('',*,*,#682,.T.);
#1000=ORIENTED_EDGE('',*,*,#708,.T.);
#1001=ORIENTED_EDGE('',*,*,#567,.F.);
#1002=ORIENTED_EDGE('',*,*,#599,.F.);
#1003=ORIENTED_EDGE('',*,*,#607,.T.);
#1004=ORIENTED_EDGE('',*,*,#579,.F.);
#1005=PLANE('',#1142);
#1006=PLANE('',#1143);
#1007=PLANE('',#1144);
#1008=PLANE('',#1145);
#1009=PLANE('',#1146);
#1010=PLANE('',#1147);
#1011=PLANE('',#1148);
#1012=PLANE('',#1149);
#1013=PLANE('',#1150);
#1014=PLANE('',#1151);
#1015=PLANE('',#1152);
#1016=PLANE('',#1153);
#1017=PLANE('',#1159);
#1018=PLANE('',#1163);
#1019=PLANE('',#1167);
#1020=PLANE('',#1171);
#1021=PLANE('',#1175);
#1022=PLANE('',#1179);
#1023=PLANE('',#1180);
#1024=PLANE('',#1181);
#1025=PLANE('',#1182);
#1026=PLANE('',#1185);
#1027=PLANE('',#1188);
#1028=PLANE('',#1191);
#1029=PLANE('',#1194);
#1030=PLANE('',#1197);
#1031=PLANE('',#1198);
#1032=PLANE('',#1199);
#1033=PLANE('',#1200);
#1034=PLANE('',#1201);
#1035=PLANE('',#1202);
#1036=PLANE('',#1203);
#1037=PLANE('',#1204);
#1038=PLANE('',#1205);
#1039=PLANE('',#1206);
#1040=PLANE('',#1207);
#1041=PLANE('',#1208);
#1042=PLANE('',#1209);
#1043=PLANE('',#1210);
#1044=PLANE('',#1211);
#1045=PLANE('',#1212);
#1046=PLANE('',#1213);
#1047=PLANE('',#1214);
#1048=PLANE('',#1215);
#1049=PLANE('',#1216);
#1050=PLANE('',#1217);
#1051=PLANE('',#1218);
#1052=PLANE('',#1219);
#1053=PLANE('',#1220);
#1054=PLANE('',#1221);
#1055=PLANE('',#1222);
#1056=PLANE('',#1223);
#1057=PLANE('',#1224);
#1058=PLANE('',#1225);
#1059=ADVANCED_FACE('',(#75),#1005,.F.);
#1060=ADVANCED_FACE('',(#76),#1006,.T.);
#1061=ADVANCED_FACE('',(#77),#1007,.T.);
#1062=ADVANCED_FACE('',(#78),#1008,.F.);
#1063=ADVANCED_FACE('',(#79),#1009,.F.);
#1064=ADVANCED_FACE('',(#80),#1010,.F.);
#1065=ADVANCED_FACE('',(#81),#1011,.F.);
#1066=ADVANCED_FACE('',(#82),#1012,.F.);
#1067=ADVANCED_FACE('',(#83),#1013,.F.);
#1068=ADVANCED_FACE('',(#84),#1014,.T.);
#1069=ADVANCED_FACE('',(#85),#1015,.F.);
#1070=ADVANCED_FACE('',(#86,#53,#54,#55,#56,#57,#58,#59),#1016,.F.);
#1071=ADVANCED_FACE('',(#87,#60),#1017,.F.);
#1072=ADVANCED_FACE('',(#88),#23,.T.);
#1073=ADVANCED_FACE('',(#89,#61),#1018,.F.);
#1074=ADVANCED_FACE('',(#90),#24,.T.);
#1075=ADVANCED_FACE('',(#91,#62),#1019,.F.);
#1076=ADVANCED_FACE('',(#92),#25,.T.);
#1077=ADVANCED_FACE('',(#93,#63),#1020,.F.);
#1078=ADVANCED_FACE('',(#94),#26,.T.);
#1079=ADVANCED_FACE('',(#95,#64),#1021,.F.);
#1080=ADVANCED_FACE('',(#96),#27,.T.);
#1081=ADVANCED_FACE('',(#97,#65),#1022,.F.);
#1082=ADVANCED_FACE('',(#98),#19,.T.);
#1083=ADVANCED_FACE('',(#99),#20,.F.);
#1084=ADVANCED_FACE('',(#100),#1023,.F.);
#1085=ADVANCED_FACE('',(#101,#66),#1024,.F.);
#1086=ADVANCED_FACE('',(#102),#21,.T.);
#1087=ADVANCED_FACE('',(#103),#22,.F.);
#1088=ADVANCED_FACE('',(#104),#1025,.F.);
#1089=ADVANCED_FACE('',(#105),#28,.T.);
#1090=ADVANCED_FACE('',(#106),#1026,.T.);
#1091=ADVANCED_FACE('',(#107),#29,.T.);
#1092=ADVANCED_FACE('',(#108),#1027,.T.);
#1093=ADVANCED_FACE('',(#109),#30,.T.);
#1094=ADVANCED_FACE('',(#110),#1028,.T.);
#1095=ADVANCED_FACE('',(#111),#31,.T.);
#1096=ADVANCED_FACE('',(#112),#1029,.T.);
#1097=ADVANCED_FACE('',(#113),#32,.T.);
#1098=ADVANCED_FACE('',(#114),#1030,.T.);
#1099=ADVANCED_FACE('',(#115),#1031,.F.);
#1100=ADVANCED_FACE('',(#116),#1032,.F.);
#1101=ADVANCED_FACE('',(#117),#1033,.F.);
#1102=ADVANCED_FACE('',(#118),#1034,.F.);
#1103=ADVANCED_FACE('',(#119),#1035,.F.);
#1104=ADVANCED_FACE('',(#120),#1036,.T.);
#1105=ADVANCED_FACE('',(#121),#1037,.F.);
#1106=ADVANCED_FACE('',(#122),#1038,.F.);
#1107=ADVANCED_FACE('',(#123),#1039,.T.);
#1108=ADVANCED_FACE('',(#124),#1040,.F.);
#1109=ADVANCED_FACE('',(#125),#1041,.F.);
#1110=ADVANCED_FACE('',(#126),#1042,.F.);
#1111=ADVANCED_FACE('',(#127),#1043,.F.);
#1112=ADVANCED_FACE('',(#128),#1044,.F.);
#1113=ADVANCED_FACE('',(#129),#1045,.F.);
#1114=ADVANCED_FACE('',(#130),#1046,.F.);
#1115=ADVANCED_FACE('',(#131),#1047,.T.);
#1116=ADVANCED_FACE('',(#132),#1048,.T.);
#1117=ADVANCED_FACE('',(#133),#1049,.T.);
#1118=ADVANCED_FACE('',(#134),#1050,.T.);
#1119=ADVANCED_FACE('',(#135),#1051,.T.);
#1120=ADVANCED_FACE('',(#136),#1052,.T.);
#1121=ADVANCED_FACE('',(#137),#1053,.T.);
#1122=ADVANCED_FACE('',(#138),#1054,.T.);
#1123=ADVANCED_FACE('',(#139),#1055,.F.);
#1124=ADVANCED_FACE('',(#140),#1056,.F.);
#1125=ADVANCED_FACE('',(#141),#1057,.F.);
#1126=ADVANCED_FACE('',(#142),#1058,.T.);
#1127=CLOSED_SHELL('',(#1059,#1060,#1061,#1062,#1063,#1064,#1065,#1066,
#1067,#1068,#1069,#1070,#1071,#1072,#1073,#1074,#1075,#1076,#1077,#1078,
#1079,#1080,#1081,#1082,#1083,#1084,#1085,#1086,#1087,#1088,#1089,#1090,
#1091,#1092,#1093,#1094,#1095,#1096,#1097,#1098,#1099,#1100,#1101,#1102,
#1103,#1104,#1105,#1106,#1107,#1108,#1109,#1110,#1111,#1112,#1113,#1114,
#1115,#1116,#1117,#1118,#1119,#1120,#1121,#1122,#1123,#1124,#1125,#1126));
#1128=DERIVED_UNIT_ELEMENT(#1130,1.);
#1129=DERIVED_UNIT_ELEMENT(#3223,-3.);
#1130=(
MASS_UNIT()
NAMED_UNIT(*)
SI_UNIT(.KILO.,.GRAM.)
);
#1131=DERIVED_UNIT((#1128,#1129));
#1132=MEASURE_REPRESENTATION_ITEM('density measure',
POSITIVE_RATIO_MEASURE(7850.),#1131);
#1133=PROPERTY_DEFINITION_REPRESENTATION(#1138,#1135);
#1134=PROPERTY_DEFINITION_REPRESENTATION(#1139,#1136);
#1135=REPRESENTATION('material name',(#1137),#3220);
#1136=REPRESENTATION('density',(#1132),#3220);
#1137=DESCRIPTIVE_REPRESENTATION_ITEM('Steel','Steel');
#1138=PROPERTY_DEFINITION('material property','material name',#3235);
#1139=PROPERTY_DEFINITION('material property','density of part',#3235);
#1140=AXIS2_PLACEMENT_3D('',#1521,#1227,#1228);
#1141=AXIS2_PLACEMENT_3D('',#1522,#1229,#1230);
#1142=AXIS2_PLACEMENT_3D('',#1523,#1231,#1232);
#1143=AXIS2_PLACEMENT_3D('',#1540,#1241,#1242);
#1144=AXIS2_PLACEMENT_3D('',#1581,#1263,#1264);
#1145=AXIS2_PLACEMENT_3D('',#1616,#1283,#1284);
#1146=AXIS2_PLACEMENT_3D('',#1619,#1287,#1288);
#1147=AXIS2_PLACEMENT_3D('',#1625,#1292,#1293);
#1148=AXIS2_PLACEMENT_3D('',#1629,#1296,#1297);
#1149=AXIS2_PLACEMENT_3D('',#1633,#1300,#1301);
#1150=AXIS2_PLACEMENT_3D('',#1637,#1304,#1305);
#1151=AXIS2_PLACEMENT_3D('',#1639,#1307,#1308);
#1152=AXIS2_PLACEMENT_3D('',#1643,#1311,#1312);
#1153=AXIS2_PLACEMENT_3D('',#1645,#1314,#1315);
#1154=AXIS2_PLACEMENT_3D('',#1839,#1324,#1325);
#1155=AXIS2_PLACEMENT_3D('',#1841,#1326,#1327);
#1156=AXIS2_PLACEMENT_3D('',#1843,#1328,#1329);
#1157=AXIS2_PLACEMENT_3D('',#1845,#1330,#1331);
#1158=AXIS2_PLACEMENT_3D('',#1847,#1332,#1333);
#1159=AXIS2_PLACEMENT_3D('',#1848,#1334,#1335);
#1160=AXIS2_PLACEMENT_3D('',#1850,#1336,#1337);
#1161=AXIS2_PLACEMENT_3D('',#1852,#1338,#1339);
#1162=AXIS2_PLACEMENT_3D('',#1853,#1340,#1341);
#1163=AXIS2_PLACEMENT_3D('',#1855,#1343,#1344);
#1164=AXIS2_PLACEMENT_3D('',#1857,#1345,#1346);
#1165=AXIS2_PLACEMENT_3D('',#1859,#1347,#1348);
#1166=AXIS2_PLACEMENT_3D('',#1860,#1349,#1350);
#1167=AXIS2_PLACEMENT_3D('',#1862,#1352,#1353);
#1168=AXIS2_PLACEMENT_3D('',#1864,#1354,#1355);
#1169=AXIS2_PLACEMENT_3D('',#1866,#1356,#1357);
#1170=AXIS2_PLACEMENT_3D('',#1867,#1358,#1359);
#1171=AXIS2_PLACEMENT_3D('',#1869,#1361,#1362);
#1172=AXIS2_PLACEMENT_3D('',#1871,#1363,#1364);
#1173=AXIS2_PLACEMENT_3D('',#1873,#1365,#1366);
#1174=AXIS2_PLACEMENT_3D('',#1874,#1367,#1368);
#1175=AXIS2_PLACEMENT_3D('',#1876,#1370,#1371);
#1176=AXIS2_PLACEMENT_3D('',#1878,#1372,#1373);
#1177=AXIS2_PLACEMENT_3D('',#1880,#1374,#1375);
#1178=AXIS2_PLACEMENT_3D('',#1881,#1376,#1377);
#1179=AXIS2_PLACEMENT_3D('',#1883,#1379,#1380);
#1180=AXIS2_PLACEMENT_3D('',#2498,#1383,#1384);
#1181=AXIS2_PLACEMENT_3D('',#2499,#1385,#1386);
#1182=AXIS2_PLACEMENT_3D('',#3114,#1389,#1390);
#1183=AXIS2_PLACEMENT_3D('',#3115,#1391,#1392);
#1184=AXIS2_PLACEMENT_3D('',#3118,#1394,#1395);
#1185=AXIS2_PLACEMENT_3D('',#3119,#1396,#1397);
#1186=AXIS2_PLACEMENT_3D('',#3120,#1398,#1399);
#1187=AXIS2_PLACEMENT_3D('',#3123,#1401,#1402);
#1188=AXIS2_PLACEMENT_3D('',#3124,#1403,#1404);
#1189=AXIS2_PLACEMENT_3D('',#3125,#1405,#1406);
#1190=AXIS2_PLACEMENT_3D('',#3128,#1408,#1409);
#1191=AXIS2_PLACEMENT_3D('',#3129,#1410,#1411);
#1192=AXIS2_PLACEMENT_3D('',#3130,#1412,#1413);
#1193=AXIS2_PLACEMENT_3D('',#3133,#1415,#1416);
#1194=AXIS2_PLACEMENT_3D('',#3134,#1417,#1418);
#1195=AXIS2_PLACEMENT_3D('',#3135,#1419,#1420);
#1196=AXIS2_PLACEMENT_3D('',#3138,#1422,#1423);
#1197=AXIS2_PLACEMENT_3D('',#3139,#1424,#1425);
#1198=AXIS2_PLACEMENT_3D('',#3140,#1426,#1427);
#1199=AXIS2_PLACEMENT_3D('',#3143,#1430,#1431);
#1200=AXIS2_PLACEMENT_3D('',#3145,#1433,#1434);
#1201=AXIS2_PLACEMENT_3D('',#3147,#1436,#1437);
#1202=AXIS2_PLACEMENT_3D('',#3149,#1439,#1440);
#1203=AXIS2_PLACEMENT_3D('',#3151,#1442,#1443);
#1204=AXIS2_PLACEMENT_3D('',#3153,#1445,#1446);
#1205=AXIS2_PLACEMENT_3D('',#3155,#1448,#1449);
#1206=AXIS2_PLACEMENT_3D('',#3161,#1453,#1454);
#1207=AXIS2_PLACEMENT_3D('',#3178,#1463,#1464);
#1208=AXIS2_PLACEMENT_3D('',#3181,#1467,#1468);
#1209=AXIS2_PLACEMENT_3D('',#3183,#1470,#1471);
#1210=AXIS2_PLACEMENT_3D('',#3185,#1473,#1474);
#1211=AXIS2_PLACEMENT_3D('',#3187,#1476,#1477);
#1212=AXIS2_PLACEMENT_3D('',#3189,#1479,#1480);
#1213=AXIS2_PLACEMENT_3D('',#3191,#1482,#1483);
#1214=AXIS2_PLACEMENT_3D('',#3193,#1485,#1486);
#1215=AXIS2_PLACEMENT_3D('',#3194,#1487,#1488);
#1216=AXIS2_PLACEMENT_3D('',#3197,#1491,#1492);
#1217=AXIS2_PLACEMENT_3D('',#3199,#1494,#1495);
#1218=AXIS2_PLACEMENT_3D('',#3201,#1497,#1498);
#1219=AXIS2_PLACEMENT_3D('',#3203,#1500,#1501);
#1220=AXIS2_PLACEMENT_3D('',#3205,#1503,#1504);
#1221=AXIS2_PLACEMENT_3D('',#3207,#1506,#1507);
#1222=AXIS2_PLACEMENT_3D('',#3209,#1509,#1510);
#1223=AXIS2_PLACEMENT_3D('',#3210,#1511,#1512);
#1224=AXIS2_PLACEMENT_3D('',#3213,#1515,#1516);
#1225=AXIS2_PLACEMENT_3D('',#3214,#1517,#1518);
#1226=AXIS2_PLACEMENT_3D('',#3215,#1519,#1520);
#1227=DIRECTION('axis',(0.,0.,1.));
#1228=DIRECTION('refdir',(1.,0.,0.));
#1229=DIRECTION('axis',(0.,0.,1.));
#1230=DIRECTION('refdir',(1.,0.,0.));
#1231=DIRECTION('center_axis',(0.,-1.,0.));
#1232=DIRECTION('ref_axis',(0.,0.,-1.));
#1233=DIRECTION('',(1.50949372273569E-48,-1.110223024625E-16,-1.));
#1234=DIRECTION('',(-1.,-1.35963107344631E-32,1.50949372273569E-48));
#1235=DIRECTION('',(0.,0.,1.));
#1236=DIRECTION('',(-1.,0.,0.));
#1237=DIRECTION('',(0.,0.,1.));
#1238=DIRECTION('',(-1.,-1.35963107344631E-32,1.50949372273569E-48));
#1239=DIRECTION('',(1.50949372273569E-48,-1.110223024625E-16,-1.));
#1240=DIRECTION('',(-1.,-1.35963107344631E-32,1.50949372273569E-48));
#1241=DIRECTION('center_axis',(1.224646799147E-16,1.110223024625E-16,1.));
#1242=DIRECTION('ref_axis',(-1.,0.,1.224646799147E-16));
#1243=DIRECTION('',(-1.35963107344631E-32,1.,-1.110223024625E-16));
#1244=DIRECTION('',(1.,0.,-1.224646799147E-16));
#1245=DIRECTION('',(-0.707106781186547,0.707106781186548,8.09098268934664E-18));
#1246=DIRECTION('',(0.,-1.,1.110223024625E-16));
#1247=DIRECTION('',(-0.707106781186548,-0.707106781186548,1.65100228557702E-16));
#1248=DIRECTION('',(-1.,0.,1.224646799147E-16));
#1249=DIRECTION('',(-0.707106781186548,0.707106781186548,8.09098268934668E-18));
#1250=DIRECTION('',(0.,1.,-1.110223024625E-16));
#1251=DIRECTION('',(0.707106781186548,0.707106781186548,-1.65100228557702E-16));
#1252=DIRECTION('',(1.,0.,-1.224646799147E-16));
#1253=DIRECTION('',(-1.35963107344631E-32,1.,-1.110223024625E-16));
#1254=DIRECTION('',(1.,4.48772848297003E-34,-1.224646799147E-16));
#1255=DIRECTION('',(0.707106781186548,0.707106781186548,-1.65100228557702E-16));
#1256=DIRECTION('',(-2.76620237702724E-35,1.,-1.110223024625E-16));
#1257=DIRECTION('',(-0.707106781186547,0.707106781186548,8.09098268934663E-18));
#1258=DIRECTION('',(-1.,-8.43360295937018E-37,1.224646799147E-16));
#1259=DIRECTION('',(-0.707106781186548,-0.707106781186548,1.65100228557702E-16));
#1260=DIRECTION('',(2.76620237702785E-35,-1.,1.110223024625E-16));
#1261=DIRECTION('',(-0.707106781186547,0.707106781186548,8.09098268934663E-18));
#1262=DIRECTION('',(1.,4.48772848297003E-34,-1.224646799147E-16));
#1263=DIRECTION('center_axis',(0.,1.110223024625E-16,1.));
#1264=DIRECTION('ref_axis',(0.,-1.,1.110223024625E-16));
#1265=DIRECTION('',(-1.35963107344631E-32,1.,-1.110223024625E-16));
#1266=DIRECTION('',(-1.,-1.40450835827601E-32,1.55931751763628E-48));
#1267=DIRECTION('',(0.707106781186547,-0.707106781186548,7.85046229341777E-17));
#1268=DIRECTION('',(-2.76620237702783E-35,1.,-1.110223024625E-16));
#1269=DIRECTION('',(0.707106781186548,0.707106781186548,-7.85046229341776E-17));
#1270=DIRECTION('',(1.,1.3597154094759E-32,-1.50958735453755E-48));
#1271=DIRECTION('',(0.707106781186547,-0.707106781186548,7.85046229341777E-17));
#1272=DIRECTION('',(2.76620237702728E-35,-1.,1.110223024625E-16));
#1273=DIRECTION('',(-0.707106781186548,-0.707106781186548,7.85046229341776E-17));
#1274=DIRECTION('',(-1.,-1.40450835827601E-32,1.55931751763628E-48));
#1275=DIRECTION('',(-1.35963107344631E-32,1.,-1.110223024625E-16));
#1276=DIRECTION('',(-0.707106781186548,-0.707106781186548,7.85046229341776E-17));
#1277=DIRECTION('',(0.,-1.,1.110223024625E-16));
#1278=DIRECTION('',(0.707106781186548,-0.707106781186548,7.85046229341776E-17));
#1279=DIRECTION('',(1.,1.35963107344631E-32,-1.50949372273569E-48));
#1280=DIRECTION('',(0.707106781186548,0.707106781186548,-7.85046229341776E-17));
#1281=DIRECTION('',(0.,1.,-1.110223024625E-16));
#1282=DIRECTION('',(0.707106781186548,-0.707106781186548,7.85046229341776E-17));
#1283=DIRECTION('center_axis',(1.40450835827601E-32,-1.,1.110223024625E-16));
#1284=DIRECTION('ref_axis',(0.,-1.110223024625E-16,-1.));
#1285=DIRECTION('',(-1.50949372273569E-48,1.110223024625E-16,1.));
#1286=DIRECTION('',(1.224646799147E-16,1.110223024625E-16,1.));
#1287=DIRECTION('center_axis',(-0.707106781186548,0.707106781186547,0.));
#1288=DIRECTION('ref_axis',(-0.707106781186547,-0.707106781186548,0.));
#1289=DIRECTION('',(0.,0.,1.));
#1290=DIRECTION('',(0.707106781186548,0.707106781186548,0.));
#1291=DIRECTION('',(0.,0.,1.));
#1292=DIRECTION('center_axis',(0.,1.,0.));
#1293=DIRECTION('ref_axis',(0.,0.,1.));
#1294=DIRECTION('',(0.,0.,1.));
#1295=DIRECTION('',(1.,0.,0.));
#1296=DIRECTION('center_axis',(0.707106781186548,0.707106781186547,0.));
#1297=DIRECTION('ref_axis',(-0.707106781186547,0.707106781186548,0.));
#1298=DIRECTION('',(0.,0.,1.));
#1299=DIRECTION('',(0.707106781186548,-0.707106781186548,0.));
#1300=DIRECTION('center_axis',(1.,0.,0.));
#1301=DIRECTION('ref_axis',(0.,0.,-1.));
#1302=DIRECTION('',(0.,0.,1.));
#1303=DIRECTION('',(0.,-1.,0.));
#1304=DIRECTION('center_axis',(0.707106781186548,-0.707106781186548,0.));
#1305=DIRECTION('ref_axis',(0.707106781186547,0.707106781186547,0.));
#1306=DIRECTION('',(-0.707106781186548,-0.707106781186548,0.));
#1307=DIRECTION('center_axis',(0.707106781186548,0.707106781186547,0.));
#1308=DIRECTION('ref_axis',(-0.707106781186547,0.707106781186548,0.));
#1309=DIRECTION('',(0.,0.,1.));
#1310=DIRECTION('',(-0.707106781186548,0.707106781186548,0.));
#1311=DIRECTION('center_axis',(-1.,0.,0.));
#1312=DIRECTION('ref_axis',(0.,0.,1.));
#1313=DIRECTION('',(0.,1.,0.));
#1314=DIRECTION('center_axis',(0.,0.,-1.));
#1315=DIRECTION('ref_axis',(1.,0.,0.));
#1316=DIRECTION('',(0.,-1.,0.));
#1317=DIRECTION('',(-0.707106781186547,0.707106781186548,0.));
#1318=DIRECTION('',(1.,0.,0.));
#1319=DIRECTION('',(0.707106781186548,0.707106781186548,0.));
#1320=DIRECTION('',(0.,1.,0.));
#1321=DIRECTION('',(-0.707106781186548,0.707106781186548,0.));
#1322=DIRECTION('',(-1.,0.,0.));
#1323=DIRECTION('',(-0.707106781186548,-0.707106781186548,0.));
#1324=DIRECTION('center_axis',(0.,0.,1.));
#1325=DIRECTION('ref_axis',(1.,0.,0.));
#1326=DIRECTION('center_axis',(0.,0.,-1.));
#1327=DIRECTION('ref_axis',(-1.,0.,0.));
#1328=DIRECTION('center_axis',(0.,0.,-1.));
#1329=DIRECTION('ref_axis',(-1.,0.,0.));
#1330=DIRECTION('center_axis',(0.,0.,-1.));
#1331=DIRECTION('ref_axis',(-1.,0.,0.));
#1332=DIRECTION('center_axis',(0.,0.,-1.));
#1333=DIRECTION('ref_axis',(-1.,0.,0.));
#1334=DIRECTION('center_axis',(0.,0.,-1.));
#1335=DIRECTION('ref_axis',(0.,-1.,0.));
#1336=DIRECTION('center_axis',(0.,0.,-1.));
#1337=DIRECTION('ref_axis',(-1.,0.,0.));
#1338=DIRECTION('center_axis',(0.,0.,1.));
#1339=DIRECTION('ref_axis',(1.,0.,0.));
#1340=DIRECTION('center_axis',(0.,0.,-1.));
#1341=DIRECTION('ref_axis',(-1.,0.,0.));
#1342=DIRECTION('',(0.,0.,1.));
#1343=DIRECTION('center_axis',(0.,0.,-1.));
#1344=DIRECTION('ref_axis',(0.,-1.,0.));
#1345=DIRECTION('center_axis',(0.,0.,-1.));
#1346=DIRECTION('ref_axis',(-1.,0.,0.));
#1347=DIRECTION('center_axis',(0.,0.,1.));
#1348=DIRECTION('ref_axis',(1.,0.,0.));
#1349=DIRECTION('center_axis',(0.,0.,-1.));
#1350=DIRECTION('ref_axis',(-1.,0.,0.));
#1351=DIRECTION('',(0.,0.,1.));
#1352=DIRECTION('center_axis',(0.,0.,-1.));
#1353=DIRECTION('ref_axis',(0.,-1.,0.));
#1354=DIRECTION('center_axis',(0.,0.,-1.));
#1355=DIRECTION('ref_axis',(-1.,0.,0.));
#1356=DIRECTION('center_axis',(0.,0.,1.));
#1357=DIRECTION('ref_axis',(1.,0.,0.));
#1358=DIRECTION('center_axis',(0.,0.,-1.));
#1359=DIRECTION('ref_axis',(-1.,0.,0.));
#1360=DIRECTION('',(0.,0.,1.));
#1361=DIRECTION('center_axis',(0.,0.,-1.));
#1362=DIRECTION('ref_axis',(0.,-1.,0.));
#1363=DIRECTION('center_axis',(0.,0.,-1.));
#1364=DIRECTION('ref_axis',(-1.,0.,0.));
#1365=DIRECTION('center_axis',(0.,0.,1.));
#1366=DIRECTION('ref_axis',(1.,0.,0.));
#1367=DIRECTION('center_axis',(0.,0.,-1.));
#1368=DIRECTION('ref_axis',(-1.,0.,0.));
#1369=DIRECTION('',(0.,0.,1.));
#1370=DIRECTION('center_axis',(0.,0.,-1.));
#1371=DIRECTION('ref_axis',(0.,-1.,0.));
#1372=DIRECTION('center_axis',(0.,0.,-1.));
#1373=DIRECTION('ref_axis',(-1.,0.,0.));
#1374=DIRECTION('center_axis',(0.,0.,1.));
#1375=DIRECTION('ref_axis',(1.,0.,0.));
#1376=DIRECTION('center_axis',(0.,0.,-1.));
#1377=DIRECTION('ref_axis',(-1.,0.,0.));
#1378=DIRECTION('',(0.,0.,1.));
#1379=DIRECTION('center_axis',(0.,0.,-1.));
#1380=DIRECTION('ref_axis',(0.,-1.,0.));
#1381=DIRECTION('',(0.,0.,1.));
#1382=DIRECTION('',(0.,0.,-1.));
#1383=DIRECTION('center_axis',(0.,0.,-1.));
#1384=DIRECTION('ref_axis',(1.,0.,0.));
#1385=DIRECTION('center_axis',(0.,0.,-1.));
#1386=DIRECTION('ref_axis',(0.,-1.,0.));
#1387=DIRECTION('',(0.,0.,1.));
#1388=DIRECTION('',(0.,0.,-1.));
#1389=DIRECTION('center_axis',(0.,0.,-1.));
#1390=DIRECTION('ref_axis',(1.,0.,0.));
#1391=DIRECTION('center_axis',(0.,0.,-1.));
#1392=DIRECTION('ref_axis',(-1.,0.,0.));
#1393=DIRECTION('',(0.,0.,1.));
#1394=DIRECTION('center_axis',(1.224646799147E-16,1.110223024625E-16,1.));
#1395=DIRECTION('ref_axis',(1.,0.,-1.224646799147E-16));
#1396=DIRECTION('center_axis',(1.224646799147E-16,1.110223024625E-16,1.));
#1397=DIRECTION('ref_axis',(-1.,0.,1.224646799147E-16));
#1398=DIRECTION('center_axis',(0.,0.,-1.));
#1399=DIRECTION('ref_axis',(-1.,0.,0.));
#1400=DIRECTION('',(0.,0.,1.));
#1401=DIRECTION('center_axis',(1.224646799147E-16,1.110223024625E-16,1.));
#1402=DIRECTION('ref_axis',(1.,0.,-1.224646799147E-16));
#1403=DIRECTION('center_axis',(1.224646799147E-16,1.110223024625E-16,1.));
#1404=DIRECTION('ref_axis',(-1.,0.,1.224646799147E-16));
#1405=DIRECTION('center_axis',(0.,0.,-1.));
#1406=DIRECTION('ref_axis',(-1.,0.,0.));
#1407=DIRECTION('',(0.,0.,1.));
#1408=DIRECTION('center_axis',(1.224646799147E-16,1.110223024625E-16,1.));
#1409=DIRECTION('ref_axis',(1.,0.,-1.224646799147E-16));
#1410=DIRECTION('center_axis',(1.224646799147E-16,1.110223024625E-16,1.));
#1411=DIRECTION('ref_axis',(-1.,0.,1.224646799147E-16));
#1412=DIRECTION('center_axis',(0.,0.,-1.));
#1413=DIRECTION('ref_axis',(-1.,0.,0.));
#1414=DIRECTION('',(0.,0.,1.));
#1415=DIRECTION('center_axis',(1.224646799147E-16,1.110223024625E-16,1.));
#1416=DIRECTION('ref_axis',(1.,0.,-1.224646799147E-16));
#1417=DIRECTION('center_axis',(1.224646799147E-16,1.110223024625E-16,1.));
#1418=DIRECTION('ref_axis',(-1.,0.,1.224646799147E-16));
#1419=DIRECTION('center_axis',(0.,0.,-1.));
#1420=DIRECTION('ref_axis',(-1.,0.,0.));
#1421=DIRECTION('',(0.,0.,1.));
#1422=DIRECTION('center_axis',(1.224646799147E-16,1.110223024625E-16,1.));
#1423=DIRECTION('ref_axis',(1.,0.,-1.224646799147E-16));
#1424=DIRECTION('center_axis',(1.224646799147E-16,1.110223024625E-16,1.));
#1425=DIRECTION('ref_axis',(-1.,0.,1.224646799147E-16));
#1426=DIRECTION('center_axis',(1.,0.,0.));
#1427=DIRECTION('ref_axis',(0.,0.,-1.));
#1428=DIRECTION('',(0.,0.,-1.));
#1429=DIRECTION('',(0.,0.,-1.));
#1430=DIRECTION('center_axis',(0.707106781186548,-0.707106781186548,0.));
#1431=DIRECTION('ref_axis',(0.707106781186547,0.707106781186547,0.));
#1432=DIRECTION('',(0.,0.,-1.));
#1433=DIRECTION('center_axis',(0.,-1.,0.));
#1434=DIRECTION('ref_axis',(0.,0.,-1.));
#1435=DIRECTION('',(0.,0.,-1.));
#1436=DIRECTION('center_axis',(-0.707106781186548,-0.707106781186548,0.));
#1437=DIRECTION('ref_axis',(0.707106781186547,-0.707106781186547,0.));
#1438=DIRECTION('',(0.,0.,-1.));
#1439=DIRECTION('center_axis',(-1.,0.,0.));
#1440=DIRECTION('ref_axis',(0.,0.,1.));
#1441=DIRECTION('',(0.,0.,-1.));
#1442=DIRECTION('center_axis',(-0.707106781186548,-0.707106781186547,0.));
#1443=DIRECTION('ref_axis',(0.707106781186547,-0.707106781186548,0.));
#1444=DIRECTION('',(0.,0.,-1.));
#1445=DIRECTION('center_axis',(-0.707106781186548,0.707106781186548,0.));
#1446=DIRECTION('ref_axis',(-0.707106781186547,-0.707106781186547,0.));
#1447=DIRECTION('',(0.,0.,-1.));
#1448=DIRECTION('center_axis',(0.,1.,0.));
#1449=DIRECTION('ref_axis',(0.,0.,1.));
#1450=DIRECTION('',(1.97824328036662E-64,0.,-1.));
#1451=DIRECTION('',(-1.,0.,1.97824328036662E-64));
#1452=DIRECTION('',(1.97824328036662E-64,0.,-1.));
#1453=DIRECTION('center_axis',(0.,0.,-1.));
#1454=DIRECTION('ref_axis',(1.,0.,0.));
#1455=DIRECTION('',(0.707106781186548,0.707106781186548,0.));
#1456=DIRECTION('',(1.,0.,0.));
#1457=DIRECTION('',(0.707106781186548,-0.707106781186548,0.));
#1458=DIRECTION('',(0.,-1.,0.));
#1459=DIRECTION('',(-0.707106781186548,-0.707106781186548,0.));
#1460=DIRECTION('',(-1.,0.,0.));
#1461=DIRECTION('',(-0.707106781186548,0.707106781186548,0.));
#1462=DIRECTION('',(0.,1.,0.));
#1463=DIRECTION('center_axis',(1.40450835827601E-32,-1.,1.110223024625E-16));
#1464=DIRECTION('ref_axis',(0.,-1.110223024625E-16,-1.));
#1465=DIRECTION('',(-1.50949372273569E-48,1.110223024625E-16,1.));
#1466=DIRECTION('',(1.224646799147E-16,1.110223024625E-16,1.));
#1467=DIRECTION('center_axis',(0.707106781186548,-0.707106781186548,-8.09098268934667E-18));
#1468=DIRECTION('ref_axis',(0.707106781186547,0.707106781186547,0.));
#1469=DIRECTION('',(1.224646799147E-16,1.110223024625E-16,1.));
#1470=DIRECTION('center_axis',(1.,-1.35686487106928E-32,-1.224646799147E-16));
#1471=DIRECTION('ref_axis',(-1.224646799147E-16,0.,-1.));
#1472=DIRECTION('',(1.224646799147E-16,1.110223024625E-16,1.));
#1473=DIRECTION('center_axis',(0.707106781186548,0.707106781186547,-1.65100228557702E-16));
#1474=DIRECTION('ref_axis',(-0.707106781186547,0.707106781186548,1.23259516440783E-32));
#1475=DIRECTION('',(1.224646799147E-16,1.110223024625E-16,1.));
#1476=DIRECTION('center_axis',(-1.3597154094759E-32,1.,-1.110223024625E-16));
#1477=DIRECTION('ref_axis',(0.,1.110223024625E-16,1.));
#1478=DIRECTION('',(1.224646799147E-16,1.110223024625E-16,1.));
#1479=DIRECTION('center_axis',(-0.707106781186548,0.707106781186548,8.09098268934669E-18));
#1480=DIRECTION('ref_axis',(-0.707106781186547,-0.707106781186547,0.));
#1481=DIRECTION('',(1.224646799147E-16,1.110223024625E-16,1.));
#1482=DIRECTION('center_axis',(-1.,1.35686487106928E-32,1.224646799147E-16));
#1483=DIRECTION('ref_axis',(1.224646799147E-16,0.,1.));
#1484=DIRECTION('',(1.224646799147E-16,1.110223024625E-16,1.));
#1485=DIRECTION('center_axis',(0.707106781186548,0.707106781186547,-1.65100228557702E-16));
#1486=DIRECTION('ref_axis',(-0.707106781186547,0.707106781186548,1.23259516440783E-32));
#1487=DIRECTION('center_axis',(-0.5,-0.5,-0.707106781186547));
#1488=DIRECTION('ref_axis',(0.707106781186547,-0.707106781186547,0.));
#1489=DIRECTION('',(0.678598344545848,0.281084637714819,-0.678598344545847));
#1490=DIRECTION('',(0.28108463771482,0.678598344545847,-0.678598344545847));
#1491=DIRECTION('center_axis',(0.,-0.707106781186548,-0.707106781186547));
#1492=DIRECTION('ref_axis',(1.,0.,0.));
#1493=DIRECTION('',(-0.281084637714818,0.678598344545847,-0.678598344545848));
#1494=DIRECTION('center_axis',(-0.707106781186547,0.,-0.707106781186548));
#1495=DIRECTION('ref_axis',(0.,-1.,0.));
#1496=DIRECTION('',(0.678598344545848,-0.281084637714819,-0.678598344545847));
#1497=DIRECTION('center_axis',(0.5,-0.5,-0.707106781186547));
#1498=DIRECTION('ref_axis',(0.707106781186547,0.707106781186547,0.));
#1499=DIRECTION('',(-0.678598344545848,0.281084637714817,-0.678598344545847));
#1500=DIRECTION('center_axis',(-0.5,0.5,-0.707106781186547));
#1501=DIRECTION('ref_axis',(-0.707106781186547,-0.707106781186547,0.));
#1502=DIRECTION('',(-0.28108463771482,0.678598344545847,0.678598344545847));
#1503=DIRECTION('center_axis',(0.707106781186547,0.,-0.707106781186548));
#1504=DIRECTION('ref_axis',(0.,1.,0.));
#1505=DIRECTION('',(-0.678598344545848,-0.281084637714819,-0.678598344545847));
#1506=DIRECTION('center_axis',(0.,0.707106781186548,-0.707106781186547));
#1507=DIRECTION('ref_axis',(-1.,0.,0.));
#1508=DIRECTION('',(0.28108463771482,0.678598344545847,0.678598344545847));
#1509=DIRECTION('center_axis',(-0.5,-0.5,0.707106781186547));
#1510=DIRECTION('ref_axis',(-0.707106781186547,0.707106781186547,0.));
#1511=DIRECTION('center_axis',(-1.97824328036662E-64,-1.110223024625E-16,
-1.));
#1512=DIRECTION('ref_axis',(0.,1.,-1.110223024625E-16));
#1513=DIRECTION('',(-1.35963107344631E-32,1.,-1.110223024625E-16));
#1514=DIRECTION('',(-1.35963107344631E-32,1.,-1.110223024625E-16));
#1515=DIRECTION('center_axis',(1.,1.35963107344631E-32,1.97824328036662E-64));
#1516=DIRECTION('ref_axis',(-1.35963107344631E-32,1.,0.));
#1517=DIRECTION('center_axis',(1.,1.35963107344631E-32,1.97824328036662E-64));
#1518=DIRECTION('ref_axis',(-1.35963107344631E-32,1.,0.));
#1519=DIRECTION('',(-1.88884807051455E-64,0.,1.));
#1520=DIRECTION('',(0.999999999999999,0.,1.88884807051455E-64));
#1521=CARTESIAN_POINT('',(0.,0.,0.));
#1522=CARTESIAN_POINT('',(0.,0.,0.));
#1523=CARTESIAN_POINT('Origin',(-56.0355339059377,25.50000000001,-6.));
#1524=CARTESIAN_POINT('',(18.51940000001,25.50000000001,3.60000000001));
#1525=CARTESIAN_POINT('',(18.51940000001,25.50000000001,-1.39999999999));
#1526=CARTESIAN_POINT('',(18.51940000001,25.50000000001,7.51190000000499));
#1527=CARTESIAN_POINT('',(57.0710678118755,25.50000000001,3.60000000001001));
#1528=CARTESIAN_POINT('',(-56.0355339059378,25.50000000001,3.60000000001001));
#1529=CARTESIAN_POINT('',(57.0710678118755,25.50000000001,-3.));
#1530=CARTESIAN_POINT('',(57.0710678118755,25.50000000001,-6.));
#1531=CARTESIAN_POINT('',(-57.0710678118755,25.50000000001,-3.));
#1532=CARTESIAN_POINT('',(-57.0710678118755,25.50000000001,-3.));
#1533=CARTESIAN_POINT('',(-57.0710678118755,25.50000000001,3.60000000001001));
#1534=CARTESIAN_POINT('',(-57.0710678118755,25.50000000001,-6.));
#1535=CARTESIAN_POINT('',(-18.51940000001,25.50000000001,3.60000000001));
#1536=CARTESIAN_POINT('',(-56.0355339059378,25.50000000001,3.60000000001001));
#1537=CARTESIAN_POINT('',(-18.51940000001,25.50000000001,-1.39999999999));
#1538=CARTESIAN_POINT('',(-18.51940000001,25.50000000001,7.51190000000499));
#1539=CARTESIAN_POINT('',(1.34524571076407E-47,25.50000000001,-1.39999999999));
#1540=CARTESIAN_POINT('Origin',(15.5194,12.51164,13.4238));
#1541=CARTESIAN_POINT('',(18.51940000001,23.50000000001,13.4238));
#1542=CARTESIAN_POINT('',(18.51940000001,24.50000000001,13.4238));
#1543=CARTESIAN_POINT('',(18.51940000001,12.51164,13.4238));
#1544=CARTESIAN_POINT('',(56.2426406871293,23.50000000001,13.4238));
#1545=CARTESIAN_POINT('',(1.0408095926501E-14,23.50000000001,13.4238));
#1546=CARTESIAN_POINT('',(65.50000000001,14.2426406871293,13.4238));
#1547=CARTESIAN_POINT('',(60.8713203435697,18.8713203435697,13.4238));
#1548=CARTESIAN_POINT('',(65.50000000001,-16.2426406871293,13.4238));
#1549=CARTESIAN_POINT('',(65.50000000001,-1.,13.4238));
#1550=CARTESIAN_POINT('',(56.2426406871293,-25.50000000001,13.4238));
#1551=CARTESIAN_POINT('',(60.8713203435697,-20.8713203435697,13.4238));
#1552=CARTESIAN_POINT('',(-56.2426406871293,-25.50000000001,13.4238));
#1553=CARTESIAN_POINT('',(6.9386489745474E-15,-25.50000000001,13.4238));
#1554=CARTESIAN_POINT('',(-65.50000000001,-16.2426406871292,13.4238));
#1555=CARTESIAN_POINT('',(-60.8713203435696,-20.8713203435697,13.4238));
#1556=CARTESIAN_POINT('',(-65.50000000001,14.2426406871293,13.4238));
#1557=CARTESIAN_POINT('',(-65.50000000001,-1.,13.4238));
#1558=CARTESIAN_POINT('',(-56.2426406871293,23.50000000001,13.4238));
#1559=CARTESIAN_POINT('',(-60.8713203435697,18.8713203435697,13.4238));
#1560=CARTESIAN_POINT('',(-18.51940000001,23.50000000001,13.4238));
#1561=CARTESIAN_POINT('',(1.0408095926501E-14,23.50000000001,13.4238));
#1562=CARTESIAN_POINT('',(-18.51940000001,24.50000000001,13.4238));
#1563=CARTESIAN_POINT('',(-18.51940000001,12.51164,13.4238));
#1564=CARTESIAN_POINT('',(-56.6568542495024,24.50000000001,13.4238));
#1565=CARTESIAN_POINT('',(-36.0881271247562,24.50000000001,13.4238));
#1566=CARTESIAN_POINT('',(-66.50000000001,14.6568542495024,13.4238));
#1567=CARTESIAN_POINT('',(-61.5784271247562,19.5784271247562,13.4238));
#1568=CARTESIAN_POINT('',(-66.50000000001,-16.6568542495024,13.4238));
#1569=CARTESIAN_POINT('',(-66.50000000001,-1.,13.4238));
#1570=CARTESIAN_POINT('',(-56.6568542495024,-26.50000000001,13.4238));
#1571=CARTESIAN_POINT('',(-61.5784271247562,-21.5784271247562,13.4238));
#1572=CARTESIAN_POINT('',(56.6568542495024,-26.50000000001,13.4238));
#1573=CARTESIAN_POINT('',(6.93889390390723E-15,-26.50000000001,13.4238));
#1574=CARTESIAN_POINT('',(66.50000000001,-16.6568542495024,13.4238));
#1575=CARTESIAN_POINT('',(61.5784271247562,-21.5784271247562,13.4238));
#1576=CARTESIAN_POINT('',(66.50000000001,14.6568542495024,13.4238));
#1577=CARTESIAN_POINT('',(66.50000000001,-1.,13.4238));
#1578=CARTESIAN_POINT('',(56.6568542495024,24.50000000001,13.4238));
#1579=CARTESIAN_POINT('',(61.5784271247562,19.5784271247562,13.4238));
#1580=CARTESIAN_POINT('',(-36.0881271247562,24.50000000001,13.4238));
#1581=CARTESIAN_POINT('Origin',(4.99971798712499E-12,162.693151240538,3.60000000000998));
#1582=CARTESIAN_POINT('',(18.51940000001,24.50000000001,3.60000000001001));
#1583=CARTESIAN_POINT('',(18.51940000001,162.693151240538,3.60000000000998));
#1584=CARTESIAN_POINT('',(56.6568542495024,24.50000000001,3.60000000001001));
#1585=CARTESIAN_POINT('',(-36.0881271247563,24.50000000001,3.60000000001001));
#1586=CARTESIAN_POINT('',(66.50000000001,14.6568542495024,3.60000000001001));
#1587=CARTESIAN_POINT('',(61.5784271247562,19.5784271247562,3.60000000001001));
#1588=CARTESIAN_POINT('',(66.50000000001,-16.6568542495024,3.60000000001001));
#1589=CARTESIAN_POINT('',(66.50000000001,-1.,3.60000000001001));
#1590=CARTESIAN_POINT('',(56.6568542495024,-26.50000000001,3.60000000001001));
#1591=CARTESIAN_POINT('',(61.5784271247562,-21.5784271247562,3.60000000001001));
#1592=CARTESIAN_POINT('',(-56.6568542495024,-26.50000000001,3.60000000001001));
#1593=CARTESIAN_POINT('',(-2.46346585448005E-14,-26.50000000001,3.60000000001001));
#1594=CARTESIAN_POINT('',(-66.50000000001,-16.6568542495024,3.60000000001001));
#1595=CARTESIAN_POINT('',(-61.5784271247562,-21.5784271247561,3.60000000001001));
#1596=CARTESIAN_POINT('',(-66.50000000001,14.6568542495024,3.60000000001001));
#1597=CARTESIAN_POINT('',(-66.50000000001,-1.,3.60000000001001));
#1598=CARTESIAN_POINT('',(-56.6568542495024,24.50000000001,3.60000000001001));
#1599=CARTESIAN_POINT('',(-61.5784271247562,19.5784271247561,3.60000000001001));
#1600=CARTESIAN_POINT('',(-18.51940000001,24.50000000001,3.60000000001001));
#1601=CARTESIAN_POINT('',(-36.0881271247563,24.50000000001,3.60000000001001));
#1602=CARTESIAN_POINT('',(-18.51940000001,162.693151240538,3.60000000000998));
#1603=CARTESIAN_POINT('',(-67.50000000001,15.0710678118754,3.60000000001001));
#1604=CARTESIAN_POINT('',(-62.2855339059428,20.2855339059427,3.60000000001001));
#1605=CARTESIAN_POINT('',(-67.50000000001,-17.0710678118755,3.60000000001001));
#1606=CARTESIAN_POINT('',(-67.50000000001,-0.999999999999985,3.60000000001001));
#1607=CARTESIAN_POINT('',(-57.0710678118755,-27.50000000001,3.60000000001001));
#1608=CARTESIAN_POINT('',(-62.2855339059428,-22.2855339059427,3.60000000001001));
#1609=CARTESIAN_POINT('',(57.0710678118755,-27.50000000001,3.60000000001001));
#1610=CARTESIAN_POINT('',(-3.85126912819748E-14,-27.50000000001,3.60000000001001));
#1611=CARTESIAN_POINT('',(67.50000000001,-17.0710678118755,3.60000000001001));
#1612=CARTESIAN_POINT('',(62.2855339059427,-22.2855339059428,3.60000000001001));
#1613=CARTESIAN_POINT('',(67.50000000001,15.0710678118754,3.60000000001001));
#1614=CARTESIAN_POINT('',(67.50000000001,-1.,3.60000000001001));
#1615=CARTESIAN_POINT('',(62.2855339059427,20.2855339059427,3.60000000001001));
#1616=CARTESIAN_POINT('Origin',(-36.0881271247563,24.50000000001,-244.393821135332));
#1617=CARTESIAN_POINT('',(-18.51940000001,24.50000000001,-244.393821135332));
#1618=CARTESIAN_POINT('',(-56.6568542495024,24.50000000001,-244.393821135332));
#1619=CARTESIAN_POINT('Origin',(62.2855339059427,-22.2855339059428,-6.));
#1620=CARTESIAN_POINT('',(57.0710678118755,-27.50000000001,-3.));
#1621=CARTESIAN_POINT('',(57.0710678118755,-27.50000000001,-6.));
#1622=CARTESIAN_POINT('',(67.50000000001,-17.0710678118755,-3.));
#1623=CARTESIAN_POINT('',(67.50000000001,-17.0710678118755,-3.));
#1624=CARTESIAN_POINT('',(67.50000000001,-17.0710678118755,-6.));
#1625=CARTESIAN_POINT('Origin',(-6.93889390390723E-15,-27.50000000001,-6.));
#1626=CARTESIAN_POINT('',(-57.0710678118755,-27.50000000001,-3.));
#1627=CARTESIAN_POINT('',(-57.0710678118755,-27.50000000001,-6.));
#1628=CARTESIAN_POINT('',(57.0710678118755,-27.50000000001,-3.));
#1629=CARTESIAN_POINT('Origin',(-62.2855339059428,-22.2855339059427,-6.));
#1630=CARTESIAN_POINT('',(-67.50000000001,-17.0710678118755,-3.));
#1631=CARTESIAN_POINT('',(-67.50000000001,-17.0710678118755,-6.));
#1632=CARTESIAN_POINT('',(-57.0710678118755,-27.50000000001,-3.));
#1633=CARTESIAN_POINT('Origin',(-67.50000000001,-0.999999999999984,-6.));
#1634=CARTESIAN_POINT('',(-67.50000000001,15.0710678118754,-3.));
#1635=CARTESIAN_POINT('',(-67.50000000001,15.0710678118754,-6.));
#1636=CARTESIAN_POINT('',(-67.50000000001,-17.0710678118755,-3.));
#1637=CARTESIAN_POINT('Origin',(-62.2855339059427,20.2855339059427,-6.));
#1638=CARTESIAN_POINT('',(-67.50000000001,15.0710678118754,-3.));
#1639=CARTESIAN_POINT('Origin',(62.2855339059428,20.2855339059427,-6.));
#1640=CARTESIAN_POINT('',(67.50000000001,15.0710678118754,-3.));
#1641=CARTESIAN_POINT('',(67.50000000001,15.0710678118754,-6.));
#1642=CARTESIAN_POINT('',(62.2855339059428,20.2855339059427,-3.));
#1643=CARTESIAN_POINT('Origin',(67.50000000001,-1.,-6.));
#1644=CARTESIAN_POINT('',(67.50000000001,15.0710678118754,-3.));
#1645=CARTESIAN_POINT('Origin',(-1.38777878078145E-14,-1.,-3.));
#1646=CARTESIAN_POINT('',(65.50000000001,14.2426406871293,-3.));
#1647=CARTESIAN_POINT('',(65.50000000001,-16.2426406871293,-3.));
#1648=CARTESIAN_POINT('',(65.50000000001,-1.,-3.));
#1649=CARTESIAN_POINT('',(56.2426406871293,23.50000000001,-3.));
#1650=CARTESIAN_POINT('',(60.8713203435697,18.8713203435697,-3.));
#1651=CARTESIAN_POINT('',(-56.2426406871293,23.50000000001,-3.));
#1652=CARTESIAN_POINT('',(1.04083408558608E-14,23.50000000001,-3.));
#1653=CARTESIAN_POINT('',(-65.50000000001,14.2426406871293,-3.));
#1654=CARTESIAN_POINT('',(-60.8713203435697,18.8713203435697,-3.));
#1655=CARTESIAN_POINT('',(-65.50000000001,-16.2426406871292,-3.));
#1656=CARTESIAN_POINT('',(-65.50000000001,-1.,-3.));
#1657=CARTESIAN_POINT('',(-56.2426406871293,-25.50000000001,-3.));
#1658=CARTESIAN_POINT('',(-60.8713203435696,-20.8713203435697,-3.));
#1659=CARTESIAN_POINT('',(56.2426406871293,-25.50000000001,-3.));
#1660=CARTESIAN_POINT('',(6.93889390390723E-15,-25.50000000001,-3.));
#1661=CARTESIAN_POINT('',(60.8713203435697,-20.8713203435697,-3.));
#1662=CARTESIAN_POINT('',(48.4988,0.0106,-3.));
#1663=CARTESIAN_POINT('Ctrl Pts',(48.4988,0.0106,-3.));
#1664=CARTESIAN_POINT('Ctrl Pts',(48.4988,0.160013590464419,-3.));
#1665=CARTESIAN_POINT('Ctrl Pts',(48.4901147051749,0.458840771393204,-3.));
#1666=CARTESIAN_POINT('Ctrl Pts',(48.4383413681507,1.05287417114465,-3.));
#1667=CARTESIAN_POINT('Ctrl Pts',(48.309776101679,1.78760729279712,-3.));
#1668=CARTESIAN_POINT('Ctrl Pts',(48.0556371287763,2.64963243374681,-3.));
#1669=CARTESIAN_POINT('Ctrl Pts',(47.7039816519889,3.48560498785053,-3.));
#1670=CARTESIAN_POINT('Ctrl Pts',(47.3319857559737,4.15486111332622,-3.));
#1671=CARTESIAN_POINT('Ctrl Pts',(46.987762962381,4.67140056650021,-3.));
#1672=CARTESIAN_POINT('Ctrl Pts',(46.6154345157772,5.17089104255549,-3.));
#1673=CARTESIAN_POINT('Ctrl Pts',(46.0995450178956,5.76155099144033,-3.));
#1674=CARTESIAN_POINT('Ctrl Pts',(45.4052852100822,6.41232951475561,-3.));
#1675=CARTESIAN_POINT('Ctrl Pts',(44.7687322642365,6.90285228151749,-3.));
#1676=CARTESIAN_POINT('Ctrl Pts',(44.227389984593,7.26216691695305,-3.));
#1677=CARTESIAN_POINT('Ctrl Pts',(43.8060142083705,7.51458118250158,-3.));
#1678=CARTESIAN_POINT('Ctrl Pts',(43.3698816395143,7.74945272642489,-3.));
#1679=CARTESIAN_POINT('Ctrl Pts',(42.7698343167086,8.0383422378085,-3.));
#1680=CARTESIAN_POINT('Ctrl Pts',(41.994775371632,8.34952129084171,-3.));
#1681=CARTESIAN_POINT('Ctrl Pts',(41.0301140476518,8.6426307659711,-3.));
#1682=CARTESIAN_POINT('Ctrl Pts',(40.0382467934946,8.8538487652708,-3.));
#1683=CARTESIAN_POINT('Ctrl Pts',(39.194556987587,8.96048518232736,-3.));
#1684=CARTESIAN_POINT('Ctrl Pts',(38.5129721264956,9.00340245553165,-3.));
#1685=CARTESIAN_POINT('Ctrl Pts',(37.9988,9.01419877223419,-3.));
#1686=CARTESIAN_POINT('Ctrl Pts',(37.4846278735045,9.00340245553166,-3.));
#1687=CARTESIAN_POINT('Ctrl Pts',(36.803043012413,8.96048518232737,-3.));
#1688=CARTESIAN_POINT('Ctrl Pts',(35.9593532065055,8.8538487652708,-3.));
#1689=CARTESIAN_POINT('Ctrl Pts',(34.9674859523482,8.64263076597111,-3.));
#1690=CARTESIAN_POINT('Ctrl Pts',(34.0028246283681,8.34952129084171,-3.));
#1691=CARTESIAN_POINT('Ctrl Pts',(33.2277656832914,8.03834223780851,-3.));
#1692=CARTESIAN_POINT('Ctrl Pts',(32.6277183604857,7.7494527264249,-3.));
#1693=CARTESIAN_POINT('Ctrl Pts',(32.1915857916295,7.51458118250158,-3.));
#1694=CARTESIAN_POINT('Ctrl Pts',(31.770210015407,7.26216691695306,-3.));
#1695=CARTESIAN_POINT('Ctrl Pts',(31.2288677357635,6.9028522815175,-3.));
#1696=CARTESIAN_POINT('Ctrl Pts',(30.5923147899179,6.41232951475563,-3.));
#1697=CARTESIAN_POINT('Ctrl Pts',(29.8980549821043,5.76155099144034,-3.));
#1698=CARTESIAN_POINT('Ctrl Pts',(29.3821654842228,5.17089104255551,-3.));
#1699=CARTESIAN_POINT('Ctrl Pts',(29.0098370376191,4.67140056650023,-3.));
#1700=CARTESIAN_POINT('Ctrl Pts',(28.6656142440263,4.15486111332624,-3.));
#1701=CARTESIAN_POINT('Ctrl Pts',(28.2936183480111,3.48560498785054,-3.));
#1702=CARTESIAN_POINT('Ctrl Pts',(27.9419628712238,2.64963243374682,-3.));
#1703=CARTESIAN_POINT('Ctrl Pts',(27.687823898321,1.78760729279714,-3.));
#1704=CARTESIAN_POINT('Ctrl Pts',(27.5592586318493,1.05287417114466,-3.));
#1705=CARTESIAN_POINT('Ctrl Pts',(27.5074852948252,0.458840771393236,-3.));
#1706=CARTESIAN_POINT('Ctrl Pts',(27.4944573525874,0.0106000000000196,-3.));
#1707=CARTESIAN_POINT('Ctrl Pts',(27.5074852948252,-0.437640771393198,-3.));
#1708=CARTESIAN_POINT('Ctrl Pts',(27.5592586318493,-1.03167417114462,-3.));
#1709=CARTESIAN_POINT('Ctrl Pts',(27.687823898321,-1.76640729279711,-3.));
#1710=CARTESIAN_POINT('Ctrl Pts',(27.9419628712237,-2.62843243374679,-3.));
#1711=CARTESIAN_POINT('Ctrl Pts',(28.2936183480112,-3.46440498785051,-3.));
#1712=CARTESIAN_POINT('Ctrl Pts',(28.6656142440263,-4.1336611133262,-3.));
#1713=CARTESIAN_POINT('Ctrl Pts',(29.009837037619,-4.6502005665002,-3.));
#1714=CARTESIAN_POINT('Ctrl Pts',(29.3821654842228,-5.14969104255548,-3.));
#1715=CARTESIAN_POINT('Ctrl Pts',(29.8980549821043,-5.74035099144031,-3.));
#1716=CARTESIAN_POINT('Ctrl Pts',(30.5923147899178,-6.3911295147556,-3.));
#1717=CARTESIAN_POINT('Ctrl Pts',(31.2288677357635,-6.88165228151747,-3.));
#1718=CARTESIAN_POINT('Ctrl Pts',(31.7702100154069,-7.24096691695304,-3.));
#1719=CARTESIAN_POINT('Ctrl Pts',(32.1915857916295,-7.49338118250156,-3.));
#1720=CARTESIAN_POINT('Ctrl Pts',(32.6277183604857,-7.72825272642488,-3.));
#1721=CARTESIAN_POINT('Ctrl Pts',(33.2277656832914,-8.01714223780849,-3.));
#1722=CARTESIAN_POINT('Ctrl Pts',(34.002824628368,-8.3283212908417,-3.));
#1723=CARTESIAN_POINT('Ctrl Pts',(34.9674859523481,-8.6214307659711,-3.));
#1724=CARTESIAN_POINT('Ctrl Pts',(35.9593532065054,-8.83264876527079,-3.));
#1725=CARTESIAN_POINT('Ctrl Pts',(36.8030430124129,-8.93928518232737,-3.));
#1726=CARTESIAN_POINT('Ctrl Pts',(37.4846278735044,-8.98220245553165,-3.));
#1727=CARTESIAN_POINT('Ctrl Pts',(37.9988,-8.9929987722342,-3.));
#1728=CARTESIAN_POINT('Ctrl Pts',(38.5129721264955,-8.98220245553166,-3.));
#1729=CARTESIAN_POINT('Ctrl Pts',(39.194556987587,-8.93928518232738,-3.));
#1730=CARTESIAN_POINT('Ctrl Pts',(40.0382467934945,-8.83264876527081,-3.));
#1731=CARTESIAN_POINT('Ctrl Pts',(41.0301140476518,-8.62143076597112,-3.));
#1732=CARTESIAN_POINT('Ctrl Pts',(41.9947753716319,-8.32832129084173,-3.));
#1733=CARTESIAN_POINT('Ctrl Pts',(42.7698343167085,-8.01714223780854,-3.));
#1734=CARTESIAN_POINT('Ctrl Pts',(43.3698816395143,-7.72825272642492,-3.));
#1735=CARTESIAN_POINT('Ctrl Pts',(43.8060142083704,-7.49338118250161,-3.));
#1736=CARTESIAN_POINT('Ctrl Pts',(44.227389984593,-7.24096691695309,-3.));
#1737=CARTESIAN_POINT('Ctrl Pts',(44.7687322642365,-6.88165228151753,-3.));
#1738=CARTESIAN_POINT('Ctrl Pts',(45.4052852100821,-6.39112951475567,-3.));
#1739=CARTESIAN_POINT('Ctrl Pts',(46.0995450178956,-5.74035099144038,-3.));
#1740=CARTESIAN_POINT('Ctrl Pts',(46.6154345157772,-5.14969104255556,-3.));
#1741=CARTESIAN_POINT('Ctrl Pts',(46.9877629623809,-4.65020056650028,-3.));
#1742=CARTESIAN_POINT('Ctrl Pts',(47.3319857559737,-4.13366111332629,-3.));
#1743=CARTESIAN_POINT('Ctrl Pts',(47.7039816519889,-3.4644049878506,-3.));
#1744=CARTESIAN_POINT('Ctrl Pts',(48.0556371287763,-2.62843243374688,-3.));
#1745=CARTESIAN_POINT('Ctrl Pts',(48.3097761016789,-1.7664072927972,-3.));
#1746=CARTESIAN_POINT('Ctrl Pts',(48.4383413681507,-1.0316741711447,-3.));
#1747=CARTESIAN_POINT('Ctrl Pts',(48.4901147051748,-0.437640771393313,-3.));
#1748=CARTESIAN_POINT('Ctrl Pts',(48.4988,-0.138813590464419,-3.));
#1749=CARTESIAN_POINT('Ctrl Pts',(48.4988,0.0106,-3.));
#1750=CARTESIAN_POINT('',(-27.5012002809335,0.0111300315239204,-3.));
#1751=CARTESIAN_POINT('Ctrl Pts',(-27.5012002809335,0.0111300315239204,
-3.));
#1752=CARTESIAN_POINT('Ctrl Pts',(-27.5013588401002,0.160705170412385,-3.));
#1753=CARTESIAN_POINT('Ctrl Pts',(-27.5103592937316,0.459846243301285,-3.));
#1754=CARTESIAN_POINT('Ctrl Pts',(-27.5627514659761,1.05446829025892,-3.));
#1755=CARTESIAN_POINT('Ctrl Pts',(-27.6920683510745,1.78986576785733,-3.));
#1756=CARTESIAN_POINT('Ctrl Pts',(-27.9470706033041,2.65257443594489,-3.));
#1757=CARTESIAN_POINT('Ctrl Pts',(-28.2995494147334,3.48911595530327,-3.));
#1758=CARTESIAN_POINT('Ctrl Pts',(-28.6721971060769,4.15874790014564,-3.));
#1759=CARTESIAN_POINT('Ctrl Pts',(-29.0169208824166,4.67552658710024,-3.));
#1760=CARTESIAN_POINT('Ctrl Pts',(-29.3897330216473,5.17521280451688,-3.));
#1761=CARTESIAN_POINT('Ctrl Pts',(-29.9061942535971,5.76603510297374,-3.));
#1762=CARTESIAN_POINT('Ctrl Pts',(-30.6010861629336,6.41687362015705,-3.));
#1763=CARTESIAN_POINT('Ctrl Pts',(-31.2381185142018,6.90733112290796,-3.));
#1764=CARTESIAN_POINT('Ctrl Pts',(-31.7798139802563,7.26652270286271,-3.));
#1765=CARTESIAN_POINT('Ctrl Pts',(-32.2014388923475,7.51880886228452,-3.));
#1766=CARTESIAN_POINT('Ctrl Pts',(-32.6378042769418,7.75351610467794,-3.));
#1767=CARTESIAN_POINT('Ctrl Pts',(-33.2381391973843,8.04213785014922,-3.));
#1768=CARTESIAN_POINT('Ctrl Pts',(-34.0135100269126,8.35289464782948,-3.));
#1769=CARTESIAN_POINT('Ctrl Pts',(-34.978467347292,8.64536003135013,-3.));
#1770=CARTESIAN_POINT('Ctrl Pts',(-35.9705489737338,8.85580056011991,-3.));
#1771=CARTESIAN_POINT('Ctrl Pts',(-36.8143467559168,8.96168132413253,-3.));
#1772=CARTESIAN_POINT('Ctrl Pts',(-37.4959739014451,9.00393194530787,-3.));
#1773=CARTESIAN_POINT('Ctrl Pts',(-38.0101552489151,9.01419726884909,-3.));
#1774=CARTESIAN_POINT('Ctrl Pts',(-38.5243136770111,9.00284183969867,-3.));
#1775=CARTESIAN_POINT('Ctrl Pts',(-39.2058497140106,8.95914617879345,-3.));
#1776=CARTESIAN_POINT('Ctrl Pts',(-40.049421119341,8.85147669605206,-3.));
#1777=CARTESIAN_POINT('Ctrl Pts',(-41.0410543559057,8.63893330327703,-3.));
#1778=CARTESIAN_POINT('Ctrl Pts',(-42.0053894444318,8.34442274701611,-3.));
#1779=CARTESIAN_POINT('Ctrl Pts',(-42.7800996881136,8.03202276474574,-3.));
#1780=CARTESIAN_POINT('Ctrl Pts',(-43.3798213451725,7.74212888292655,-3.));
#1781=CARTESIAN_POINT('Ctrl Pts',(-43.8156881403799,7.50649701891068,-3.));
#1782=CARTESIAN_POINT('Ctrl Pts',(-44.2367772267133,7.25331752901731,-3.));
#1783=CARTESIAN_POINT('Ctrl Pts',(-44.7777099443106,6.89297829428569,-3.));
#1784=CARTESIAN_POINT('Ctrl Pts',(-45.4137010327034,6.40117130566913,-3.));
#1785=CARTESIAN_POINT('Ctrl Pts',(-46.1072115213439,5.74886099358124,-3.));
#1786=CARTESIAN_POINT('Ctrl Pts',(-46.622418975495,5.15694506065814,-3.));
#1787=CARTESIAN_POINT('Ctrl Pts',(-46.9941708796486,4.65646955796891,-3.));
#1788=CARTESIAN_POINT('Ctrl Pts',(-47.3377982458686,4.13896117499414,-3.));
#1789=CARTESIAN_POINT('Ctrl Pts',(-47.7090253963354,3.46854067547668,-3.));
#1790=CARTESIAN_POINT('Ctrl Pts',(-48.0597298430713,2.63125373711165,-3.));
#1791=CARTESIAN_POINT('Ctrl Pts',(-48.3129024720592,1.76800637130798,-3.));
#1792=CARTESIAN_POINT('Ctrl Pts',(-48.4406599320152,1.03233637854273,-3.));
#1793=CARTESIAN_POINT('Ctrl Pts',(-48.4917913134996,0.437604590029538,-3.));
#1794=CARTESIAN_POINT('Ctrl Pts',(-48.5043406389464,-0.0111346339679557,
-3.));
#1795=CARTESIAN_POINT('Ctrl Pts',(-48.4908399584994,-0.459846243301302,
-3.));
#1796=CARTESIAN_POINT('Ctrl Pts',(-48.4384477862548,-1.05446829025893,-3.));
#1797=CARTESIAN_POINT('Ctrl Pts',(-48.3091309011564,-1.78986576785734,-3.));
#1798=CARTESIAN_POINT('Ctrl Pts',(-48.0541286489268,-2.65257443594491,-3.));
#1799=CARTESIAN_POINT('Ctrl Pts',(-47.7016498374975,-3.48911595530328,-3.));
#1800=CARTESIAN_POINT('Ctrl Pts',(-47.3290021461541,-4.15874790014566,-3.));
#1801=CARTESIAN_POINT('Ctrl Pts',(-46.9842783698143,-4.67552658710025,-3.));
#1802=CARTESIAN_POINT('Ctrl Pts',(-46.6114662305837,-5.17521280451689,-3.));
#1803=CARTESIAN_POINT('Ctrl Pts',(-46.0950049986338,-5.76603510297374,-3.));
#1804=CARTESIAN_POINT('Ctrl Pts',(-45.4001130892974,-6.41687362015706,-3.));
#1805=CARTESIAN_POINT('Ctrl Pts',(-44.7630807380291,-6.90733112290796,-3.));
#1806=CARTESIAN_POINT('Ctrl Pts',(-44.2213852719747,-7.26652270286272,-3.));
#1807=CARTESIAN_POINT('Ctrl Pts',(-43.7997603598835,-7.51880886228452,-3.));
#1808=CARTESIAN_POINT('Ctrl Pts',(-43.3633949752892,-7.75351610467794,-3.));
#1809=CARTESIAN_POINT('Ctrl Pts',(-42.7630600548466,-8.04213785014923,-3.));
#1810=CARTESIAN_POINT('Ctrl Pts',(-41.9876892253183,-8.35289464782949,-3.));
#1811=CARTESIAN_POINT('Ctrl Pts',(-41.0227319049389,-8.64536003135013,-3.));
#1812=CARTESIAN_POINT('Ctrl Pts',(-40.0306502784971,-8.85580056011992,-3.));
#1813=CARTESIAN_POINT('Ctrl Pts',(-39.1868524963141,-8.96168132413253,-3.));
#1814=CARTESIAN_POINT('Ctrl Pts',(-38.5052253507858,-9.00393194530786,-3.));
#1815=CARTESIAN_POINT('Ctrl Pts',(-37.9910440033158,-9.01419726884908,-3.));
#1816=CARTESIAN_POINT('Ctrl Pts',(-37.4768855752197,-9.00284183969867,-3.));
#1817=CARTESIAN_POINT('Ctrl Pts',(-36.7953495382204,-8.95914617879344,-3.));
#1818=CARTESIAN_POINT('Ctrl Pts',(-35.9517781328899,-8.85147669605206,-3.));
#1819=CARTESIAN_POINT('Ctrl Pts',(-34.9601448963252,-8.63893330327701,-3.));
#1820=CARTESIAN_POINT('Ctrl Pts',(-33.9958098077991,-8.3444227470161,-3.));
#1821=CARTESIAN_POINT('Ctrl Pts',(-33.2210995641174,-8.03202276474572,-3.));
#1822=CARTESIAN_POINT('Ctrl Pts',(-32.6213779070585,-7.74212888292654,-3.));
#1823=CARTESIAN_POINT('Ctrl Pts',(-32.185511111851,-7.50649701891066,-3.));
#1824=CARTESIAN_POINT('Ctrl Pts',(-31.7644220255177,-7.25331752901729,-3.));
#1825=CARTESIAN_POINT('Ctrl Pts',(-31.2234893079203,-6.89297829428566,-3.));
#1826=CARTESIAN_POINT('Ctrl Pts',(-30.5874982195275,-6.40117130566911,-3.));
#1827=CARTESIAN_POINT('Ctrl Pts',(-29.8939877308869,-5.74886099358122,-3.));
#1828=CARTESIAN_POINT('Ctrl Pts',(-29.378780276736,-5.15694506065813,-3.));
#1829=CARTESIAN_POINT('Ctrl Pts',(-29.0070283725824,-4.65646955796889,-3.));
#1830=CARTESIAN_POINT('Ctrl Pts',(-28.6634010063624,-4.13896117499412,-3.));
#1831=CARTESIAN_POINT('Ctrl Pts',(-28.2921738558955,-3.46854067547667,-3.));
#1832=CARTESIAN_POINT('Ctrl Pts',(-27.9414694091596,-2.63125373711163,-3.));
#1833=CARTESIAN_POINT('Ctrl Pts',(-27.6882967801718,-1.76800637130796,-3.));
#1834=CARTESIAN_POINT('Ctrl Pts',(-27.5605393202157,-1.03233637854271,-3.));
#1835=CARTESIAN_POINT('Ctrl Pts',(-27.5094079387314,-0.437604590029504,
-3.));
#1836=CARTESIAN_POINT('Ctrl Pts',(-27.5010417217668,-0.138445107364544,
-3.));
#1837=CARTESIAN_POINT('Ctrl Pts',(-27.5012002809335,0.0111300315239204,
-3.));
#1838=CARTESIAN_POINT('',(-50.,12.5,-3.));
#1839=CARTESIAN_POINT('Origin',(-52.5,12.5,-3.));
#1840=CARTESIAN_POINT('',(-50.,-12.5,-3.));
#1841=CARTESIAN_POINT('Origin',(-52.5,-12.5,-3.));
#1842=CARTESIAN_POINT('',(4.,-12.5,-3.));
#1843=CARTESIAN_POINT('Origin',(0.,-12.5,-3.));
#1844=CARTESIAN_POINT('',(55.,-12.5,-3.));
#1845=CARTESIAN_POINT('Origin',(52.5,-12.5,-3.));
#1846=CARTESIAN_POINT('',(55.,12.5,-3.));
#1847=CARTESIAN_POINT('Origin',(52.5,12.5,-3.));
#1848=CARTESIAN_POINT('Origin',(3.525977875845E-16,4.407472344807E-17,0.));
#1849=CARTESIAN_POINT('',(-50.,12.5,0.));
#1850=CARTESIAN_POINT('Origin',(-52.5,12.5,0.));
#1851=CARTESIAN_POINT('',(-51.5,12.5,0.));
#1852=CARTESIAN_POINT('Origin',(-52.5,12.5,0.));
#1853=CARTESIAN_POINT('Origin',(-52.5,12.5,0.00199999999999983));
#1854=CARTESIAN_POINT('',(-50.,12.5,0.00199999999999983));
#1855=CARTESIAN_POINT('Origin',(3.525977875845E-16,4.407472344807E-17,0.));
#1856=CARTESIAN_POINT('',(-50.,-12.5,0.));
#1857=CARTESIAN_POINT('Origin',(-52.5,-12.5,0.));
#1858=CARTESIAN_POINT('',(-51.5,-12.5,0.));
#1859=CARTESIAN_POINT('Origin',(-52.5,-12.5,0.));
#1860=CARTESIAN_POINT('Origin',(-52.5,-12.5,0.00199999999999983));
#1861=CARTESIAN_POINT('',(-50.,-12.5,0.00199999999999983));
#1862=CARTESIAN_POINT('Origin',(3.525977875845E-16,4.407472344807E-17,0.));
#1863=CARTESIAN_POINT('',(4.,-12.5,0.));
#1864=CARTESIAN_POINT('Origin',(0.,-12.5,0.));
#1865=CARTESIAN_POINT('',(2.5,-12.5,0.));
#1866=CARTESIAN_POINT('Origin',(0.,-12.5,0.));
#1867=CARTESIAN_POINT('Origin',(0.,-12.5,0.00199999999999983));
#1868=CARTESIAN_POINT('',(4.,-12.5,0.00199999999999983));
#1869=CARTESIAN_POINT('Origin',(3.525977875845E-16,4.407472344807E-17,0.));
#1870=CARTESIAN_POINT('',(55.,-12.5,0.));
#1871=CARTESIAN_POINT('Origin',(52.5,-12.5,0.));
#1872=CARTESIAN_POINT('',(53.5,-12.5,0.));
#1873=CARTESIAN_POINT('Origin',(52.5,-12.5,0.));
#1874=CARTESIAN_POINT('Origin',(52.5,-12.5,0.00199999999999983));
#1875=CARTESIAN_POINT('',(55.,-12.5,0.00199999999999983));
#1876=CARTESIAN_POINT('Origin',(3.525977875845E-16,4.407472344807E-17,0.));
#1877=CARTESIAN_POINT('',(55.,12.5,0.));
#1878=CARTESIAN_POINT('Origin',(52.5,12.5,0.));
#1879=CARTESIAN_POINT('',(53.5,12.5,0.));
#1880=CARTESIAN_POINT('Origin',(52.5,12.5,0.));
#1881=CARTESIAN_POINT('Origin',(52.5,12.5,0.00199999999999983));
#1882=CARTESIAN_POINT('',(55.,12.5,0.00199999999999983));
#1883=CARTESIAN_POINT('Origin',(3.525977875845E-16,4.407472344807E-17,0.));
#1884=CARTESIAN_POINT('',(-27.5012002809335,0.0111300315239204,0.));
#1885=CARTESIAN_POINT('Ctrl Pts',(-27.5012002809335,0.0111300315239204,
-7.15742840429884E-16));
#1886=CARTESIAN_POINT('Ctrl Pts',(-27.5013588401002,0.160705170412385,-1.14561206116144E-15));
#1887=CARTESIAN_POINT('Ctrl Pts',(-27.5103592937316,0.459846243301285,-7.15742840429884E-16));
#1888=CARTESIAN_POINT('Ctrl Pts',(-27.5627514659761,1.05446829025892,-7.15742840429884E-16));
#1889=CARTESIAN_POINT('Ctrl Pts',(-27.6920683510745,1.78986576785733,-7.15742840429884E-16));
#1890=CARTESIAN_POINT('Ctrl Pts',(-27.9470706033041,2.65257443594489,-7.15742840429884E-16));
#1891=CARTESIAN_POINT('Ctrl Pts',(-28.2995494147334,3.48911595530327,-7.15742840429884E-16));
#1892=CARTESIAN_POINT('Ctrl Pts',(-28.6721971060769,4.15874790014564,-7.15742840429884E-16));
#1893=CARTESIAN_POINT('Ctrl Pts',(-29.0169208824166,4.67552658710024,-7.15742840429884E-16));
#1894=CARTESIAN_POINT('Ctrl Pts',(-29.3897330216473,5.17521280451688,-7.15742840429884E-16));
#1895=CARTESIAN_POINT('Ctrl Pts',(-29.9061942535971,5.76603510297374,-7.15742840429884E-16));
#1896=CARTESIAN_POINT('Ctrl Pts',(-30.6010861629336,6.41687362015705,-7.15742840429884E-16));
#1897=CARTESIAN_POINT('Ctrl Pts',(-31.2381185142018,6.90733112290796,-7.15742840429884E-16));
#1898=CARTESIAN_POINT('Ctrl Pts',(-31.7798139802563,7.26652270286271,-7.15742840429884E-16));
#1899=CARTESIAN_POINT('Ctrl Pts',(-32.2014388923475,7.51880886228452,-7.15742840429884E-16));
#1900=CARTESIAN_POINT('Ctrl Pts',(-32.6378042769418,7.75351610467794,-7.15742840429884E-16));
#1901=CARTESIAN_POINT('Ctrl Pts',(-33.2381391973843,8.04213785014922,-7.15742840429884E-16));
#1902=CARTESIAN_POINT('Ctrl Pts',(-34.0135100269126,8.35289464782948,-7.15742840429884E-16));
#1903=CARTESIAN_POINT('Ctrl Pts',(-34.978467347292,8.64536003135013,-7.15742840429884E-16));
#1904=CARTESIAN_POINT('Ctrl Pts',(-35.9705489737338,8.85580056011991,-7.15742840429884E-16));
#1905=CARTESIAN_POINT('Ctrl Pts',(-36.8143467559168,8.96168132413253,-7.15742840429884E-16));
#1906=CARTESIAN_POINT('Ctrl Pts',(-37.4959739014451,9.00393194530787,-7.15742840429884E-16));
#1907=CARTESIAN_POINT('Ctrl Pts',(-38.0101552489151,9.01419726884909,-7.15742840429884E-16));
#1908=CARTESIAN_POINT('Ctrl Pts',(-38.5243136770111,9.00284183969867,-7.15742840429884E-16));
#1909=CARTESIAN_POINT('Ctrl Pts',(-39.2058497140106,8.95914617879345,-7.15742840429884E-16));
#1910=CARTESIAN_POINT('Ctrl Pts',(-40.049421119341,8.85147669605206,-7.15742840429884E-16));
#1911=CARTESIAN_POINT('Ctrl Pts',(-41.0410543559057,8.63893330327703,-7.15742840429884E-16));
#1912=CARTESIAN_POINT('Ctrl Pts',(-42.0053894444318,8.34442274701611,-7.15742840429884E-16));
#1913=CARTESIAN_POINT('Ctrl Pts',(-42.7800996881136,8.03202276474574,-7.15742840429884E-16));
#1914=CARTESIAN_POINT('Ctrl Pts',(-43.3798213451725,7.74212888292655,-7.15742840429884E-16));
#1915=CARTESIAN_POINT('Ctrl Pts',(-43.8156881403799,7.50649701891068,-7.15742840429884E-16));
#1916=CARTESIAN_POINT('Ctrl Pts',(-44.2367772267133,7.25331752901731,-7.15742840429884E-16));
#1917=CARTESIAN_POINT('Ctrl Pts',(-44.7777099443106,6.89297829428569,-7.15742840429884E-16));
#1918=CARTESIAN_POINT('Ctrl Pts',(-45.4137010327034,6.40117130566913,-7.15742840429884E-16));
#1919=CARTESIAN_POINT('Ctrl Pts',(-46.1072115213439,5.74886099358124,-7.15742840429884E-16));
#1920=CARTESIAN_POINT('Ctrl Pts',(-46.622418975495,5.15694506065814,-7.15742840429884E-16));
#1921=CARTESIAN_POINT('Ctrl Pts',(-46.9941708796486,4.65646955796891,-7.15742840429884E-16));
#1922=CARTESIAN_POINT('Ctrl Pts',(-47.3377982458686,4.13896117499414,-7.15742840429884E-16));
#1923=CARTESIAN_POINT('Ctrl Pts',(-47.7090253963354,3.46854067547668,-7.15742840429884E-16));
#1924=CARTESIAN_POINT('Ctrl Pts',(-48.0597298430713,2.63125373711165,-7.15742840429884E-16));
#1925=CARTESIAN_POINT('Ctrl Pts',(-48.3129024720592,1.76800637130798,-7.15742840429884E-16));
#1926=CARTESIAN_POINT('Ctrl Pts',(-48.4406599320152,1.03233637854273,-7.15742840429884E-16));
#1927=CARTESIAN_POINT('Ctrl Pts',(-48.4917913134996,0.437604590029538,-7.15742840429884E-16));
#1928=CARTESIAN_POINT('Ctrl Pts',(-48.5043406389464,-0.0111346339679557,
-7.15742840429884E-16));
#1929=CARTESIAN_POINT('Ctrl Pts',(-48.4908399584994,-0.459846243301302,
-7.15742840429884E-16));
#1930=CARTESIAN_POINT('Ctrl Pts',(-48.4384477862548,-1.05446829025893,-7.15742840429884E-16));
#1931=CARTESIAN_POINT('Ctrl Pts',(-48.3091309011564,-1.78986576785734,-7.15742840429884E-16));
#1932=CARTESIAN_POINT('Ctrl Pts',(-48.0541286489268,-2.65257443594491,-7.15742840429884E-16));
#1933=CARTESIAN_POINT('Ctrl Pts',(-47.7016498374975,-3.48911595530328,-7.15742840429884E-16));
#1934=CARTESIAN_POINT('Ctrl Pts',(-47.3290021461541,-4.15874790014566,-7.15742840429884E-16));
#1935=CARTESIAN_POINT('Ctrl Pts',(-46.9842783698143,-4.67552658710025,-7.15742840429884E-16));
#1936=CARTESIAN_POINT('Ctrl Pts',(-46.6114662305837,-5.17521280451689,-7.15742840429884E-16));
#1937=CARTESIAN_POINT('Ctrl Pts',(-46.0950049986338,-5.76603510297374,-7.15742840429884E-16));
#1938=CARTESIAN_POINT('Ctrl Pts',(-45.4001130892974,-6.41687362015706,-7.15742840429884E-16));
#1939=CARTESIAN_POINT('Ctrl Pts',(-44.7630807380291,-6.90733112290796,-7.15742840429884E-16));
#1940=CARTESIAN_POINT('Ctrl Pts',(-44.2213852719747,-7.26652270286272,-7.15742840429884E-16));
#1941=CARTESIAN_POINT('Ctrl Pts',(-43.7997603598835,-7.51880886228452,-7.15742840429884E-16));
#1942=CARTESIAN_POINT('Ctrl Pts',(-43.3633949752892,-7.75351610467794,-7.15742840429884E-16));
#1943=CARTESIAN_POINT('Ctrl Pts',(-42.7630600548466,-8.04213785014923,-7.15742840429884E-16));
#1944=CARTESIAN_POINT('Ctrl Pts',(-41.9876892253183,-8.35289464782949,-7.15742840429884E-16));
#1945=CARTESIAN_POINT('Ctrl Pts',(-41.0227319049389,-8.64536003135013,-7.15742840429884E-16));
#1946=CARTESIAN_POINT('Ctrl Pts',(-40.0306502784971,-8.85580056011992,-7.15742840429884E-16));
#1947=CARTESIAN_POINT('Ctrl Pts',(-39.1868524963141,-8.96168132413253,-7.15742840429884E-16));
#1948=CARTESIAN_POINT('Ctrl Pts',(-38.5052253507858,-9.00393194530786,-7.15742840429884E-16));
#1949=CARTESIAN_POINT('Ctrl Pts',(-37.9910440033158,-9.01419726884908,-7.15742840429884E-16));
#1950=CARTESIAN_POINT('Ctrl Pts',(-37.4768855752197,-9.00284183969867,-7.15742840429884E-16));
#1951=CARTESIAN_POINT('Ctrl Pts',(-36.7953495382204,-8.95914617879344,-7.15742840429884E-16));
#1952=CARTESIAN_POINT('Ctrl Pts',(-35.9517781328899,-8.85147669605206,-7.15742840429884E-16));
#1953=CARTESIAN_POINT('Ctrl Pts',(-34.9601448963252,-8.63893330327701,-7.15742840429884E-16));
#1954=CARTESIAN_POINT('Ctrl Pts',(-33.9958098077991,-8.3444227470161,-7.15742840429884E-16));
#1955=CARTESIAN_POINT('Ctrl Pts',(-33.2210995641174,-8.03202276474572,-7.15742840429884E-16));
#1956=CARTESIAN_POINT('Ctrl Pts',(-32.6213779070585,-7.74212888292654,-7.15742840429884E-16));
#1957=CARTESIAN_POINT('Ctrl Pts',(-32.185511111851,-7.50649701891066,-7.15742840429884E-16));
#1958=CARTESIAN_POINT('Ctrl Pts',(-31.7644220255177,-7.25331752901729,-7.15742840429884E-16));
#1959=CARTESIAN_POINT('Ctrl Pts',(-31.2234893079203,-6.89297829428566,-7.15742840429884E-16));
#1960=CARTESIAN_POINT('Ctrl Pts',(-30.5874982195275,-6.40117130566911,-7.15742840429884E-16));
#1961=CARTESIAN_POINT('Ctrl Pts',(-29.8939877308869,-5.74886099358122,-7.15742840429884E-16));
#1962=CARTESIAN_POINT('Ctrl Pts',(-29.378780276736,-5.15694506065813,-7.15742840429884E-16));
#1963=CARTESIAN_POINT('Ctrl Pts',(-29.0070283725824,-4.65646955796889,-7.15742840429884E-16));
#1964=CARTESIAN_POINT('Ctrl Pts',(-28.6634010063624,-4.13896117499412,-7.15742840429884E-16));
#1965=CARTESIAN_POINT('Ctrl Pts',(-28.2921738558955,-3.46854067547667,-7.15742840429884E-16));
#1966=CARTESIAN_POINT('Ctrl Pts',(-27.9414694091596,-2.63125373711163,-7.15742840429884E-16));
#1967=CARTESIAN_POINT('Ctrl Pts',(-27.6882967801718,-1.76800637130796,-7.15742840429884E-16));
#1968=CARTESIAN_POINT('Ctrl Pts',(-27.5605393202157,-1.03233637854271,-7.15742840429884E-16));
#1969=CARTESIAN_POINT('Ctrl Pts',(-27.5094079387314,-0.437604590029504,
-7.15742840429884E-16));
#1970=CARTESIAN_POINT('Ctrl Pts',(-27.5010417217668,-0.138445107364544,
-7.15742840429884E-16));
#1971=CARTESIAN_POINT('Ctrl Pts',(-27.5012002809335,0.0111300315239204,
-7.15742840429884E-16));
#1972=CARTESIAN_POINT('',(-28.5011997190665,0.0100699684760798,0.));
#1973=CARTESIAN_POINT('Ctrl Pts',(-28.5011997190665,0.0100699684760798,
-7.16589873377138E-16));
#1974=CARTESIAN_POINT('Ctrl Pts',(-28.5013378027752,0.1403297972421,-1.1464590941087E-15));
#1975=CARTESIAN_POINT('Ctrl Pts',(-28.509175130043,0.400841439463511,-7.16589873377138E-16));
#1976=CARTESIAN_POINT('Ctrl Pts',(-28.5548146566763,0.918859945617541,-7.16589873377138E-16));
#1977=CARTESIAN_POINT('Ctrl Pts',(-28.6675622990351,1.56026616902148,-7.16589873377138E-16));
#1978=CARTESIAN_POINT('Ctrl Pts',(-28.8905426272006,2.31491548306664,-7.16589873377138E-16));
#1979=CARTESIAN_POINT('Ctrl Pts',(-29.2000033438438,3.0496104213528,-7.16589873377138E-16));
#1980=CARTESIAN_POINT('Ctrl Pts',(-29.528747825313,3.64054376031146,-7.16589873377138E-16));
#1981=CARTESIAN_POINT('Ctrl Pts',(-29.8341524804182,4.09841489539628,-7.16589873377138E-16));
#1982=CARTESIAN_POINT('Ctrl Pts',(-30.1653301949511,4.54233050798144,-7.16589873377138E-16));
#1983=CARTESIAN_POINT('Ctrl Pts',(-30.6259376959174,5.06940412565647,-7.16589873377138E-16));
#1984=CARTESIAN_POINT('Ctrl Pts',(-31.2490373078492,5.65315191312793,-7.16589873377138E-16));
#1985=CARTESIAN_POINT('Ctrl Pts',(-31.8231451133433,6.09526658172834,-7.16589873377138E-16));
#1986=CARTESIAN_POINT('Ctrl Pts',(-32.3130377505584,6.42012604729911,-7.16589873377138E-16));
#1987=CARTESIAN_POINT('Ctrl Pts',(-32.6951582000621,6.64878651162829,-7.16589873377138E-16));
#1988=CARTESIAN_POINT('Ctrl Pts',(-33.0914341799604,6.86194217363402,-7.16589873377138E-16));
#1989=CARTESIAN_POINT('Ctrl Pts',(-33.6376422833634,7.12455542517484,-7.16589873377138E-16));
#1990=CARTESIAN_POINT('Ctrl Pts',(-34.3448588450796,7.40805259108865,-7.16589873377138E-16));
#1991=CARTESIAN_POINT('Ctrl Pts',(-35.2274209210183,7.6755945716479,-7.16589873377138E-16));
#1992=CARTESIAN_POINT('Ctrl Pts',(-36.1366536735778,7.86849535265946,-7.16589873377138E-16));
#1993=CARTESIAN_POINT('Ctrl Pts',(-36.9110282550337,7.96568067624222,-7.16589873377138E-16));
#1994=CARTESIAN_POINT('Ctrl Pts',(-37.5368900751259,8.00447598528436,-7.16589873377138E-16));
#1995=CARTESIAN_POINT('Ctrl Pts',(-38.0090948742218,8.01390384325047,-7.16589873377138E-16));
#1996=CARTESIAN_POINT('Ctrl Pts',(-38.4812786238165,8.0034748733186,-7.16589873377138E-16));
#1997=CARTESIAN_POINT('Ctrl Pts',(-39.1070567864038,7.96335274623614,-7.16589873377138E-16));
#1998=CARTESIAN_POINT('Ctrl Pts',(-39.8812235824532,7.86452587023869,-7.16589873377138E-16));
#1999=CARTESIAN_POINT('Ctrl Pts',(-40.7900453177919,7.6696978357627,-7.16589873377138E-16));
#2000=CARTESIAN_POINT('Ctrl Pts',(-41.6720381877852,7.4002853146584,-7.16589873377138E-16));
#2001=CARTESIAN_POINT('Ctrl Pts',(-42.3786521106535,7.11528939844987,-7.16589873377138E-16));
#2002=CARTESIAN_POINT('Ctrl Pts',(-42.9243022135768,6.85151870772071,-7.16589873377138E-16));
#2003=CARTESIAN_POINT('Ctrl Pts',(-43.3201253862303,6.63752337020136,-7.16589873377138E-16));
#2004=CARTESIAN_POINT('Ctrl Pts',(-43.7017601881857,6.4080532766976,-7.16589873377138E-16));
#2005=CARTESIAN_POINT('Ctrl Pts',(-44.1909629817396,6.0821559076572,-7.16589873377138E-16));
#2006=CARTESIAN_POINT('Ctrl Pts',(-44.7641321586256,5.6388250524388,-7.16589873377138E-16));
#2007=CARTESIAN_POINT('Ctrl Pts',(-45.3859927519393,5.05375752791621,-7.16589873377138E-16));
#2008=CARTESIAN_POINT('Ctrl Pts',(-45.8454817558019,4.52570854938795,-7.16589873377138E-16));
#2009=CARTESIAN_POINT('Ctrl Pts',(-46.1757175694781,4.08109179636823,-7.16589873377138E-16));
#2010=CARTESIAN_POINT('Ctrl Pts',(-46.4801507941998,3.62257419431861,-7.16589873377138E-16));
#2011=CARTESIAN_POINT('Ctrl Pts',(-46.8076416843377,3.03094520410096,-7.16589873377138E-16));
#2012=CARTESIAN_POINT('Ctrl Pts',(-47.1155440604423,2.29559582164537,-7.16589873377138E-16));
#2013=CARTESIAN_POINT('Ctrl Pts',(-47.3369239366619,1.54047545750294,-7.16589873377138E-16));
#2014=CARTESIAN_POINT('Ctrl Pts',(-47.4483114643159,0.898831636554054,-7.16589873377138E-16));
#2015=CARTESIAN_POINT('Ctrl Pts',(-47.49285262444,0.380717533132651,-7.16589873377138E-16));
#2016=CARTESIAN_POINT('Ctrl Pts',(-47.5037801130897,-0.0100739761314274,
-7.16589873377138E-16));
#2017=CARTESIAN_POINT('Ctrl Pts',(-47.492024122188,-0.400841439463513,-7.16589873377138E-16));
#2018=CARTESIAN_POINT('Ctrl Pts',(-47.4463845955546,-0.918859945617561,
-7.16589873377138E-16));
#2019=CARTESIAN_POINT('Ctrl Pts',(-47.3336369531959,-1.56026616902148,-7.16589873377138E-16));
#2020=CARTESIAN_POINT('Ctrl Pts',(-47.1106566250304,-2.31491548306665,-7.16589873377138E-16));
#2021=CARTESIAN_POINT('Ctrl Pts',(-46.8011959083872,-3.04961042135281,-7.16589873377138E-16));
#2022=CARTESIAN_POINT('Ctrl Pts',(-46.472451426918,-3.64054376031146,-7.16589873377138E-16));
#2023=CARTESIAN_POINT('Ctrl Pts',(-46.1670467718127,-4.09841489539629,-7.16589873377138E-16));
#2024=CARTESIAN_POINT('Ctrl Pts',(-45.8358690572798,-4.54233050798145,-7.16589873377138E-16));
#2025=CARTESIAN_POINT('Ctrl Pts',(-45.3752615563135,-5.06940412565648,-7.16589873377138E-16));
#2026=CARTESIAN_POINT('Ctrl Pts',(-44.7521619443817,-5.65315191312794,-7.16589873377138E-16));
#2027=CARTESIAN_POINT('Ctrl Pts',(-44.1780541388876,-6.09526658172835,-7.16589873377138E-16));
#2028=CARTESIAN_POINT('Ctrl Pts',(-43.6881615016726,-6.42012604729911,-7.16589873377138E-16));
#2029=CARTESIAN_POINT('Ctrl Pts',(-43.3060410521688,-6.6487865116283,-7.16589873377138E-16));
#2030=CARTESIAN_POINT('Ctrl Pts',(-42.9097650722706,-6.86194217363402,-7.16589873377138E-16));
#2031=CARTESIAN_POINT('Ctrl Pts',(-42.3635569688676,-7.12455542517484,-7.16589873377138E-16));
#2032=CARTESIAN_POINT('Ctrl Pts',(-41.6563404071513,-7.40805259108866,-7.16589873377138E-16));
#2033=CARTESIAN_POINT('Ctrl Pts',(-40.7737783312127,-7.6755945716479,-7.16589873377138E-16));
#2034=CARTESIAN_POINT('Ctrl Pts',(-39.8645455786531,-7.86849535265946,-7.16589873377138E-16));
#2035=CARTESIAN_POINT('Ctrl Pts',(-39.0901709971973,-7.96568067624222,-7.16589873377138E-16));
#2036=CARTESIAN_POINT('Ctrl Pts',(-38.4643091771051,-8.00447598528436,-7.16589873377138E-16));
#2037=CARTESIAN_POINT('Ctrl Pts',(-37.9921043780091,-8.01390384325046,-7.16589873377138E-16));
#2038=CARTESIAN_POINT('Ctrl Pts',(-37.5199206284145,-8.00347487331859,-7.16589873377138E-16));
#2039=CARTESIAN_POINT('Ctrl Pts',(-36.8941424658271,-7.96335274623613,-7.16589873377138E-16));
#2040=CARTESIAN_POINT('Ctrl Pts',(-36.1199756697777,-7.86452587023868,-7.16589873377138E-16));
#2041=CARTESIAN_POINT('Ctrl Pts',(-35.211153934439,-7.66969783576269,-7.16589873377138E-16));
#2042=CARTESIAN_POINT('Ctrl Pts',(-34.3291610644457,-7.40028531465838,-7.16589873377138E-16));
#2043=CARTESIAN_POINT('Ctrl Pts',(-33.6225471415774,-7.11528939844985,-7.16589873377138E-16));
#2044=CARTESIAN_POINT('Ctrl Pts',(-33.0768970386542,-6.8515187077207,-7.16589873377138E-16));
#2045=CARTESIAN_POINT('Ctrl Pts',(-32.6810738660007,-6.63752337020134,-7.16589873377138E-16));
#2046=CARTESIAN_POINT('Ctrl Pts',(-32.2994390640454,-6.40805327669758,-7.16589873377138E-16));
#2047=CARTESIAN_POINT('Ctrl Pts',(-31.8102362704914,-6.08215590765719,-7.16589873377138E-16));
#2048=CARTESIAN_POINT('Ctrl Pts',(-31.2370670936054,-5.63882505243878,-7.16589873377138E-16));
#2049=CARTESIAN_POINT('Ctrl Pts',(-30.6152065002916,-5.05375752791619,-7.16589873377138E-16));
#2050=CARTESIAN_POINT('Ctrl Pts',(-30.155717496429,-4.52570854938792,-7.16589873377138E-16));
#2051=CARTESIAN_POINT('Ctrl Pts',(-29.8254816827528,-4.08109179636823,-7.16589873377138E-16));
#2052=CARTESIAN_POINT('Ctrl Pts',(-29.5210484580311,-3.62257419431859,-7.16589873377138E-16));
#2053=CARTESIAN_POINT('Ctrl Pts',(-29.1935575678932,-3.03094520410095,-7.16589873377138E-16));
#2054=CARTESIAN_POINT('Ctrl Pts',(-28.8856551917887,-2.29559582164534,-7.16589873377138E-16));
#2055=CARTESIAN_POINT('Ctrl Pts',(-28.664275315569,-1.54047545750292,-7.16589873377138E-16));
#2056=CARTESIAN_POINT('Ctrl Pts',(-28.552887787915,-0.898831636554044,-7.16589873377138E-16));
#2057=CARTESIAN_POINT('Ctrl Pts',(-28.508346627791,-0.380717533132611,-7.16589873377138E-16));
#2058=CARTESIAN_POINT('Ctrl Pts',(-28.5010616353578,-0.120189860289941,
-7.16589873377138E-16));
#2059=CARTESIAN_POINT('Ctrl Pts',(-28.5011997190665,0.0100699684760798,
-7.16589873377138E-16));
#2060=CARTESIAN_POINT('Ctrl Pts',(-28.5011997190665,0.0100699684760798,
-7.16589873377138E-16));
#2061=CARTESIAN_POINT('Ctrl Pts',(-28.5011997190665,0.0100699684760798,
-3.6));
#2062=CARTESIAN_POINT('Ctrl Pts',(-28.5013378027752,0.1403297972421,-1.1464590941087E-15));
#2063=CARTESIAN_POINT('Ctrl Pts',(-28.5013378027752,0.1403297972421,-3.6));
#2064=CARTESIAN_POINT('Ctrl Pts',(-28.509175130043,0.400841439463511,-7.16589873377138E-16));
#2065=CARTESIAN_POINT('Ctrl Pts',(-28.509175130043,0.400841439463511,-3.6));
#2066=CARTESIAN_POINT('Ctrl Pts',(-28.5548146566763,0.918859945617541,-7.16589873377138E-16));
#2067=CARTESIAN_POINT('Ctrl Pts',(-28.5548146566763,0.918859945617541,-3.6));
#2068=CARTESIAN_POINT('Ctrl Pts',(-28.6675622990351,1.56026616902148,-7.16589873377138E-16));
#2069=CARTESIAN_POINT('Ctrl Pts',(-28.6675622990351,1.56026616902148,-3.6));
#2070=CARTESIAN_POINT('Ctrl Pts',(-28.8905426272006,2.31491548306664,-7.16589873377138E-16));
#2071=CARTESIAN_POINT('Ctrl Pts',(-28.8905426272006,2.31491548306664,-3.6));
#2072=CARTESIAN_POINT('Ctrl Pts',(-29.2000033438438,3.0496104213528,-7.16589873377138E-16));
#2073=CARTESIAN_POINT('Ctrl Pts',(-29.2000033438438,3.0496104213528,-3.6));
#2074=CARTESIAN_POINT('Ctrl Pts',(-29.528747825313,3.64054376031146,-7.16589873377138E-16));
#2075=CARTESIAN_POINT('Ctrl Pts',(-29.528747825313,3.64054376031146,-3.6));
#2076=CARTESIAN_POINT('Ctrl Pts',(-29.8341524804182,4.09841489539628,-7.16589873377138E-16));
#2077=CARTESIAN_POINT('Ctrl Pts',(-29.8341524804182,4.09841489539628,-3.6));
#2078=CARTESIAN_POINT('Ctrl Pts',(-30.1653301949511,4.54233050798144,-7.16589873377138E-16));
#2079=CARTESIAN_POINT('Ctrl Pts',(-30.1653301949511,4.54233050798144,-3.6));
#2080=CARTESIAN_POINT('Ctrl Pts',(-30.6259376959174,5.06940412565647,-7.16589873377138E-16));
#2081=CARTESIAN_POINT('Ctrl Pts',(-30.6259376959174,5.06940412565647,-3.6));
#2082=CARTESIAN_POINT('Ctrl Pts',(-31.2490373078492,5.65315191312793,-7.16589873377138E-16));
#2083=CARTESIAN_POINT('Ctrl Pts',(-31.2490373078492,5.65315191312793,-3.6));
#2084=CARTESIAN_POINT('Ctrl Pts',(-31.8231451133433,6.09526658172834,-7.16589873377138E-16));
#2085=CARTESIAN_POINT('Ctrl Pts',(-31.8231451133433,6.09526658172834,-3.6));
#2086=CARTESIAN_POINT('Ctrl Pts',(-32.3130377505584,6.42012604729911,-7.16589873377138E-16));
#2087=CARTESIAN_POINT('Ctrl Pts',(-32.3130377505584,6.42012604729911,-3.6));
#2088=CARTESIAN_POINT('Ctrl Pts',(-32.6951582000621,6.64878651162829,-7.16589873377138E-16));
#2089=CARTESIAN_POINT('Ctrl Pts',(-32.6951582000621,6.64878651162829,-3.6));
#2090=CARTESIAN_POINT('Ctrl Pts',(-33.0914341799604,6.86194217363402,-7.16589873377138E-16));
#2091=CARTESIAN_POINT('Ctrl Pts',(-33.0914341799604,6.86194217363402,-3.6));
#2092=CARTESIAN_POINT('Ctrl Pts',(-33.6376422833634,7.12455542517484,-7.16589873377138E-16));
#2093=CARTESIAN_POINT('Ctrl Pts',(-33.6376422833634,7.12455542517484,-3.6));
#2094=CARTESIAN_POINT('Ctrl Pts',(-34.3448588450796,7.40805259108865,-7.16589873377138E-16));
#2095=CARTESIAN_POINT('Ctrl Pts',(-34.3448588450796,7.40805259108865,-3.6));
#2096=CARTESIAN_POINT('Ctrl Pts',(-35.2274209210183,7.6755945716479,-7.16589873377138E-16));
#2097=CARTESIAN_POINT('Ctrl Pts',(-35.2274209210183,7.6755945716479,-3.6));
#2098=CARTESIAN_POINT('Ctrl Pts',(-36.1366536735778,7.86849535265946,-7.16589873377138E-16));
#2099=CARTESIAN_POINT('Ctrl Pts',(-36.1366536735778,7.86849535265946,-3.6));
#2100=CARTESIAN_POINT('Ctrl Pts',(-36.9110282550337,7.96568067624222,-7.16589873377138E-16));
#2101=CARTESIAN_POINT('Ctrl Pts',(-36.9110282550337,7.96568067624222,-3.6));
#2102=CARTESIAN_POINT('Ctrl Pts',(-37.5368900751259,8.00447598528436,-7.16589873377138E-16));
#2103=CARTESIAN_POINT('Ctrl Pts',(-37.5368900751259,8.00447598528436,-3.6));
#2104=CARTESIAN_POINT('Ctrl Pts',(-38.0090948742218,8.01390384325047,-7.16589873377138E-16));
#2105=CARTESIAN_POINT('Ctrl Pts',(-38.0090948742218,8.01390384325047,-3.6));
#2106=CARTESIAN_POINT('Ctrl Pts',(-38.4812786238165,8.0034748733186,-7.16589873377138E-16));
#2107=CARTESIAN_POINT('Ctrl Pts',(-38.4812786238165,8.0034748733186,-3.6));
#2108=CARTESIAN_POINT('Ctrl Pts',(-39.1070567864038,7.96335274623614,-7.16589873377138E-16));
#2109=CARTESIAN_POINT('Ctrl Pts',(-39.1070567864038,7.96335274623614,-3.6));
#2110=CARTESIAN_POINT('Ctrl Pts',(-39.8812235824532,7.86452587023869,-7.16589873377138E-16));
#2111=CARTESIAN_POINT('Ctrl Pts',(-39.8812235824532,7.86452587023869,-3.6));
#2112=CARTESIAN_POINT('Ctrl Pts',(-40.7900453177919,7.6696978357627,-7.16589873377138E-16));
#2113=CARTESIAN_POINT('Ctrl Pts',(-40.7900453177919,7.6696978357627,-3.6));
#2114=CARTESIAN_POINT('Ctrl Pts',(-41.6720381877852,7.4002853146584,-7.16589873377138E-16));
#2115=CARTESIAN_POINT('Ctrl Pts',(-41.6720381877852,7.4002853146584,-3.6));
#2116=CARTESIAN_POINT('Ctrl Pts',(-42.3786521106535,7.11528939844987,-7.16589873377138E-16));
#2117=CARTESIAN_POINT('Ctrl Pts',(-42.3786521106535,7.11528939844987,-3.6));
#2118=CARTESIAN_POINT('Ctrl Pts',(-42.9243022135768,6.85151870772071,-7.16589873377138E-16));
#2119=CARTESIAN_POINT('Ctrl Pts',(-42.9243022135768,6.85151870772071,-3.6));
#2120=CARTESIAN_POINT('Ctrl Pts',(-43.3201253862303,6.63752337020136,-7.16589873377138E-16));
#2121=CARTESIAN_POINT('Ctrl Pts',(-43.3201253862303,6.63752337020136,-3.6));
#2122=CARTESIAN_POINT('Ctrl Pts',(-43.7017601881857,6.4080532766976,-7.16589873377138E-16));
#2123=CARTESIAN_POINT('Ctrl Pts',(-43.7017601881857,6.4080532766976,-3.6));
#2124=CARTESIAN_POINT('Ctrl Pts',(-44.1909629817396,6.0821559076572,-7.16589873377138E-16));
#2125=CARTESIAN_POINT('Ctrl Pts',(-44.1909629817396,6.0821559076572,-3.6));
#2126=CARTESIAN_POINT('Ctrl Pts',(-44.7641321586256,5.6388250524388,-7.16589873377138E-16));
#2127=CARTESIAN_POINT('Ctrl Pts',(-44.7641321586256,5.6388250524388,-3.6));
#2128=CARTESIAN_POINT('Ctrl Pts',(-45.3859927519393,5.05375752791621,-7.16589873377138E-16));
#2129=CARTESIAN_POINT('Ctrl Pts',(-45.3859927519393,5.05375752791621,-3.6));
#2130=CARTESIAN_POINT('Ctrl Pts',(-45.8454817558019,4.52570854938795,-7.16589873377138E-16));
#2131=CARTESIAN_POINT('Ctrl Pts',(-45.8454817558019,4.52570854938795,-3.6));
#2132=CARTESIAN_POINT('Ctrl Pts',(-46.1757175694781,4.08109179636823,-7.16589873377138E-16));
#2133=CARTESIAN_POINT('Ctrl Pts',(-46.1757175694781,4.08109179636823,-3.6));
#2134=CARTESIAN_POINT('Ctrl Pts',(-46.4801507941998,3.62257419431861,-7.16589873377138E-16));
#2135=CARTESIAN_POINT('Ctrl Pts',(-46.4801507941998,3.62257419431861,-3.6));
#2136=CARTESIAN_POINT('Ctrl Pts',(-46.8076416843377,3.03094520410096,-7.16589873377138E-16));
#2137=CARTESIAN_POINT('Ctrl Pts',(-46.8076416843377,3.03094520410096,-3.6));
#2138=CARTESIAN_POINT('Ctrl Pts',(-47.1155440604423,2.29559582164537,-7.16589873377138E-16));
#2139=CARTESIAN_POINT('Ctrl Pts',(-47.1155440604423,2.29559582164537,-3.6));
#2140=CARTESIAN_POINT('Ctrl Pts',(-47.3369239366619,1.54047545750294,-7.16589873377138E-16));
#2141=CARTESIAN_POINT('Ctrl Pts',(-47.3369239366619,1.54047545750294,-3.6));
#2142=CARTESIAN_POINT('Ctrl Pts',(-47.4483114643159,0.898831636554054,-7.16589873377138E-16));
#2143=CARTESIAN_POINT('Ctrl Pts',(-47.4483114643159,0.898831636554054,-3.6));
#2144=CARTESIAN_POINT('Ctrl Pts',(-47.49285262444,0.380717533132651,-7.16589873377138E-16));
#2145=CARTESIAN_POINT('Ctrl Pts',(-47.49285262444,0.380717533132651,-3.6));
#2146=CARTESIAN_POINT('Ctrl Pts',(-47.5037801130897,-0.0100739761314274,
-7.16589873377138E-16));
#2147=CARTESIAN_POINT('Ctrl Pts',(-47.5037801130897,-0.0100739761314274,
-3.6));
#2148=CARTESIAN_POINT('Ctrl Pts',(-47.492024122188,-0.400841439463513,-7.16589873377138E-16));
#2149=CARTESIAN_POINT('Ctrl Pts',(-47.492024122188,-0.400841439463513,-3.6));
#2150=CARTESIAN_POINT('Ctrl Pts',(-47.4463845955546,-0.918859945617561,
-7.16589873377138E-16));
#2151=CARTESIAN_POINT('Ctrl Pts',(-47.4463845955546,-0.918859945617561,
-3.6));
#2152=CARTESIAN_POINT('Ctrl Pts',(-47.3336369531959,-1.56026616902148,-7.16589873377138E-16));
#2153=CARTESIAN_POINT('Ctrl Pts',(-47.3336369531959,-1.56026616902148,-3.6));
#2154=CARTESIAN_POINT('Ctrl Pts',(-47.1106566250304,-2.31491548306665,-7.16589873377138E-16));
#2155=CARTESIAN_POINT('Ctrl Pts',(-47.1106566250304,-2.31491548306665,-3.6));
#2156=CARTESIAN_POINT('Ctrl Pts',(-46.8011959083872,-3.04961042135281,-7.16589873377138E-16));
#2157=CARTESIAN_POINT('Ctrl Pts',(-46.8011959083872,-3.04961042135281,-3.6));
#2158=CARTESIAN_POINT('Ctrl Pts',(-46.472451426918,-3.64054376031146,-7.16589873377138E-16));
#2159=CARTESIAN_POINT('Ctrl Pts',(-46.472451426918,-3.64054376031146,-3.6));
#2160=CARTESIAN_POINT('Ctrl Pts',(-46.1670467718127,-4.09841489539629,-7.16589873377138E-16));
#2161=CARTESIAN_POINT('Ctrl Pts',(-46.1670467718127,-4.09841489539629,-3.6));
#2162=CARTESIAN_POINT('Ctrl Pts',(-45.8358690572798,-4.54233050798145,-7.16589873377138E-16));
#2163=CARTESIAN_POINT('Ctrl Pts',(-45.8358690572798,-4.54233050798145,-3.6));
#2164=CARTESIAN_POINT('Ctrl Pts',(-45.3752615563135,-5.06940412565648,-7.16589873377138E-16));
#2165=CARTESIAN_POINT('Ctrl Pts',(-45.3752615563135,-5.06940412565648,-3.6));
#2166=CARTESIAN_POINT('Ctrl Pts',(-44.7521619443817,-5.65315191312794,-7.16589873377138E-16));
#2167=CARTESIAN_POINT('Ctrl Pts',(-44.7521619443817,-5.65315191312794,-3.6));
#2168=CARTESIAN_POINT('Ctrl Pts',(-44.1780541388876,-6.09526658172835,-7.16589873377138E-16));
#2169=CARTESIAN_POINT('Ctrl Pts',(-44.1780541388876,-6.09526658172835,-3.6));
#2170=CARTESIAN_POINT('Ctrl Pts',(-43.6881615016726,-6.42012604729911,-7.16589873377138E-16));
#2171=CARTESIAN_POINT('Ctrl Pts',(-43.6881615016726,-6.42012604729911,-3.6));
#2172=CARTESIAN_POINT('Ctrl Pts',(-43.3060410521688,-6.6487865116283,-7.16589873377138E-16));
#2173=CARTESIAN_POINT('Ctrl Pts',(-43.3060410521688,-6.6487865116283,-3.6));
#2174=CARTESIAN_POINT('Ctrl Pts',(-42.9097650722706,-6.86194217363402,-7.16589873377138E-16));
#2175=CARTESIAN_POINT('Ctrl Pts',(-42.9097650722706,-6.86194217363402,-3.6));
#2176=CARTESIAN_POINT('Ctrl Pts',(-42.3635569688676,-7.12455542517484,-7.16589873377138E-16));
#2177=CARTESIAN_POINT('Ctrl Pts',(-42.3635569688676,-7.12455542517484,-3.6));
#2178=CARTESIAN_POINT('Ctrl Pts',(-41.6563404071513,-7.40805259108866,-7.16589873377138E-16));
#2179=CARTESIAN_POINT('Ctrl Pts',(-41.6563404071513,-7.40805259108866,-3.6));
#2180=CARTESIAN_POINT('Ctrl Pts',(-40.7737783312127,-7.6755945716479,-7.16589873377138E-16));
#2181=CARTESIAN_POINT('Ctrl Pts',(-40.7737783312127,-7.6755945716479,-3.6));
#2182=CARTESIAN_POINT('Ctrl Pts',(-39.8645455786531,-7.86849535265946,-7.16589873377138E-16));
#2183=CARTESIAN_POINT('Ctrl Pts',(-39.8645455786531,-7.86849535265946,-3.6));
#2184=CARTESIAN_POINT('Ctrl Pts',(-39.0901709971973,-7.96568067624222,-7.16589873377138E-16));
#2185=CARTESIAN_POINT('Ctrl Pts',(-39.0901709971973,-7.96568067624222,-3.6));
#2186=CARTESIAN_POINT('Ctrl Pts',(-38.4643091771051,-8.00447598528436,-7.16589873377138E-16));
#2187=CARTESIAN_POINT('Ctrl Pts',(-38.4643091771051,-8.00447598528436,-3.6));
#2188=CARTESIAN_POINT('Ctrl Pts',(-37.9921043780091,-8.01390384325046,-7.16589873377138E-16));
#2189=CARTESIAN_POINT('Ctrl Pts',(-37.9921043780091,-8.01390384325046,-3.6));
#2190=CARTESIAN_POINT('Ctrl Pts',(-37.5199206284145,-8.00347487331859,-7.16589873377138E-16));
#2191=CARTESIAN_POINT('Ctrl Pts',(-37.5199206284145,-8.00347487331859,-3.6));
#2192=CARTESIAN_POINT('Ctrl Pts',(-36.8941424658271,-7.96335274623613,-7.16589873377138E-16));
#2193=CARTESIAN_POINT('Ctrl Pts',(-36.8941424658271,-7.96335274623613,-3.6));
#2194=CARTESIAN_POINT('Ctrl Pts',(-36.1199756697777,-7.86452587023868,-7.16589873377138E-16));
#2195=CARTESIAN_POINT('Ctrl Pts',(-36.1199756697777,-7.86452587023868,-3.6));
#2196=CARTESIAN_POINT('Ctrl Pts',(-35.211153934439,-7.66969783576269,-7.16589873377138E-16));
#2197=CARTESIAN_POINT('Ctrl Pts',(-35.211153934439,-7.66969783576269,-3.6));
#2198=CARTESIAN_POINT('Ctrl Pts',(-34.3291610644457,-7.40028531465838,-7.16589873377138E-16));
#2199=CARTESIAN_POINT('Ctrl Pts',(-34.3291610644457,-7.40028531465838,-3.6));
#2200=CARTESIAN_POINT('Ctrl Pts',(-33.6225471415774,-7.11528939844985,-7.16589873377138E-16));
#2201=CARTESIAN_POINT('Ctrl Pts',(-33.6225471415774,-7.11528939844985,-3.6));
#2202=CARTESIAN_POINT('Ctrl Pts',(-33.0768970386542,-6.8515187077207,-7.16589873377138E-16));
#2203=CARTESIAN_POINT('Ctrl Pts',(-33.0768970386542,-6.8515187077207,-3.6));
#2204=CARTESIAN_POINT('Ctrl Pts',(-32.6810738660007,-6.63752337020134,-7.16589873377138E-16));
#2205=CARTESIAN_POINT('Ctrl Pts',(-32.6810738660007,-6.63752337020134,-3.6));
#2206=CARTESIAN_POINT('Ctrl Pts',(-32.2994390640454,-6.40805327669758,-7.16589873377138E-16));
#2207=CARTESIAN_POINT('Ctrl Pts',(-32.2994390640454,-6.40805327669758,-3.6));
#2208=CARTESIAN_POINT('Ctrl Pts',(-31.8102362704914,-6.08215590765719,-7.16589873377138E-16));
#2209=CARTESIAN_POINT('Ctrl Pts',(-31.8102362704914,-6.08215590765719,-3.6));
#2210=CARTESIAN_POINT('Ctrl Pts',(-31.2370670936054,-5.63882505243878,-7.16589873377138E-16));
#2211=CARTESIAN_POINT('Ctrl Pts',(-31.2370670936054,-5.63882505243878,-3.6));
#2212=CARTESIAN_POINT('Ctrl Pts',(-30.6152065002916,-5.05375752791619,-7.16589873377138E-16));
#2213=CARTESIAN_POINT('Ctrl Pts',(-30.6152065002916,-5.05375752791619,-3.6));
#2214=CARTESIAN_POINT('Ctrl Pts',(-30.155717496429,-4.52570854938792,-7.16589873377138E-16));
#2215=CARTESIAN_POINT('Ctrl Pts',(-30.155717496429,-4.52570854938792,-3.6));
#2216=CARTESIAN_POINT('Ctrl Pts',(-29.8254816827528,-4.08109179636823,-7.16589873377138E-16));
#2217=CARTESIAN_POINT('Ctrl Pts',(-29.8254816827528,-4.08109179636823,-3.6));
#2218=CARTESIAN_POINT('Ctrl Pts',(-29.5210484580311,-3.62257419431859,-7.16589873377138E-16));
#2219=CARTESIAN_POINT('Ctrl Pts',(-29.5210484580311,-3.62257419431859,-3.6));
#2220=CARTESIAN_POINT('Ctrl Pts',(-29.1935575678932,-3.03094520410095,-7.16589873377138E-16));
#2221=CARTESIAN_POINT('Ctrl Pts',(-29.1935575678932,-3.03094520410095,-3.6));
#2222=CARTESIAN_POINT('Ctrl Pts',(-28.8856551917887,-2.29559582164534,-7.16589873377138E-16));
#2223=CARTESIAN_POINT('Ctrl Pts',(-28.8856551917887,-2.29559582164534,-3.6));
#2224=CARTESIAN_POINT('Ctrl Pts',(-28.664275315569,-1.54047545750292,-7.16589873377138E-16));
#2225=CARTESIAN_POINT('Ctrl Pts',(-28.664275315569,-1.54047545750292,-3.6));
#2226=CARTESIAN_POINT('Ctrl Pts',(-28.552887787915,-0.898831636554044,-7.16589873377138E-16));
#2227=CARTESIAN_POINT('Ctrl Pts',(-28.552887787915,-0.898831636554044,-3.6));
#2228=CARTESIAN_POINT('Ctrl Pts',(-28.508346627791,-0.380717533132611,-7.16589873377138E-16));
#2229=CARTESIAN_POINT('Ctrl Pts',(-28.508346627791,-0.380717533132611,-3.6));
#2230=CARTESIAN_POINT('Ctrl Pts',(-28.5010616353578,-0.120189860289941,
-7.16589873377138E-16));
#2231=CARTESIAN_POINT('Ctrl Pts',(-28.5010616353578,-0.120189860289941,
-3.6));
#2232=CARTESIAN_POINT('Ctrl Pts',(-28.5011997190665,0.0100699684760798,
-7.16589873377138E-16));
#2233=CARTESIAN_POINT('Ctrl Pts',(-28.5011997190665,0.0100699684760798,
-3.6));
#2234=CARTESIAN_POINT('',(-28.5011997190665,0.0100699684760798,-3.));
#2235=CARTESIAN_POINT('Ctrl Pts',(-28.5011997190665,0.0100699684760798,
-3.));
#2236=CARTESIAN_POINT('Ctrl Pts',(-28.5013378027752,0.1403297972421,-3.));
#2237=CARTESIAN_POINT('Ctrl Pts',(-28.509175130043,0.400841439463511,-3.));
#2238=CARTESIAN_POINT('Ctrl Pts',(-28.5548146566763,0.918859945617541,-3.));
#2239=CARTESIAN_POINT('Ctrl Pts',(-28.6675622990351,1.56026616902148,-3.));
#2240=CARTESIAN_POINT('Ctrl Pts',(-28.8905426272006,2.31491548306664,-3.));
#2241=CARTESIAN_POINT('Ctrl Pts',(-29.2000033438438,3.0496104213528,-3.));
#2242=CARTESIAN_POINT('Ctrl Pts',(-29.528747825313,3.64054376031146,-3.));
#2243=CARTESIAN_POINT('Ctrl Pts',(-29.8341524804182,4.09841489539628,-3.));
#2244=CARTESIAN_POINT('Ctrl Pts',(-30.1653301949511,4.54233050798144,-3.));
#2245=CARTESIAN_POINT('Ctrl Pts',(-30.6259376959174,5.06940412565647,-3.));
#2246=CARTESIAN_POINT('Ctrl Pts',(-31.2490373078492,5.65315191312793,-3.));
#2247=CARTESIAN_POINT('Ctrl Pts',(-31.8231451133433,6.09526658172834,-3.));
#2248=CARTESIAN_POINT('Ctrl Pts',(-32.3130377505584,6.42012604729911,-3.));
#2249=CARTESIAN_POINT('Ctrl Pts',(-32.6951582000621,6.64878651162829,-3.));
#2250=CARTESIAN_POINT('Ctrl Pts',(-33.0914341799604,6.86194217363402,-3.));
#2251=CARTESIAN_POINT('Ctrl Pts',(-33.6376422833634,7.12455542517484,-3.));
#2252=CARTESIAN_POINT('Ctrl Pts',(-34.3448588450796,7.40805259108865,-3.));
#2253=CARTESIAN_POINT('Ctrl Pts',(-35.2274209210183,7.6755945716479,-3.));
#2254=CARTESIAN_POINT('Ctrl Pts',(-36.1366536735778,7.86849535265946,-3.));
#2255=CARTESIAN_POINT('Ctrl Pts',(-36.9110282550337,7.96568067624222,-3.));
#2256=CARTESIAN_POINT('Ctrl Pts',(-37.5368900751259,8.00447598528436,-3.));
#2257=CARTESIAN_POINT('Ctrl Pts',(-38.0090948742218,8.01390384325047,-3.));
#2258=CARTESIAN_POINT('Ctrl Pts',(-38.4812786238165,8.0034748733186,-3.));
#2259=CARTESIAN_POINT('Ctrl Pts',(-39.1070567864038,7.96335274623614,-3.));
#2260=CARTESIAN_POINT('Ctrl Pts',(-39.8812235824532,7.86452587023869,-3.));
#2261=CARTESIAN_POINT('Ctrl Pts',(-40.7900453177919,7.6696978357627,-3.));
#2262=CARTESIAN_POINT('Ctrl Pts',(-41.6720381877852,7.4002853146584,-3.));
#2263=CARTESIAN_POINT('Ctrl Pts',(-42.3786521106535,7.11528939844987,-3.));
#2264=CARTESIAN_POINT('Ctrl Pts',(-42.9243022135768,6.85151870772071,-3.));
#2265=CARTESIAN_POINT('Ctrl Pts',(-43.3201253862303,6.63752337020136,-3.));
#2266=CARTESIAN_POINT('Ctrl Pts',(-43.7017601881857,6.4080532766976,-3.));
#2267=CARTESIAN_POINT('Ctrl Pts',(-44.1909629817396,6.0821559076572,-3.));
#2268=CARTESIAN_POINT('Ctrl Pts',(-44.7641321586256,5.6388250524388,-3.));
#2269=CARTESIAN_POINT('Ctrl Pts',(-45.3859927519393,5.05375752791621,-3.));
#2270=CARTESIAN_POINT('Ctrl Pts',(-45.8454817558019,4.52570854938795,-3.));
#2271=CARTESIAN_POINT('Ctrl Pts',(-46.1757175694781,4.08109179636823,-3.));
#2272=CARTESIAN_POINT('Ctrl Pts',(-46.4801507941998,3.62257419431861,-3.));
#2273=CARTESIAN_POINT('Ctrl Pts',(-46.8076416843377,3.03094520410096,-3.));
#2274=CARTESIAN_POINT('Ctrl Pts',(-47.1155440604423,2.29559582164537,-3.));
#2275=CARTESIAN_POINT('Ctrl Pts',(-47.3369239366619,1.54047545750294,-3.));
#2276=CARTESIAN_POINT('Ctrl Pts',(-47.4483114643159,0.898831636554054,-3.));
#2277=CARTESIAN_POINT('Ctrl Pts',(-47.49285262444,0.380717533132651,-3.));
#2278=CARTESIAN_POINT('Ctrl Pts',(-47.5037801130897,-0.0100739761314274,
-3.));
#2279=CARTESIAN_POINT('Ctrl Pts',(-47.492024122188,-0.400841439463513,-3.));
#2280=CARTESIAN_POINT('Ctrl Pts',(-47.4463845955546,-0.918859945617561,
-3.));
#2281=CARTESIAN_POINT('Ctrl Pts',(-47.3336369531959,-1.56026616902148,-3.));
#2282=CARTESIAN_POINT('Ctrl Pts',(-47.1106566250304,-2.31491548306665,-3.));
#2283=CARTESIAN_POINT('Ctrl Pts',(-46.8011959083872,-3.04961042135281,-3.));
#2284=CARTESIAN_POINT('Ctrl Pts',(-46.472451426918,-3.64054376031146,-3.));
#2285=CARTESIAN_POINT('Ctrl Pts',(-46.1670467718127,-4.09841489539629,-3.));
#2286=CARTESIAN_POINT('Ctrl Pts',(-45.8358690572798,-4.54233050798145,-3.));
#2287=CARTESIAN_POINT('Ctrl Pts',(-45.3752615563135,-5.06940412565648,-3.));
#2288=CARTESIAN_POINT('Ctrl Pts',(-44.7521619443817,-5.65315191312794,-3.));
#2289=CARTESIAN_POINT('Ctrl Pts',(-44.1780541388876,-6.09526658172835,-3.));
#2290=CARTESIAN_POINT('Ctrl Pts',(-43.6881615016726,-6.42012604729911,-3.));
#2291=CARTESIAN_POINT('Ctrl Pts',(-43.3060410521688,-6.6487865116283,-3.));
#2292=CARTESIAN_POINT('Ctrl Pts',(-42.9097650722706,-6.86194217363402,-3.));
#2293=CARTESIAN_POINT('Ctrl Pts',(-42.3635569688676,-7.12455542517484,-3.));
#2294=CARTESIAN_POINT('Ctrl Pts',(-41.6563404071513,-7.40805259108866,-3.));
#2295=CARTESIAN_POINT('Ctrl Pts',(-40.7737783312127,-7.6755945716479,-3.));
#2296=CARTESIAN_POINT('Ctrl Pts',(-39.8645455786531,-7.86849535265946,-3.));
#2297=CARTESIAN_POINT('Ctrl Pts',(-39.0901709971973,-7.96568067624222,-3.));
#2298=CARTESIAN_POINT('Ctrl Pts',(-38.4643091771051,-8.00447598528436,-3.));
#2299=CARTESIAN_POINT('Ctrl Pts',(-37.9921043780091,-8.01390384325046,-3.));
#2300=CARTESIAN_POINT('Ctrl Pts',(-37.5199206284145,-8.00347487331859,-3.));
#2301=CARTESIAN_POINT('Ctrl Pts',(-36.8941424658271,-7.96335274623613,-3.));
#2302=CARTESIAN_POINT('Ctrl Pts',(-36.1199756697777,-7.86452587023868,-3.));
#2303=CARTESIAN_POINT('Ctrl Pts',(-35.211153934439,-7.66969783576269,-3.));
#2304=CARTESIAN_POINT('Ctrl Pts',(-34.3291610644457,-7.40028531465838,-3.));
#2305=CARTESIAN_POINT('Ctrl Pts',(-33.6225471415774,-7.11528939844985,-3.));
#2306=CARTESIAN_POINT('Ctrl Pts',(-33.0768970386542,-6.8515187077207,-3.));
#2307=CARTESIAN_POINT('Ctrl Pts',(-32.6810738660007,-6.63752337020134,-3.));
#2308=CARTESIAN_POINT('Ctrl Pts',(-32.2994390640454,-6.40805327669758,-3.));
#2309=CARTESIAN_POINT('Ctrl Pts',(-31.8102362704914,-6.08215590765719,-3.));
#2310=CARTESIAN_POINT('Ctrl Pts',(-31.2370670936054,-5.63882505243878,-3.));
#2311=CARTESIAN_POINT('Ctrl Pts',(-30.6152065002916,-5.05375752791619,-3.));
#2312=CARTESIAN_POINT('Ctrl Pts',(-30.155717496429,-4.52570854938792,-3.));
#2313=CARTESIAN_POINT('Ctrl Pts',(-29.8254816827528,-4.08109179636823,-3.));
#2314=CARTESIAN_POINT('Ctrl Pts',(-29.5210484580311,-3.62257419431859,-3.));
#2315=CARTESIAN_POINT('Ctrl Pts',(-29.1935575678932,-3.03094520410095,-3.));
#2316=CARTESIAN_POINT('Ctrl Pts',(-28.8856551917887,-2.29559582164534,-3.));
#2317=CARTESIAN_POINT('Ctrl Pts',(-28.664275315569,-1.54047545750292,-3.));
#2318=CARTESIAN_POINT('Ctrl Pts',(-28.552887787915,-0.898831636554044,-3.));
#2319=CARTESIAN_POINT('Ctrl Pts',(-28.508346627791,-0.380717533132611,-3.));
#2320=CARTESIAN_POINT('Ctrl Pts',(-28.5010616353578,-0.120189860289941,
-3.));
#2321=CARTESIAN_POINT('Ctrl Pts',(-28.5011997190665,0.0100699684760798,
-3.));
#2322=CARTESIAN_POINT('',(-28.5011997190665,0.0100699684760798,-7.16589873377138E-16));
#2323=CARTESIAN_POINT('Ctrl Pts',(-27.5012002809335,0.0111300315239204,
-7.15742840429884E-16));
#2324=CARTESIAN_POINT('Ctrl Pts',(-27.5012002809335,0.0111300315239204,
-3.6));
#2325=CARTESIAN_POINT('Ctrl Pts',(-27.5013588401002,0.160705170412385,-1.14561206116144E-15));
#2326=CARTESIAN_POINT('Ctrl Pts',(-27.5013588401002,0.160705170412385,-3.6));
#2327=CARTESIAN_POINT('Ctrl Pts',(-27.5103592937316,0.459846243301285,-7.15742840429884E-16));
#2328=CARTESIAN_POINT('Ctrl Pts',(-27.5103592937316,0.459846243301285,-3.6));
#2329=CARTESIAN_POINT('Ctrl Pts',(-27.5627514659761,1.05446829025892,-7.15742840429884E-16));
#2330=CARTESIAN_POINT('Ctrl Pts',(-27.5627514659761,1.05446829025892,-3.6));
#2331=CARTESIAN_POINT('Ctrl Pts',(-27.6920683510745,1.78986576785733,-7.15742840429884E-16));
#2332=CARTESIAN_POINT('Ctrl Pts',(-27.6920683510745,1.78986576785733,-3.6));
#2333=CARTESIAN_POINT('Ctrl Pts',(-27.9470706033041,2.65257443594489,-7.15742840429884E-16));
#2334=CARTESIAN_POINT('Ctrl Pts',(-27.9470706033041,2.65257443594489,-3.6));
#2335=CARTESIAN_POINT('Ctrl Pts',(-28.2995494147334,3.48911595530327,-7.15742840429884E-16));
#2336=CARTESIAN_POINT('Ctrl Pts',(-28.2995494147334,3.48911595530327,-3.6));
#2337=CARTESIAN_POINT('Ctrl Pts',(-28.6721971060769,4.15874790014564,-7.15742840429884E-16));
#2338=CARTESIAN_POINT('Ctrl Pts',(-28.6721971060769,4.15874790014564,-3.6));
#2339=CARTESIAN_POINT('Ctrl Pts',(-29.0169208824166,4.67552658710024,-7.15742840429884E-16));
#2340=CARTESIAN_POINT('Ctrl Pts',(-29.0169208824166,4.67552658710024,-3.6));
#2341=CARTESIAN_POINT('Ctrl Pts',(-29.3897330216473,5.17521280451688,-7.15742840429884E-16));
#2342=CARTESIAN_POINT('Ctrl Pts',(-29.3897330216473,5.17521280451688,-3.6));
#2343=CARTESIAN_POINT('Ctrl Pts',(-29.9061942535971,5.76603510297374,-7.15742840429884E-16));
#2344=CARTESIAN_POINT('Ctrl Pts',(-29.9061942535971,5.76603510297374,-3.6));
#2345=CARTESIAN_POINT('Ctrl Pts',(-30.6010861629336,6.41687362015705,-7.15742840429884E-16));
#2346=CARTESIAN_POINT('Ctrl Pts',(-30.6010861629336,6.41687362015705,-3.6));
#2347=CARTESIAN_POINT('Ctrl Pts',(-31.2381185142018,6.90733112290796,-7.15742840429884E-16));
#2348=CARTESIAN_POINT('Ctrl Pts',(-31.2381185142018,6.90733112290796,-3.6));
#2349=CARTESIAN_POINT('Ctrl Pts',(-31.7798139802563,7.26652270286271,-7.15742840429884E-16));
#2350=CARTESIAN_POINT('Ctrl Pts',(-31.7798139802563,7.26652270286271,-3.6));
#2351=CARTESIAN_POINT('Ctrl Pts',(-32.2014388923475,7.51880886228452,-7.15742840429884E-16));
#2352=CARTESIAN_POINT('Ctrl Pts',(-32.2014388923475,7.51880886228452,-3.6));
#2353=CARTESIAN_POINT('Ctrl Pts',(-32.6378042769418,7.75351610467794,-7.15742840429884E-16));
#2354=CARTESIAN_POINT('Ctrl Pts',(-32.6378042769418,7.75351610467794,-3.6));
#2355=CARTESIAN_POINT('Ctrl Pts',(-33.2381391973843,8.04213785014922,-7.15742840429884E-16));
#2356=CARTESIAN_POINT('Ctrl Pts',(-33.2381391973843,8.04213785014922,-3.6));
#2357=CARTESIAN_POINT('Ctrl Pts',(-34.0135100269126,8.35289464782948,-7.15742840429884E-16));
#2358=CARTESIAN_POINT('Ctrl Pts',(-34.0135100269126,8.35289464782948,-3.6));
#2359=CARTESIAN_POINT('Ctrl Pts',(-34.978467347292,8.64536003135013,-7.15742840429884E-16));
#2360=CARTESIAN_POINT('Ctrl Pts',(-34.978467347292,8.64536003135013,-3.6));
#2361=CARTESIAN_POINT('Ctrl Pts',(-35.9705489737338,8.85580056011991,-7.15742840429884E-16));
#2362=CARTESIAN_POINT('Ctrl Pts',(-35.9705489737338,8.85580056011991,-3.6));
#2363=CARTESIAN_POINT('Ctrl Pts',(-36.8143467559168,8.96168132413253,-7.15742840429884E-16));
#2364=CARTESIAN_POINT('Ctrl Pts',(-36.8143467559168,8.96168132413253,-3.6));
#2365=CARTESIAN_POINT('Ctrl Pts',(-37.4959739014451,9.00393194530787,-7.15742840429884E-16));
#2366=CARTESIAN_POINT('Ctrl Pts',(-37.4959739014451,9.00393194530787,-3.6));
#2367=CARTESIAN_POINT('Ctrl Pts',(-38.0101552489151,9.01419726884909,-7.15742840429884E-16));
#2368=CARTESIAN_POINT('Ctrl Pts',(-38.0101552489151,9.01419726884909,-3.6));
#2369=CARTESIAN_POINT('Ctrl Pts',(-38.5243136770111,9.00284183969867,-7.15742840429884E-16));
#2370=CARTESIAN_POINT('Ctrl Pts',(-38.5243136770111,9.00284183969867,-3.6));
#2371=CARTESIAN_POINT('Ctrl Pts',(-39.2058497140106,8.95914617879345,-7.15742840429884E-16));
#2372=CARTESIAN_POINT('Ctrl Pts',(-39.2058497140106,8.95914617879345,-3.6));
#2373=CARTESIAN_POINT('Ctrl Pts',(-40.049421119341,8.85147669605206,-7.15742840429884E-16));
#2374=CARTESIAN_POINT('Ctrl Pts',(-40.049421119341,8.85147669605206,-3.6));
#2375=CARTESIAN_POINT('Ctrl Pts',(-41.0410543559057,8.63893330327703,-7.15742840429884E-16));
#2376=CARTESIAN_POINT('Ctrl Pts',(-41.0410543559057,8.63893330327703,-3.6));
#2377=CARTESIAN_POINT('Ctrl Pts',(-42.0053894444318,8.34442274701611,-7.15742840429884E-16));
#2378=CARTESIAN_POINT('Ctrl Pts',(-42.0053894444318,8.34442274701611,-3.6));
#2379=CARTESIAN_POINT('Ctrl Pts',(-42.7800996881136,8.03202276474574,-7.15742840429884E-16));
#2380=CARTESIAN_POINT('Ctrl Pts',(-42.7800996881136,8.03202276474574,-3.6));
#2381=CARTESIAN_POINT('Ctrl Pts',(-43.3798213451725,7.74212888292655,-7.15742840429884E-16));
#2382=CARTESIAN_POINT('Ctrl Pts',(-43.3798213451725,7.74212888292655,-3.6));
#2383=CARTESIAN_POINT('Ctrl Pts',(-43.8156881403799,7.50649701891068,-7.15742840429884E-16));
#2384=CARTESIAN_POINT('Ctrl Pts',(-43.8156881403799,7.50649701891068,-3.6));
#2385=CARTESIAN_POINT('Ctrl Pts',(-44.2367772267133,7.25331752901731,-7.15742840429884E-16));
#2386=CARTESIAN_POINT('Ctrl Pts',(-44.2367772267133,7.25331752901731,-3.6));
#2387=CARTESIAN_POINT('Ctrl Pts',(-44.7777099443106,6.89297829428569,-7.15742840429884E-16));
#2388=CARTESIAN_POINT('Ctrl Pts',(-44.7777099443106,6.89297829428569,-3.6));
#2389=CARTESIAN_POINT('Ctrl Pts',(-45.4137010327034,6.40117130566913,-7.15742840429884E-16));
#2390=CARTESIAN_POINT('Ctrl Pts',(-45.4137010327034,6.40117130566913,-3.6));
#2391=CARTESIAN_POINT('Ctrl Pts',(-46.1072115213439,5.74886099358124,-7.15742840429884E-16));
#2392=CARTESIAN_POINT('Ctrl Pts',(-46.1072115213439,5.74886099358124,-3.6));
#2393=CARTESIAN_POINT('Ctrl Pts',(-46.622418975495,5.15694506065814,-7.15742840429884E-16));
#2394=CARTESIAN_POINT('Ctrl Pts',(-46.622418975495,5.15694506065814,-3.6));
#2395=CARTESIAN_POINT('Ctrl Pts',(-46.9941708796486,4.65646955796891,-7.15742840429884E-16));
#2396=CARTESIAN_POINT('Ctrl Pts',(-46.9941708796486,4.65646955796891,-3.6));
#2397=CARTESIAN_POINT('Ctrl Pts',(-47.3377982458686,4.13896117499414,-7.15742840429884E-16));
#2398=CARTESIAN_POINT('Ctrl Pts',(-47.3377982458686,4.13896117499414,-3.6));
#2399=CARTESIAN_POINT('Ctrl Pts',(-47.7090253963354,3.46854067547668,-7.15742840429884E-16));
#2400=CARTESIAN_POINT('Ctrl Pts',(-47.7090253963354,3.46854067547668,-3.6));
#2401=CARTESIAN_POINT('Ctrl Pts',(-48.0597298430713,2.63125373711165,-7.15742840429884E-16));
#2402=CARTESIAN_POINT('Ctrl Pts',(-48.0597298430713,2.63125373711165,-3.6));
#2403=CARTESIAN_POINT('Ctrl Pts',(-48.3129024720592,1.76800637130798,-7.15742840429884E-16));
#2404=CARTESIAN_POINT('Ctrl Pts',(-48.3129024720592,1.76800637130798,-3.6));
#2405=CARTESIAN_POINT('Ctrl Pts',(-48.4406599320152,1.03233637854273,-7.15742840429884E-16));
#2406=CARTESIAN_POINT('Ctrl Pts',(-48.4406599320152,1.03233637854273,-3.6));
#2407=CARTESIAN_POINT('Ctrl Pts',(-48.4917913134996,0.437604590029538,-7.15742840429884E-16));
#2408=CARTESIAN_POINT('Ctrl Pts',(-48.4917913134996,0.437604590029538,-3.6));
#2409=CARTESIAN_POINT('Ctrl Pts',(-48.5043406389464,-0.0111346339679557,
-7.15742840429884E-16));
#2410=CARTESIAN_POINT('Ctrl Pts',(-48.5043406389464,-0.0111346339679557,
-3.6));
#2411=CARTESIAN_POINT('Ctrl Pts',(-48.4908399584994,-0.459846243301302,
-7.15742840429884E-16));
#2412=CARTESIAN_POINT('Ctrl Pts',(-48.4908399584994,-0.459846243301302,
-3.6));
#2413=CARTESIAN_POINT('Ctrl Pts',(-48.4384477862548,-1.05446829025893,-7.15742840429884E-16));
#2414=CARTESIAN_POINT('Ctrl Pts',(-48.4384477862548,-1.05446829025893,-3.6));
#2415=CARTESIAN_POINT('Ctrl Pts',(-48.3091309011564,-1.78986576785734,-7.15742840429884E-16));
#2416=CARTESIAN_POINT('Ctrl Pts',(-48.3091309011564,-1.78986576785734,-3.6));
#2417=CARTESIAN_POINT('Ctrl Pts',(-48.0541286489268,-2.65257443594491,-7.15742840429884E-16));
#2418=CARTESIAN_POINT('Ctrl Pts',(-48.0541286489268,-2.65257443594491,-3.6));
#2419=CARTESIAN_POINT('Ctrl Pts',(-47.7016498374975,-3.48911595530328,-7.15742840429884E-16));
#2420=CARTESIAN_POINT('Ctrl Pts',(-47.7016498374975,-3.48911595530328,-3.6));
#2421=CARTESIAN_POINT('Ctrl Pts',(-47.3290021461541,-4.15874790014566,-7.15742840429884E-16));
#2422=CARTESIAN_POINT('Ctrl Pts',(-47.3290021461541,-4.15874790014566,-3.6));
#2423=CARTESIAN_POINT('Ctrl Pts',(-46.9842783698143,-4.67552658710025,-7.15742840429884E-16));
#2424=CARTESIAN_POINT('Ctrl Pts',(-46.9842783698143,-4.67552658710025,-3.6));
#2425=CARTESIAN_POINT('Ctrl Pts',(-46.6114662305837,-5.17521280451689,-7.15742840429884E-16));
#2426=CARTESIAN_POINT('Ctrl Pts',(-46.6114662305837,-5.17521280451689,-3.6));
#2427=CARTESIAN_POINT('Ctrl Pts',(-46.0950049986338,-5.76603510297374,-7.15742840429884E-16));
#2428=CARTESIAN_POINT('Ctrl Pts',(-46.0950049986338,-5.76603510297374,-3.6));
#2429=CARTESIAN_POINT('Ctrl Pts',(-45.4001130892974,-6.41687362015706,-7.15742840429884E-16));
#2430=CARTESIAN_POINT('Ctrl Pts',(-45.4001130892974,-6.41687362015706,-3.6));
#2431=CARTESIAN_POINT('Ctrl Pts',(-44.7630807380291,-6.90733112290796,-7.15742840429884E-16));
#2432=CARTESIAN_POINT('Ctrl Pts',(-44.7630807380291,-6.90733112290796,-3.6));
#2433=CARTESIAN_POINT('Ctrl Pts',(-44.2213852719747,-7.26652270286272,-7.15742840429884E-16));
#2434=CARTESIAN_POINT('Ctrl Pts',(-44.2213852719747,-7.26652270286272,-3.6));
#2435=CARTESIAN_POINT('Ctrl Pts',(-43.7997603598835,-7.51880886228452,-7.15742840429884E-16));
#2436=CARTESIAN_POINT('Ctrl Pts',(-43.7997603598835,-7.51880886228452,-3.6));
#2437=CARTESIAN_POINT('Ctrl Pts',(-43.3633949752892,-7.75351610467794,-7.15742840429884E-16));
#2438=CARTESIAN_POINT('Ctrl Pts',(-43.3633949752892,-7.75351610467794,-3.6));
#2439=CARTESIAN_POINT('Ctrl Pts',(-42.7630600548466,-8.04213785014923,-7.15742840429884E-16));
#2440=CARTESIAN_POINT('Ctrl Pts',(-42.7630600548466,-8.04213785014923,-3.6));
#2441=CARTESIAN_POINT('Ctrl Pts',(-41.9876892253183,-8.35289464782949,-7.15742840429884E-16));
#2442=CARTESIAN_POINT('Ctrl Pts',(-41.9876892253183,-8.35289464782949,-3.6));
#2443=CARTESIAN_POINT('Ctrl Pts',(-41.0227319049389,-8.64536003135013,-7.15742840429884E-16));
#2444=CARTESIAN_POINT('Ctrl Pts',(-41.0227319049389,-8.64536003135013,-3.6));
#2445=CARTESIAN_POINT('Ctrl Pts',(-40.0306502784971,-8.85580056011992,-7.15742840429884E-16));
#2446=CARTESIAN_POINT('Ctrl Pts',(-40.0306502784971,-8.85580056011992,-3.6));
#2447=CARTESIAN_POINT('Ctrl Pts',(-39.1868524963141,-8.96168132413253,-7.15742840429884E-16));
#2448=CARTESIAN_POINT('Ctrl Pts',(-39.1868524963141,-8.96168132413253,-3.6));
#2449=CARTESIAN_POINT('Ctrl Pts',(-38.5052253507858,-9.00393194530786,-7.15742840429884E-16));
#2450=CARTESIAN_POINT('Ctrl Pts',(-38.5052253507858,-9.00393194530786,-3.6));
#2451=CARTESIAN_POINT('Ctrl Pts',(-37.9910440033158,-9.01419726884908,-7.15742840429884E-16));
#2452=CARTESIAN_POINT('Ctrl Pts',(-37.9910440033158,-9.01419726884908,-3.6));
#2453=CARTESIAN_POINT('Ctrl Pts',(-37.4768855752197,-9.00284183969867,-7.15742840429884E-16));
#2454=CARTESIAN_POINT('Ctrl Pts',(-37.4768855752197,-9.00284183969867,-3.6));
#2455=CARTESIAN_POINT('Ctrl Pts',(-36.7953495382204,-8.95914617879344,-7.15742840429884E-16));
#2456=CARTESIAN_POINT('Ctrl Pts',(-36.7953495382204,-8.95914617879344,-3.6));
#2457=CARTESIAN_POINT('Ctrl Pts',(-35.9517781328899,-8.85147669605206,-7.15742840429884E-16));
#2458=CARTESIAN_POINT('Ctrl Pts',(-35.9517781328899,-8.85147669605206,-3.6));
#2459=CARTESIAN_POINT('Ctrl Pts',(-34.9601448963252,-8.63893330327701,-7.15742840429884E-16));
#2460=CARTESIAN_POINT('Ctrl Pts',(-34.9601448963252,-8.63893330327701,-3.6));
#2461=CARTESIAN_POINT('Ctrl Pts',(-33.9958098077991,-8.3444227470161,-7.15742840429884E-16));
#2462=CARTESIAN_POINT('Ctrl Pts',(-33.9958098077991,-8.3444227470161,-3.6));
#2463=CARTESIAN_POINT('Ctrl Pts',(-33.2210995641174,-8.03202276474572,-7.15742840429884E-16));
#2464=CARTESIAN_POINT('Ctrl Pts',(-33.2210995641174,-8.03202276474572,-3.6));
#2465=CARTESIAN_POINT('Ctrl Pts',(-32.6213779070585,-7.74212888292654,-7.15742840429884E-16));
#2466=CARTESIAN_POINT('Ctrl Pts',(-32.6213779070585,-7.74212888292654,-3.6));
#2467=CARTESIAN_POINT('Ctrl Pts',(-32.185511111851,-7.50649701891066,-7.15742840429884E-16));
#2468=CARTESIAN_POINT('Ctrl Pts',(-32.185511111851,-7.50649701891066,-3.6));
#2469=CARTESIAN_POINT('Ctrl Pts',(-31.7644220255177,-7.25331752901729,-7.15742840429884E-16));
#2470=CARTESIAN_POINT('Ctrl Pts',(-31.7644220255177,-7.25331752901729,-3.6));
#2471=CARTESIAN_POINT('Ctrl Pts',(-31.2234893079203,-6.89297829428566,-7.15742840429884E-16));
#2472=CARTESIAN_POINT('Ctrl Pts',(-31.2234893079203,-6.89297829428566,-3.6));
#2473=CARTESIAN_POINT('Ctrl Pts',(-30.5874982195275,-6.40117130566911,-7.15742840429884E-16));
#2474=CARTESIAN_POINT('Ctrl Pts',(-30.5874982195275,-6.40117130566911,-3.6));
#2475=CARTESIAN_POINT('Ctrl Pts',(-29.8939877308869,-5.74886099358122,-7.15742840429884E-16));
#2476=CARTESIAN_POINT('Ctrl Pts',(-29.8939877308869,-5.74886099358122,-3.6));
#2477=CARTESIAN_POINT('Ctrl Pts',(-29.378780276736,-5.15694506065813,-7.15742840429884E-16));
#2478=CARTESIAN_POINT('Ctrl Pts',(-29.378780276736,-5.15694506065813,-3.6));
#2479=CARTESIAN_POINT('Ctrl Pts',(-29.0070283725824,-4.65646955796889,-7.15742840429884E-16));
#2480=CARTESIAN_POINT('Ctrl Pts',(-29.0070283725824,-4.65646955796889,-3.6));
#2481=CARTESIAN_POINT('Ctrl Pts',(-28.6634010063624,-4.13896117499412,-7.15742840429884E-16));
#2482=CARTESIAN_POINT('Ctrl Pts',(-28.6634010063624,-4.13896117499412,-3.6));
#2483=CARTESIAN_POINT('Ctrl Pts',(-28.2921738558955,-3.46854067547667,-7.15742840429884E-16));
#2484=CARTESIAN_POINT('Ctrl Pts',(-28.2921738558955,-3.46854067547667,-3.6));
#2485=CARTESIAN_POINT('Ctrl Pts',(-27.9414694091596,-2.63125373711163,-7.15742840429884E-16));
#2486=CARTESIAN_POINT('Ctrl Pts',(-27.9414694091596,-2.63125373711163,-3.6));
#2487=CARTESIAN_POINT('Ctrl Pts',(-27.6882967801718,-1.76800637130796,-7.15742840429884E-16));
#2488=CARTESIAN_POINT('Ctrl Pts',(-27.6882967801718,-1.76800637130796,-3.6));
#2489=CARTESIAN_POINT('Ctrl Pts',(-27.5605393202157,-1.03233637854271,-7.15742840429884E-16));
#2490=CARTESIAN_POINT('Ctrl Pts',(-27.5605393202157,-1.03233637854271,-3.6));
#2491=CARTESIAN_POINT('Ctrl Pts',(-27.5094079387314,-0.437604590029504,
-7.15742840429884E-16));
#2492=CARTESIAN_POINT('Ctrl Pts',(-27.5094079387314,-0.437604590029504,
-3.6));
#2493=CARTESIAN_POINT('Ctrl Pts',(-27.5010417217668,-0.138445107364544,
-7.15742840429884E-16));
#2494=CARTESIAN_POINT('Ctrl Pts',(-27.5010417217668,-0.138445107364544,
-3.6));
#2495=CARTESIAN_POINT('Ctrl Pts',(-27.5012002809335,0.0111300315239204,
-7.15742840429884E-16));
#2496=CARTESIAN_POINT('Ctrl Pts',(-27.5012002809335,0.0111300315239204,
-3.6));
#2497=CARTESIAN_POINT('',(-27.5012002809335,0.0111300315239204,-7.15742840429884E-16));
#2498=CARTESIAN_POINT('Origin',(-1.38777878078145E-14,-1.,-3.));
#2499=CARTESIAN_POINT('Origin',(3.525977875845E-16,4.407472344807E-17,0.));
#2500=CARTESIAN_POINT('',(48.4988,0.0106,0.));
#2501=CARTESIAN_POINT('Ctrl Pts',(48.4988,0.0106,-7.17436906324392E-16));
#2502=CARTESIAN_POINT('Ctrl Pts',(48.4988,0.160013590464419,-1.14730612705595E-15));
#2503=CARTESIAN_POINT('Ctrl Pts',(48.4901147051749,0.458840771393204,-7.17436906324392E-16));
#2504=CARTESIAN_POINT('Ctrl Pts',(48.4383413681507,1.05287417114465,-7.17436906324392E-16));
#2505=CARTESIAN_POINT('Ctrl Pts',(48.309776101679,1.78760729279712,-7.17436906324392E-16));
#2506=CARTESIAN_POINT('Ctrl Pts',(48.0556371287763,2.64963243374681,-7.17436906324392E-16));
#2507=CARTESIAN_POINT('Ctrl Pts',(47.7039816519889,3.48560498785053,-7.17436906324392E-16));
#2508=CARTESIAN_POINT('Ctrl Pts',(47.3319857559737,4.15486111332622,-7.17436906324392E-16));
#2509=CARTESIAN_POINT('Ctrl Pts',(46.987762962381,4.67140056650021,-7.17436906324392E-16));
#2510=CARTESIAN_POINT('Ctrl Pts',(46.6154345157772,5.17089104255549,-7.17436906324392E-16));
#2511=CARTESIAN_POINT('Ctrl Pts',(46.0995450178956,5.76155099144033,-7.17436906324392E-16));
#2512=CARTESIAN_POINT('Ctrl Pts',(45.4052852100822,6.41232951475561,-7.17436906324392E-16));
#2513=CARTESIAN_POINT('Ctrl Pts',(44.7687322642365,6.90285228151749,-7.17436906324392E-16));
#2514=CARTESIAN_POINT('Ctrl Pts',(44.227389984593,7.26216691695305,-7.17436906324392E-16));
#2515=CARTESIAN_POINT('Ctrl Pts',(43.8060142083705,7.51458118250158,-7.17436906324392E-16));
#2516=CARTESIAN_POINT('Ctrl Pts',(43.3698816395143,7.74945272642489,-7.17436906324392E-16));
#2517=CARTESIAN_POINT('Ctrl Pts',(42.7698343167086,8.0383422378085,-7.17436906324392E-16));
#2518=CARTESIAN_POINT('Ctrl Pts',(41.994775371632,8.34952129084171,-7.17436906324392E-16));
#2519=CARTESIAN_POINT('Ctrl Pts',(41.0301140476518,8.6426307659711,-7.17436906324392E-16));
#2520=CARTESIAN_POINT('Ctrl Pts',(40.0382467934946,8.8538487652708,-7.17436906324392E-16));
#2521=CARTESIAN_POINT('Ctrl Pts',(39.194556987587,8.96048518232736,-7.17436906324392E-16));
#2522=CARTESIAN_POINT('Ctrl Pts',(38.5129721264956,9.00340245553165,-7.17436906324392E-16));
#2523=CARTESIAN_POINT('Ctrl Pts',(37.9988,9.01419877223419,-7.17436906324392E-16));
#2524=CARTESIAN_POINT('Ctrl Pts',(37.4846278735045,9.00340245553166,-7.17436906324392E-16));
#2525=CARTESIAN_POINT('Ctrl Pts',(36.803043012413,8.96048518232737,-7.17436906324392E-16));
#2526=CARTESIAN_POINT('Ctrl Pts',(35.9593532065055,8.8538487652708,-7.17436906324392E-16));
#2527=CARTESIAN_POINT('Ctrl Pts',(34.9674859523482,8.64263076597111,-7.17436906324392E-16));
#2528=CARTESIAN_POINT('Ctrl Pts',(34.0028246283681,8.34952129084171,-7.17436906324392E-16));
#2529=CARTESIAN_POINT('Ctrl Pts',(33.2277656832914,8.03834223780851,-7.17436906324392E-16));
#2530=CARTESIAN_POINT('Ctrl Pts',(32.6277183604857,7.7494527264249,-7.17436906324392E-16));
#2531=CARTESIAN_POINT('Ctrl Pts',(32.1915857916295,7.51458118250158,-7.17436906324392E-16));
#2532=CARTESIAN_POINT('Ctrl Pts',(31.770210015407,7.26216691695306,-7.17436906324392E-16));
#2533=CARTESIAN_POINT('Ctrl Pts',(31.2288677357635,6.9028522815175,-7.17436906324392E-16));
#2534=CARTESIAN_POINT('Ctrl Pts',(30.5923147899179,6.41232951475563,-7.17436906324392E-16));
#2535=CARTESIAN_POINT('Ctrl Pts',(29.8980549821043,5.76155099144034,-7.17436906324392E-16));
#2536=CARTESIAN_POINT('Ctrl Pts',(29.3821654842228,5.17089104255551,-7.17436906324392E-16));
#2537=CARTESIAN_POINT('Ctrl Pts',(29.0098370376191,4.67140056650023,-7.17436906324392E-16));
#2538=CARTESIAN_POINT('Ctrl Pts',(28.6656142440263,4.15486111332624,-7.17436906324392E-16));
#2539=CARTESIAN_POINT('Ctrl Pts',(28.2936183480111,3.48560498785054,-7.17436906324392E-16));
#2540=CARTESIAN_POINT('Ctrl Pts',(27.9419628712238,2.64963243374682,-7.17436906324392E-16));
#2541=CARTESIAN_POINT('Ctrl Pts',(27.687823898321,1.78760729279714,-7.17436906324392E-16));
#2542=CARTESIAN_POINT('Ctrl Pts',(27.5592586318493,1.05287417114466,-7.17436906324392E-16));
#2543=CARTESIAN_POINT('Ctrl Pts',(27.5074852948252,0.458840771393236,-7.17436906324392E-16));
#2544=CARTESIAN_POINT('Ctrl Pts',(27.4944573525874,0.0106000000000196,-7.17436906324392E-16));
#2545=CARTESIAN_POINT('Ctrl Pts',(27.5074852948252,-0.437640771393198,-7.17436906324392E-16));
#2546=CARTESIAN_POINT('Ctrl Pts',(27.5592586318493,-1.03167417114462,-7.17436906324392E-16));
#2547=CARTESIAN_POINT('Ctrl Pts',(27.687823898321,-1.76640729279711,-7.17436906324392E-16));
#2548=CARTESIAN_POINT('Ctrl Pts',(27.9419628712237,-2.62843243374679,-7.17436906324392E-16));
#2549=CARTESIAN_POINT('Ctrl Pts',(28.2936183480112,-3.46440498785051,-7.17436906324392E-16));
#2550=CARTESIAN_POINT('Ctrl Pts',(28.6656142440263,-4.1336611133262,-7.17436906324392E-16));
#2551=CARTESIAN_POINT('Ctrl Pts',(29.009837037619,-4.6502005665002,-7.17436906324392E-16));
#2552=CARTESIAN_POINT('Ctrl Pts',(29.3821654842228,-5.14969104255548,-7.17436906324392E-16));
#2553=CARTESIAN_POINT('Ctrl Pts',(29.8980549821043,-5.74035099144031,-7.17436906324392E-16));
#2554=CARTESIAN_POINT('Ctrl Pts',(30.5923147899178,-6.3911295147556,-7.17436906324392E-16));
#2555=CARTESIAN_POINT('Ctrl Pts',(31.2288677357635,-6.88165228151747,-7.17436906324392E-16));
#2556=CARTESIAN_POINT('Ctrl Pts',(31.7702100154069,-7.24096691695304,-7.17436906324392E-16));
#2557=CARTESIAN_POINT('Ctrl Pts',(32.1915857916295,-7.49338118250156,-7.17436906324392E-16));
#2558=CARTESIAN_POINT('Ctrl Pts',(32.6277183604857,-7.72825272642488,-7.17436906324392E-16));
#2559=CARTESIAN_POINT('Ctrl Pts',(33.2277656832914,-8.01714223780849,-7.17436906324392E-16));
#2560=CARTESIAN_POINT('Ctrl Pts',(34.002824628368,-8.3283212908417,-7.17436906324392E-16));
#2561=CARTESIAN_POINT('Ctrl Pts',(34.9674859523481,-8.6214307659711,-7.17436906324392E-16));
#2562=CARTESIAN_POINT('Ctrl Pts',(35.9593532065054,-8.83264876527079,-7.17436906324392E-16));
#2563=CARTESIAN_POINT('Ctrl Pts',(36.8030430124129,-8.93928518232737,-7.17436906324392E-16));
#2564=CARTESIAN_POINT('Ctrl Pts',(37.4846278735044,-8.98220245553165,-7.17436906324392E-16));
#2565=CARTESIAN_POINT('Ctrl Pts',(37.9988,-8.9929987722342,-7.17436906324392E-16));
#2566=CARTESIAN_POINT('Ctrl Pts',(38.5129721264955,-8.98220245553166,-7.17436906324392E-16));
#2567=CARTESIAN_POINT('Ctrl Pts',(39.194556987587,-8.93928518232738,-7.17436906324392E-16));
#2568=CARTESIAN_POINT('Ctrl Pts',(40.0382467934945,-8.83264876527081,-7.17436906324392E-16));
#2569=CARTESIAN_POINT('Ctrl Pts',(41.0301140476518,-8.62143076597112,-7.17436906324392E-16));
#2570=CARTESIAN_POINT('Ctrl Pts',(41.9947753716319,-8.32832129084173,-7.17436906324392E-16));
#2571=CARTESIAN_POINT('Ctrl Pts',(42.7698343167085,-8.01714223780854,-7.17436906324392E-16));
#2572=CARTESIAN_POINT('Ctrl Pts',(43.3698816395143,-7.72825272642492,-7.17436906324392E-16));
#2573=CARTESIAN_POINT('Ctrl Pts',(43.8060142083704,-7.49338118250161,-7.17436906324392E-16));
#2574=CARTESIAN_POINT('Ctrl Pts',(44.227389984593,-7.24096691695309,-7.17436906324392E-16));
#2575=CARTESIAN_POINT('Ctrl Pts',(44.7687322642365,-6.88165228151753,-7.17436906324392E-16));
#2576=CARTESIAN_POINT('Ctrl Pts',(45.4052852100821,-6.39112951475567,-7.17436906324392E-16));
#2577=CARTESIAN_POINT('Ctrl Pts',(46.0995450178956,-5.74035099144038,-7.17436906324392E-16));
#2578=CARTESIAN_POINT('Ctrl Pts',(46.6154345157772,-5.14969104255556,-7.17436906324392E-16));
#2579=CARTESIAN_POINT('Ctrl Pts',(46.9877629623809,-4.65020056650028,-7.17436906324392E-16));
#2580=CARTESIAN_POINT('Ctrl Pts',(47.3319857559737,-4.13366111332629,-7.17436906324392E-16));
#2581=CARTESIAN_POINT('Ctrl Pts',(47.7039816519889,-3.4644049878506,-7.17436906324392E-16));
#2582=CARTESIAN_POINT('Ctrl Pts',(48.0556371287763,-2.62843243374688,-7.17436906324392E-16));
#2583=CARTESIAN_POINT('Ctrl Pts',(48.3097761016789,-1.7664072927972,-7.17436906324392E-16));
#2584=CARTESIAN_POINT('Ctrl Pts',(48.4383413681507,-1.0316741711447,-7.17436906324392E-16));
#2585=CARTESIAN_POINT('Ctrl Pts',(48.4901147051748,-0.437640771393313,-7.17436906324392E-16));
#2586=CARTESIAN_POINT('Ctrl Pts',(48.4988,-0.138813590464419,-7.17436906324392E-16));
#2587=CARTESIAN_POINT('Ctrl Pts',(48.4988,0.0106,-7.17436906324392E-16));
#2588=CARTESIAN_POINT('',(47.4988,0.0106,0.));
#2589=CARTESIAN_POINT('Ctrl Pts',(47.4988,0.0106,-7.17436906324392E-16));
#2590=CARTESIAN_POINT('Ctrl Pts',(47.4988,0.140673035219996,-1.14730612705595E-15));
#2591=CARTESIAN_POINT('Ctrl Pts',(47.4912398243411,0.400819105659944,-7.17436906324392E-16));
#2592=CARTESIAN_POINT('Ctrl Pts',(47.4461552260246,0.918143772138948,-7.17436906324392E-16));
#2593=CARTESIAN_POINT('Ctrl Pts',(47.3341012888143,1.55875522836056,-7.17436906324392E-16));
#2594=CARTESIAN_POINT('Ctrl Pts',(47.1119441233392,2.31257900809627,-7.17436906324392E-16));
#2595=CARTESIAN_POINT('Ctrl Pts',(46.803286781213,3.04658607769543,-7.17436906324392E-16));
#2596=CARTESIAN_POINT('Ctrl Pts',(46.4751855385156,3.63706724821712,-7.17436906324392E-16));
#2597=CARTESIAN_POINT('Ctrl Pts',(46.1702748486359,4.09465158609407,-7.17436906324392E-16));
#2598=CARTESIAN_POINT('Ctrl Pts',(45.8395723012981,4.53833261821335,-7.17436906324392E-16));
#2599=CARTESIAN_POINT('Ctrl Pts',(45.3795206107545,5.06521022493653,-7.17436906324392E-16));
#2600=CARTESIAN_POINT('Ctrl Pts',(44.7570200621038,5.64887520674463,-7.17436906324392E-16));
#2601=CARTESIAN_POINT('Ctrl Pts',(44.1833501383081,6.09104497350815,-7.17436906324392E-16));
#2602=CARTESIAN_POINT('Ctrl Pts',(43.6937687167746,6.41602128735811,-7.17436906324392E-16));
#2603=CARTESIAN_POINT('Ctrl Pts',(43.3118616410508,6.64480537724636,-7.17436906324392E-16));
#2604=CARTESIAN_POINT('Ctrl Pts',(42.9157785796771,6.85812028299223,-7.17436906324392E-16));
#2605=CARTESIAN_POINT('Ctrl Pts',(42.369799706149,7.12099286017978,-7.17436906324392E-16));
#2606=CARTESIAN_POINT('Ctrl Pts',(41.6628138942315,7.40489704806457,-7.17436906324392E-16));
#2607=CARTESIAN_POINT('Ctrl Pts',(40.7804406496611,7.67305325251831,-7.17436906324392E-16));
#2608=CARTESIAN_POINT('Ctrl Pts',(39.8713090973622,7.86668702919875,-7.17436906324392E-16));
#2609=CARTESIAN_POINT('Ctrl Pts',(39.0969464771183,7.96457692115287,-7.17436906324392E-16));
#2610=CARTESIAN_POINT('Ctrl Pts',(38.4710512579166,8.0039888948707,-7.17436906324392E-16));
#2611=CARTESIAN_POINT('Ctrl Pts',(37.9988,8.01390555256467,-7.17436906324392E-16));
#2612=CARTESIAN_POINT('Ctrl Pts',(37.5265487420834,8.0039888948707,-7.17436906324392E-16));
#2613=CARTESIAN_POINT('Ctrl Pts',(36.9006535228817,7.96457692115287,-7.17436906324392E-16));
#2614=CARTESIAN_POINT('Ctrl Pts',(36.1262909026378,7.86668702919876,-7.17436906324392E-16));
#2615=CARTESIAN_POINT('Ctrl Pts',(35.2171593503389,7.67305325251831,-7.17436906324392E-16));
#2616=CARTESIAN_POINT('Ctrl Pts',(34.3347861057685,7.40489704806458,-7.17436906324392E-16));
#2617=CARTESIAN_POINT('Ctrl Pts',(33.6278002938511,7.12099286017979,-7.17436906324392E-16));
#2618=CARTESIAN_POINT('Ctrl Pts',(33.081821420323,6.85812028299223,-7.17436906324392E-16));
#2619=CARTESIAN_POINT('Ctrl Pts',(32.6857383589493,6.64480537724637,-7.17436906324392E-16));
#2620=CARTESIAN_POINT('Ctrl Pts',(32.3038312832254,6.41602128735811,-7.17436906324392E-16));
#2621=CARTESIAN_POINT('Ctrl Pts',(31.8142498616919,6.09104497350816,-7.17436906324392E-16));
#2622=CARTESIAN_POINT('Ctrl Pts',(31.2405799378963,5.64887520674464,-7.17436906324392E-16));
#2623=CARTESIAN_POINT('Ctrl Pts',(30.6180793892455,5.06521022493653,-7.17436906324392E-16));
#2624=CARTESIAN_POINT('Ctrl Pts',(30.158027698702,4.53833261821336,-7.17436906324392E-16));
#2625=CARTESIAN_POINT('Ctrl Pts',(29.8273251513641,4.09465158609408,-7.17436906324392E-16));
#2626=CARTESIAN_POINT('Ctrl Pts',(29.5224144614844,3.63706724821714,-7.17436906324392E-16));
#2627=CARTESIAN_POINT('Ctrl Pts',(29.194313218787,3.04658607769545,-7.17436906324392E-16));
#2628=CARTESIAN_POINT('Ctrl Pts',(28.8856558766608,2.3125790080963,-7.17436906324392E-16));
#2629=CARTESIAN_POINT('Ctrl Pts',(28.6634987111858,1.55875522836058,-7.17436906324392E-16));
#2630=CARTESIAN_POINT('Ctrl Pts',(28.5514447739754,0.918143772138971,-7.17436906324392E-16));
#2631=CARTESIAN_POINT('Ctrl Pts',(28.5063601756588,0.400819105659962,-7.17436906324392E-16));
#2632=CARTESIAN_POINT('Ctrl Pts',(28.4950199121706,0.0106000000000164,-7.17436906324392E-16));
#2633=CARTESIAN_POINT('Ctrl Pts',(28.5063601756588,-0.379619105659926,-7.17436906324392E-16));
#2634=CARTESIAN_POINT('Ctrl Pts',(28.5514447739754,-0.896943772138936,-7.17436906324392E-16));
#2635=CARTESIAN_POINT('Ctrl Pts',(28.6634987111858,-1.53755522836054,-7.17436906324392E-16));
#2636=CARTESIAN_POINT('Ctrl Pts',(28.8856558766608,-2.29137900809628,-7.17436906324392E-16));
#2637=CARTESIAN_POINT('Ctrl Pts',(29.194313218787,-3.02538607769541,-7.17436906324392E-16));
#2638=CARTESIAN_POINT('Ctrl Pts',(29.5224144614843,-3.61586724821711,-7.17436906324392E-16));
#2639=CARTESIAN_POINT('Ctrl Pts',(29.8273251513641,-4.07345158609405,-7.17436906324392E-16));
#2640=CARTESIAN_POINT('Ctrl Pts',(30.1580276987019,-4.51713261821334,-7.17436906324392E-16));
#2641=CARTESIAN_POINT('Ctrl Pts',(30.6180793892455,-5.04401022493651,-7.17436906324392E-16));
#2642=CARTESIAN_POINT('Ctrl Pts',(31.2405799378962,-5.62767520674462,-7.17436906324392E-16));
#2643=CARTESIAN_POINT('Ctrl Pts',(31.8142498616917,-6.06984497350814,-7.17436906324392E-16));
#2644=CARTESIAN_POINT('Ctrl Pts',(32.3038312832254,-6.39482128735809,-7.17436906324392E-16));
#2645=CARTESIAN_POINT('Ctrl Pts',(32.6857383589493,-6.62360537724635,-7.17436906324392E-16));
#2646=CARTESIAN_POINT('Ctrl Pts',(33.0818214203229,-6.83692028299222,-7.17436906324392E-16));
#2647=CARTESIAN_POINT('Ctrl Pts',(33.627800293851,-7.09979286017977,-7.17436906324392E-16));
#2648=CARTESIAN_POINT('Ctrl Pts',(34.3347861057684,-7.38369704806456,-7.17436906324392E-16));
#2649=CARTESIAN_POINT('Ctrl Pts',(35.2171593503389,-7.6518532525183,-7.17436906324392E-16));
#2650=CARTESIAN_POINT('Ctrl Pts',(36.1262909026377,-7.84548702919875,-7.17436906324392E-16));
#2651=CARTESIAN_POINT('Ctrl Pts',(36.9006535228816,-7.94337692115287,-7.17436906324392E-16));
#2652=CARTESIAN_POINT('Ctrl Pts',(37.5265487420834,-7.9827888948707,-7.17436906324392E-16));
#2653=CARTESIAN_POINT('Ctrl Pts',(37.9988,-7.99270555256467,-7.17436906324392E-16));
#2654=CARTESIAN_POINT('Ctrl Pts',(38.4710512579165,-7.98278889487071,-7.17436906324392E-16));
#2655=CARTESIAN_POINT('Ctrl Pts',(39.0969464771182,-7.94337692115288,-7.17436906324392E-16));
#2656=CARTESIAN_POINT('Ctrl Pts',(39.8713090973622,-7.84548702919877,-7.17436906324392E-16));
#2657=CARTESIAN_POINT('Ctrl Pts',(40.7804406496611,-7.65185325251833,-7.17436906324392E-16));
#2658=CARTESIAN_POINT('Ctrl Pts',(41.6628138942315,-7.38369704806459,-7.17436906324392E-16));
#2659=CARTESIAN_POINT('Ctrl Pts',(42.3697997061489,-7.09979286017981,-7.17436906324392E-16));
#2660=CARTESIAN_POINT('Ctrl Pts',(42.9157785796771,-6.83692028299226,-7.17436906324392E-16));
#2661=CARTESIAN_POINT('Ctrl Pts',(43.3118616410507,-6.62360537724639,-7.17436906324392E-16));
#2662=CARTESIAN_POINT('Ctrl Pts',(43.6937687167746,-6.39482128735814,-7.17436906324392E-16));
#2663=CARTESIAN_POINT('Ctrl Pts',(44.1833501383081,-6.06984497350819,-7.17436906324392E-16));
#2664=CARTESIAN_POINT('Ctrl Pts',(44.7570200621037,-5.62767520674468,-7.17436906324392E-16));
#2665=CARTESIAN_POINT('Ctrl Pts',(45.3795206107545,-5.04401022493657,-7.17436906324392E-16));
#2666=CARTESIAN_POINT('Ctrl Pts',(45.839572301298,-4.51713261821341,-7.17436906324392E-16));
#2667=CARTESIAN_POINT('Ctrl Pts',(46.1702748486359,-4.07345158609412,-7.17436906324392E-16));
#2668=CARTESIAN_POINT('Ctrl Pts',(46.4751855385156,-3.61586724821719,-7.17436906324392E-16));
#2669=CARTESIAN_POINT('Ctrl Pts',(46.803286781213,-3.02538607769549,-7.17436906324392E-16));
#2670=CARTESIAN_POINT('Ctrl Pts',(47.1119441233392,-2.29137900809636,-7.17436906324392E-16));
#2671=CARTESIAN_POINT('Ctrl Pts',(47.3341012888142,-1.53755522836064,-7.17436906324392E-16));
#2672=CARTESIAN_POINT('Ctrl Pts',(47.4461552260246,-0.896943772139006,-7.17436906324392E-16));
#2673=CARTESIAN_POINT('Ctrl Pts',(47.4912398243411,-0.379619105660034,-7.17436906324392E-16));
#2674=CARTESIAN_POINT('Ctrl Pts',(47.4988,-0.119473035219996,-7.17436906324392E-16));
#2675=CARTESIAN_POINT('Ctrl Pts',(47.4988,0.0106,-7.17436906324392E-16));
#2676=CARTESIAN_POINT('Ctrl Pts',(47.4988,0.0106,-7.17436906324392E-16));
#2677=CARTESIAN_POINT('Ctrl Pts',(47.4988,0.0106,-3.6));
#2678=CARTESIAN_POINT('Ctrl Pts',(47.4988,0.140673035219996,-1.14730612705595E-15));
#2679=CARTESIAN_POINT('Ctrl Pts',(47.4988,0.140673035219996,-3.6));
#2680=CARTESIAN_POINT('Ctrl Pts',(47.4912398243411,0.400819105659944,-7.17436906324392E-16));
#2681=CARTESIAN_POINT('Ctrl Pts',(47.4912398243411,0.400819105659944,-3.6));
#2682=CARTESIAN_POINT('Ctrl Pts',(47.4461552260246,0.918143772138948,-7.17436906324392E-16));
#2683=CARTESIAN_POINT('Ctrl Pts',(47.4461552260246,0.918143772138948,-3.6));
#2684=CARTESIAN_POINT('Ctrl Pts',(47.3341012888143,1.55875522836056,-7.17436906324392E-16));
#2685=CARTESIAN_POINT('Ctrl Pts',(47.3341012888143,1.55875522836056,-3.6));
#2686=CARTESIAN_POINT('Ctrl Pts',(47.1119441233392,2.31257900809627,-7.17436906324392E-16));
#2687=CARTESIAN_POINT('Ctrl Pts',(47.1119441233392,2.31257900809627,-3.6));
#2688=CARTESIAN_POINT('Ctrl Pts',(46.803286781213,3.04658607769543,-7.17436906324392E-16));
#2689=CARTESIAN_POINT('Ctrl Pts',(46.803286781213,3.04658607769543,-3.6));
#2690=CARTESIAN_POINT('Ctrl Pts',(46.4751855385156,3.63706724821712,-7.17436906324392E-16));
#2691=CARTESIAN_POINT('Ctrl Pts',(46.4751855385156,3.63706724821712,-3.6));
#2692=CARTESIAN_POINT('Ctrl Pts',(46.1702748486359,4.09465158609407,-7.17436906324392E-16));
#2693=CARTESIAN_POINT('Ctrl Pts',(46.1702748486359,4.09465158609407,-3.6));
#2694=CARTESIAN_POINT('Ctrl Pts',(45.8395723012981,4.53833261821335,-7.17436906324392E-16));
#2695=CARTESIAN_POINT('Ctrl Pts',(45.8395723012981,4.53833261821335,-3.6));
#2696=CARTESIAN_POINT('Ctrl Pts',(45.3795206107545,5.06521022493653,-7.17436906324392E-16));
#2697=CARTESIAN_POINT('Ctrl Pts',(45.3795206107545,5.06521022493653,-3.6));
#2698=CARTESIAN_POINT('Ctrl Pts',(44.7570200621038,5.64887520674463,-7.17436906324392E-16));
#2699=CARTESIAN_POINT('Ctrl Pts',(44.7570200621038,5.64887520674463,-3.6));
#2700=CARTESIAN_POINT('Ctrl Pts',(44.1833501383081,6.09104497350815,-7.17436906324392E-16));
#2701=CARTESIAN_POINT('Ctrl Pts',(44.1833501383081,6.09104497350815,-3.6));
#2702=CARTESIAN_POINT('Ctrl Pts',(43.6937687167746,6.41602128735811,-7.17436906324392E-16));
#2703=CARTESIAN_POINT('Ctrl Pts',(43.6937687167746,6.41602128735811,-3.6));
#2704=CARTESIAN_POINT('Ctrl Pts',(43.3118616410508,6.64480537724636,-7.17436906324392E-16));
#2705=CARTESIAN_POINT('Ctrl Pts',(43.3118616410508,6.64480537724636,-3.6));
#2706=CARTESIAN_POINT('Ctrl Pts',(42.9157785796771,6.85812028299223,-7.17436906324392E-16));
#2707=CARTESIAN_POINT('Ctrl Pts',(42.9157785796771,6.85812028299223,-3.6));
#2708=CARTESIAN_POINT('Ctrl Pts',(42.369799706149,7.12099286017978,-7.17436906324392E-16));
#2709=CARTESIAN_POINT('Ctrl Pts',(42.369799706149,7.12099286017978,-3.6));
#2710=CARTESIAN_POINT('Ctrl Pts',(41.6628138942315,7.40489704806457,-7.17436906324392E-16));
#2711=CARTESIAN_POINT('Ctrl Pts',(41.6628138942315,7.40489704806457,-3.6));
#2712=CARTESIAN_POINT('Ctrl Pts',(40.7804406496611,7.67305325251831,-7.17436906324392E-16));
#2713=CARTESIAN_POINT('Ctrl Pts',(40.7804406496611,7.67305325251831,-3.6));
#2714=CARTESIAN_POINT('Ctrl Pts',(39.8713090973622,7.86668702919875,-7.17436906324392E-16));
#2715=CARTESIAN_POINT('Ctrl Pts',(39.8713090973622,7.86668702919875,-3.6));
#2716=CARTESIAN_POINT('Ctrl Pts',(39.0969464771183,7.96457692115287,-7.17436906324392E-16));
#2717=CARTESIAN_POINT('Ctrl Pts',(39.0969464771183,7.96457692115287,-3.6));
#2718=CARTESIAN_POINT('Ctrl Pts',(38.4710512579166,8.0039888948707,-7.17436906324392E-16));
#2719=CARTESIAN_POINT('Ctrl Pts',(38.4710512579166,8.0039888948707,-3.6));
#2720=CARTESIAN_POINT('Ctrl Pts',(37.9988,8.01390555256467,-7.17436906324392E-16));
#2721=CARTESIAN_POINT('Ctrl Pts',(37.9988,8.01390555256467,-3.6));
#2722=CARTESIAN_POINT('Ctrl Pts',(37.5265487420834,8.0039888948707,-7.17436906324392E-16));
#2723=CARTESIAN_POINT('Ctrl Pts',(37.5265487420834,8.0039888948707,-3.6));
#2724=CARTESIAN_POINT('Ctrl Pts',(36.9006535228817,7.96457692115287,-7.17436906324392E-16));
#2725=CARTESIAN_POINT('Ctrl Pts',(36.9006535228817,7.96457692115287,-3.6));
#2726=CARTESIAN_POINT('Ctrl Pts',(36.1262909026378,7.86668702919876,-7.17436906324392E-16));
#2727=CARTESIAN_POINT('Ctrl Pts',(36.1262909026378,7.86668702919876,-3.6));
#2728=CARTESIAN_POINT('Ctrl Pts',(35.2171593503389,7.67305325251831,-7.17436906324392E-16));
#2729=CARTESIAN_POINT('Ctrl Pts',(35.2171593503389,7.67305325251831,-3.6));
#2730=CARTESIAN_POINT('Ctrl Pts',(34.3347861057685,7.40489704806458,-7.17436906324392E-16));
#2731=CARTESIAN_POINT('Ctrl Pts',(34.3347861057685,7.40489704806458,-3.6));
#2732=CARTESIAN_POINT('Ctrl Pts',(33.6278002938511,7.12099286017979,-7.17436906324392E-16));
#2733=CARTESIAN_POINT('Ctrl Pts',(33.6278002938511,7.12099286017979,-3.6));
#2734=CARTESIAN_POINT('Ctrl Pts',(33.081821420323,6.85812028299223,-7.17436906324392E-16));
#2735=CARTESIAN_POINT('Ctrl Pts',(33.081821420323,6.85812028299223,-3.6));
#2736=CARTESIAN_POINT('Ctrl Pts',(32.6857383589493,6.64480537724637,-7.17436906324392E-16));
#2737=CARTESIAN_POINT('Ctrl Pts',(32.6857383589493,6.64480537724637,-3.6));
#2738=CARTESIAN_POINT('Ctrl Pts',(32.3038312832254,6.41602128735811,-7.17436906324392E-16));
#2739=CARTESIAN_POINT('Ctrl Pts',(32.3038312832254,6.41602128735811,-3.6));
#2740=CARTESIAN_POINT('Ctrl Pts',(31.8142498616919,6.09104497350816,-7.17436906324392E-16));
#2741=CARTESIAN_POINT('Ctrl Pts',(31.8142498616919,6.09104497350816,-3.6));
#2742=CARTESIAN_POINT('Ctrl Pts',(31.2405799378963,5.64887520674464,-7.17436906324392E-16));
#2743=CARTESIAN_POINT('Ctrl Pts',(31.2405799378963,5.64887520674464,-3.6));
#2744=CARTESIAN_POINT('Ctrl Pts',(30.6180793892455,5.06521022493653,-7.17436906324392E-16));
#2745=CARTESIAN_POINT('Ctrl Pts',(30.6180793892455,5.06521022493653,-3.6));
#2746=CARTESIAN_POINT('Ctrl Pts',(30.158027698702,4.53833261821336,-7.17436906324392E-16));
#2747=CARTESIAN_POINT('Ctrl Pts',(30.158027698702,4.53833261821336,-3.6));
#2748=CARTESIAN_POINT('Ctrl Pts',(29.8273251513641,4.09465158609408,-7.17436906324392E-16));
#2749=CARTESIAN_POINT('Ctrl Pts',(29.8273251513641,4.09465158609408,-3.6));
#2750=CARTESIAN_POINT('Ctrl Pts',(29.5224144614844,3.63706724821714,-7.17436906324392E-16));
#2751=CARTESIAN_POINT('Ctrl Pts',(29.5224144614844,3.63706724821714,-3.6));
#2752=CARTESIAN_POINT('Ctrl Pts',(29.194313218787,3.04658607769545,-7.17436906324392E-16));
#2753=CARTESIAN_POINT('Ctrl Pts',(29.194313218787,3.04658607769545,-3.6));
#2754=CARTESIAN_POINT('Ctrl Pts',(28.8856558766608,2.3125790080963,-7.17436906324392E-16));
#2755=CARTESIAN_POINT('Ctrl Pts',(28.8856558766608,2.3125790080963,-3.6));
#2756=CARTESIAN_POINT('Ctrl Pts',(28.6634987111858,1.55875522836058,-7.17436906324392E-16));
#2757=CARTESIAN_POINT('Ctrl Pts',(28.6634987111858,1.55875522836058,-3.6));
#2758=CARTESIAN_POINT('Ctrl Pts',(28.5514447739754,0.918143772138971,-7.17436906324392E-16));
#2759=CARTESIAN_POINT('Ctrl Pts',(28.5514447739754,0.918143772138971,-3.6));
#2760=CARTESIAN_POINT('Ctrl Pts',(28.5063601756588,0.400819105659962,-7.17436906324392E-16));
#2761=CARTESIAN_POINT('Ctrl Pts',(28.5063601756588,0.400819105659962,-3.6));
#2762=CARTESIAN_POINT('Ctrl Pts',(28.4950199121706,0.0106000000000164,-7.17436906324392E-16));
#2763=CARTESIAN_POINT('Ctrl Pts',(28.4950199121706,0.0106000000000164,-3.6));
#2764=CARTESIAN_POINT('Ctrl Pts',(28.5063601756588,-0.379619105659926,-7.17436906324392E-16));
#2765=CARTESIAN_POINT('Ctrl Pts',(28.5063601756588,-0.379619105659926,-3.6));
#2766=CARTESIAN_POINT('Ctrl Pts',(28.5514447739754,-0.896943772138936,-7.17436906324392E-16));
#2767=CARTESIAN_POINT('Ctrl Pts',(28.5514447739754,-0.896943772138936,-3.6));
#2768=CARTESIAN_POINT('Ctrl Pts',(28.6634987111858,-1.53755522836054,-7.17436906324392E-16));
#2769=CARTESIAN_POINT('Ctrl Pts',(28.6634987111858,-1.53755522836054,-3.6));
#2770=CARTESIAN_POINT('Ctrl Pts',(28.8856558766608,-2.29137900809628,-7.17436906324392E-16));
#2771=CARTESIAN_POINT('Ctrl Pts',(28.8856558766608,-2.29137900809628,-3.6));
#2772=CARTESIAN_POINT('Ctrl Pts',(29.194313218787,-3.02538607769541,-7.17436906324392E-16));
#2773=CARTESIAN_POINT('Ctrl Pts',(29.194313218787,-3.02538607769541,-3.6));
#2774=CARTESIAN_POINT('Ctrl Pts',(29.5224144614843,-3.61586724821711,-7.17436906324392E-16));
#2775=CARTESIAN_POINT('Ctrl Pts',(29.5224144614843,-3.61586724821711,-3.6));
#2776=CARTESIAN_POINT('Ctrl Pts',(29.8273251513641,-4.07345158609405,-7.17436906324392E-16));
#2777=CARTESIAN_POINT('Ctrl Pts',(29.8273251513641,-4.07345158609405,-3.6));
#2778=CARTESIAN_POINT('Ctrl Pts',(30.1580276987019,-4.51713261821334,-7.17436906324392E-16));
#2779=CARTESIAN_POINT('Ctrl Pts',(30.1580276987019,-4.51713261821334,-3.6));
#2780=CARTESIAN_POINT('Ctrl Pts',(30.6180793892455,-5.04401022493651,-7.17436906324392E-16));
#2781=CARTESIAN_POINT('Ctrl Pts',(30.6180793892455,-5.04401022493651,-3.6));
#2782=CARTESIAN_POINT('Ctrl Pts',(31.2405799378962,-5.62767520674462,-7.17436906324392E-16));
#2783=CARTESIAN_POINT('Ctrl Pts',(31.2405799378962,-5.62767520674462,-3.6));
#2784=CARTESIAN_POINT('Ctrl Pts',(31.8142498616917,-6.06984497350814,-7.17436906324392E-16));
#2785=CARTESIAN_POINT('Ctrl Pts',(31.8142498616917,-6.06984497350814,-3.6));
#2786=CARTESIAN_POINT('Ctrl Pts',(32.3038312832254,-6.39482128735809,-7.17436906324392E-16));
#2787=CARTESIAN_POINT('Ctrl Pts',(32.3038312832254,-6.39482128735809,-3.6));
#2788=CARTESIAN_POINT('Ctrl Pts',(32.6857383589493,-6.62360537724635,-7.17436906324392E-16));
#2789=CARTESIAN_POINT('Ctrl Pts',(32.6857383589493,-6.62360537724635,-3.6));
#2790=CARTESIAN_POINT('Ctrl Pts',(33.0818214203229,-6.83692028299222,-7.17436906324392E-16));
#2791=CARTESIAN_POINT('Ctrl Pts',(33.0818214203229,-6.83692028299222,-3.6));
#2792=CARTESIAN_POINT('Ctrl Pts',(33.627800293851,-7.09979286017977,-7.17436906324392E-16));
#2793=CARTESIAN_POINT('Ctrl Pts',(33.627800293851,-7.09979286017977,-3.6));
#2794=CARTESIAN_POINT('Ctrl Pts',(34.3347861057684,-7.38369704806456,-7.17436906324392E-16));
#2795=CARTESIAN_POINT('Ctrl Pts',(34.3347861057684,-7.38369704806456,-3.6));
#2796=CARTESIAN_POINT('Ctrl Pts',(35.2171593503389,-7.6518532525183,-7.17436906324392E-16));
#2797=CARTESIAN_POINT('Ctrl Pts',(35.2171593503389,-7.6518532525183,-3.6));
#2798=CARTESIAN_POINT('Ctrl Pts',(36.1262909026377,-7.84548702919875,-7.17436906324392E-16));
#2799=CARTESIAN_POINT('Ctrl Pts',(36.1262909026377,-7.84548702919875,-3.6));
#2800=CARTESIAN_POINT('Ctrl Pts',(36.9006535228816,-7.94337692115287,-7.17436906324392E-16));
#2801=CARTESIAN_POINT('Ctrl Pts',(36.9006535228816,-7.94337692115287,-3.6));
#2802=CARTESIAN_POINT('Ctrl Pts',(37.5265487420834,-7.9827888948707,-7.17436906324392E-16));
#2803=CARTESIAN_POINT('Ctrl Pts',(37.5265487420834,-7.9827888948707,-3.6));
#2804=CARTESIAN_POINT('Ctrl Pts',(37.9988,-7.99270555256467,-7.17436906324392E-16));
#2805=CARTESIAN_POINT('Ctrl Pts',(37.9988,-7.99270555256467,-3.6));
#2806=CARTESIAN_POINT('Ctrl Pts',(38.4710512579165,-7.98278889487071,-7.17436906324392E-16));
#2807=CARTESIAN_POINT('Ctrl Pts',(38.4710512579165,-7.98278889487071,-3.6));
#2808=CARTESIAN_POINT('Ctrl Pts',(39.0969464771182,-7.94337692115288,-7.17436906324392E-16));
#2809=CARTESIAN_POINT('Ctrl Pts',(39.0969464771182,-7.94337692115288,-3.6));
#2810=CARTESIAN_POINT('Ctrl Pts',(39.8713090973622,-7.84548702919877,-7.17436906324392E-16));
#2811=CARTESIAN_POINT('Ctrl Pts',(39.8713090973622,-7.84548702919877,-3.6));
#2812=CARTESIAN_POINT('Ctrl Pts',(40.7804406496611,-7.65185325251833,-7.17436906324392E-16));
#2813=CARTESIAN_POINT('Ctrl Pts',(40.7804406496611,-7.65185325251833,-3.6));
#2814=CARTESIAN_POINT('Ctrl Pts',(41.6628138942315,-7.38369704806459,-7.17436906324392E-16));
#2815=CARTESIAN_POINT('Ctrl Pts',(41.6628138942315,-7.38369704806459,-3.6));
#2816=CARTESIAN_POINT('Ctrl Pts',(42.3697997061489,-7.09979286017981,-7.17436906324392E-16));
#2817=CARTESIAN_POINT('Ctrl Pts',(42.3697997061489,-7.09979286017981,-3.6));
#2818=CARTESIAN_POINT('Ctrl Pts',(42.9157785796771,-6.83692028299226,-7.17436906324392E-16));
#2819=CARTESIAN_POINT('Ctrl Pts',(42.9157785796771,-6.83692028299226,-3.6));
#2820=CARTESIAN_POINT('Ctrl Pts',(43.3118616410507,-6.62360537724639,-7.17436906324392E-16));
#2821=CARTESIAN_POINT('Ctrl Pts',(43.3118616410507,-6.62360537724639,-3.6));
#2822=CARTESIAN_POINT('Ctrl Pts',(43.6937687167746,-6.39482128735814,-7.17436906324392E-16));
#2823=CARTESIAN_POINT('Ctrl Pts',(43.6937687167746,-6.39482128735814,-3.6));
#2824=CARTESIAN_POINT('Ctrl Pts',(44.1833501383081,-6.06984497350819,-7.17436906324392E-16));
#2825=CARTESIAN_POINT('Ctrl Pts',(44.1833501383081,-6.06984497350819,-3.6));
#2826=CARTESIAN_POINT('Ctrl Pts',(44.7570200621037,-5.62767520674468,-7.17436906324392E-16));
#2827=CARTESIAN_POINT('Ctrl Pts',(44.7570200621037,-5.62767520674468,-3.6));
#2828=CARTESIAN_POINT('Ctrl Pts',(45.3795206107545,-5.04401022493657,-7.17436906324392E-16));
#2829=CARTESIAN_POINT('Ctrl Pts',(45.3795206107545,-5.04401022493657,-3.6));
#2830=CARTESIAN_POINT('Ctrl Pts',(45.839572301298,-4.51713261821341,-7.17436906324392E-16));
#2831=CARTESIAN_POINT('Ctrl Pts',(45.839572301298,-4.51713261821341,-3.6));
#2832=CARTESIAN_POINT('Ctrl Pts',(46.1702748486359,-4.07345158609412,-7.17436906324392E-16));
#2833=CARTESIAN_POINT('Ctrl Pts',(46.1702748486359,-4.07345158609412,-3.6));
#2834=CARTESIAN_POINT('Ctrl Pts',(46.4751855385156,-3.61586724821719,-7.17436906324392E-16));
#2835=CARTESIAN_POINT('Ctrl Pts',(46.4751855385156,-3.61586724821719,-3.6));
#2836=CARTESIAN_POINT('Ctrl Pts',(46.803286781213,-3.02538607769549,-7.17436906324392E-16));
#2837=CARTESIAN_POINT('Ctrl Pts',(46.803286781213,-3.02538607769549,-3.6));
#2838=CARTESIAN_POINT('Ctrl Pts',(47.1119441233392,-2.29137900809636,-7.17436906324392E-16));
#2839=CARTESIAN_POINT('Ctrl Pts',(47.1119441233392,-2.29137900809636,-3.6));
#2840=CARTESIAN_POINT('Ctrl Pts',(47.3341012888142,-1.53755522836064,-7.17436906324392E-16));
#2841=CARTESIAN_POINT('Ctrl Pts',(47.3341012888142,-1.53755522836064,-3.6));
#2842=CARTESIAN_POINT('Ctrl Pts',(47.4461552260246,-0.896943772139006,-7.17436906324392E-16));
#2843=CARTESIAN_POINT('Ctrl Pts',(47.4461552260246,-0.896943772139006,-3.6));
#2844=CARTESIAN_POINT('Ctrl Pts',(47.4912398243411,-0.379619105660034,-7.17436906324392E-16));
#2845=CARTESIAN_POINT('Ctrl Pts',(47.4912398243411,-0.379619105660034,-3.6));
#2846=CARTESIAN_POINT('Ctrl Pts',(47.4988,-0.119473035219996,-7.17436906324392E-16));
#2847=CARTESIAN_POINT('Ctrl Pts',(47.4988,-0.119473035219996,-3.6));
#2848=CARTESIAN_POINT('Ctrl Pts',(47.4988,0.0106,-7.17436906324392E-16));
#2849=CARTESIAN_POINT('Ctrl Pts',(47.4988,0.0106,-3.6));
#2850=CARTESIAN_POINT('',(47.4988,0.0106,-3.));
#2851=CARTESIAN_POINT('Ctrl Pts',(47.4988,0.0106,-3.));
#2852=CARTESIAN_POINT('Ctrl Pts',(47.4988,0.140673035219996,-3.));
#2853=CARTESIAN_POINT('Ctrl Pts',(47.4912398243411,0.400819105659944,-3.));
#2854=CARTESIAN_POINT('Ctrl Pts',(47.4461552260246,0.918143772138948,-3.));
#2855=CARTESIAN_POINT('Ctrl Pts',(47.3341012888143,1.55875522836056,-3.));
#2856=CARTESIAN_POINT('Ctrl Pts',(47.1119441233392,2.31257900809627,-3.));
#2857=CARTESIAN_POINT('Ctrl Pts',(46.803286781213,3.04658607769543,-3.));
#2858=CARTESIAN_POINT('Ctrl Pts',(46.4751855385156,3.63706724821712,-3.));
#2859=CARTESIAN_POINT('Ctrl Pts',(46.1702748486359,4.09465158609407,-3.));
#2860=CARTESIAN_POINT('Ctrl Pts',(45.8395723012981,4.53833261821335,-3.));
#2861=CARTESIAN_POINT('Ctrl Pts',(45.3795206107545,5.06521022493653,-3.));
#2862=CARTESIAN_POINT('Ctrl Pts',(44.7570200621038,5.64887520674463,-3.));
#2863=CARTESIAN_POINT('Ctrl Pts',(44.1833501383081,6.09104497350815,-3.));
#2864=CARTESIAN_POINT('Ctrl Pts',(43.6937687167746,6.41602128735811,-3.));
#2865=CARTESIAN_POINT('Ctrl Pts',(43.3118616410508,6.64480537724636,-3.));
#2866=CARTESIAN_POINT('Ctrl Pts',(42.9157785796771,6.85812028299223,-3.));
#2867=CARTESIAN_POINT('Ctrl Pts',(42.369799706149,7.12099286017978,-3.));
#2868=CARTESIAN_POINT('Ctrl Pts',(41.6628138942315,7.40489704806457,-3.));
#2869=CARTESIAN_POINT('Ctrl Pts',(40.7804406496611,7.67305325251831,-3.));
#2870=CARTESIAN_POINT('Ctrl Pts',(39.8713090973622,7.86668702919875,-3.));
#2871=CARTESIAN_POINT('Ctrl Pts',(39.0969464771183,7.96457692115287,-3.));
#2872=CARTESIAN_POINT('Ctrl Pts',(38.4710512579166,8.0039888948707,-3.));
#2873=CARTESIAN_POINT('Ctrl Pts',(37.9988,8.01390555256467,-3.));
#2874=CARTESIAN_POINT('Ctrl Pts',(37.5265487420834,8.0039888948707,-3.));
#2875=CARTESIAN_POINT('Ctrl Pts',(36.9006535228817,7.96457692115287,-3.));
#2876=CARTESIAN_POINT('Ctrl Pts',(36.1262909026378,7.86668702919876,-3.));
#2877=CARTESIAN_POINT('Ctrl Pts',(35.2171593503389,7.67305325251831,-3.));
#2878=CARTESIAN_POINT('Ctrl Pts',(34.3347861057685,7.40489704806458,-3.));
#2879=CARTESIAN_POINT('Ctrl Pts',(33.6278002938511,7.12099286017979,-3.));
#2880=CARTESIAN_POINT('Ctrl Pts',(33.081821420323,6.85812028299223,-3.));
#2881=CARTESIAN_POINT('Ctrl Pts',(32.6857383589493,6.64480537724637,-3.));
#2882=CARTESIAN_POINT('Ctrl Pts',(32.3038312832254,6.41602128735811,-3.));
#2883=CARTESIAN_POINT('Ctrl Pts',(31.8142498616919,6.09104497350816,-3.));
#2884=CARTESIAN_POINT('Ctrl Pts',(31.2405799378963,5.64887520674464,-3.));
#2885=CARTESIAN_POINT('Ctrl Pts',(30.6180793892455,5.06521022493653,-3.));
#2886=CARTESIAN_POINT('Ctrl Pts',(30.158027698702,4.53833261821336,-3.));
#2887=CARTESIAN_POINT('Ctrl Pts',(29.8273251513641,4.09465158609408,-3.));
#2888=CARTESIAN_POINT('Ctrl Pts',(29.5224144614844,3.63706724821714,-3.));
#2889=CARTESIAN_POINT('Ctrl Pts',(29.194313218787,3.04658607769545,-3.));
#2890=CARTESIAN_POINT('Ctrl Pts',(28.8856558766608,2.3125790080963,-3.));
#2891=CARTESIAN_POINT('Ctrl Pts',(28.6634987111858,1.55875522836058,-3.));
#2892=CARTESIAN_POINT('Ctrl Pts',(28.5514447739754,0.918143772138971,-3.));
#2893=CARTESIAN_POINT('Ctrl Pts',(28.5063601756588,0.400819105659962,-3.));
#2894=CARTESIAN_POINT('Ctrl Pts',(28.4950199121706,0.0106000000000164,-3.));
#2895=CARTESIAN_POINT('Ctrl Pts',(28.5063601756588,-0.379619105659926,-3.));
#2896=CARTESIAN_POINT('Ctrl Pts',(28.5514447739754,-0.896943772138936,-3.));
#2897=CARTESIAN_POINT('Ctrl Pts',(28.6634987111858,-1.53755522836054,-3.));
#2898=CARTESIAN_POINT('Ctrl Pts',(28.8856558766608,-2.29137900809628,-3.));
#2899=CARTESIAN_POINT('Ctrl Pts',(29.194313218787,-3.02538607769541,-3.));
#2900=CARTESIAN_POINT('Ctrl Pts',(29.5224144614843,-3.61586724821711,-3.));
#2901=CARTESIAN_POINT('Ctrl Pts',(29.8273251513641,-4.07345158609405,-3.));
#2902=CARTESIAN_POINT('Ctrl Pts',(30.1580276987019,-4.51713261821334,-3.));
#2903=CARTESIAN_POINT('Ctrl Pts',(30.6180793892455,-5.04401022493651,-3.));
#2904=CARTESIAN_POINT('Ctrl Pts',(31.2405799378962,-5.62767520674462,-3.));
#2905=CARTESIAN_POINT('Ctrl Pts',(31.8142498616917,-6.06984497350814,-3.));
#2906=CARTESIAN_POINT('Ctrl Pts',(32.3038312832254,-6.39482128735809,-3.));
#2907=CARTESIAN_POINT('Ctrl Pts',(32.6857383589493,-6.62360537724635,-3.));
#2908=CARTESIAN_POINT('Ctrl Pts',(33.0818214203229,-6.83692028299222,-3.));
#2909=CARTESIAN_POINT('Ctrl Pts',(33.627800293851,-7.09979286017977,-3.));
#2910=CARTESIAN_POINT('Ctrl Pts',(34.3347861057684,-7.38369704806456,-3.));
#2911=CARTESIAN_POINT('Ctrl Pts',(35.2171593503389,-7.6518532525183,-3.));
#2912=CARTESIAN_POINT('Ctrl Pts',(36.1262909026377,-7.84548702919875,-3.));
#2913=CARTESIAN_POINT('Ctrl Pts',(36.9006535228816,-7.94337692115287,-3.));
#2914=CARTESIAN_POINT('Ctrl Pts',(37.5265487420834,-7.9827888948707,-3.));
#2915=CARTESIAN_POINT('Ctrl Pts',(37.9988,-7.99270555256467,-3.));
#2916=CARTESIAN_POINT('Ctrl Pts',(38.4710512579165,-7.98278889487071,-3.));
#2917=CARTESIAN_POINT('Ctrl Pts',(39.0969464771182,-7.94337692115288,-3.));
#2918=CARTESIAN_POINT('Ctrl Pts',(39.8713090973622,-7.84548702919877,-3.));
#2919=CARTESIAN_POINT('Ctrl Pts',(40.7804406496611,-7.65185325251833,-3.));
#2920=CARTESIAN_POINT('Ctrl Pts',(41.6628138942315,-7.38369704806459,-3.));
#2921=CARTESIAN_POINT('Ctrl Pts',(42.3697997061489,-7.09979286017981,-3.));
#2922=CARTESIAN_POINT('Ctrl Pts',(42.9157785796771,-6.83692028299226,-3.));
#2923=CARTESIAN_POINT('Ctrl Pts',(43.3118616410507,-6.62360537724639,-3.));
#2924=CARTESIAN_POINT('Ctrl Pts',(43.6937687167746,-6.39482128735814,-3.));
#2925=CARTESIAN_POINT('Ctrl Pts',(44.1833501383081,-6.06984497350819,-3.));
#2926=CARTESIAN_POINT('Ctrl Pts',(44.7570200621037,-5.62767520674468,-3.));
#2927=CARTESIAN_POINT('Ctrl Pts',(45.3795206107545,-5.04401022493657,-3.));
#2928=CARTESIAN_POINT('Ctrl Pts',(45.839572301298,-4.51713261821341,-3.));
#2929=CARTESIAN_POINT('Ctrl Pts',(46.1702748486359,-4.07345158609412,-3.));
#2930=CARTESIAN_POINT('Ctrl Pts',(46.4751855385156,-3.61586724821719,-3.));
#2931=CARTESIAN_POINT('Ctrl Pts',(46.803286781213,-3.02538607769549,-3.));
#2932=CARTESIAN_POINT('Ctrl Pts',(47.1119441233392,-2.29137900809636,-3.));
#2933=CARTESIAN_POINT('Ctrl Pts',(47.3341012888142,-1.53755522836064,-3.));
#2934=CARTESIAN_POINT('Ctrl Pts',(47.4461552260246,-0.896943772139006,-3.));
#2935=CARTESIAN_POINT('Ctrl Pts',(47.4912398243411,-0.379619105660034,-3.));
#2936=CARTESIAN_POINT('Ctrl Pts',(47.4988,-0.119473035219996,-3.));
#2937=CARTESIAN_POINT('Ctrl Pts',(47.4988,0.0106,-3.));
#2938=CARTESIAN_POINT('',(47.4988,0.0106,-7.17436906324392E-16));
#2939=CARTESIAN_POINT('Ctrl Pts',(48.4988,0.0106,-7.17436906324392E-16));
#2940=CARTESIAN_POINT('Ctrl Pts',(48.4988,0.0106,-3.6));
#2941=CARTESIAN_POINT('Ctrl Pts',(48.4988,0.160013590464419,-1.14730612705595E-15));
#2942=CARTESIAN_POINT('Ctrl Pts',(48.4988,0.160013590464419,-3.6));
#2943=CARTESIAN_POINT('Ctrl Pts',(48.4901147051749,0.458840771393204,-7.17436906324392E-16));
#2944=CARTESIAN_POINT('Ctrl Pts',(48.4901147051749,0.458840771393204,-3.6));
#2945=CARTESIAN_POINT('Ctrl Pts',(48.4383413681507,1.05287417114465,-7.17436906324392E-16));
#2946=CARTESIAN_POINT('Ctrl Pts',(48.4383413681507,1.05287417114465,-3.6));
#2947=CARTESIAN_POINT('Ctrl Pts',(48.309776101679,1.78760729279712,-7.17436906324392E-16));
#2948=CARTESIAN_POINT('Ctrl Pts',(48.309776101679,1.78760729279712,-3.6));
#2949=CARTESIAN_POINT('Ctrl Pts',(48.0556371287763,2.64963243374681,-7.17436906324392E-16));
#2950=CARTESIAN_POINT('Ctrl Pts',(48.0556371287763,2.64963243374681,-3.6));
#2951=CARTESIAN_POINT('Ctrl Pts',(47.7039816519889,3.48560498785053,-7.17436906324392E-16));
#2952=CARTESIAN_POINT('Ctrl Pts',(47.7039816519889,3.48560498785053,-3.6));
#2953=CARTESIAN_POINT('Ctrl Pts',(47.3319857559737,4.15486111332622,-7.17436906324392E-16));
#2954=CARTESIAN_POINT('Ctrl Pts',(47.3319857559737,4.15486111332622,-3.6));
#2955=CARTESIAN_POINT('Ctrl Pts',(46.987762962381,4.67140056650021,-7.17436906324392E-16));
#2956=CARTESIAN_POINT('Ctrl Pts',(46.987762962381,4.67140056650021,-3.6));
#2957=CARTESIAN_POINT('Ctrl Pts',(46.6154345157772,5.17089104255549,-7.17436906324392E-16));
#2958=CARTESIAN_POINT('Ctrl Pts',(46.6154345157772,5.17089104255549,-3.6));
#2959=CARTESIAN_POINT('Ctrl Pts',(46.0995450178956,5.76155099144033,-7.17436906324392E-16));
#2960=CARTESIAN_POINT('Ctrl Pts',(46.0995450178956,5.76155099144033,-3.6));
#2961=CARTESIAN_POINT('Ctrl Pts',(45.4052852100822,6.41232951475561,-7.17436906324392E-16));
#2962=CARTESIAN_POINT('Ctrl Pts',(45.4052852100822,6.41232951475561,-3.6));
#2963=CARTESIAN_POINT('Ctrl Pts',(44.7687322642365,6.90285228151749,-7.17436906324392E-16));
#2964=CARTESIAN_POINT('Ctrl Pts',(44.7687322642365,6.90285228151749,-3.6));
#2965=CARTESIAN_POINT('Ctrl Pts',(44.227389984593,7.26216691695305,-7.17436906324392E-16));
#2966=CARTESIAN_POINT('Ctrl Pts',(44.227389984593,7.26216691695305,-3.6));
#2967=CARTESIAN_POINT('Ctrl Pts',(43.8060142083705,7.51458118250158,-7.17436906324392E-16));
#2968=CARTESIAN_POINT('Ctrl Pts',(43.8060142083705,7.51458118250158,-3.6));
#2969=CARTESIAN_POINT('Ctrl Pts',(43.3698816395143,7.74945272642489,-7.17436906324392E-16));
#2970=CARTESIAN_POINT('Ctrl Pts',(43.3698816395143,7.74945272642489,-3.6));
#2971=CARTESIAN_POINT('Ctrl Pts',(42.7698343167086,8.0383422378085,-7.17436906324392E-16));
#2972=CARTESIAN_POINT('Ctrl Pts',(42.7698343167086,8.0383422378085,-3.6));
#2973=CARTESIAN_POINT('Ctrl Pts',(41.994775371632,8.34952129084171,-7.17436906324392E-16));
#2974=CARTESIAN_POINT('Ctrl Pts',(41.994775371632,8.34952129084171,-3.6));
#2975=CARTESIAN_POINT('Ctrl Pts',(41.0301140476518,8.6426307659711,-7.17436906324392E-16));
#2976=CARTESIAN_POINT('Ctrl Pts',(41.0301140476518,8.6426307659711,-3.6));
#2977=CARTESIAN_POINT('Ctrl Pts',(40.0382467934946,8.8538487652708,-7.17436906324392E-16));
#2978=CARTESIAN_POINT('Ctrl Pts',(40.0382467934946,8.8538487652708,-3.6));
#2979=CARTESIAN_POINT('Ctrl Pts',(39.194556987587,8.96048518232736,-7.17436906324392E-16));
#2980=CARTESIAN_POINT('Ctrl Pts',(39.194556987587,8.96048518232736,-3.6));
#2981=CARTESIAN_POINT('Ctrl Pts',(38.5129721264956,9.00340245553165,-7.17436906324392E-16));
#2982=CARTESIAN_POINT('Ctrl Pts',(38.5129721264956,9.00340245553165,-3.6));
#2983=CARTESIAN_POINT('Ctrl Pts',(37.9988,9.01419877223419,-7.17436906324392E-16));
#2984=CARTESIAN_POINT('Ctrl Pts',(37.9988,9.01419877223419,-3.6));
#2985=CARTESIAN_POINT('Ctrl Pts',(37.4846278735045,9.00340245553166,-7.17436906324392E-16));
#2986=CARTESIAN_POINT('Ctrl Pts',(37.4846278735045,9.00340245553166,-3.6));
#2987=CARTESIAN_POINT('Ctrl Pts',(36.803043012413,8.96048518232737,-7.17436906324392E-16));
#2988=CARTESIAN_POINT('Ctrl Pts',(36.803043012413,8.96048518232737,-3.6));
#2989=CARTESIAN_POINT('Ctrl Pts',(35.9593532065055,8.8538487652708,-7.17436906324392E-16));
#2990=CARTESIAN_POINT('Ctrl Pts',(35.9593532065055,8.8538487652708,-3.6));
#2991=CARTESIAN_POINT('Ctrl Pts',(34.9674859523482,8.64263076597111,-7.17436906324392E-16));
#2992=CARTESIAN_POINT('Ctrl Pts',(34.9674859523482,8.64263076597111,-3.6));
#2993=CARTESIAN_POINT('Ctrl Pts',(34.0028246283681,8.34952129084171,-7.17436906324392E-16));
#2994=CARTESIAN_POINT('Ctrl Pts',(34.0028246283681,8.34952129084171,-3.6));
#2995=CARTESIAN_POINT('Ctrl Pts',(33.2277656832914,8.03834223780851,-7.17436906324392E-16));
#2996=CARTESIAN_POINT('Ctrl Pts',(33.2277656832914,8.03834223780851,-3.6));
#2997=CARTESIAN_POINT('Ctrl Pts',(32.6277183604857,7.7494527264249,-7.17436906324392E-16));
#2998=CARTESIAN_POINT('Ctrl Pts',(32.6277183604857,7.7494527264249,-3.6));
#2999=CARTESIAN_POINT('Ctrl Pts',(32.1915857916295,7.51458118250158,-7.17436906324392E-16));
#3000=CARTESIAN_POINT('Ctrl Pts',(32.1915857916295,7.51458118250158,-3.6));
#3001=CARTESIAN_POINT('Ctrl Pts',(31.770210015407,7.26216691695306,-7.17436906324392E-16));
#3002=CARTESIAN_POINT('Ctrl Pts',(31.770210015407,7.26216691695306,-3.6));
#3003=CARTESIAN_POINT('Ctrl Pts',(31.2288677357635,6.9028522815175,-7.17436906324392E-16));
#3004=CARTESIAN_POINT('Ctrl Pts',(31.2288677357635,6.9028522815175,-3.6));
#3005=CARTESIAN_POINT('Ctrl Pts',(30.5923147899179,6.41232951475563,-7.17436906324392E-16));
#3006=CARTESIAN_POINT('Ctrl Pts',(30.5923147899179,6.41232951475563,-3.6));
#3007=CARTESIAN_POINT('Ctrl Pts',(29.8980549821043,5.76155099144034,-7.17436906324392E-16));
#3008=CARTESIAN_POINT('Ctrl Pts',(29.8980549821043,5.76155099144034,-3.6));
#3009=CARTESIAN_POINT('Ctrl Pts',(29.3821654842228,5.17089104255551,-7.17436906324392E-16));
#3010=CARTESIAN_POINT('Ctrl Pts',(29.3821654842228,5.17089104255551,-3.6));
#3011=CARTESIAN_POINT('Ctrl Pts',(29.0098370376191,4.67140056650023,-7.17436906324392E-16));
#3012=CARTESIAN_POINT('Ctrl Pts',(29.0098370376191,4.67140056650023,-3.6));
#3013=CARTESIAN_POINT('Ctrl Pts',(28.6656142440263,4.15486111332624,-7.17436906324392E-16));
#3014=CARTESIAN_POINT('Ctrl Pts',(28.6656142440263,4.15486111332624,-3.6));
#3015=CARTESIAN_POINT('Ctrl Pts',(28.2936183480111,3.48560498785054,-7.17436906324392E-16));
#3016=CARTESIAN_POINT('Ctrl Pts',(28.2936183480111,3.48560498785054,-3.6));
#3017=CARTESIAN_POINT('Ctrl Pts',(27.9419628712238,2.64963243374682,-7.17436906324392E-16));
#3018=CARTESIAN_POINT('Ctrl Pts',(27.9419628712238,2.64963243374682,-3.6));
#3019=CARTESIAN_POINT('Ctrl Pts',(27.687823898321,1.78760729279714,-7.17436906324392E-16));
#3020=CARTESIAN_POINT('Ctrl Pts',(27.687823898321,1.78760729279714,-3.6));
#3021=CARTESIAN_POINT('Ctrl Pts',(27.5592586318493,1.05287417114466,-7.17436906324392E-16));
#3022=CARTESIAN_POINT('Ctrl Pts',(27.5592586318493,1.05287417114466,-3.6));
#3023=CARTESIAN_POINT('Ctrl Pts',(27.5074852948252,0.458840771393236,-7.17436906324392E-16));
#3024=CARTESIAN_POINT('Ctrl Pts',(27.5074852948252,0.458840771393236,-3.6));
#3025=CARTESIAN_POINT('Ctrl Pts',(27.4944573525874,0.0106000000000196,-7.17436906324392E-16));
#3026=CARTESIAN_POINT('Ctrl Pts',(27.4944573525874,0.0106000000000196,-3.6));
#3027=CARTESIAN_POINT('Ctrl Pts',(27.5074852948252,-0.437640771393198,-7.17436906324392E-16));
#3028=CARTESIAN_POINT('Ctrl Pts',(27.5074852948252,-0.437640771393198,-3.6));
#3029=CARTESIAN_POINT('Ctrl Pts',(27.5592586318493,-1.03167417114462,-7.17436906324392E-16));
#3030=CARTESIAN_POINT('Ctrl Pts',(27.5592586318493,-1.03167417114462,-3.6));
#3031=CARTESIAN_POINT('Ctrl Pts',(27.687823898321,-1.76640729279711,-7.17436906324392E-16));
#3032=CARTESIAN_POINT('Ctrl Pts',(27.687823898321,-1.76640729279711,-3.6));
#3033=CARTESIAN_POINT('Ctrl Pts',(27.9419628712237,-2.62843243374679,-7.17436906324392E-16));
#3034=CARTESIAN_POINT('Ctrl Pts',(27.9419628712237,-2.62843243374679,-3.6));
#3035=CARTESIAN_POINT('Ctrl Pts',(28.2936183480112,-3.46440498785051,-7.17436906324392E-16));
#3036=CARTESIAN_POINT('Ctrl Pts',(28.2936183480112,-3.46440498785051,-3.6));
#3037=CARTESIAN_POINT('Ctrl Pts',(28.6656142440263,-4.1336611133262,-7.17436906324392E-16));
#3038=CARTESIAN_POINT('Ctrl Pts',(28.6656142440263,-4.1336611133262,-3.6));
#3039=CARTESIAN_POINT('Ctrl Pts',(29.009837037619,-4.6502005665002,-7.17436906324392E-16));
#3040=CARTESIAN_POINT('Ctrl Pts',(29.009837037619,-4.6502005665002,-3.6));
#3041=CARTESIAN_POINT('Ctrl Pts',(29.3821654842228,-5.14969104255548,-7.17436906324392E-16));
#3042=CARTESIAN_POINT('Ctrl Pts',(29.3821654842228,-5.14969104255548,-3.6));
#3043=CARTESIAN_POINT('Ctrl Pts',(29.8980549821043,-5.74035099144031,-7.17436906324392E-16));
#3044=CARTESIAN_POINT('Ctrl Pts',(29.8980549821043,-5.74035099144031,-3.6));
#3045=CARTESIAN_POINT('Ctrl Pts',(30.5923147899178,-6.3911295147556,-7.17436906324392E-16));
#3046=CARTESIAN_POINT('Ctrl Pts',(30.5923147899178,-6.3911295147556,-3.6));
#3047=CARTESIAN_POINT('Ctrl Pts',(31.2288677357635,-6.88165228151747,-7.17436906324392E-16));
#3048=CARTESIAN_POINT('Ctrl Pts',(31.2288677357635,-6.88165228151747,-3.6));
#3049=CARTESIAN_POINT('Ctrl Pts',(31.7702100154069,-7.24096691695304,-7.17436906324392E-16));
#3050=CARTESIAN_POINT('Ctrl Pts',(31.7702100154069,-7.24096691695304,-3.6));
#3051=CARTESIAN_POINT('Ctrl Pts',(32.1915857916295,-7.49338118250156,-7.17436906324392E-16));
#3052=CARTESIAN_POINT('Ctrl Pts',(32.1915857916295,-7.49338118250156,-3.6));
#3053=CARTESIAN_POINT('Ctrl Pts',(32.6277183604857,-7.72825272642488,-7.17436906324392E-16));
#3054=CARTESIAN_POINT('Ctrl Pts',(32.6277183604857,-7.72825272642488,-3.6));
#3055=CARTESIAN_POINT('Ctrl Pts',(33.2277656832914,-8.01714223780849,-7.17436906324392E-16));
#3056=CARTESIAN_POINT('Ctrl Pts',(33.2277656832914,-8.01714223780849,-3.6));
#3057=CARTESIAN_POINT('Ctrl Pts',(34.002824628368,-8.3283212908417,-7.17436906324392E-16));
#3058=CARTESIAN_POINT('Ctrl Pts',(34.002824628368,-8.3283212908417,-3.6));
#3059=CARTESIAN_POINT('Ctrl Pts',(34.9674859523481,-8.6214307659711,-7.17436906324392E-16));
#3060=CARTESIAN_POINT('Ctrl Pts',(34.9674859523481,-8.6214307659711,-3.6));
#3061=CARTESIAN_POINT('Ctrl Pts',(35.9593532065054,-8.83264876527079,-7.17436906324392E-16));
#3062=CARTESIAN_POINT('Ctrl Pts',(35.9593532065054,-8.83264876527079,-3.6));
#3063=CARTESIAN_POINT('Ctrl Pts',(36.8030430124129,-8.93928518232737,-7.17436906324392E-16));
#3064=CARTESIAN_POINT('Ctrl Pts',(36.8030430124129,-8.93928518232737,-3.6));
#3065=CARTESIAN_POINT('Ctrl Pts',(37.4846278735044,-8.98220245553165,-7.17436906324392E-16));
#3066=CARTESIAN_POINT('Ctrl Pts',(37.4846278735044,-8.98220245553165,-3.6));
#3067=CARTESIAN_POINT('Ctrl Pts',(37.9988,-8.9929987722342,-7.17436906324392E-16));
#3068=CARTESIAN_POINT('Ctrl Pts',(37.9988,-8.9929987722342,-3.6));
#3069=CARTESIAN_POINT('Ctrl Pts',(38.5129721264955,-8.98220245553166,-7.17436906324392E-16));
#3070=CARTESIAN_POINT('Ctrl Pts',(38.5129721264955,-8.98220245553166,-3.6));
#3071=CARTESIAN_POINT('Ctrl Pts',(39.194556987587,-8.93928518232738,-7.17436906324392E-16));
#3072=CARTESIAN_POINT('Ctrl Pts',(39.194556987587,-8.93928518232738,-3.6));
#3073=CARTESIAN_POINT('Ctrl Pts',(40.0382467934945,-8.83264876527081,-7.17436906324392E-16));
#3074=CARTESIAN_POINT('Ctrl Pts',(40.0382467934945,-8.83264876527081,-3.6));
#3075=CARTESIAN_POINT('Ctrl Pts',(41.0301140476518,-8.62143076597112,-7.17436906324392E-16));
#3076=CARTESIAN_POINT('Ctrl Pts',(41.0301140476518,-8.62143076597112,-3.6));
#3077=CARTESIAN_POINT('Ctrl Pts',(41.9947753716319,-8.32832129084173,-7.17436906324392E-16));
#3078=CARTESIAN_POINT('Ctrl Pts',(41.9947753716319,-8.32832129084173,-3.6));
#3079=CARTESIAN_POINT('Ctrl Pts',(42.7698343167085,-8.01714223780854,-7.17436906324392E-16));
#3080=CARTESIAN_POINT('Ctrl Pts',(42.7698343167085,-8.01714223780854,-3.6));
#3081=CARTESIAN_POINT('Ctrl Pts',(43.3698816395143,-7.72825272642492,-7.17436906324392E-16));
#3082=CARTESIAN_POINT('Ctrl Pts',(43.3698816395143,-7.72825272642492,-3.6));
#3083=CARTESIAN_POINT('Ctrl Pts',(43.8060142083704,-7.49338118250161,-7.17436906324392E-16));
#3084=CARTESIAN_POINT('Ctrl Pts',(43.8060142083704,-7.49338118250161,-3.6));
#3085=CARTESIAN_POINT('Ctrl Pts',(44.227389984593,-7.24096691695309,-7.17436906324392E-16));
#3086=CARTESIAN_POINT('Ctrl Pts',(44.227389984593,-7.24096691695309,-3.6));
#3087=CARTESIAN_POINT('Ctrl Pts',(44.7687322642365,-6.88165228151753,-7.17436906324392E-16));
#3088=CARTESIAN_POINT('Ctrl Pts',(44.7687322642365,-6.88165228151753,-3.6));
#3089=CARTESIAN_POINT('Ctrl Pts',(45.4052852100821,-6.39112951475567,-7.17436906324392E-16));
#3090=CARTESIAN_POINT('Ctrl Pts',(45.4052852100821,-6.39112951475567,-3.6));
#3091=CARTESIAN_POINT('Ctrl Pts',(46.0995450178956,-5.74035099144038,-7.17436906324392E-16));
#3092=CARTESIAN_POINT('Ctrl Pts',(46.0995450178956,-5.74035099144038,-3.6));
#3093=CARTESIAN_POINT('Ctrl Pts',(46.6154345157772,-5.14969104255556,-7.17436906324392E-16));
#3094=CARTESIAN_POINT('Ctrl Pts',(46.6154345157772,-5.14969104255556,-3.6));
#3095=CARTESIAN_POINT('Ctrl Pts',(46.9877629623809,-4.65020056650028,-7.17436906324392E-16));
#3096=CARTESIAN_POINT('Ctrl Pts',(46.9877629623809,-4.65020056650028,-3.6));
#3097=CARTESIAN_POINT('Ctrl Pts',(47.3319857559737,-4.13366111332629,-7.17436906324392E-16));
#3098=CARTESIAN_POINT('Ctrl Pts',(47.3319857559737,-4.13366111332629,-3.6));
#3099=CARTESIAN_POINT('Ctrl Pts',(47.7039816519889,-3.4644049878506,-7.17436906324392E-16));
#3100=CARTESIAN_POINT('Ctrl Pts',(47.7039816519889,-3.4644049878506,-3.6));
#3101=CARTESIAN_POINT('Ctrl Pts',(48.0556371287763,-2.62843243374688,-7.17436906324392E-16));
#3102=CARTESIAN_POINT('Ctrl Pts',(48.0556371287763,-2.62843243374688,-3.6));
#3103=CARTESIAN_POINT('Ctrl Pts',(48.3097761016789,-1.7664072927972,-7.17436906324392E-16));
#3104=CARTESIAN_POINT('Ctrl Pts',(48.3097761016789,-1.7664072927972,-3.6));
#3105=CARTESIAN_POINT('Ctrl Pts',(48.4383413681507,-1.0316741711447,-7.17436906324392E-16));
#3106=CARTESIAN_POINT('Ctrl Pts',(48.4383413681507,-1.0316741711447,-3.6));
#3107=CARTESIAN_POINT('Ctrl Pts',(48.4901147051748,-0.437640771393313,-7.17436906324392E-16));
#3108=CARTESIAN_POINT('Ctrl Pts',(48.4901147051748,-0.437640771393313,-3.6));
#3109=CARTESIAN_POINT('Ctrl Pts',(48.4988,-0.138813590464419,-7.17436906324392E-16));
#3110=CARTESIAN_POINT('Ctrl Pts',(48.4988,-0.138813590464419,-3.6));
#3111=CARTESIAN_POINT('Ctrl Pts',(48.4988,0.0106,-7.17436906324392E-16));
#3112=CARTESIAN_POINT('Ctrl Pts',(48.4988,0.0106,-3.6));
#3113=CARTESIAN_POINT('',(48.4988,0.0106,-7.17436906324392E-16));
#3114=CARTESIAN_POINT('Origin',(-1.38777878078145E-14,-1.,-3.));
#3115=CARTESIAN_POINT('Origin',(0.,-12.5,13.4258));
#3116=CARTESIAN_POINT('',(2.5,-12.5,13.4238));
#3117=CARTESIAN_POINT('',(2.5,-12.5,13.4258));
#3118=CARTESIAN_POINT('Origin',(0.,-12.5,13.4238));
#3119=CARTESIAN_POINT('Origin',(15.5194,12.51164,13.4238));
#3120=CARTESIAN_POINT('Origin',(-52.5,-12.5,13.4258));
#3121=CARTESIAN_POINT('',(-51.5,-12.5,13.4238));
#3122=CARTESIAN_POINT('',(-51.5,-12.5,13.4258));
#3123=CARTESIAN_POINT('Origin',(-52.5,-12.5,13.4238));
#3124=CARTESIAN_POINT('Origin',(15.5194,12.51164,13.4238));
#3125=CARTESIAN_POINT('Origin',(-52.5,12.5,13.4258));
#3126=CARTESIAN_POINT('',(-51.5,12.5,13.4238));
#3127=CARTESIAN_POINT('',(-51.5,12.5,13.4258));
#3128=CARTESIAN_POINT('Origin',(-52.5,12.5,13.4238));
#3129=CARTESIAN_POINT('Origin',(15.5194,12.51164,13.4238));
#3130=CARTESIAN_POINT('Origin',(52.5,12.5,13.4258));
#3131=CARTESIAN_POINT('',(53.5,12.5,13.4238));
#3132=CARTESIAN_POINT('',(53.5,12.5,13.4258));
#3133=CARTESIAN_POINT('Origin',(52.5,12.5,13.4238));
#3134=CARTESIAN_POINT('Origin',(15.5194,12.51164,13.4238));
#3135=CARTESIAN_POINT('Origin',(52.5,-12.5,13.4258));
#3136=CARTESIAN_POINT('',(53.5,-12.5,13.4238));
#3137=CARTESIAN_POINT('',(53.5,-12.5,13.4258));
#3138=CARTESIAN_POINT('Origin',(52.5,-12.5,13.4238));
#3139=CARTESIAN_POINT('Origin',(15.5194,12.51164,13.4238));
#3140=CARTESIAN_POINT('Origin',(65.50000000001,-1.,13.4258));
#3141=CARTESIAN_POINT('',(65.50000000001,14.2426406871293,13.4258));
#3142=CARTESIAN_POINT('',(65.50000000001,-16.2426406871293,13.4258));
#3143=CARTESIAN_POINT('Origin',(60.8713203435697,-20.8713203435697,13.4258));
#3144=CARTESIAN_POINT('',(56.2426406871293,-25.50000000001,13.4258));
#3145=CARTESIAN_POINT('Origin',(6.93889390390723E-15,-25.50000000001,13.4258));
#3146=CARTESIAN_POINT('',(-56.2426406871293,-25.50000000001,13.4258));
#3147=CARTESIAN_POINT('Origin',(-60.8713203435696,-20.8713203435697,13.4258));
#3148=CARTESIAN_POINT('',(-65.50000000001,-16.2426406871292,13.4258));
#3149=CARTESIAN_POINT('Origin',(-65.50000000001,-1.,13.4258));
#3150=CARTESIAN_POINT('',(-65.50000000001,14.2426406871293,13.4258));
#3151=CARTESIAN_POINT('Origin',(60.8713203435697,18.8713203435697,13.4258));
#3152=CARTESIAN_POINT('',(56.2426406871293,23.50000000001,13.4258));
#3153=CARTESIAN_POINT('Origin',(-60.8713203435697,18.8713203435697,13.4258));
#3154=CARTESIAN_POINT('',(-56.2426406871293,23.50000000001,13.4258));
#3155=CARTESIAN_POINT('Origin',(1.04083408558608E-14,23.50000000001,13.4258));
#3156=CARTESIAN_POINT('',(18.51940000001,23.50000000001,-1.39999999999));
#3157=CARTESIAN_POINT('',(18.51940000001,23.50000000001,13.4258));
#3158=CARTESIAN_POINT('',(-18.51940000001,23.50000000001,-1.39999999999));
#3159=CARTESIAN_POINT('',(1.04083408558608E-14,23.50000000001,-1.39999999999));
#3160=CARTESIAN_POINT('',(-18.51940000001,23.50000000001,13.4258));
#3161=CARTESIAN_POINT('Origin',(-1.38777878078145E-14,-1.,-6.));
#3162=CARTESIAN_POINT('',(-64.50000000001,13.8284271247562,-6.));
#3163=CARTESIAN_POINT('',(-55.8284271247562,22.50000000001,-6.));
#3164=CARTESIAN_POINT('',(-54.9497474683158,23.3786796564504,-6.));
#3165=CARTESIAN_POINT('',(55.8284271247562,22.50000000001,-6.));
#3166=CARTESIAN_POINT('',(57.0710678118755,22.50000000001,-6.));
#3167=CARTESIAN_POINT('',(64.50000000001,13.8284271247562,-6.));
#3168=CARTESIAN_POINT('',(39.6642135623831,38.6642135623831,-6.));
#3169=CARTESIAN_POINT('',(64.50000000001,-15.8284271247562,-6.));
#3170=CARTESIAN_POINT('',(64.50000000001,-17.0710678118755,-6.));
#3171=CARTESIAN_POINT('',(55.8284271247562,-24.50000000001,-6.));
#3172=CARTESIAN_POINT('',(54.9497474683158,-25.3786796564504,-6.));
#3173=CARTESIAN_POINT('',(-55.8284271247562,-24.50000000001,-6.));
#3174=CARTESIAN_POINT('',(-57.0710678118755,-24.50000000001,-6.));
#3175=CARTESIAN_POINT('',(-64.50000000001,-15.8284271247562,-6.));
#3176=CARTESIAN_POINT('',(-65.3786796564504,-14.9497474683158,-6.));
#3177=CARTESIAN_POINT('',(-64.50000000001,15.0710678118754,-6.));
#3178=CARTESIAN_POINT('Origin',(-36.0881271247563,24.50000000001,-244.393821135332));
#3179=CARTESIAN_POINT('',(18.51940000001,24.50000000001,-244.393821135332));
#3180=CARTESIAN_POINT('',(56.6568542495024,24.50000000001,-244.393821135332));
#3181=CARTESIAN_POINT('Origin',(-61.5784271247562,19.5784271247561,-244.393821135332));
#3182=CARTESIAN_POINT('',(-66.50000000001,14.6568542495023,-244.393821135332));
#3183=CARTESIAN_POINT('Origin',(-66.50000000001,-1.00000000000003,-244.393821135332));
#3184=CARTESIAN_POINT('',(-66.50000000001,-16.6568542495024,-244.393821135332));
#3185=CARTESIAN_POINT('Origin',(-61.5784271247562,-21.5784271247562,-244.393821135332));
#3186=CARTESIAN_POINT('',(-56.6568542495024,-26.5000000000101,-244.393821135332));
#3187=CARTESIAN_POINT('Origin',(-2.46346585448005E-14,-26.5000000000101,
-244.393821135332));
#3188=CARTESIAN_POINT('',(56.6568542495024,-26.5000000000101,-244.393821135332));
#3189=CARTESIAN_POINT('Origin',(61.5784271247562,-21.5784271247562,-244.393821135332));
#3190=CARTESIAN_POINT('',(66.50000000001,-16.6568542495024,-244.393821135332));
#3191=CARTESIAN_POINT('Origin',(66.50000000001,-1.00000000000003,-244.393821135332));
#3192=CARTESIAN_POINT('',(66.50000000001,14.6568542495024,-244.393821135332));
#3193=CARTESIAN_POINT('Origin',(61.5784271247562,19.5784271247561,-244.393821135332));
#3194=CARTESIAN_POINT('Origin',(-39.6642135623831,-40.6642135623831,-6.));
#3195=CARTESIAN_POINT('',(-57.8004933756883,-13.0534006197538,-12.6995066243217));
#3196=CARTESIAN_POINT('',(-51.4175027335715,-13.8510865122095,-16.6489134878005));
#3197=CARTESIAN_POINT('Origin',(-1.38777878078145E-14,-24.50000000001,-6.));
#3198=CARTESIAN_POINT('',(57.6345354668761,-28.8603312546709,-1.63966874533905));
#3199=CARTESIAN_POINT('Origin',(-64.50000000001,-1.,-6.));
#3200=CARTESIAN_POINT('',(-61.6715728752619,12.6568542495016,-8.82842712474808));
#3201=CARTESIAN_POINT('Origin',(39.6642135623831,-40.6642135623831,-6.));
#3202=CARTESIAN_POINT('',(61.6715728752619,-14.6568542495016,-8.82842712474807));
#3203=CARTESIAN_POINT('Origin',(-39.6642135623831,38.6642135623831,-6.));
#3204=CARTESIAN_POINT('',(-51.4175027335715,11.8510865122095,-16.6489134878005));
#3205=CARTESIAN_POINT('Origin',(64.50000000001,-1.,-6.));
#3206=CARTESIAN_POINT('',(61.6715728752619,12.6568542495016,-8.82842712474809));
#3207=CARTESIAN_POINT('Origin',(-1.38777878078145E-14,22.50000000001,-6.));
#3208=CARTESIAN_POINT('',(51.4175027335715,11.8510865122095,-16.6489134878005));
#3209=CARTESIAN_POINT('Origin',(62.2855339059428,20.2855339059427,-3.));
#3210=CARTESIAN_POINT('Origin',(4.07889322033892E-32,22.50000000001,-1.39999999999));
#3211=CARTESIAN_POINT('',(18.51940000001,22.50000000001,-1.39999999999));
#3212=CARTESIAN_POINT('',(-18.51940000001,22.50000000001,-1.39999999999));
#3213=CARTESIAN_POINT('Origin',(18.51940000001,22.50000000001,7.51190000000499));
#3214=CARTESIAN_POINT('Origin',(-18.51940000001,22.50000000001,7.51190000000499));
#3215=CARTESIAN_POINT('',(1.13330884230873E-63,0.999999999999996,6.));
#3216=UNCERTAINTY_MEASURE_WITH_UNIT(LENGTH_MEASURE(0.01),#3222,
'DISTANCE_ACCURACY_VALUE',
'Maximum model space distance between geometric entities at asserted c
onnectivities');
#3217=UNCERTAINTY_MEASURE_WITH_UNIT(LENGTH_MEASURE(0.01),#3222,
'DISTANCE_ACCURACY_VALUE',
'Maximum model space distance between geometric entities at asserted c
onnectivities');
#3218=UNCERTAINTY_MEASURE_WITH_UNIT(LENGTH_MEASURE(0.01),#3222,
'DISTANCE_ACCURACY_VALUE',
'Maximum model space distance between geometric entities at asserted c
onnectivities');
#3219=(
GEOMETRIC_REPRESENTATION_CONTEXT(3)
GLOBAL_UNCERTAINTY_ASSIGNED_CONTEXT((#3216))
GLOBAL_UNIT_ASSIGNED_CONTEXT((#3222,#3224,#3225))
REPRESENTATION_CONTEXT('','3D')
);
#3220=(
GEOMETRIC_REPRESENTATION_CONTEXT(3)
GLOBAL_UNCERTAINTY_ASSIGNED_CONTEXT((#3217))
GLOBAL_UNIT_ASSIGNED_CONTEXT((#3222,#3224,#3225))
REPRESENTATION_CONTEXT('','3D')
);
#3221=(
GEOMETRIC_REPRESENTATION_CONTEXT(3)
GLOBAL_UNCERTAINTY_ASSIGNED_CONTEXT((#3218))
GLOBAL_UNIT_ASSIGNED_CONTEXT((#3222,#3224,#3225))
REPRESENTATION_CONTEXT('','3D')
);
#3222=(
LENGTH_UNIT()
NAMED_UNIT(*)
SI_UNIT(.MILLI.,.METRE.)
);
#3223=(
LENGTH_UNIT()
NAMED_UNIT(*)
SI_UNIT($,.METRE.)
);
#3224=(
NAMED_UNIT(*)
PLANE_ANGLE_UNIT()
SI_UNIT($,.RADIAN.)
);
#3225=(
NAMED_UNIT(*)
SI_UNIT($,.STERADIAN.)
SOLID_ANGLE_UNIT()
);
#3226=SHAPE_DEFINITION_REPRESENTATION(#3228,#3231);
#3227=SHAPE_DEFINITION_REPRESENTATION(#3229,#3232);
#3228=PRODUCT_DEFINITION_SHAPE('',$,#3234);
#3229=PRODUCT_DEFINITION_SHAPE('',$,#3235);
#3230=PRODUCT_DEFINITION_SHAPE($,$,#14);
#3231=SHAPE_REPRESENTATION('',(#1140,#1226),#3219);
#3232=SHAPE_REPRESENTATION('',(#1141),#3220);
#3233=PRODUCT_DEFINITION_CONTEXT('part definition',#3241,'design');
#3234=PRODUCT_DEFINITION('Shell Assembly','Shell Assembly v5',#3236,#3233);
#3235=PRODUCT_DEFINITION('Bottom Shell','Bottom Shell',#3237,#3233);
#3236=PRODUCT_DEFINITION_FORMATION('',$,#3243);
#3237=PRODUCT_DEFINITION_FORMATION('',$,#3244);
#3238=PRODUCT_RELATED_PRODUCT_CATEGORY('Shell Assembly v5',
'Shell Assembly v5',(#3243));
#3239=PRODUCT_RELATED_PRODUCT_CATEGORY('Bottom Shell','Bottom Shell',(#3244));
#3240=APPLICATION_PROTOCOL_DEFINITION('international standard',
'automotive_design',2009,#3241);
#3241=APPLICATION_CONTEXT(
'Core Data for Automotive Mechanical Design Process');
#3242=PRODUCT_CONTEXT('part definition',#3241,'mechanical');
#3243=PRODUCT('Shell Assembly','Shell Assembly v5',
'STEP AP242 Edition 2',(#3242));
#3244=PRODUCT('Bottom Shell','Bottom Shell','Bottom Shell',(#3242));
#3245=PRESENTATION_STYLE_ASSIGNMENT((#3249));
#3246=PRESENTATION_STYLE_ASSIGNMENT((#3250));
#3247=PRESENTATION_STYLE_ASSIGNMENT((#3251));
#3248=PRESENTATION_STYLE_ASSIGNMENT((#3252));
#3249=SURFACE_STYLE_USAGE(.BOTH.,#3253);
#3250=SURFACE_STYLE_USAGE(.BOTH.,#3254);
#3251=SURFACE_STYLE_USAGE(.BOTH.,#3255);
#3252=SURFACE_STYLE_USAGE(.BOTH.,#3256);
#3253=SURFACE_SIDE_STYLE('',(#3257));
#3254=SURFACE_SIDE_STYLE('',(#3258));
#3255=SURFACE_SIDE_STYLE('',(#3259));
#3256=SURFACE_SIDE_STYLE('',(#3260));
#3257=SURFACE_STYLE_FILL_AREA(#3261);
#3258=SURFACE_STYLE_FILL_AREA(#3262);
#3259=SURFACE_STYLE_FILL_AREA(#3263);
#3260=SURFACE_STYLE_FILL_AREA(#3264);
#3261=FILL_AREA_STYLE('Steel - Satin',(#3265));
#3262=FILL_AREA_STYLE('Opaque(38,37,37)',(#3266));
#3263=FILL_AREA_STYLE('Opaque(219,188,126)',(#3267));
#3264=FILL_AREA_STYLE('Opaque(203,231,190)',(#3268));
#3265=FILL_AREA_STYLE_COLOUR('Steel - Satin',#3269);
#3266=FILL_AREA_STYLE_COLOUR('Opaque(38,37,37)',#3270);
#3267=FILL_AREA_STYLE_COLOUR('Opaque(219,188,126)',#3271);
#3268=FILL_AREA_STYLE_COLOUR('Opaque(203,231,190)',#3272);
#3269=COLOUR_RGB('Steel - Satin',0.627450980392157,0.627450980392157,0.627450980392157);
#3270=COLOUR_RGB('Opaque(38,37,37)',0.149019607843137,0.145098039215686,
0.145098039215686);
#3271=COLOUR_RGB('Opaque(219,188,126)',0.858823529411765,0.737254901960784,
0.494117647058824);
#3272=COLOUR_RGB('Opaque(203,231,190)',0.796078431372549,0.905882352941176,
0.745098039215686);
ENDSEC;
END-ISO-10303-21;
