ISO-10303-21;
HEADER;
/* Generated by software containing ST-Developer
 * from STEP Tools, Inc. (www.steptools.com) 
 */

FILE_DESCRIPTION(
/* description */ ('STEP AP242 Edition 2'),
/* implementation_level */ '2;1');

FILE_NAME(
/* name */ 'D-Pad.step',
/* time_stamp */ '2026-03-25T13:00:11+05:30',
/* author */ (''),
/* organization */ (''),
/* preprocessor_version */ 'ST-DEVELOPER v20.1',
/* originating_system */ 'Autodesk Translation Framework v14.24.0.0',
/* authorisation */ '');

FILE_SCHEMA (('AUTOMOTIVE_DESIGN { 1 0 10303 214 3 1 1 }'));
ENDSEC;

DATA;
#10=MECHANICAL_DESIGN_GEOMETRIC_PRESENTATION_REPRESENTATION('',(#17),#1690);
#11=ITEM_DEFINED_TRANSFORMATION($,$,#761,#802);
#12=(
REPRESENTATION_RELATIONSHIP($,$,#1701,#1700)
REPRESENTATION_RELATIONSHIP_WITH_TRANSFORMATION(#11)
SHAPE_REPRESENTATION_RELATIONSHIP()
);
#13=CONTEXT_DEPENDENT_SHAPE_REPRESENTATION(#12,#1699);
#14=NEXT_ASSEMBLY_USAGE_OCCURRENCE('D-Pad:1','D-Pad:1','D-Pad:1',#1703,
#1704,'D-Pad:1');
#15=SHAPE_REPRESENTATION_RELATIONSHIP('SRR','None',#1701,#16);
#16=ADVANCED_BREP_SHAPE_REPRESENTATION('',(#18),#1689);
#17=STYLED_ITEM('',(#1717),#18);
#18=MANIFOLD_SOLID_BREP('Body1',#747);
#19=B_SPLINE_SURFACE_WITH_KNOTS('',3,1,((#1340,#1341),(#1342,#1343),(#1344,
#1345),(#1346,#1347),(#1348,#1349),(#1350,#1351),(#1352,#1353),(#1354,#1355),
(#1356,#1357),(#1358,#1359),(#1360,#1361),(#1362,#1363),(#1364,#1365),(#1366,
#1367),(#1368,#1369),(#1370,#1371),(#1372,#1373),(#1374,#1375),(#1376,#1377),
(#1378,#1379),(#1380,#1381),(#1382,#1383),(#1384,#1385),(#1386,#1387),(#1388,
#1389),(#1390,#1391),(#1392,#1393),(#1394,#1395),(#1396,#1397),(#1398,#1399),
(#1400,#1401),(#1402,#1403),(#1404,#1405),(#1406,#1407),(#1408,#1409),(#1410,
#1411),(#1412,#1413),(#1414,#1415),(#1416,#1417),(#1418,#1419),(#1420,#1421),
(#1422,#1423),(#1424,#1425),(#1426,#1427),(#1428,#1429),(#1430,#1431),(#1432,
#1433),(#1434,#1435),(#1436,#1437),(#1438,#1439),(#1440,#1441),(#1442,#1443),
(#1444,#1445),(#1446,#1447),(#1448,#1449),(#1450,#1451),(#1452,#1453),(#1454,
#1455),(#1456,#1457),(#1458,#1459),(#1460,#1461),(#1462,#1463),(#1464,#1465),
(#1466,#1467),(#1468,#1469),(#1470,#1471),(#1472,#1473),(#1474,#1475),(#1476,
#1477),(#1478,#1479),(#1480,#1481),(#1482,#1483),(#1484,#1485),(#1486,#1487),
(#1488,#1489),(#1490,#1491),(#1492,#1493),(#1494,#1495),(#1496,#1497),(#1498,
#1499),(#1500,#1501),(#1502,#1503),(#1504,#1505),(#1506,#1507),(#1508,#1509),
(#1510,#1511),(#1512,#1513),(#1514,#1515),(#1516,#1517),(#1518,#1519),(#1520,
#1521),(#1522,#1523),(#1524,#1525),(#1526,#1527),(#1528,#1529),(#1530,#1531),
(#1532,#1533),(#1534,#1535),(#1536,#1537),(#1538,#1539),(#1540,#1541),(#1542,
#1543),(#1544,#1545),(#1546,#1547),(#1548,#1549),(#1550,#1551),(#1552,#1553),
(#1554,#1555),(#1556,#1557),(#1558,#1559),(#1560,#1561),(#1562,#1563),(#1564,
#1565),(#1566,#1567),(#1568,#1569),(#1570,#1571),(#1572,#1573),(#1574,#1575),
(#1576,#1577),(#1578,#1579),(#1580,#1581),(#1582,#1583),(#1584,#1585)),
 .UNSPECIFIED.,.T.,.F.,.F.,(4,1,1,1,1,1,1,1,1,1,1,1,1,1,1,1,1,1,1,1,1,1,
1,1,1,1,1,1,1,1,1,1,1,1,1,1,1,1,1,1,1,1,1,1,1,1,1,1,1,1,1,1,1,1,1,1,1,1,
1,1,1,1,1,1,1,1,1,1,1,1,1,1,1,1,1,1,1,1,1,1,1,1,1,1,1,1,1,1,1,1,1,1,1,1,
1,1,1,1,1,1,1,1,1,1,1,1,1,1,1,1,1,1,1,1,1,1,1,1,1,1,4),(2,2),(0.,0.00390625,
0.0078125,0.015625,0.0234375,0.03125,0.046875,0.0625,0.0703125,0.078125,
0.08203125,0.0859375,0.09375,0.1015625,0.109375,0.125,0.140625,0.1484375,
0.15625,0.1640625,0.16796875,0.171875,0.1796875,0.1875,0.203125,0.21875,
0.2265625,0.234375,0.2421875,0.24609375,0.25,0.25390625,0.2578125,0.265625,
0.2734375,0.28125,0.296875,0.3125,0.3203125,0.328125,0.33203125,0.3359375,
0.34375,0.3515625,0.359375,0.375,0.390625,0.3984375,0.40625,0.4140625,0.41796875,
0.421875,0.4296875,0.4375,0.453125,0.46875,0.4765625,0.484375,0.4921875,
0.49609375,0.5,0.50390625,0.5078125,0.515625,0.5234375,0.53125,0.546875,
0.5625,0.5703125,0.578125,0.58203125,0.5859375,0.59375,0.6015625,0.609375,
0.625,0.640625,0.6484375,0.65625,0.6640625,0.66796875,0.671875,0.6796875,
0.6875,0.703125,0.71875,0.7265625,0.734375,0.7421875,0.74609375,0.75,0.75390625,
0.7578125,0.765625,0.7734375,0.78125,0.796875,0.8125,0.8203125,0.828125,
0.83203125,0.8359375,0.84375,0.8515625,0.859375,0.875,0.890625,0.8984375,
0.90625,0.9140625,0.91796875,0.921875,0.9296875,0.9375,0.953125,0.96875,
0.9765625,0.984375,0.9921875,0.99609375,1.),(0.,0.536856000000022),
 .UNSPECIFIED.);
#20=FACE_BOUND('',#80,.T.);
#21=FACE_BOUND('',#82,.T.);
#22=B_SPLINE_CURVE_WITH_KNOTS('',3,(#1063,#1064,#1065,#1066,#1067,#1068,
#1069,#1070,#1071,#1072,#1073,#1074,#1075,#1076,#1077,#1078,#1079,#1080,
#1081,#1082,#1083,#1084,#1085,#1086,#1087,#1088,#1089,#1090,#1091,#1092,
#1093,#1094,#1095,#1096,#1097,#1098,#1099,#1100,#1101,#1102,#1103,#1104,
#1105,#1106,#1107,#1108,#1109,#1110,#1111,#1112,#1113,#1114,#1115,#1116,
#1117,#1118,#1119,#1120,#1121,#1122,#1123,#1124,#1125,#1126,#1127,#1128,
#1129,#1130,#1131,#1132,#1133,#1134,#1135,#1136,#1137,#1138,#1139,#1140,
#1141,#1142,#1143,#1144,#1145,#1146,#1147,#1148,#1149,#1150,#1151,#1152,
#1153,#1154,#1155,#1156,#1157,#1158,#1159,#1160,#1161,#1162,#1163,#1164,
#1165,#1166,#1167,#1168,#1169,#1170,#1171,#1172,#1173,#1174,#1175,#1176,
#1177,#1178,#1179,#1180,#1181,#1182,#1183,#1184,#1185),.UNSPECIFIED.,.T.,
 .F.,(4,1,1,1,1,1,1,1,1,1,1,1,1,1,1,1,1,1,1,1,1,1,1,1,1,1,1,1,1,1,1,1,1,
1,1,1,1,1,1,1,1,1,1,1,1,1,1,1,1,1,1,1,1,1,1,1,1,1,1,1,1,1,1,1,1,1,1,1,1,
1,1,1,1,1,1,1,1,1,1,1,1,1,1,1,1,1,1,1,1,1,1,1,1,1,1,1,1,1,1,1,1,1,1,1,1,
1,1,1,1,1,1,1,1,1,1,1,1,1,1,1,4),(0.,0.00390625,0.0078125,0.015625,0.0234375,
0.03125,0.046875,0.0625,0.0703125,0.078125,0.08203125,0.0859375,0.09375,
0.1015625,0.109375,0.125,0.140625,0.1484375,0.15625,0.1640625,0.16796875,
0.171875,0.1796875,0.1875,0.203125,0.21875,0.2265625,0.234375,0.2421875,
0.24609375,0.25,0.25390625,0.2578125,0.265625,0.2734375,0.28125,0.296875,
0.3125,0.3203125,0.328125,0.33203125,0.3359375,0.34375,0.3515625,0.359375,
0.375,0.390625,0.3984375,0.40625,0.4140625,0.41796875,0.421875,0.4296875,
0.4375,0.453125,0.46875,0.4765625,0.484375,0.4921875,0.49609375,0.5,0.50390625,
0.5078125,0.515625,0.5234375,0.53125,0.546875,0.5625,0.5703125,0.578125,
0.58203125,0.5859375,0.59375,0.6015625,0.609375,0.625,0.640625,0.6484375,
0.65625,0.6640625,0.66796875,0.671875,0.6796875,0.6875,0.703125,0.71875,
0.7265625,0.734375,0.7421875,0.74609375,0.75,0.75390625,0.7578125,0.765625,
0.7734375,0.78125,0.796875,0.8125,0.8203125,0.828125,0.83203125,0.8359375,
0.84375,0.8515625,0.859375,0.875,0.890625,0.8984375,0.90625,0.9140625,0.91796875,
0.921875,0.9296875,0.9375,0.953125,0.96875,0.9765625,0.984375,0.9921875,
0.99609375,1.),.UNSPECIFIED.);
#23=B_SPLINE_CURVE_WITH_KNOTS('',3,(#1189,#1190,#1191,#1192,#1193,#1194,
#1195,#1196,#1197,#1198,#1199,#1200,#1201,#1202,#1203,#1204,#1205,#1206,
#1207,#1208,#1209,#1210,#1211,#1212,#1213,#1214,#1215,#1216,#1217,#1218,
#1219,#1220,#1221,#1222,#1223,#1224,#1225,#1226,#1227,#1228,#1229,#1230,
#1231,#1232,#1233,#1234,#1235,#1236,#1237,#1238,#1239,#1240,#1241,#1242,
#1243,#1244,#1245,#1246,#1247,#1248,#1249,#1250,#1251,#1252,#1253,#1254,
#1255,#1256,#1257,#1258,#1259,#1260,#1261,#1262,#1263,#1264,#1265,#1266,
#1267,#1268,#1269,#1270,#1271,#1272,#1273,#1274,#1275,#1276,#1277,#1278,
#1279,#1280,#1281,#1282,#1283,#1284,#1285,#1286,#1287,#1288,#1289,#1290,
#1291,#1292,#1293,#1294,#1295,#1296,#1297,#1298,#1299,#1300,#1301,#1302,
#1303,#1304,#1305),.UNSPECIFIED.,.F.,.F.,(4,1,1,1,1,1,1,1,1,1,1,1,1,1,1,
1,1,1,1,1,1,1,1,1,1,1,1,1,1,1,1,1,1,1,1,1,1,1,1,1,1,1,1,1,1,1,1,1,1,1,1,
1,1,1,1,1,1,1,1,1,1,1,1,1,1,1,1,1,1,1,1,1,1,1,1,1,1,1,1,1,1,1,1,1,1,1,1,
1,1,1,1,1,1,1,1,1,1,1,1,1,1,1,1,1,1,1,1,1,1,1,1,1,1,1,4),(0.0573960552394244,
0.0625,0.0703125,0.078125,0.08203125,0.0859375,0.09375,0.1015625,0.109375,
0.125,0.140625,0.1484375,0.15625,0.1640625,0.16796875,0.171875,0.1796875,
0.1875,0.203125,0.21875,0.2265625,0.234375,0.2421875,0.24609375,0.25,0.25390625,
0.2578125,0.265625,0.2734375,0.28125,0.296875,0.3125,0.3203125,0.328125,
0.33203125,0.3359375,0.34375,0.3515625,0.359375,0.375,0.390625,0.3984375,
0.40625,0.4140625,0.41796875,0.421875,0.4296875,0.4375,0.453125,0.46875,
0.4765625,0.484375,0.4921875,0.49609375,0.5,0.50390625,0.5078125,0.515625,
0.5234375,0.53125,0.546875,0.5625,0.5703125,0.578125,0.58203125,0.5859375,
0.59375,0.6015625,0.609375,0.625,0.640625,0.6484375,0.65625,0.6640625,0.66796875,
0.671875,0.6796875,0.6875,0.703125,0.71875,0.7265625,0.734375,0.7421875,
0.74609375,0.75,0.75390625,0.7578125,0.765625,0.7734375,0.78125,0.796875,
0.8125,0.8203125,0.828125,0.83203125,0.8359375,0.84375,0.8515625,0.859375,
0.875,0.890625,0.8984375,0.90625,0.9140625,0.91796875,0.921875,0.9296875,
0.9375,0.953125,0.96875,0.9765625,0.984375,0.9921875,0.99609375,1.),
 .UNSPECIFIED.);
#24=B_SPLINE_CURVE_WITH_KNOTS('',3,(#1306,#1307,#1308,#1309,#1310,#1311,
#1312,#1313,#1314,#1315),.UNSPECIFIED.,.F.,.F.,(4,1,1,1,1,1,1,4),(1.,1.00390625,
1.0078125,1.015625,1.0234375,1.03125,1.046875,1.05739605523942),
 .UNSPECIFIED.);
#25=FACE_OUTER_BOUND('',#66,.T.);
#26=FACE_OUTER_BOUND('',#67,.T.);
#27=FACE_OUTER_BOUND('',#68,.T.);
#28=FACE_OUTER_BOUND('',#69,.T.);
#29=FACE_OUTER_BOUND('',#70,.T.);
#30=FACE_OUTER_BOUND('',#71,.T.);
#31=FACE_OUTER_BOUND('',#72,.T.);
#32=FACE_OUTER_BOUND('',#73,.T.);
#33=FACE_OUTER_BOUND('',#74,.T.);
#34=FACE_OUTER_BOUND('',#75,.T.);
#35=FACE_OUTER_BOUND('',#76,.T.);
#36=FACE_OUTER_BOUND('',#77,.T.);
#37=FACE_OUTER_BOUND('',#78,.T.);
#38=FACE_OUTER_BOUND('',#79,.T.);
#39=FACE_OUTER_BOUND('',#81,.T.);
#40=FACE_OUTER_BOUND('',#83,.T.);
#41=FACE_OUTER_BOUND('',#84,.T.);
#42=FACE_OUTER_BOUND('',#85,.T.);
#43=FACE_OUTER_BOUND('',#86,.T.);
#44=FACE_OUTER_BOUND('',#87,.T.);
#45=FACE_OUTER_BOUND('',#88,.T.);
#46=FACE_OUTER_BOUND('',#89,.T.);
#47=FACE_OUTER_BOUND('',#90,.T.);
#48=FACE_OUTER_BOUND('',#91,.T.);
#49=FACE_OUTER_BOUND('',#92,.T.);
#50=FACE_OUTER_BOUND('',#93,.T.);
#51=FACE_OUTER_BOUND('',#94,.T.);
#52=FACE_OUTER_BOUND('',#95,.T.);
#53=FACE_OUTER_BOUND('',#96,.T.);
#54=FACE_OUTER_BOUND('',#97,.T.);
#55=FACE_OUTER_BOUND('',#98,.T.);
#56=FACE_OUTER_BOUND('',#99,.T.);
#57=FACE_OUTER_BOUND('',#100,.T.);
#58=FACE_OUTER_BOUND('',#101,.T.);
#59=FACE_OUTER_BOUND('',#102,.T.);
#60=FACE_OUTER_BOUND('',#103,.T.);
#61=FACE_OUTER_BOUND('',#104,.T.);
#62=FACE_OUTER_BOUND('',#105,.T.);
#63=FACE_OUTER_BOUND('',#106,.T.);
#64=FACE_OUTER_BOUND('',#107,.T.);
#65=FACE_OUTER_BOUND('',#108,.T.);
#66=EDGE_LOOP('',(#466,#467,#468,#469));
#67=EDGE_LOOP('',(#470,#471,#472,#473));
#68=EDGE_LOOP('',(#474,#475,#476,#477));
#69=EDGE_LOOP('',(#478,#479,#480,#481));
#70=EDGE_LOOP('',(#482,#483,#484,#485));
#71=EDGE_LOOP('',(#486,#487,#488,#489));
#72=EDGE_LOOP('',(#490,#491,#492,#493));
#73=EDGE_LOOP('',(#494,#495,#496,#497));
#74=EDGE_LOOP('',(#498,#499,#500,#501));
#75=EDGE_LOOP('',(#502,#503,#504,#505));
#76=EDGE_LOOP('',(#506,#507,#508,#509));
#77=EDGE_LOOP('',(#510,#511,#512,#513));
#78=EDGE_LOOP('',(#514,#515,#516,#517,#518,#519,#520,#521,#522,#523,#524,
#525));
#79=EDGE_LOOP('',(#526));
#80=EDGE_LOOP('',(#527,#528,#529,#530,#531,#532,#533,#534,#535,#536,#537,
#538));
#81=EDGE_LOOP('',(#539,#540));
#82=EDGE_LOOP('',(#541,#542,#543,#544,#545,#546,#547,#548,#549,#550,#551,
#552));
#83=EDGE_LOOP('',(#553,#554,#555,#556,#557));
#84=EDGE_LOOP('',(#558,#559,#560,#561,#562,#563,#564,#565,#566,#567,#568,
#569));
#85=EDGE_LOOP('',(#570,#571,#572,#573));
#86=EDGE_LOOP('',(#574,#575,#576,#577));
#87=EDGE_LOOP('',(#578,#579,#580,#581));
#88=EDGE_LOOP('',(#582,#583,#584,#585));
#89=EDGE_LOOP('',(#586,#587,#588,#589));
#90=EDGE_LOOP('',(#590,#591,#592,#593));
#91=EDGE_LOOP('',(#594,#595,#596,#597));
#92=EDGE_LOOP('',(#598,#599,#600,#601));
#93=EDGE_LOOP('',(#602,#603,#604,#605));
#94=EDGE_LOOP('',(#606,#607,#608,#609));
#95=EDGE_LOOP('',(#610,#611,#612,#613));
#96=EDGE_LOOP('',(#614,#615,#616,#617));
#97=EDGE_LOOP('',(#618,#619,#620,#621));
#98=EDGE_LOOP('',(#622,#623,#624,#625));
#99=EDGE_LOOP('',(#626,#627,#628,#629));
#100=EDGE_LOOP('',(#630,#631,#632,#633));
#101=EDGE_LOOP('',(#634,#635,#636,#637));
#102=EDGE_LOOP('',(#638,#639,#640,#641));
#103=EDGE_LOOP('',(#642,#643,#644,#645));
#104=EDGE_LOOP('',(#646,#647,#648,#649));
#105=EDGE_LOOP('',(#650,#651,#652,#653));
#106=EDGE_LOOP('',(#654,#655,#656,#657));
#107=EDGE_LOOP('',(#658,#659,#660,#661));
#108=EDGE_LOOP('',(#662,#663,#664,#665));
#109=LINE('',#991,#206);
#110=LINE('',#993,#207);
#111=LINE('',#995,#208);
#112=LINE('',#996,#209);
#113=LINE('',#1000,#210);
#114=LINE('',#1001,#211);
#115=LINE('',#1002,#212);
#116=LINE('',#1005,#213);
#117=LINE('',#1007,#214);
#118=LINE('',#1008,#215);
#119=LINE('',#1011,#216);
#120=LINE('',#1013,#217);
#121=LINE('',#1014,#218);
#122=LINE('',#1017,#219);
#123=LINE('',#1019,#220);
#124=LINE('',#1020,#221);
#125=LINE('',#1023,#222);
#126=LINE('',#1025,#223);
#127=LINE('',#1026,#224);
#128=LINE('',#1030,#225);
#129=LINE('',#1031,#226);
#130=LINE('',#1032,#227);
#131=LINE('',#1035,#228);
#132=LINE('',#1037,#229);
#133=LINE('',#1038,#230);
#134=LINE('',#1042,#231);
#135=LINE('',#1043,#232);
#136=LINE('',#1044,#233);
#137=LINE('',#1048,#234);
#138=LINE('',#1049,#235);
#139=LINE('',#1050,#236);
#140=LINE('',#1054,#237);
#141=LINE('',#1055,#238);
#142=LINE('',#1056,#239);
#143=LINE('',#1058,#240);
#144=LINE('',#1059,#241);
#145=LINE('',#1318,#242);
#146=LINE('',#1320,#243);
#147=LINE('',#1322,#244);
#148=LINE('',#1324,#245);
#149=LINE('',#1326,#246);
#150=LINE('',#1328,#247);
#151=LINE('',#1330,#248);
#152=LINE('',#1332,#249);
#153=LINE('',#1334,#250);
#154=LINE('',#1336,#251);
#155=LINE('',#1338,#252);
#156=LINE('',#1339,#253);
#157=LINE('',#1586,#254);
#158=LINE('',#1590,#255);
#159=LINE('',#1592,#256);
#160=LINE('',#1594,#257);
#161=LINE('',#1596,#258);
#162=LINE('',#1598,#259);
#163=LINE('',#1600,#260);
#164=LINE('',#1602,#261);
#165=LINE('',#1604,#262);
#166=LINE('',#1606,#263);
#167=LINE('',#1608,#264);
#168=LINE('',#1610,#265);
#169=LINE('',#1611,#266);
#170=LINE('',#1614,#267);
#171=LINE('',#1616,#268);
#172=LINE('',#1617,#269);
#173=LINE('',#1620,#270);
#174=LINE('',#1621,#271);
#175=LINE('',#1624,#272);
#176=LINE('',#1625,#273);
#177=LINE('',#1628,#274);
#178=LINE('',#1629,#275);
#179=LINE('',#1632,#276);
#180=LINE('',#1633,#277);
#181=LINE('',#1636,#278);
#182=LINE('',#1637,#279);
#183=LINE('',#1640,#280);
#184=LINE('',#1641,#281);
#185=LINE('',#1644,#282);
#186=LINE('',#1645,#283);
#187=LINE('',#1648,#284);
#188=LINE('',#1649,#285);
#189=LINE('',#1652,#286);
#190=LINE('',#1653,#287);
#191=LINE('',#1656,#288);
#192=LINE('',#1657,#289);
#193=LINE('',#1659,#290);
#194=LINE('',#1661,#291);
#195=LINE('',#1662,#292);
#196=LINE('',#1664,#293);
#197=LINE('',#1666,#294);
#198=LINE('',#1668,#295);
#199=LINE('',#1670,#296);
#200=LINE('',#1672,#297);
#201=LINE('',#1674,#298);
#202=LINE('',#1676,#299);
#203=LINE('',#1678,#300);
#204=LINE('',#1680,#301);
#205=LINE('',#1682,#302);
#206=VECTOR('',#809,1000.);
#207=VECTOR('',#810,1000.);
#208=VECTOR('',#811,1000.);
#209=VECTOR('',#812,1000.);
#210=VECTOR('',#815,1000.);
#211=VECTOR('',#816,1000.);
#212=VECTOR('',#817,1000.);
#213=VECTOR('',#820,1000.);
#214=VECTOR('',#821,1000.);
#215=VECTOR('',#822,1000.);
#216=VECTOR('',#825,1000.);
#217=VECTOR('',#826,1000.);
#218=VECTOR('',#827,1000.);
#219=VECTOR('',#830,1000.);
#220=VECTOR('',#831,1000.);
#221=VECTOR('',#832,1000.);
#222=VECTOR('',#835,1000.);
#223=VECTOR('',#836,1000.);
#224=VECTOR('',#837,1000.);
#225=VECTOR('',#840,1000.);
#226=VECTOR('',#841,1000.);
#227=VECTOR('',#842,1000.);
#228=VECTOR('',#845,1000.);
#229=VECTOR('',#846,1000.);
#230=VECTOR('',#847,1000.);
#231=VECTOR('',#850,1000.);
#232=VECTOR('',#851,1000.);
#233=VECTOR('',#852,1000.);
#234=VECTOR('',#855,1000.);
#235=VECTOR('',#856,1000.);
#236=VECTOR('',#857,1000.);
#237=VECTOR('',#860,1000.);
#238=VECTOR('',#861,1000.);
#239=VECTOR('',#862,1000.);
#240=VECTOR('',#865,1000.);
#241=VECTOR('',#866,1000.);
#242=VECTOR('',#873,1000.);
#243=VECTOR('',#874,1000.);
#244=VECTOR('',#875,1000.);
#245=VECTOR('',#876,1000.);
#246=VECTOR('',#877,1000.);
#247=VECTOR('',#878,1000.);
#248=VECTOR('',#879,1000.);
#249=VECTOR('',#880,1000.);
#250=VECTOR('',#881,1000.);
#251=VECTOR('',#882,1000.);
#252=VECTOR('',#883,1000.);
#253=VECTOR('',#884,1000.);
#254=VECTOR('',#885,10.);
#255=VECTOR('',#888,1000.);
#256=VECTOR('',#889,1000.);
#257=VECTOR('',#890,1000.);
#258=VECTOR('',#891,1000.);
#259=VECTOR('',#892,1000.);
#260=VECTOR('',#893,1000.);
#261=VECTOR('',#894,1000.);
#262=VECTOR('',#895,1000.);
#263=VECTOR('',#896,1000.);
#264=VECTOR('',#897,1000.);
#265=VECTOR('',#898,1000.);
#266=VECTOR('',#899,1000.);
#267=VECTOR('',#902,1000.);
#268=VECTOR('',#903,1000.);
#269=VECTOR('',#904,1000.);
#270=VECTOR('',#907,1000.);
#271=VECTOR('',#908,1000.);
#272=VECTOR('',#911,1000.);
#273=VECTOR('',#912,1000.);
#274=VECTOR('',#915,1000.);
#275=VECTOR('',#916,1000.);
#276=VECTOR('',#919,1000.);
#277=VECTOR('',#920,1000.);
#278=VECTOR('',#923,1000.);
#279=VECTOR('',#924,1000.);
#280=VECTOR('',#927,1000.);
#281=VECTOR('',#928,1000.);
#282=VECTOR('',#931,1000.);
#283=VECTOR('',#932,1000.);
#284=VECTOR('',#935,1000.);
#285=VECTOR('',#936,1000.);
#286=VECTOR('',#939,1000.);
#287=VECTOR('',#940,1000.);
#288=VECTOR('',#943,1000.);
#289=VECTOR('',#944,1000.);
#290=VECTOR('',#947,1000.);
#291=VECTOR('',#950,1000.);
#292=VECTOR('',#951,1000.);
#293=VECTOR('',#954,1000.);
#294=VECTOR('',#957,1000.);
#295=VECTOR('',#960,1000.);
#296=VECTOR('',#963,1000.);
#297=VECTOR('',#966,1000.);
#298=VECTOR('',#969,1000.);
#299=VECTOR('',#972,1000.);
#300=VECTOR('',#975,1000.);
#301=VECTOR('',#978,1000.);
#302=VECTOR('',#981,1000.);
#303=VERTEX_POINT('',#989);
#304=VERTEX_POINT('',#990);
#305=VERTEX_POINT('',#992);
#306=VERTEX_POINT('',#994);
#307=VERTEX_POINT('',#998);
#308=VERTEX_POINT('',#999);
#309=VERTEX_POINT('',#1004);
#310=VERTEX_POINT('',#1006);
#311=VERTEX_POINT('',#1010);
#312=VERTEX_POINT('',#1012);
#313=VERTEX_POINT('',#1016);
#314=VERTEX_POINT('',#1018);
#315=VERTEX_POINT('',#1022);
#316=VERTEX_POINT('',#1024);
#317=VERTEX_POINT('',#1028);
#318=VERTEX_POINT('',#1029);
#319=VERTEX_POINT('',#1034);
#320=VERTEX_POINT('',#1036);
#321=VERTEX_POINT('',#1040);
#322=VERTEX_POINT('',#1041);
#323=VERTEX_POINT('',#1046);
#324=VERTEX_POINT('',#1047);
#325=VERTEX_POINT('',#1052);
#326=VERTEX_POINT('',#1053);
#327=VERTEX_POINT('',#1062);
#328=VERTEX_POINT('',#1187);
#329=VERTEX_POINT('',#1188);
#330=VERTEX_POINT('',#1316);
#331=VERTEX_POINT('',#1317);
#332=VERTEX_POINT('',#1319);
#333=VERTEX_POINT('',#1321);
#334=VERTEX_POINT('',#1323);
#335=VERTEX_POINT('',#1325);
#336=VERTEX_POINT('',#1327);
#337=VERTEX_POINT('',#1329);
#338=VERTEX_POINT('',#1331);
#339=VERTEX_POINT('',#1333);
#340=VERTEX_POINT('',#1335);
#341=VERTEX_POINT('',#1337);
#342=VERTEX_POINT('',#1588);
#343=VERTEX_POINT('',#1589);
#344=VERTEX_POINT('',#1591);
#345=VERTEX_POINT('',#1593);
#346=VERTEX_POINT('',#1595);
#347=VERTEX_POINT('',#1597);
#348=VERTEX_POINT('',#1599);
#349=VERTEX_POINT('',#1601);
#350=VERTEX_POINT('',#1603);
#351=VERTEX_POINT('',#1605);
#352=VERTEX_POINT('',#1607);
#353=VERTEX_POINT('',#1609);
#354=VERTEX_POINT('',#1613);
#355=VERTEX_POINT('',#1615);
#356=VERTEX_POINT('',#1619);
#357=VERTEX_POINT('',#1623);
#358=VERTEX_POINT('',#1627);
#359=VERTEX_POINT('',#1631);
#360=VERTEX_POINT('',#1635);
#361=VERTEX_POINT('',#1639);
#362=VERTEX_POINT('',#1643);
#363=VERTEX_POINT('',#1647);
#364=VERTEX_POINT('',#1651);
#365=VERTEX_POINT('',#1655);
#366=EDGE_CURVE('',#303,#304,#109,.T.);
#367=EDGE_CURVE('',#305,#303,#110,.T.);
#368=EDGE_CURVE('',#305,#306,#111,.T.);
#369=EDGE_CURVE('',#306,#304,#112,.T.);
#370=EDGE_CURVE('',#307,#308,#113,.T.);
#371=EDGE_CURVE('',#308,#304,#114,.T.);
#372=EDGE_CURVE('',#307,#306,#115,.T.);
#373=EDGE_CURVE('',#308,#309,#116,.T.);
#374=EDGE_CURVE('',#307,#310,#117,.T.);
#375=EDGE_CURVE('',#310,#309,#118,.T.);
#376=EDGE_CURVE('',#309,#311,#119,.T.);
#377=EDGE_CURVE('',#310,#312,#120,.T.);
#378=EDGE_CURVE('',#312,#311,#121,.T.);
#379=EDGE_CURVE('',#311,#313,#122,.T.);
#380=EDGE_CURVE('',#312,#314,#123,.T.);
#381=EDGE_CURVE('',#314,#313,#124,.T.);
#382=EDGE_CURVE('',#313,#315,#125,.T.);
#383=EDGE_CURVE('',#314,#316,#126,.T.);
#384=EDGE_CURVE('',#316,#315,#127,.T.);
#385=EDGE_CURVE('',#317,#318,#128,.T.);
#386=EDGE_CURVE('',#318,#315,#129,.T.);
#387=EDGE_CURVE('',#317,#316,#130,.T.);
#388=EDGE_CURVE('',#318,#319,#131,.T.);
#389=EDGE_CURVE('',#317,#320,#132,.T.);
#390=EDGE_CURVE('',#320,#319,#133,.T.);
#391=EDGE_CURVE('',#321,#322,#134,.T.);
#392=EDGE_CURVE('',#322,#319,#135,.T.);
#393=EDGE_CURVE('',#321,#320,#136,.T.);
#394=EDGE_CURVE('',#323,#324,#137,.T.);
#395=EDGE_CURVE('',#324,#322,#138,.T.);
#396=EDGE_CURVE('',#323,#321,#139,.T.);
#397=EDGE_CURVE('',#325,#326,#140,.T.);
#398=EDGE_CURVE('',#326,#324,#141,.T.);
#399=EDGE_CURVE('',#325,#323,#142,.T.);
#400=EDGE_CURVE('',#303,#326,#143,.T.);
#401=EDGE_CURVE('',#305,#325,#144,.T.);
#402=EDGE_CURVE('',#327,#327,#22,.F.);
#403=EDGE_CURVE('',#328,#329,#23,.T.);
#404=EDGE_CURVE('',#329,#328,#24,.T.);
#405=EDGE_CURVE('',#330,#331,#145,.T.);
#406=EDGE_CURVE('',#330,#332,#146,.T.);
#407=EDGE_CURVE('',#333,#332,#147,.T.);
#408=EDGE_CURVE('',#334,#333,#148,.T.);
#409=EDGE_CURVE('',#335,#334,#149,.T.);
#410=EDGE_CURVE('',#336,#335,#150,.T.);
#411=EDGE_CURVE('',#336,#337,#151,.T.);
#412=EDGE_CURVE('',#338,#337,#152,.T.);
#413=EDGE_CURVE('',#338,#339,#153,.T.);
#414=EDGE_CURVE('',#339,#340,#154,.T.);
#415=EDGE_CURVE('',#340,#341,#155,.T.);
#416=EDGE_CURVE('',#341,#331,#156,.T.);
#417=EDGE_CURVE('',#329,#327,#157,.T.);
#418=EDGE_CURVE('',#342,#343,#158,.T.);
#419=EDGE_CURVE('',#343,#344,#159,.T.);
#420=EDGE_CURVE('',#344,#345,#160,.T.);
#421=EDGE_CURVE('',#345,#346,#161,.T.);
#422=EDGE_CURVE('',#346,#347,#162,.T.);
#423=EDGE_CURVE('',#347,#348,#163,.T.);
#424=EDGE_CURVE('',#348,#349,#164,.T.);
#425=EDGE_CURVE('',#349,#350,#165,.T.);
#426=EDGE_CURVE('',#350,#351,#166,.T.);
#427=EDGE_CURVE('',#351,#352,#167,.T.);
#428=EDGE_CURVE('',#352,#353,#168,.T.);
#429=EDGE_CURVE('',#353,#342,#169,.T.);
#430=EDGE_CURVE('',#332,#354,#170,.T.);
#431=EDGE_CURVE('',#354,#355,#171,.T.);
#432=EDGE_CURVE('',#333,#355,#172,.T.);
#433=EDGE_CURVE('',#355,#356,#173,.T.);
#434=EDGE_CURVE('',#334,#356,#174,.T.);
#435=EDGE_CURVE('',#356,#357,#175,.T.);
#436=EDGE_CURVE('',#335,#357,#176,.T.);
#437=EDGE_CURVE('',#357,#358,#177,.T.);
#438=EDGE_CURVE('',#336,#358,#178,.T.);
#439=EDGE_CURVE('',#358,#359,#179,.T.);
#440=EDGE_CURVE('',#337,#359,#180,.T.);
#441=EDGE_CURVE('',#359,#360,#181,.T.);
#442=EDGE_CURVE('',#338,#360,#182,.T.);
#443=EDGE_CURVE('',#360,#361,#183,.T.);
#444=EDGE_CURVE('',#339,#361,#184,.T.);
#445=EDGE_CURVE('',#361,#362,#185,.T.);
#446=EDGE_CURVE('',#340,#362,#186,.T.);
#447=EDGE_CURVE('',#362,#363,#187,.T.);
#448=EDGE_CURVE('',#341,#363,#188,.T.);
#449=EDGE_CURVE('',#363,#364,#189,.T.);
#450=EDGE_CURVE('',#331,#364,#190,.T.);
#451=EDGE_CURVE('',#364,#365,#191,.T.);
#452=EDGE_CURVE('',#330,#365,#192,.T.);
#453=EDGE_CURVE('',#365,#354,#193,.T.);
#454=EDGE_CURVE('',#361,#349,#194,.T.);
#455=EDGE_CURVE('',#350,#360,#195,.T.);
#456=EDGE_CURVE('',#351,#359,#196,.T.);
#457=EDGE_CURVE('',#362,#348,#197,.T.);
#458=EDGE_CURVE('',#352,#358,#198,.T.);
#459=EDGE_CURVE('',#363,#347,#199,.T.);
#460=EDGE_CURVE('',#353,#357,#200,.F.);
#461=EDGE_CURVE('',#364,#346,#201,.F.);
#462=EDGE_CURVE('',#342,#356,#202,.F.);
#463=EDGE_CURVE('',#365,#345,#203,.F.);
#464=EDGE_CURVE('',#343,#355,#204,.F.);
#465=EDGE_CURVE('',#354,#344,#205,.T.);
#466=ORIENTED_EDGE('',*,*,#366,.F.);
#467=ORIENTED_EDGE('',*,*,#367,.F.);
#468=ORIENTED_EDGE('',*,*,#368,.T.);
#469=ORIENTED_EDGE('',*,*,#369,.T.);
#470=ORIENTED_EDGE('',*,*,#370,.T.);
#471=ORIENTED_EDGE('',*,*,#371,.T.);
#472=ORIENTED_EDGE('',*,*,#369,.F.);
#473=ORIENTED_EDGE('',*,*,#372,.F.);
#474=ORIENTED_EDGE('',*,*,#373,.F.);
#475=ORIENTED_EDGE('',*,*,#370,.F.);
#476=ORIENTED_EDGE('',*,*,#374,.T.);
#477=ORIENTED_EDGE('',*,*,#375,.T.);
#478=ORIENTED_EDGE('',*,*,#376,.F.);
#479=ORIENTED_EDGE('',*,*,#375,.F.);
#480=ORIENTED_EDGE('',*,*,#377,.T.);
#481=ORIENTED_EDGE('',*,*,#378,.T.);
#482=ORIENTED_EDGE('',*,*,#379,.F.);
#483=ORIENTED_EDGE('',*,*,#378,.F.);
#484=ORIENTED_EDGE('',*,*,#380,.T.);
#485=ORIENTED_EDGE('',*,*,#381,.T.);
#486=ORIENTED_EDGE('',*,*,#382,.F.);
#487=ORIENTED_EDGE('',*,*,#381,.F.);
#488=ORIENTED_EDGE('',*,*,#383,.T.);
#489=ORIENTED_EDGE('',*,*,#384,.T.);
#490=ORIENTED_EDGE('',*,*,#385,.T.);
#491=ORIENTED_EDGE('',*,*,#386,.T.);
#492=ORIENTED_EDGE('',*,*,#384,.F.);
#493=ORIENTED_EDGE('',*,*,#387,.F.);
#494=ORIENTED_EDGE('',*,*,#388,.F.);
#495=ORIENTED_EDGE('',*,*,#385,.F.);
#496=ORIENTED_EDGE('',*,*,#389,.T.);
#497=ORIENTED_EDGE('',*,*,#390,.T.);
#498=ORIENTED_EDGE('',*,*,#391,.T.);
#499=ORIENTED_EDGE('',*,*,#392,.T.);
#500=ORIENTED_EDGE('',*,*,#390,.F.);
#501=ORIENTED_EDGE('',*,*,#393,.F.);
#502=ORIENTED_EDGE('',*,*,#394,.T.);
#503=ORIENTED_EDGE('',*,*,#395,.T.);
#504=ORIENTED_EDGE('',*,*,#391,.F.);
#505=ORIENTED_EDGE('',*,*,#396,.F.);
#506=ORIENTED_EDGE('',*,*,#397,.T.);
#507=ORIENTED_EDGE('',*,*,#398,.T.);
#508=ORIENTED_EDGE('',*,*,#394,.F.);
#509=ORIENTED_EDGE('',*,*,#399,.F.);
#510=ORIENTED_EDGE('',*,*,#367,.T.);
#511=ORIENTED_EDGE('',*,*,#400,.T.);
#512=ORIENTED_EDGE('',*,*,#397,.F.);
#513=ORIENTED_EDGE('',*,*,#401,.F.);
#514=ORIENTED_EDGE('',*,*,#372,.T.);
#515=ORIENTED_EDGE('',*,*,#368,.F.);
#516=ORIENTED_EDGE('',*,*,#401,.T.);
#517=ORIENTED_EDGE('',*,*,#399,.T.);
#518=ORIENTED_EDGE('',*,*,#396,.T.);
#519=ORIENTED_EDGE('',*,*,#393,.T.);
#520=ORIENTED_EDGE('',*,*,#389,.F.);
#521=ORIENTED_EDGE('',*,*,#387,.T.);
#522=ORIENTED_EDGE('',*,*,#383,.F.);
#523=ORIENTED_EDGE('',*,*,#380,.F.);
#524=ORIENTED_EDGE('',*,*,#377,.F.);
#525=ORIENTED_EDGE('',*,*,#374,.F.);
#526=ORIENTED_EDGE('',*,*,#402,.T.);
#527=ORIENTED_EDGE('',*,*,#400,.F.);
#528=ORIENTED_EDGE('',*,*,#366,.T.);
#529=ORIENTED_EDGE('',*,*,#371,.F.);
#530=ORIENTED_EDGE('',*,*,#373,.T.);
#531=ORIENTED_EDGE('',*,*,#376,.T.);
#532=ORIENTED_EDGE('',*,*,#379,.T.);
#533=ORIENTED_EDGE('',*,*,#382,.T.);
#534=ORIENTED_EDGE('',*,*,#386,.F.);
#535=ORIENTED_EDGE('',*,*,#388,.T.);
#536=ORIENTED_EDGE('',*,*,#392,.F.);
#537=ORIENTED_EDGE('',*,*,#395,.F.);
#538=ORIENTED_EDGE('',*,*,#398,.F.);
#539=ORIENTED_EDGE('',*,*,#403,.T.);
#540=ORIENTED_EDGE('',*,*,#404,.T.);
#541=ORIENTED_EDGE('',*,*,#405,.F.);
#542=ORIENTED_EDGE('',*,*,#406,.T.);
#543=ORIENTED_EDGE('',*,*,#407,.F.);
#544=ORIENTED_EDGE('',*,*,#408,.F.);
#545=ORIENTED_EDGE('',*,*,#409,.F.);
#546=ORIENTED_EDGE('',*,*,#410,.F.);
#547=ORIENTED_EDGE('',*,*,#411,.T.);
#548=ORIENTED_EDGE('',*,*,#412,.F.);
#549=ORIENTED_EDGE('',*,*,#413,.T.);
#550=ORIENTED_EDGE('',*,*,#414,.T.);
#551=ORIENTED_EDGE('',*,*,#415,.T.);
#552=ORIENTED_EDGE('',*,*,#416,.T.);
#553=ORIENTED_EDGE('',*,*,#403,.F.);
#554=ORIENTED_EDGE('',*,*,#404,.F.);
#555=ORIENTED_EDGE('',*,*,#417,.T.);
#556=ORIENTED_EDGE('',*,*,#402,.F.);
#557=ORIENTED_EDGE('',*,*,#417,.F.);
#558=ORIENTED_EDGE('',*,*,#418,.T.);
#559=ORIENTED_EDGE('',*,*,#419,.T.);
#560=ORIENTED_EDGE('',*,*,#420,.T.);
#561=ORIENTED_EDGE('',*,*,#421,.T.);
#562=ORIENTED_EDGE('',*,*,#422,.T.);
#563=ORIENTED_EDGE('',*,*,#423,.T.);
#564=ORIENTED_EDGE('',*,*,#424,.T.);
#565=ORIENTED_EDGE('',*,*,#425,.T.);
#566=ORIENTED_EDGE('',*,*,#426,.T.);
#567=ORIENTED_EDGE('',*,*,#427,.T.);
#568=ORIENTED_EDGE('',*,*,#428,.T.);
#569=ORIENTED_EDGE('',*,*,#429,.T.);
#570=ORIENTED_EDGE('',*,*,#430,.T.);
#571=ORIENTED_EDGE('',*,*,#431,.T.);
#572=ORIENTED_EDGE('',*,*,#432,.F.);
#573=ORIENTED_EDGE('',*,*,#407,.T.);
#574=ORIENTED_EDGE('',*,*,#432,.T.);
#575=ORIENTED_EDGE('',*,*,#433,.T.);
#576=ORIENTED_EDGE('',*,*,#434,.F.);
#577=ORIENTED_EDGE('',*,*,#408,.T.);
#578=ORIENTED_EDGE('',*,*,#434,.T.);
#579=ORIENTED_EDGE('',*,*,#435,.T.);
#580=ORIENTED_EDGE('',*,*,#436,.F.);
#581=ORIENTED_EDGE('',*,*,#409,.T.);
#582=ORIENTED_EDGE('',*,*,#436,.T.);
#583=ORIENTED_EDGE('',*,*,#437,.T.);
#584=ORIENTED_EDGE('',*,*,#438,.F.);
#585=ORIENTED_EDGE('',*,*,#410,.T.);
#586=ORIENTED_EDGE('',*,*,#438,.T.);
#587=ORIENTED_EDGE('',*,*,#439,.T.);
#588=ORIENTED_EDGE('',*,*,#440,.F.);
#589=ORIENTED_EDGE('',*,*,#411,.F.);
#590=ORIENTED_EDGE('',*,*,#440,.T.);
#591=ORIENTED_EDGE('',*,*,#441,.T.);
#592=ORIENTED_EDGE('',*,*,#442,.F.);
#593=ORIENTED_EDGE('',*,*,#412,.T.);
#594=ORIENTED_EDGE('',*,*,#442,.T.);
#595=ORIENTED_EDGE('',*,*,#443,.T.);
#596=ORIENTED_EDGE('',*,*,#444,.F.);
#597=ORIENTED_EDGE('',*,*,#413,.F.);
#598=ORIENTED_EDGE('',*,*,#444,.T.);
#599=ORIENTED_EDGE('',*,*,#445,.T.);
#600=ORIENTED_EDGE('',*,*,#446,.F.);
#601=ORIENTED_EDGE('',*,*,#414,.F.);
#602=ORIENTED_EDGE('',*,*,#446,.T.);
#603=ORIENTED_EDGE('',*,*,#447,.T.);
#604=ORIENTED_EDGE('',*,*,#448,.F.);
#605=ORIENTED_EDGE('',*,*,#415,.F.);
#606=ORIENTED_EDGE('',*,*,#448,.T.);
#607=ORIENTED_EDGE('',*,*,#449,.T.);
#608=ORIENTED_EDGE('',*,*,#450,.F.);
#609=ORIENTED_EDGE('',*,*,#416,.F.);
#610=ORIENTED_EDGE('',*,*,#450,.T.);
#611=ORIENTED_EDGE('',*,*,#451,.T.);
#612=ORIENTED_EDGE('',*,*,#452,.F.);
#613=ORIENTED_EDGE('',*,*,#405,.T.);
#614=ORIENTED_EDGE('',*,*,#452,.T.);
#615=ORIENTED_EDGE('',*,*,#453,.T.);
#616=ORIENTED_EDGE('',*,*,#430,.F.);
#617=ORIENTED_EDGE('',*,*,#406,.F.);
#618=ORIENTED_EDGE('',*,*,#454,.F.);
#619=ORIENTED_EDGE('',*,*,#443,.F.);
#620=ORIENTED_EDGE('',*,*,#455,.F.);
#621=ORIENTED_EDGE('',*,*,#425,.F.);
#622=ORIENTED_EDGE('',*,*,#455,.T.);
#623=ORIENTED_EDGE('',*,*,#441,.F.);
#624=ORIENTED_EDGE('',*,*,#456,.F.);
#625=ORIENTED_EDGE('',*,*,#426,.F.);
#626=ORIENTED_EDGE('',*,*,#454,.T.);
#627=ORIENTED_EDGE('',*,*,#424,.F.);
#628=ORIENTED_EDGE('',*,*,#457,.F.);
#629=ORIENTED_EDGE('',*,*,#445,.F.);
#630=ORIENTED_EDGE('',*,*,#456,.T.);
#631=ORIENTED_EDGE('',*,*,#439,.F.);
#632=ORIENTED_EDGE('',*,*,#458,.F.);
#633=ORIENTED_EDGE('',*,*,#427,.F.);
#634=ORIENTED_EDGE('',*,*,#457,.T.);
#635=ORIENTED_EDGE('',*,*,#423,.F.);
#636=ORIENTED_EDGE('',*,*,#459,.F.);
#637=ORIENTED_EDGE('',*,*,#447,.F.);
#638=ORIENTED_EDGE('',*,*,#458,.T.);
#639=ORIENTED_EDGE('',*,*,#437,.F.);
#640=ORIENTED_EDGE('',*,*,#460,.F.);
#641=ORIENTED_EDGE('',*,*,#428,.F.);
#642=ORIENTED_EDGE('',*,*,#459,.T.);
#643=ORIENTED_EDGE('',*,*,#422,.F.);
#644=ORIENTED_EDGE('',*,*,#461,.F.);
#645=ORIENTED_EDGE('',*,*,#449,.F.);
#646=ORIENTED_EDGE('',*,*,#460,.T.);
#647=ORIENTED_EDGE('',*,*,#435,.F.);
#648=ORIENTED_EDGE('',*,*,#462,.F.);
#649=ORIENTED_EDGE('',*,*,#429,.F.);
#650=ORIENTED_EDGE('',*,*,#461,.T.);
#651=ORIENTED_EDGE('',*,*,#421,.F.);
#652=ORIENTED_EDGE('',*,*,#463,.F.);
#653=ORIENTED_EDGE('',*,*,#451,.F.);
#654=ORIENTED_EDGE('',*,*,#462,.T.);
#655=ORIENTED_EDGE('',*,*,#433,.F.);
#656=ORIENTED_EDGE('',*,*,#464,.F.);
#657=ORIENTED_EDGE('',*,*,#418,.F.);
#658=ORIENTED_EDGE('',*,*,#463,.T.);
#659=ORIENTED_EDGE('',*,*,#420,.F.);
#660=ORIENTED_EDGE('',*,*,#465,.F.);
#661=ORIENTED_EDGE('',*,*,#453,.F.);
#662=ORIENTED_EDGE('',*,*,#464,.T.);
#663=ORIENTED_EDGE('',*,*,#431,.F.);
#664=ORIENTED_EDGE('',*,*,#465,.T.);
#665=ORIENTED_EDGE('',*,*,#419,.F.);
#666=PLANE('',#762);
#667=PLANE('',#763);
#668=PLANE('',#764);
#669=PLANE('',#765);
#670=PLANE('',#766);
#671=PLANE('',#767);
#672=PLANE('',#768);
#673=PLANE('',#769);
#674=PLANE('',#770);
#675=PLANE('',#771);
#676=PLANE('',#772);
#677=PLANE('',#773);
#678=PLANE('',#774);
#679=PLANE('',#775);
#680=PLANE('',#776);
#681=PLANE('',#777);
#682=PLANE('',#778);
#683=PLANE('',#779);
#684=PLANE('',#780);
#685=PLANE('',#781);
#686=PLANE('',#782);
#687=PLANE('',#783);
#688=PLANE('',#784);
#689=PLANE('',#785);
#690=PLANE('',#786);
#691=PLANE('',#787);
#692=PLANE('',#788);
#693=PLANE('',#789);
#694=PLANE('',#790);
#695=PLANE('',#791);
#696=PLANE('',#792);
#697=PLANE('',#793);
#698=PLANE('',#794);
#699=PLANE('',#795);
#700=PLANE('',#796);
#701=PLANE('',#797);
#702=PLANE('',#798);
#703=PLANE('',#799);
#704=PLANE('',#800);
#705=PLANE('',#801);
#706=ADVANCED_FACE('',(#25),#666,.F.);
#707=ADVANCED_FACE('',(#26),#667,.T.);
#708=ADVANCED_FACE('',(#27),#668,.F.);
#709=ADVANCED_FACE('',(#28),#669,.F.);
#710=ADVANCED_FACE('',(#29),#670,.F.);
#711=ADVANCED_FACE('',(#30),#671,.F.);
#712=ADVANCED_FACE('',(#31),#672,.T.);
#713=ADVANCED_FACE('',(#32),#673,.F.);
#714=ADVANCED_FACE('',(#33),#674,.T.);
#715=ADVANCED_FACE('',(#34),#675,.T.);
#716=ADVANCED_FACE('',(#35),#676,.T.);
#717=ADVANCED_FACE('',(#36),#677,.T.);
#718=ADVANCED_FACE('',(#37),#678,.F.);
#719=ADVANCED_FACE('',(#38,#20),#679,.F.);
#720=ADVANCED_FACE('',(#39,#21),#680,.F.);
#721=ADVANCED_FACE('',(#40),#19,.T.);
#722=ADVANCED_FACE('',(#41),#681,.T.);
#723=ADVANCED_FACE('',(#42),#682,.T.);
#724=ADVANCED_FACE('',(#43),#683,.T.);
#725=ADVANCED_FACE('',(#44),#684,.T.);
#726=ADVANCED_FACE('',(#45),#685,.T.);
#727=ADVANCED_FACE('',(#46),#686,.F.);
#728=ADVANCED_FACE('',(#47),#687,.T.);
#729=ADVANCED_FACE('',(#48),#688,.F.);
#730=ADVANCED_FACE('',(#49),#689,.F.);
#731=ADVANCED_FACE('',(#50),#690,.F.);
#732=ADVANCED_FACE('',(#51),#691,.F.);
#733=ADVANCED_FACE('',(#52),#692,.T.);
#734=ADVANCED_FACE('',(#53),#693,.F.);
#735=ADVANCED_FACE('',(#54),#694,.T.);
#736=ADVANCED_FACE('',(#55),#695,.F.);
#737=ADVANCED_FACE('',(#56),#696,.T.);
#738=ADVANCED_FACE('',(#57),#697,.T.);
#739=ADVANCED_FACE('',(#58),#698,.T.);
#740=ADVANCED_FACE('',(#59),#699,.F.);
#741=ADVANCED_FACE('',(#60),#700,.T.);
#742=ADVANCED_FACE('',(#61),#701,.F.);
#743=ADVANCED_FACE('',(#62),#702,.F.);
#744=ADVANCED_FACE('',(#63),#703,.F.);
#745=ADVANCED_FACE('',(#64),#704,.T.);
#746=ADVANCED_FACE('',(#65),#705,.F.);
#747=CLOSED_SHELL('',(#706,#707,#708,#709,#710,#711,#712,#713,#714,#715,
#716,#717,#718,#719,#720,#721,#722,#723,#724,#725,#726,#727,#728,#729,#730,
#731,#732,#733,#734,#735,#736,#737,#738,#739,#740,#741,#742,#743,#744,#745,
#746));
#748=DERIVED_UNIT_ELEMENT(#750,1.);
#749=DERIVED_UNIT_ELEMENT(#1692,-3.);
#750=(
MASS_UNIT()
NAMED_UNIT(*)
SI_UNIT(.KILO.,.GRAM.)
);
#751=DERIVED_UNIT((#748,#749));
#752=MEASURE_REPRESENTATION_ITEM('density measure',
POSITIVE_RATIO_MEASURE(7850.),#751);
#753=PROPERTY_DEFINITION_REPRESENTATION(#758,#755);
#754=PROPERTY_DEFINITION_REPRESENTATION(#759,#756);
#755=REPRESENTATION('material name',(#757),#1689);
#756=REPRESENTATION('density',(#752),#1689);
#757=DESCRIPTIVE_REPRESENTATION_ITEM('Steel','Steel');
#758=PROPERTY_DEFINITION('material property','material name',#1704);
#759=PROPERTY_DEFINITION('material property','density of part',#1704);
#760=AXIS2_PLACEMENT_3D('',#986,#803,#804);
#761=AXIS2_PLACEMENT_3D('',#987,#805,#806);
#762=AXIS2_PLACEMENT_3D('',#988,#807,#808);
#763=AXIS2_PLACEMENT_3D('',#997,#813,#814);
#764=AXIS2_PLACEMENT_3D('',#1003,#818,#819);
#765=AXIS2_PLACEMENT_3D('',#1009,#823,#824);
#766=AXIS2_PLACEMENT_3D('',#1015,#828,#829);
#767=AXIS2_PLACEMENT_3D('',#1021,#833,#834);
#768=AXIS2_PLACEMENT_3D('',#1027,#838,#839);
#769=AXIS2_PLACEMENT_3D('',#1033,#843,#844);
#770=AXIS2_PLACEMENT_3D('',#1039,#848,#849);
#771=AXIS2_PLACEMENT_3D('',#1045,#853,#854);
#772=AXIS2_PLACEMENT_3D('',#1051,#858,#859);
#773=AXIS2_PLACEMENT_3D('',#1057,#863,#864);
#774=AXIS2_PLACEMENT_3D('',#1060,#867,#868);
#775=AXIS2_PLACEMENT_3D('',#1061,#869,#870);
#776=AXIS2_PLACEMENT_3D('',#1186,#871,#872);
#777=AXIS2_PLACEMENT_3D('',#1587,#886,#887);
#778=AXIS2_PLACEMENT_3D('',#1612,#900,#901);
#779=AXIS2_PLACEMENT_3D('',#1618,#905,#906);
#780=AXIS2_PLACEMENT_3D('',#1622,#909,#910);
#781=AXIS2_PLACEMENT_3D('',#1626,#913,#914);
#782=AXIS2_PLACEMENT_3D('',#1630,#917,#918);
#783=AXIS2_PLACEMENT_3D('',#1634,#921,#922);
#784=AXIS2_PLACEMENT_3D('',#1638,#925,#926);
#785=AXIS2_PLACEMENT_3D('',#1642,#929,#930);
#786=AXIS2_PLACEMENT_3D('',#1646,#933,#934);
#787=AXIS2_PLACEMENT_3D('',#1650,#937,#938);
#788=AXIS2_PLACEMENT_3D('',#1654,#941,#942);
#789=AXIS2_PLACEMENT_3D('',#1658,#945,#946);
#790=AXIS2_PLACEMENT_3D('',#1660,#948,#949);
#791=AXIS2_PLACEMENT_3D('',#1663,#952,#953);
#792=AXIS2_PLACEMENT_3D('',#1665,#955,#956);
#793=AXIS2_PLACEMENT_3D('',#1667,#958,#959);
#794=AXIS2_PLACEMENT_3D('',#1669,#961,#962);
#795=AXIS2_PLACEMENT_3D('',#1671,#964,#965);
#796=AXIS2_PLACEMENT_3D('',#1673,#967,#968);
#797=AXIS2_PLACEMENT_3D('',#1675,#970,#971);
#798=AXIS2_PLACEMENT_3D('',#1677,#973,#974);
#799=AXIS2_PLACEMENT_3D('',#1679,#976,#977);
#800=AXIS2_PLACEMENT_3D('',#1681,#979,#980);
#801=AXIS2_PLACEMENT_3D('',#1683,#982,#983);
#802=AXIS2_PLACEMENT_3D('',#1684,#984,#985);
#803=DIRECTION('axis',(0.,0.,1.));
#804=DIRECTION('refdir',(1.,0.,0.));
#805=DIRECTION('axis',(0.,0.,1.));
#806=DIRECTION('refdir',(1.,0.,0.));
#807=DIRECTION('center_axis',(1.,0.,-1.224646799147E-16));
#808=DIRECTION('ref_axis',(-1.224646799147E-16,0.,-1.));
#809=DIRECTION('',(0.,-1.,0.));
#810=DIRECTION('',(1.224646799147E-16,1.110223024625E-16,1.));
#811=DIRECTION('',(0.,-1.,0.));
#812=DIRECTION('',(1.224646799147E-16,1.110223024625E-16,1.));
#813=DIRECTION('center_axis',(-8.67361802847033E-17,1.,-1.110223024625E-16));
#814=DIRECTION('ref_axis',(0.,1.110223024625E-16,1.));
#815=DIRECTION('',(1.224646799147E-16,1.110223024625E-16,1.));
#816=DIRECTION('',(1.,8.67361802847033E-17,0.));
#817=DIRECTION('',(1.,8.67361802847033E-17,0.));
#818=DIRECTION('center_axis',(1.,0.,-1.224646799147E-16));
#819=DIRECTION('ref_axis',(-1.224646799147E-16,0.,-1.));
#820=DIRECTION('',(0.,-1.,0.));
#821=DIRECTION('',(0.,-1.,0.));
#822=DIRECTION('',(1.224646799147E-16,1.110223024625E-16,1.));
#823=DIRECTION('center_axis',(-8.67361802847033E-17,1.,-1.110223024625E-16));
#824=DIRECTION('ref_axis',(0.,1.110223024625E-16,1.));
#825=DIRECTION('',(1.,8.67361802847033E-17,0.));
#826=DIRECTION('',(1.,8.67361802847033E-17,0.));
#827=DIRECTION('',(1.224646799147E-16,1.110223024625E-16,1.));
#828=DIRECTION('center_axis',(1.,0.,-1.224646799147E-16));
#829=DIRECTION('ref_axis',(-1.224646799147E-16,0.,-1.));
#830=DIRECTION('',(0.,-1.,0.));
#831=DIRECTION('',(0.,-1.,0.));
#832=DIRECTION('',(1.224646799147E-16,1.110223024625E-16,1.));
#833=DIRECTION('center_axis',(0.,1.,-1.110223024625E-16));
#834=DIRECTION('ref_axis',(0.,1.110223024625E-16,1.));
#835=DIRECTION('',(1.,0.,0.));
#836=DIRECTION('',(1.,0.,0.));
#837=DIRECTION('',(1.224646799147E-16,1.110223024625E-16,1.));
#838=DIRECTION('center_axis',(1.,0.,-1.224646799147E-16));
#839=DIRECTION('ref_axis',(-1.224646799147E-16,0.,-1.));
#840=DIRECTION('',(1.224646799147E-16,1.110223024625E-16,1.));
#841=DIRECTION('',(0.,-1.,0.));
#842=DIRECTION('',(0.,-1.,0.));
#843=DIRECTION('center_axis',(-8.67361802847032E-17,1.,-1.110223024625E-16));
#844=DIRECTION('ref_axis',(0.,1.110223024625E-16,1.));
#845=DIRECTION('',(1.,8.67361802847032E-17,0.));
#846=DIRECTION('',(1.,8.67361802847032E-17,0.));
#847=DIRECTION('',(1.224646799147E-16,1.110223024625E-16,1.));
#848=DIRECTION('center_axis',(1.,0.,-1.224646799147E-16));
#849=DIRECTION('ref_axis',(-1.224646799147E-16,0.,-1.));
#850=DIRECTION('',(1.224646799147E-16,1.110223024625E-16,1.));
#851=DIRECTION('',(0.,-1.,0.));
#852=DIRECTION('',(0.,-1.,0.));
#853=DIRECTION('center_axis',(-8.67361802847032E-17,1.,-1.110223024625E-16));
#854=DIRECTION('ref_axis',(0.,1.110223024625E-16,1.));
#855=DIRECTION('',(1.224646799147E-16,1.110223024625E-16,1.));
#856=DIRECTION('',(1.,8.67361802847032E-17,0.));
#857=DIRECTION('',(1.,8.67361802847032E-17,0.));
#858=DIRECTION('center_axis',(1.,0.,-1.224646799147E-16));
#859=DIRECTION('ref_axis',(-1.224646799147E-16,0.,-1.));
#860=DIRECTION('',(1.224646799147E-16,1.110223024625E-16,1.));
#861=DIRECTION('',(0.,-1.,0.));
#862=DIRECTION('',(0.,-1.,0.));
#863=DIRECTION('center_axis',(0.,1.,-1.110223024625E-16));
#864=DIRECTION('ref_axis',(0.,1.110223024625E-16,1.));
#865=DIRECTION('',(1.,0.,0.));
#866=DIRECTION('',(1.,0.,0.));
#867=DIRECTION('center_axis',(0.,0.,1.));
#868=DIRECTION('ref_axis',(1.,0.,0.));
#869=DIRECTION('center_axis',(0.,0.,1.));
#870=DIRECTION('ref_axis',(1.,0.,0.));
#871=DIRECTION('center_axis',(-1.224646799147E-16,-1.110223024625E-16,-1.));
#872=DIRECTION('ref_axis',(1.,-1.35963107344631E-32,-1.224646799147E-16));
#873=DIRECTION('',(-1.,-8.67361802847033E-17,1.224646799147E-16));
#874=DIRECTION('',(-1.35963107344631E-32,1.,-1.110223024625E-16));
#875=DIRECTION('',(-1.,1.35963107344631E-32,1.224646799147E-16));
#876=DIRECTION('',(-1.35963107344631E-32,1.,-1.110223024625E-16));
#877=DIRECTION('',(-1.,-8.67361802847032E-17,1.224646799147E-16));
#878=DIRECTION('',(-1.35963107344631E-32,1.,-1.110223024625E-16));
#879=DIRECTION('',(-1.,-8.67361802847032E-17,1.224646799147E-16));
#880=DIRECTION('',(-1.35963107344631E-32,1.,-1.110223024625E-16));
#881=DIRECTION('',(-1.,1.35963107344631E-32,1.224646799147E-16));
#882=DIRECTION('',(-1.35963107344631E-32,1.,-1.110223024625E-16));
#883=DIRECTION('',(-1.,-8.67361802847033E-17,1.224646799147E-16));
#884=DIRECTION('',(-1.35963107344631E-32,1.,-1.110223024625E-16));
#885=DIRECTION('',(0.,-1.11022302462499E-16,-1.));
#886=DIRECTION('center_axis',(1.224646799147E-16,1.110223024625E-16,1.));
#887=DIRECTION('ref_axis',(1.,-1.35963107344631E-32,-1.224646799147E-16));
#888=DIRECTION('',(-1.35963107344631E-32,1.,-1.110223024625E-16));
#889=DIRECTION('',(-1.,1.35963107344631E-32,1.224646799147E-16));
#890=DIRECTION('',(1.35963107344631E-32,-1.,1.110223024625E-16));
#891=DIRECTION('',(-1.,-8.67361802847033E-17,1.224646799147E-16));
#892=DIRECTION('',(1.35963107344631E-32,-1.,1.110223024625E-16));
#893=DIRECTION('',(1.,8.67361802847033E-17,-1.224646799147E-16));
#894=DIRECTION('',(1.35963107344631E-32,-1.,1.110223024625E-16));
#895=DIRECTION('',(1.,-1.35963107344631E-32,-1.224646799147E-16));
#896=DIRECTION('',(-1.35963107344631E-32,1.,-1.110223024625E-16));
#897=DIRECTION('',(1.,8.67361802847032E-17,-1.224646799147E-16));
#898=DIRECTION('',(-1.35963107344631E-32,1.,-1.110223024625E-16));
#899=DIRECTION('',(-1.,-8.67361802847032E-17,1.224646799147E-16));
#900=DIRECTION('center_axis',(0.,1.,-1.110223024625E-16));
#901=DIRECTION('ref_axis',(0.,1.110223024625E-16,1.));
#902=DIRECTION('',(1.224646799147E-16,1.110223024625E-16,1.));
#903=DIRECTION('',(1.,-1.35963107344631E-32,-1.224646799147E-16));
#904=DIRECTION('',(1.224646799147E-16,1.110223024625E-16,1.));
#905=DIRECTION('center_axis',(1.,0.,-1.224646799147E-16));
#906=DIRECTION('ref_axis',(-1.224646799147E-16,0.,-1.));
#907=DIRECTION('',(1.35963107344631E-32,-1.,1.110223024625E-16));
#908=DIRECTION('',(1.224646799147E-16,1.110223024625E-16,1.));
#909=DIRECTION('center_axis',(-8.67361802847032E-17,1.,-1.110223024625E-16));
#910=DIRECTION('ref_axis',(0.,1.110223024625E-16,1.));
#911=DIRECTION('',(1.,8.67361802847032E-17,-1.224646799147E-16));
#912=DIRECTION('',(1.224646799147E-16,1.110223024625E-16,1.));
#913=DIRECTION('center_axis',(1.,0.,-1.224646799147E-16));
#914=DIRECTION('ref_axis',(-1.224646799147E-16,0.,-1.));
#915=DIRECTION('',(1.35963107344631E-32,-1.,1.110223024625E-16));
#916=DIRECTION('',(1.224646799147E-16,1.110223024625E-16,1.));
#917=DIRECTION('center_axis',(-8.67361802847032E-17,1.,-1.110223024625E-16));
#918=DIRECTION('ref_axis',(0.,1.110223024625E-16,1.));
#919=DIRECTION('',(-1.,-8.67361802847032E-17,1.224646799147E-16));
#920=DIRECTION('',(1.224646799147E-16,1.110223024625E-16,1.));
#921=DIRECTION('center_axis',(1.,0.,-1.224646799147E-16));
#922=DIRECTION('ref_axis',(-1.224646799147E-16,0.,-1.));
#923=DIRECTION('',(1.35963107344631E-32,-1.,1.110223024625E-16));
#924=DIRECTION('',(1.224646799147E-16,1.110223024625E-16,1.));
#925=DIRECTION('center_axis',(0.,1.,-1.110223024625E-16));
#926=DIRECTION('ref_axis',(0.,1.110223024625E-16,1.));
#927=DIRECTION('',(-1.,1.35963107344631E-32,1.224646799147E-16));
#928=DIRECTION('',(1.224646799147E-16,1.110223024625E-16,1.));
#929=DIRECTION('center_axis',(1.,0.,-1.224646799147E-16));
#930=DIRECTION('ref_axis',(-1.224646799147E-16,0.,-1.));
#931=DIRECTION('',(-1.35963107344631E-32,1.,-1.110223024625E-16));
#932=DIRECTION('',(1.224646799147E-16,1.110223024625E-16,1.));
#933=DIRECTION('center_axis',(-8.67361802847033E-17,1.,-1.110223024625E-16));
#934=DIRECTION('ref_axis',(0.,1.110223024625E-16,1.));
#935=DIRECTION('',(-1.,-8.67361802847033E-17,1.224646799147E-16));
#936=DIRECTION('',(1.224646799147E-16,1.110223024625E-16,1.));
#937=DIRECTION('center_axis',(1.,0.,-1.224646799147E-16));
#938=DIRECTION('ref_axis',(-1.224646799147E-16,0.,-1.));
#939=DIRECTION('',(-1.35963107344631E-32,1.,-1.110223024625E-16));
#940=DIRECTION('',(1.224646799147E-16,1.110223024625E-16,1.));
#941=DIRECTION('center_axis',(-8.67361802847033E-17,1.,-1.110223024625E-16));
#942=DIRECTION('ref_axis',(0.,1.110223024625E-16,1.));
#943=DIRECTION('',(1.,8.67361802847033E-17,-1.224646799147E-16));
#944=DIRECTION('',(1.224646799147E-16,1.110223024625E-16,1.));
#945=DIRECTION('center_axis',(1.,0.,-1.224646799147E-16));
#946=DIRECTION('ref_axis',(-1.224646799147E-16,0.,-1.));
#947=DIRECTION('',(-1.35963107344631E-32,1.,-1.110223024625E-16));
#948=DIRECTION('center_axis',(8.65956056235238E-17,-0.707106781186552,0.707106781186543));
#949=DIRECTION('ref_axis',(1.,-1.23259516440783E-32,-1.224646799147E-16));
#950=DIRECTION('',(0.577350269189624,0.577350269189623,0.577350269189631));
#951=DIRECTION('',(0.577350269189624,-0.577350269189623,-0.577350269189631));
#952=DIRECTION('center_axis',(-0.707106781186552,-7.85046229341772E-17,
-0.707106781186544));
#953=DIRECTION('ref_axis',(-6.16297582203915E-33,1.,-1.110223024625E-16));
#954=DIRECTION('',(0.577350269189624,-0.577350269189624,-0.57735026918963));
#955=DIRECTION('center_axis',(-0.707106781186552,7.85046229341771E-17,0.707106781186544));
#956=DIRECTION('ref_axis',(8.0118685686509E-32,-1.,1.110223024625E-16));
#957=DIRECTION('',(0.577350269189624,0.577350269189623,0.577350269189631));
#958=DIRECTION('center_axis',(1.47927346877057E-16,-0.707106781186552,0.707106781186544));
#959=DIRECTION('ref_axis',(1.,8.67361802847033E-17,-1.224646799147E-16));
#960=DIRECTION('',(0.577350269189624,-0.577350269189623,-0.57735026918963));
#961=DIRECTION('center_axis',(1.47927346877057E-16,-0.707106781186552,0.707106781186543));
#962=DIRECTION('ref_axis',(1.,8.67361802847034E-17,-1.224646799147E-16));
#963=DIRECTION('',(0.577350269189623,0.577350269189623,0.577350269189631));
#964=DIRECTION('center_axis',(-0.707106781186551,-7.85046229341773E-17,
-0.707106781186544));
#965=DIRECTION('ref_axis',(-1.23259516440783E-32,1.,-1.110223024625E-16));
#966=DIRECTION('',(-0.577350269189624,-0.577350269189623,0.57735026918963));
#967=DIRECTION('center_axis',(-0.707106781186552,7.85046229341771E-17,0.707106781186543));
#968=DIRECTION('ref_axis',(6.77927340424307E-32,-1.,1.110223024625E-16));
#969=DIRECTION('',(-0.577350269189623,0.577350269189623,-0.577350269189631));
#970=DIRECTION('center_axis',(-2.52638643699909E-17,-0.707106781186552,
-0.707106781186544));
#971=DIRECTION('ref_axis',(-1.,-8.67361802847032E-17,1.224646799147E-16));
#972=DIRECTION('',(-0.577350269189624,-0.577350269189623,0.57735026918963));
#973=DIRECTION('center_axis',(-2.52638643699907E-17,-0.707106781186553,
-0.707106781186543));
#974=DIRECTION('ref_axis',(-1.,-8.67361802847033E-17,1.224646799147E-16));
#975=DIRECTION('',(-0.577350269189625,0.577350269189622,-0.57735026918963));
#976=DIRECTION('center_axis',(-0.707106781186551,-7.85046229341773E-17,
-0.707106781186544));
#977=DIRECTION('ref_axis',(-1.23259516440783E-32,1.,-1.110223024625E-16));
#978=DIRECTION('',(-0.577350269189625,-0.577350269189623,0.57735026918963));
#979=DIRECTION('center_axis',(-0.707106781186551,7.85046229341773E-17,0.707106781186544));
#980=DIRECTION('ref_axis',(6.16297582203915E-33,-1.,1.110223024625E-16));
#981=DIRECTION('',(0.577350269189625,-0.577350269189623,0.57735026918963));
#982=DIRECTION('center_axis',(-8.65956056235238E-17,-0.707106781186552,
-0.707106781186543));
#983=DIRECTION('ref_axis',(-1.,1.23259516440783E-32,1.224646799147E-16));
#984=DIRECTION('',(-1.88884807051455E-64,0.,1.));
#985=DIRECTION('',(0.999999999999999,0.,1.88884807051455E-64));
#986=CARTESIAN_POINT('',(0.,0.,0.));
#987=CARTESIAN_POINT('',(0.,0.,0.));
#988=CARTESIAN_POINT('Origin',(-42.7,8.9553,-242.393821135332));
#989=CARTESIAN_POINT('',(-42.7,13.2,8.95));
#990=CARTESIAN_POINT('',(-42.7,4.7106,8.95));
#991=CARTESIAN_POINT('',(-42.7,8.9553,8.95));
#992=CARTESIAN_POINT('',(-42.7,13.2,6.95));
#993=CARTESIAN_POINT('',(-42.7,13.2,-242.393821135332));
#994=CARTESIAN_POINT('',(-42.7,4.7106,6.95));
#995=CARTESIAN_POINT('',(-42.7,8.9553,6.95));
#996=CARTESIAN_POINT('',(-42.7,4.7106,-242.393821135332));
#997=CARTESIAN_POINT('Origin',(-47.6999996261155,4.7106,-242.393821135332));
#998=CARTESIAN_POINT('',(-52.699999252231,4.7106,6.95));
#999=CARTESIAN_POINT('',(-52.699999252231,4.7106,8.95));
#1000=CARTESIAN_POINT('',(-52.699999252231,4.7106,-242.393821135332));
#1001=CARTESIAN_POINT('',(-47.6999996261155,4.7106,8.95));
#1002=CARTESIAN_POINT('',(-47.6999996261155,4.7106,6.95));
#1003=CARTESIAN_POINT('Origin',(-52.699999252231,-2.26629960503927E-14,
-242.393821135332));
#1004=CARTESIAN_POINT('',(-52.699999252231,-4.7106,8.95));
#1005=CARTESIAN_POINT('',(-52.699999252231,-2.26629960503927E-14,8.95));
#1006=CARTESIAN_POINT('',(-52.699999252231,-4.7106,6.95));
#1007=CARTESIAN_POINT('',(-52.699999252231,-2.26629960503927E-14,6.95));
#1008=CARTESIAN_POINT('',(-52.699999252231,-4.7106,-242.393821135332));
#1009=CARTESIAN_POINT('Origin',(-47.6999996261155,-4.7106,-242.393821135332));
#1010=CARTESIAN_POINT('',(-42.7,-4.7106,8.95));
#1011=CARTESIAN_POINT('',(-47.6999996261155,-4.7106,8.95));
#1012=CARTESIAN_POINT('',(-42.7,-4.7106,6.95));
#1013=CARTESIAN_POINT('',(-47.6999996261155,-4.7106,6.95));
#1014=CARTESIAN_POINT('',(-42.7,-4.7106,-242.393821135332));
#1015=CARTESIAN_POINT('Origin',(-42.7,-8.9553,-242.393821135332));
#1016=CARTESIAN_POINT('',(-42.7,-13.2,8.95));
#1017=CARTESIAN_POINT('',(-42.7,-8.9553,8.95));
#1018=CARTESIAN_POINT('',(-42.7,-13.2,6.95));
#1019=CARTESIAN_POINT('',(-42.7,-8.9553,6.95));
#1020=CARTESIAN_POINT('',(-42.7,-13.2,-242.393821135332));
#1021=CARTESIAN_POINT('Origin',(-38.0005996261155,-13.2,-242.393821135332));
#1022=CARTESIAN_POINT('',(-33.301199252231,-13.2,8.95));
#1023=CARTESIAN_POINT('',(-38.0005996261155,-13.2,8.95));
#1024=CARTESIAN_POINT('',(-33.301199252231,-13.2,6.95));
#1025=CARTESIAN_POINT('',(-38.0005996261155,-13.2,6.95));
#1026=CARTESIAN_POINT('',(-33.301199252231,-13.2,-242.393821135332));
#1027=CARTESIAN_POINT('Origin',(-33.301199252231,-8.9553,-242.393821135332));
#1028=CARTESIAN_POINT('',(-33.301199252231,-4.7106,6.95));
#1029=CARTESIAN_POINT('',(-33.301199252231,-4.7106,8.95));
#1030=CARTESIAN_POINT('',(-33.301199252231,-4.7106,-242.393821135332));
#1031=CARTESIAN_POINT('',(-33.301199252231,-8.9553,8.95));
#1032=CARTESIAN_POINT('',(-33.301199252231,-8.9553,6.95));
#1033=CARTESIAN_POINT('Origin',(-28.3011996261155,-4.7106,-242.393821135332));
#1034=CARTESIAN_POINT('',(-23.3012,-4.7106,8.95));
#1035=CARTESIAN_POINT('',(-28.3011996261155,-4.7106,8.95));
#1036=CARTESIAN_POINT('',(-23.3012,-4.7106,6.95));
#1037=CARTESIAN_POINT('',(-28.3011996261155,-4.7106,6.95));
#1038=CARTESIAN_POINT('',(-23.3012,-4.7106,-242.393821135332));
#1039=CARTESIAN_POINT('Origin',(-23.3012,-2.00609108364275E-14,-242.393821135332));
#1040=CARTESIAN_POINT('',(-23.3012,4.7106,6.95));
#1041=CARTESIAN_POINT('',(-23.3012,4.7106,8.95));
#1042=CARTESIAN_POINT('',(-23.3012,4.7106,-242.393821135332));
#1043=CARTESIAN_POINT('',(-23.3012,-2.00609108364275E-14,8.95));
#1044=CARTESIAN_POINT('',(-23.3012,-2.00609108364275E-14,6.95));
#1045=CARTESIAN_POINT('Origin',(-28.3011996261155,4.7106,-242.393821135332));
#1046=CARTESIAN_POINT('',(-33.301199252231,4.7106,6.95));
#1047=CARTESIAN_POINT('',(-33.301199252231,4.7106,8.95));
#1048=CARTESIAN_POINT('',(-33.301199252231,4.7106,-242.393821135332));
#1049=CARTESIAN_POINT('',(-28.3011996261155,4.7106,8.95));
#1050=CARTESIAN_POINT('',(-28.3011996261155,4.7106,6.95));
#1051=CARTESIAN_POINT('Origin',(-33.301199252231,8.9553,-242.393821135332));
#1052=CARTESIAN_POINT('',(-33.301199252231,13.2,6.95));
#1053=CARTESIAN_POINT('',(-33.301199252231,13.2,8.95));
#1054=CARTESIAN_POINT('',(-33.301199252231,13.2,-242.393821135332));
#1055=CARTESIAN_POINT('',(-33.301199252231,8.9553,8.95));
#1056=CARTESIAN_POINT('',(-33.301199252231,8.9553,6.95));
#1057=CARTESIAN_POINT('Origin',(-38.0005996261155,13.2,-242.393821135332));
#1058=CARTESIAN_POINT('',(-38.0005996261155,13.2,8.95));
#1059=CARTESIAN_POINT('',(-38.0005996261155,13.2,6.95));
#1060=CARTESIAN_POINT('Origin',(-38.0012,8.5106,6.95));
#1061=CARTESIAN_POINT('Origin',(-38.0012,8.5106,8.95));
#1062=CARTESIAN_POINT('',(-21.971466962514,2.51874571546857E-15,8.95));
#1063=CARTESIAN_POINT('Ctrl Pts',(-21.9714669625141,2.5187457154685E-15,
8.94999999999932));
#1064=CARTESIAN_POINT('Ctrl Pts',(-21.9714669625141,0.116855024150347,8.94999999999932));
#1065=CARTESIAN_POINT('Ctrl Pts',(-21.9747219959463,0.350565072451047,8.94999999999932));
#1066=CARTESIAN_POINT('Ctrl Pts',(-21.9941903217926,0.816807217842247,8.94999999999932));
#1067=CARTESIAN_POINT('Ctrl Pts',(-22.0427080261783,1.39748228712987,8.94999999999932));
#1068=CARTESIAN_POINT('Ctrl Pts',(-22.1392513918834,2.08951303481841,8.94999999999932));
#1069=CARTESIAN_POINT('Ctrl Pts',(-22.3185811683275,3.00428098051622,8.94999999999932));
#1070=CARTESIAN_POINT('Ctrl Pts',(-22.6367061581275,4.12977587625618,8.94999999999932));
#1071=CARTESIAN_POINT('Ctrl Pts',(-23.0776565003821,5.22319277632811,8.94999999999932));
#1072=CARTESIAN_POINT('Ctrl Pts',(-23.5026387931835,6.07380299870342,8.94999999999932));
#1073=CARTESIAN_POINT('Ctrl Pts',(-23.7980345793855,6.59435900435032,8.94999999999932));
#1074=CARTESIAN_POINT('Ctrl Pts',(-24.0520450637219,7.00356903938936,8.94999999999932));
#1075=CARTESIAN_POINT('Ctrl Pts',(-24.3177509323116,7.4076702390815,8.94999999999932));
#1076=CARTESIAN_POINT('Ctrl Pts',(-24.6698187134337,7.90024575013938,8.94999999999932));
#1077=CARTESIAN_POINT('Ctrl Pts',(-25.1235666535459,8.47097073845156,8.94999999999932));
#1078=CARTESIAN_POINT('Ctrl Pts',(-25.7687668957421,9.20336453883087,8.94999999999932));
#1079=CARTESIAN_POINT('Ctrl Pts',(-26.6481996396516,10.0631624336469,8.94999999999932));
#1080=CARTESIAN_POINT('Ctrl Pts',(-27.6181499162574,10.8427220286005,8.94999999999932));
#1081=CARTESIAN_POINT('Ctrl Pts',(-28.4443743607249,11.4146501773286,8.94999999999932));
#1082=CARTESIAN_POINT('Ctrl Pts',(-29.088216865217,11.8168677578539,8.94999999999932));
#1083=CARTESIAN_POINT('Ctrl Pts',(-29.6438996849683,12.1289535423924,8.94999999999932));
#1084=CARTESIAN_POINT('Ctrl Pts',(-30.0997709547202,12.3644838573858,8.94999999999932));
#1085=CARTESIAN_POINT('Ctrl Pts',(-30.5614075640446,12.5896479953507,8.94999999999932));
#1086=CARTESIAN_POINT('Ctrl Pts',(-31.1486538394319,12.8514968365393,8.94999999999932));
#1087=CARTESIAN_POINT('Ctrl Pts',(-32.108239958927,13.2282160797818,8.94999999999932));
#1088=CARTESIAN_POINT('Ctrl Pts',(-33.3417392917726,13.6190897181728,8.94999999999932));
#1089=CARTESIAN_POINT('Ctrl Pts',(-34.6114264913418,13.9010867846972,8.94999999999932));
#1090=CARTESIAN_POINT('Ctrl Pts',(-35.643389429266,14.0600509374591,8.94999999999932));
#1091=CARTESIAN_POINT('Ctrl Pts',(-36.4240798656143,14.1456303652363,8.94999999999932));
#1092=CARTESIAN_POINT('Ctrl Pts',(-37.0791469123414,14.1886381017627,8.94999999999932));
#1093=CARTESIAN_POINT('Ctrl Pts',(-37.6051225201764,14.2058955395116,8.94999999999932));
#1094=CARTESIAN_POINT('Ctrl Pts',(-38.0005996261155,14.2102235818344,8.94999999999932));
#1095=CARTESIAN_POINT('Ctrl Pts',(-38.3960767320547,14.2058955395116,8.94999999999932));
#1096=CARTESIAN_POINT('Ctrl Pts',(-38.9220523398895,14.1886381017627,8.94999999999932));
#1097=CARTESIAN_POINT('Ctrl Pts',(-39.5771193866168,14.1456303652363,8.94999999999932));
#1098=CARTESIAN_POINT('Ctrl Pts',(-40.357809822965,14.0600509374591,8.94999999999932));
#1099=CARTESIAN_POINT('Ctrl Pts',(-41.3897727608892,13.9010867846972,8.94999999999932));
#1100=CARTESIAN_POINT('Ctrl Pts',(-42.6594599604584,13.6190897181729,8.94999999999932));
#1101=CARTESIAN_POINT('Ctrl Pts',(-43.8929592933041,13.2282160797818,8.94999999999932));
#1102=CARTESIAN_POINT('Ctrl Pts',(-44.8525454127991,12.8514968365393,8.94999999999932));
#1103=CARTESIAN_POINT('Ctrl Pts',(-45.4397916881864,12.5896479953507,8.94999999999932));
#1104=CARTESIAN_POINT('Ctrl Pts',(-45.9014282975109,12.3644838573858,8.94999999999932));
#1105=CARTESIAN_POINT('Ctrl Pts',(-46.3572995672628,12.1289535423924,8.94999999999932));
#1106=CARTESIAN_POINT('Ctrl Pts',(-46.9129823870141,11.8168677578539,8.94999999999932));
#1107=CARTESIAN_POINT('Ctrl Pts',(-47.5568248915062,11.4146501773286,8.94999999999932));
#1108=CARTESIAN_POINT('Ctrl Pts',(-48.3830493359736,10.8427220286005,8.94999999999932));
#1109=CARTESIAN_POINT('Ctrl Pts',(-49.3529996125794,10.0631624336469,8.94999999999932));
#1110=CARTESIAN_POINT('Ctrl Pts',(-50.2324323564889,9.20336453883084,8.94999999999932));
#1111=CARTESIAN_POINT('Ctrl Pts',(-50.8776325986852,8.47097073845156,8.94999999999932));
#1112=CARTESIAN_POINT('Ctrl Pts',(-51.3313805387974,7.90024575013937,8.94999999999932));
#1113=CARTESIAN_POINT('Ctrl Pts',(-51.6834483199194,7.40767023908149,8.94999999999932));
#1114=CARTESIAN_POINT('Ctrl Pts',(-51.9491541885092,7.00356903938934,8.94999999999932));
#1115=CARTESIAN_POINT('Ctrl Pts',(-52.2031646728456,6.59435900435031,8.94999999999932));
#1116=CARTESIAN_POINT('Ctrl Pts',(-52.4985604590476,6.07380299870341,8.94999999999932));
#1117=CARTESIAN_POINT('Ctrl Pts',(-52.9235427518489,5.22319277632808,8.94999999999932));
#1118=CARTESIAN_POINT('Ctrl Pts',(-53.3644930941035,4.12977587625618,8.94999999999932));
#1119=CARTESIAN_POINT('Ctrl Pts',(-53.6826180839035,3.00428098051621,8.94999999999932));
#1120=CARTESIAN_POINT('Ctrl Pts',(-53.8619478603476,2.0895130348184,8.94999999999932));
#1121=CARTESIAN_POINT('Ctrl Pts',(-53.9584912260527,1.39748228712989,8.94999999999932));
#1122=CARTESIAN_POINT('Ctrl Pts',(-54.0070089304383,0.816807217842202,8.94999999999932));
#1123=CARTESIAN_POINT('Ctrl Pts',(-54.0264772562848,0.350565072451053,8.94999999999932));
#1124=CARTESIAN_POINT('Ctrl Pts',(-54.031359806433,5.5401450070616E-15,
8.94999999999932));
#1125=CARTESIAN_POINT('Ctrl Pts',(-54.0264772562848,-0.350565072451036,
8.94999999999932));
#1126=CARTESIAN_POINT('Ctrl Pts',(-54.0070089304384,-0.816807217842213,
8.94999999999932));
#1127=CARTESIAN_POINT('Ctrl Pts',(-53.9584912260527,-1.39748228712986,8.94999999999932));
#1128=CARTESIAN_POINT('Ctrl Pts',(-53.8619478603476,-2.08951303481839,8.94999999999932));
#1129=CARTESIAN_POINT('Ctrl Pts',(-53.6826180839035,-3.00428098051621,8.94999999999932));
#1130=CARTESIAN_POINT('Ctrl Pts',(-53.3644930941035,-4.12977587625615,8.94999999999932));
#1131=CARTESIAN_POINT('Ctrl Pts',(-52.9235427518489,-5.2231927763281,8.94999999999932));
#1132=CARTESIAN_POINT('Ctrl Pts',(-52.4985604590476,-6.07380299870338,8.94999999999932));
#1133=CARTESIAN_POINT('Ctrl Pts',(-52.2031646728456,-6.59435900435031,8.94999999999932));
#1134=CARTESIAN_POINT('Ctrl Pts',(-51.9491541885092,-7.00356903938933,8.94999999999932));
#1135=CARTESIAN_POINT('Ctrl Pts',(-51.6834483199194,-7.40767023908148,8.94999999999932));
#1136=CARTESIAN_POINT('Ctrl Pts',(-51.3313805387974,-7.90024575013937,8.94999999999932));
#1137=CARTESIAN_POINT('Ctrl Pts',(-50.8776325986852,-8.47097073845153,8.94999999999932));
#1138=CARTESIAN_POINT('Ctrl Pts',(-50.2324323564889,-9.20336453883084,8.94999999999932));
#1139=CARTESIAN_POINT('Ctrl Pts',(-49.3529996125794,-10.0631624336469,8.94999999999932));
#1140=CARTESIAN_POINT('Ctrl Pts',(-48.3830493359736,-10.8427220286005,8.94999999999932));
#1141=CARTESIAN_POINT('Ctrl Pts',(-47.5568248915062,-11.4146501773286,8.94999999999932));
#1142=CARTESIAN_POINT('Ctrl Pts',(-46.9129823870141,-11.8168677578539,8.94999999999932));
#1143=CARTESIAN_POINT('Ctrl Pts',(-46.3572995672627,-12.1289535423924,8.94999999999932));
#1144=CARTESIAN_POINT('Ctrl Pts',(-45.9014282975108,-12.3644838573858,8.94999999999932));
#1145=CARTESIAN_POINT('Ctrl Pts',(-45.4397916881865,-12.5896479953507,8.94999999999932));
#1146=CARTESIAN_POINT('Ctrl Pts',(-44.8525454127991,-12.8514968365393,8.94999999999932));
#1147=CARTESIAN_POINT('Ctrl Pts',(-43.8929592933041,-13.2282160797818,8.94999999999932));
#1148=CARTESIAN_POINT('Ctrl Pts',(-42.6594599604584,-13.6190897181729,8.94999999999932));
#1149=CARTESIAN_POINT('Ctrl Pts',(-41.3897727608892,-13.9010867846972,8.94999999999932));
#1150=CARTESIAN_POINT('Ctrl Pts',(-40.357809822965,-14.0600509374591,8.94999999999932));
#1151=CARTESIAN_POINT('Ctrl Pts',(-39.5771193866167,-14.1456303652363,8.94999999999932));
#1152=CARTESIAN_POINT('Ctrl Pts',(-38.9220523398896,-14.1886381017627,8.94999999999932));
#1153=CARTESIAN_POINT('Ctrl Pts',(-38.3960767320547,-14.2058955395116,8.94999999999932));
#1154=CARTESIAN_POINT('Ctrl Pts',(-38.0005996261155,-14.2102235818345,8.94999999999932));
#1155=CARTESIAN_POINT('Ctrl Pts',(-37.6051225201764,-14.2058955395115,8.94999999999932));
#1156=CARTESIAN_POINT('Ctrl Pts',(-37.0791469123414,-14.1886381017627,8.94999999999932));
#1157=CARTESIAN_POINT('Ctrl Pts',(-36.4240798656143,-14.1456303652363,8.94999999999932));
#1158=CARTESIAN_POINT('Ctrl Pts',(-35.643389429266,-14.0600509374591,8.94999999999932));
#1159=CARTESIAN_POINT('Ctrl Pts',(-34.6114264913418,-13.9010867846972,8.94999999999932));
#1160=CARTESIAN_POINT('Ctrl Pts',(-33.3417392917725,-13.6190897181728,8.94999999999932));
#1161=CARTESIAN_POINT('Ctrl Pts',(-32.1082399589269,-13.2282160797818,8.94999999999932));
#1162=CARTESIAN_POINT('Ctrl Pts',(-31.1486538394319,-12.8514968365393,8.94999999999932));
#1163=CARTESIAN_POINT('Ctrl Pts',(-30.5614075640446,-12.5896479953507,8.94999999999932));
#1164=CARTESIAN_POINT('Ctrl Pts',(-30.0997709547202,-12.3644838573858,8.94999999999932));
#1165=CARTESIAN_POINT('Ctrl Pts',(-29.6438996849683,-12.1289535423924,8.94999999999932));
#1166=CARTESIAN_POINT('Ctrl Pts',(-29.088216865217,-11.8168677578539,8.94999999999932));
#1167=CARTESIAN_POINT('Ctrl Pts',(-28.4443743607248,-11.4146501773286,8.94999999999932));
#1168=CARTESIAN_POINT('Ctrl Pts',(-27.6181499162574,-10.8427220286005,8.94999999999932));
#1169=CARTESIAN_POINT('Ctrl Pts',(-26.6481996396516,-10.0631624336469,8.94999999999932));
#1170=CARTESIAN_POINT('Ctrl Pts',(-25.7687668957421,-9.20336453883084,8.94999999999932));
#1171=CARTESIAN_POINT('Ctrl Pts',(-25.1235666535459,-8.47097073845153,8.94999999999932));
#1172=CARTESIAN_POINT('Ctrl Pts',(-24.6698187134337,-7.90024575013936,8.94999999999932));
#1173=CARTESIAN_POINT('Ctrl Pts',(-24.3177509323116,-7.40767023908148,8.94999999999932));
#1174=CARTESIAN_POINT('Ctrl Pts',(-24.0520450637219,-7.00356903938932,8.94999999999932));
#1175=CARTESIAN_POINT('Ctrl Pts',(-23.7980345793855,-6.5943590043503,8.94999999999932));
#1176=CARTESIAN_POINT('Ctrl Pts',(-23.5026387931835,-6.07380299870338,8.94999999999932));
#1177=CARTESIAN_POINT('Ctrl Pts',(-23.0776565003821,-5.22319277632808,8.94999999999932));
#1178=CARTESIAN_POINT('Ctrl Pts',(-22.6367061581275,-4.12977587625616,8.94999999999932));
#1179=CARTESIAN_POINT('Ctrl Pts',(-22.3185811683275,-3.0042809805162,8.94999999999932));
#1180=CARTESIAN_POINT('Ctrl Pts',(-22.1392513918834,-2.08951303481839,8.94999999999932));
#1181=CARTESIAN_POINT('Ctrl Pts',(-22.0427080261783,-1.39748228712986,8.94999999999932));
#1182=CARTESIAN_POINT('Ctrl Pts',(-21.9941903217927,-0.816807217842217,
8.94999999999932));
#1183=CARTESIAN_POINT('Ctrl Pts',(-21.9747219959462,-0.350565072451023,
8.94999999999932));
#1184=CARTESIAN_POINT('Ctrl Pts',(-21.971466962514,-0.116855024150342,8.94999999999932));
#1185=CARTESIAN_POINT('Ctrl Pts',(-21.9714669625141,2.5187457154685E-15,
8.94999999999932));
#1186=CARTESIAN_POINT('Origin',(-38.001426293869,6.69451161172653E-15,13.4238));
#1187=CARTESIAN_POINT('',(-23.0012073928788,5.010596857146,13.4238));
#1188=CARTESIAN_POINT('',(-21.9714669625141,-6.94822133342654E-15,13.4238));
#1189=CARTESIAN_POINT('Ctrl Pts',(-23.0012073928807,5.01059685715028,13.4238));
#1190=CARTESIAN_POINT('Ctrl Pts',(-23.0615316358769,5.1524964865912,13.4238));
#1191=CARTESIAN_POINT('Ctrl Pts',(-23.2207368900891,5.50957092470665,13.4238));
#1192=CARTESIAN_POINT('Ctrl Pts',(-23.5026387931835,6.07380299870341,13.4238));
#1193=CARTESIAN_POINT('Ctrl Pts',(-23.7980345793854,6.59435900435032,13.4238));
#1194=CARTESIAN_POINT('Ctrl Pts',(-24.0520450637219,7.00356903938936,13.4238));
#1195=CARTESIAN_POINT('Ctrl Pts',(-24.3177509323117,7.4076702390815,13.4238));
#1196=CARTESIAN_POINT('Ctrl Pts',(-24.6698187134336,7.90024575013938,13.4238));
#1197=CARTESIAN_POINT('Ctrl Pts',(-25.1235666535459,8.47097073845156,13.4238));
#1198=CARTESIAN_POINT('Ctrl Pts',(-25.7687668957421,9.20336453883087,13.4238));
#1199=CARTESIAN_POINT('Ctrl Pts',(-26.6481996396516,10.0631624336469,13.4238));
#1200=CARTESIAN_POINT('Ctrl Pts',(-27.6181499162574,10.8427220286005,13.4238));
#1201=CARTESIAN_POINT('Ctrl Pts',(-28.4443743607248,11.4146501773286,13.4238));
#1202=CARTESIAN_POINT('Ctrl Pts',(-29.088216865217,11.8168677578539,13.4238));
#1203=CARTESIAN_POINT('Ctrl Pts',(-29.6438996849683,12.1289535423924,13.4238));
#1204=CARTESIAN_POINT('Ctrl Pts',(-30.0997709547202,12.3644838573858,13.4238));
#1205=CARTESIAN_POINT('Ctrl Pts',(-30.5614075640446,12.5896479953508,13.4238));
#1206=CARTESIAN_POINT('Ctrl Pts',(-31.1486538394319,12.8514968365393,13.4238));
#1207=CARTESIAN_POINT('Ctrl Pts',(-32.1082399589269,13.2282160797819,13.4238));
#1208=CARTESIAN_POINT('Ctrl Pts',(-33.3417392917725,13.6190897181729,13.4238));
#1209=CARTESIAN_POINT('Ctrl Pts',(-34.6114264913417,13.9010867846972,13.4238));
#1210=CARTESIAN_POINT('Ctrl Pts',(-35.643389429266,14.0600509374592,13.4238));
#1211=CARTESIAN_POINT('Ctrl Pts',(-36.4240798656143,14.1456303652363,13.4238));
#1212=CARTESIAN_POINT('Ctrl Pts',(-37.0791469123414,14.1886381017627,13.4238));
#1213=CARTESIAN_POINT('Ctrl Pts',(-37.6051225201763,14.2058955395116,13.4238));
#1214=CARTESIAN_POINT('Ctrl Pts',(-38.0005996261155,14.2102235818345,13.4238));
#1215=CARTESIAN_POINT('Ctrl Pts',(-38.3960767320547,14.2058955395116,13.4238));
#1216=CARTESIAN_POINT('Ctrl Pts',(-38.9220523398896,14.1886381017627,13.4238));
#1217=CARTESIAN_POINT('Ctrl Pts',(-39.5771193866167,14.1456303652363,13.4238));
#1218=CARTESIAN_POINT('Ctrl Pts',(-40.357809822965,14.0600509374592,13.4238));
#1219=CARTESIAN_POINT('Ctrl Pts',(-41.3897727608892,13.9010867846972,13.4238));
#1220=CARTESIAN_POINT('Ctrl Pts',(-42.6594599604585,13.6190897181729,13.4238));
#1221=CARTESIAN_POINT('Ctrl Pts',(-43.8929592933041,13.2282160797818,13.4238));
#1222=CARTESIAN_POINT('Ctrl Pts',(-44.8525454127991,12.8514968365393,13.4238));
#1223=CARTESIAN_POINT('Ctrl Pts',(-45.4397916881864,12.5896479953507,13.4238));
#1224=CARTESIAN_POINT('Ctrl Pts',(-45.9014282975108,12.3644838573858,13.4238));
#1225=CARTESIAN_POINT('Ctrl Pts',(-46.3572995672627,12.1289535423924,13.4238));
#1226=CARTESIAN_POINT('Ctrl Pts',(-46.912982387014,11.8168677578539,13.4238));
#1227=CARTESIAN_POINT('Ctrl Pts',(-47.5568248915062,11.4146501773286,13.4238));
#1228=CARTESIAN_POINT('Ctrl Pts',(-48.3830493359736,10.8427220286005,13.4238));
#1229=CARTESIAN_POINT('Ctrl Pts',(-49.3529996125793,10.0631624336469,13.4238));
#1230=CARTESIAN_POINT('Ctrl Pts',(-50.2324323564889,9.20336453883084,13.4238));
#1231=CARTESIAN_POINT('Ctrl Pts',(-50.8776325986851,8.47097073845156,13.4238));
#1232=CARTESIAN_POINT('Ctrl Pts',(-51.3313805387973,7.90024575013937,13.4238));
#1233=CARTESIAN_POINT('Ctrl Pts',(-51.6834483199194,7.40767023908149,13.4238));
#1234=CARTESIAN_POINT('Ctrl Pts',(-51.9491541885091,7.00356903938934,13.4238));
#1235=CARTESIAN_POINT('Ctrl Pts',(-52.2031646728455,6.59435900435031,13.4238));
#1236=CARTESIAN_POINT('Ctrl Pts',(-52.4985604590475,6.07380299870341,13.4238));
#1237=CARTESIAN_POINT('Ctrl Pts',(-52.9235427518489,5.22319277632808,13.4238));
#1238=CARTESIAN_POINT('Ctrl Pts',(-53.3644930941034,4.12977587625618,13.4238));
#1239=CARTESIAN_POINT('Ctrl Pts',(-53.6826180839035,3.00428098051621,13.4238));
#1240=CARTESIAN_POINT('Ctrl Pts',(-53.8619478603476,2.0895130348184,13.4238));
#1241=CARTESIAN_POINT('Ctrl Pts',(-53.9584912260527,1.39748228712989,13.4238));
#1242=CARTESIAN_POINT('Ctrl Pts',(-54.0070089304383,0.816807217842202,13.4238));
#1243=CARTESIAN_POINT('Ctrl Pts',(-54.0264772562848,0.350565072451054,13.4238));
#1244=CARTESIAN_POINT('Ctrl Pts',(-54.031359806433,6.03683658381842E-15,
13.4238));
#1245=CARTESIAN_POINT('Ctrl Pts',(-54.0264772562848,-0.350565072451036,
13.4238));
#1246=CARTESIAN_POINT('Ctrl Pts',(-54.0070089304383,-0.816807217842212,
13.4238));
#1247=CARTESIAN_POINT('Ctrl Pts',(-53.9584912260527,-1.39748228712986,13.4238));
#1248=CARTESIAN_POINT('Ctrl Pts',(-53.8619478603476,-2.08951303481839,13.4238));
#1249=CARTESIAN_POINT('Ctrl Pts',(-53.6826180839035,-3.0042809805162,13.4238));
#1250=CARTESIAN_POINT('Ctrl Pts',(-53.3644930941034,-4.12977587625615,13.4238));
#1251=CARTESIAN_POINT('Ctrl Pts',(-52.9235427518489,-5.2231927763281,13.4238));
#1252=CARTESIAN_POINT('Ctrl Pts',(-52.4985604590476,-6.07380299870338,13.4238));
#1253=CARTESIAN_POINT('Ctrl Pts',(-52.2031646728455,-6.59435900435031,13.4238));
#1254=CARTESIAN_POINT('Ctrl Pts',(-51.9491541885091,-7.00356903938933,13.4238));
#1255=CARTESIAN_POINT('Ctrl Pts',(-51.6834483199194,-7.40767023908148,13.4238));
#1256=CARTESIAN_POINT('Ctrl Pts',(-51.3313805387973,-7.90024575013937,13.4238));
#1257=CARTESIAN_POINT('Ctrl Pts',(-50.8776325986851,-8.47097073845153,13.4238));
#1258=CARTESIAN_POINT('Ctrl Pts',(-50.2324323564889,-9.20336453883084,13.4238));
#1259=CARTESIAN_POINT('Ctrl Pts',(-49.3529996125793,-10.0631624336469,13.4238));
#1260=CARTESIAN_POINT('Ctrl Pts',(-48.3830493359736,-10.8427220286005,13.4238));
#1261=CARTESIAN_POINT('Ctrl Pts',(-47.5568248915061,-11.4146501773286,13.4238));
#1262=CARTESIAN_POINT('Ctrl Pts',(-46.912982387014,-11.8168677578539,13.4238));
#1263=CARTESIAN_POINT('Ctrl Pts',(-46.3572995672627,-12.1289535423924,13.4238));
#1264=CARTESIAN_POINT('Ctrl Pts',(-45.9014282975108,-12.3644838573858,13.4238));
#1265=CARTESIAN_POINT('Ctrl Pts',(-45.4397916881864,-12.5896479953507,13.4238));
#1266=CARTESIAN_POINT('Ctrl Pts',(-44.8525454127991,-12.8514968365393,13.4238));
#1267=CARTESIAN_POINT('Ctrl Pts',(-43.892959293304,-13.2282160797818,13.4238));
#1268=CARTESIAN_POINT('Ctrl Pts',(-42.6594599604584,-13.6190897181728,13.4238));
#1269=CARTESIAN_POINT('Ctrl Pts',(-41.3897727608893,-13.9010867846972,13.4238));
#1270=CARTESIAN_POINT('Ctrl Pts',(-40.3578098229649,-14.0600509374591,13.4238));
#1271=CARTESIAN_POINT('Ctrl Pts',(-39.5771193866167,-14.1456303652363,13.4238));
#1272=CARTESIAN_POINT('Ctrl Pts',(-38.9220523398896,-14.1886381017627,13.4238));
#1273=CARTESIAN_POINT('Ctrl Pts',(-38.3960767320546,-14.2058955395115,13.4238));
#1274=CARTESIAN_POINT('Ctrl Pts',(-38.0005996261155,-14.2102235818344,13.4238));
#1275=CARTESIAN_POINT('Ctrl Pts',(-37.6051225201763,-14.2058955395115,13.4238));
#1276=CARTESIAN_POINT('Ctrl Pts',(-37.0791469123413,-14.1886381017627,13.4238));
#1277=CARTESIAN_POINT('Ctrl Pts',(-36.4240798656143,-14.1456303652363,13.4238));
#1278=CARTESIAN_POINT('Ctrl Pts',(-35.643389429266,-14.0600509374591,13.4238));
#1279=CARTESIAN_POINT('Ctrl Pts',(-34.6114264913417,-13.9010867846972,13.4238));
#1280=CARTESIAN_POINT('Ctrl Pts',(-33.3417392917725,-13.6190897181728,13.4238));
#1281=CARTESIAN_POINT('Ctrl Pts',(-32.1082399589269,-13.2282160797818,13.4238));
#1282=CARTESIAN_POINT('Ctrl Pts',(-31.1486538394318,-12.8514968365393,13.4238));
#1283=CARTESIAN_POINT('Ctrl Pts',(-30.5614075640446,-12.5896479953507,13.4238));
#1284=CARTESIAN_POINT('Ctrl Pts',(-30.0997709547202,-12.3644838573858,13.4238));
#1285=CARTESIAN_POINT('Ctrl Pts',(-29.6438996849683,-12.1289535423924,13.4238));
#1286=CARTESIAN_POINT('Ctrl Pts',(-29.088216865217,-11.8168677578539,13.4238));
#1287=CARTESIAN_POINT('Ctrl Pts',(-28.4443743607248,-11.4146501773286,13.4238));
#1288=CARTESIAN_POINT('Ctrl Pts',(-27.6181499162574,-10.8427220286005,13.4238));
#1289=CARTESIAN_POINT('Ctrl Pts',(-26.6481996396516,-10.0631624336468,13.4238));
#1290=CARTESIAN_POINT('Ctrl Pts',(-25.7687668957421,-9.20336453883084,13.4238));
#1291=CARTESIAN_POINT('Ctrl Pts',(-25.1235666535459,-8.47097073845153,13.4238));
#1292=CARTESIAN_POINT('Ctrl Pts',(-24.6698187134336,-7.90024575013936,13.4238));
#1293=CARTESIAN_POINT('Ctrl Pts',(-24.3177509323117,-7.40767023908148,13.4238));
#1294=CARTESIAN_POINT('Ctrl Pts',(-24.0520450637219,-7.00356903938932,13.4238));
#1295=CARTESIAN_POINT('Ctrl Pts',(-23.7980345793854,-6.59435900435031,13.4238));
#1296=CARTESIAN_POINT('Ctrl Pts',(-23.5026387931835,-6.07380299870338,13.4238));
#1297=CARTESIAN_POINT('Ctrl Pts',(-23.0776565003821,-5.22319277632808,13.4238));
#1298=CARTESIAN_POINT('Ctrl Pts',(-22.6367061581275,-4.12977587625615,13.4238));
#1299=CARTESIAN_POINT('Ctrl Pts',(-22.3185811683275,-3.0042809805162,13.4238));
#1300=CARTESIAN_POINT('Ctrl Pts',(-22.1392513918834,-2.0895130348184,13.4238));
#1301=CARTESIAN_POINT('Ctrl Pts',(-22.0427080261783,-1.39748228712986,13.4238));
#1302=CARTESIAN_POINT('Ctrl Pts',(-21.9941903217927,-0.816807217842216,
13.4238));
#1303=CARTESIAN_POINT('Ctrl Pts',(-21.9747219959463,-0.350565072451022,
13.4238));
#1304=CARTESIAN_POINT('Ctrl Pts',(-21.971466962514,-0.116855024150342,13.4238));
#1305=CARTESIAN_POINT('Ctrl Pts',(-21.971466962514,3.01543729222531E-15,
13.4238));
#1306=CARTESIAN_POINT('Ctrl Pts',(-21.971466962514,3.01543729222531E-15,
13.4238));
#1307=CARTESIAN_POINT('Ctrl Pts',(-21.971466962514,0.116855024150348,13.4238));
#1308=CARTESIAN_POINT('Ctrl Pts',(-21.9747219959463,0.350565072451047,13.4238));
#1309=CARTESIAN_POINT('Ctrl Pts',(-21.9941903217927,0.816807217842247,13.4238));
#1310=CARTESIAN_POINT('Ctrl Pts',(-22.0427080261783,1.39748228712987,13.4238));
#1311=CARTESIAN_POINT('Ctrl Pts',(-22.1392513918834,2.08951303481842,13.4238));
#1312=CARTESIAN_POINT('Ctrl Pts',(-22.3185811683275,3.00428098051622,13.4238));
#1313=CARTESIAN_POINT('Ctrl Pts',(-22.5951396333301,3.98271760358632,13.4238));
#1314=CARTESIAN_POINT('Ctrl Pts',(-22.8768575570945,4.71809097986618,13.4238));
#1315=CARTESIAN_POINT('Ctrl Pts',(-23.0012073928807,5.01059685715028,13.4238));
#1316=CARTESIAN_POINT('',(-42.7,4.7106,13.4238));
#1317=CARTESIAN_POINT('',(-52.699999252231,4.7106,13.4238));
#1318=CARTESIAN_POINT('',(-47.6999996261155,4.7106,13.4238));
#1319=CARTESIAN_POINT('',(-42.7,13.2,13.4238));
#1320=CARTESIAN_POINT('',(-42.7,8.9553,13.4238));
#1321=CARTESIAN_POINT('',(-33.3011992522309,13.2,13.4238));
#1322=CARTESIAN_POINT('',(-38.0005996261155,13.2,13.4238));
#1323=CARTESIAN_POINT('',(-33.3011992522309,4.7106,13.4238));
#1324=CARTESIAN_POINT('',(-33.3011992522309,8.9553,13.4238));
#1325=CARTESIAN_POINT('',(-23.3012,4.7106,13.4238));
#1326=CARTESIAN_POINT('',(-28.3011996261155,4.7106,13.4238));
#1327=CARTESIAN_POINT('',(-23.3012,-4.7106,13.4238));
#1328=CARTESIAN_POINT('',(-23.3012,8.34055047249654E-15,13.4238));
#1329=CARTESIAN_POINT('',(-33.301199252231,-4.7106,13.4238));
#1330=CARTESIAN_POINT('',(-28.3011996261155,-4.7106,13.4238));
#1331=CARTESIAN_POINT('',(-33.3011992522309,-13.2,13.4238));
#1332=CARTESIAN_POINT('',(-33.3011992522309,-8.9553,13.4238));
#1333=CARTESIAN_POINT('',(-42.7,-13.2,13.4238));
#1334=CARTESIAN_POINT('',(-38.0005996261155,-13.2,13.4238));
#1335=CARTESIAN_POINT('',(-42.7,-4.7106,13.4238));
#1336=CARTESIAN_POINT('',(-42.7,-8.9553,13.4238));
#1337=CARTESIAN_POINT('',(-52.699999252231,-4.7106,13.4238));
#1338=CARTESIAN_POINT('',(-47.6999996261155,-4.7106,13.4238));
#1339=CARTESIAN_POINT('',(-52.699999252231,5.73846525853132E-15,13.4238));
#1340=CARTESIAN_POINT('Ctrl Pts',(-21.9714669625141,2.5187457154685E-15,
8.94999999999932));
#1341=CARTESIAN_POINT('Ctrl Pts',(-21.9714669625141,3.1147756075766E-15,
14.3185599999995));
#1342=CARTESIAN_POINT('Ctrl Pts',(-21.9714669625141,0.116855024150347,8.94999999999932));
#1343=CARTESIAN_POINT('Ctrl Pts',(-21.9714669625141,0.116855024150348,14.3185599999995));
#1344=CARTESIAN_POINT('Ctrl Pts',(-21.9747219959463,0.350565072451047,8.94999999999932));
#1345=CARTESIAN_POINT('Ctrl Pts',(-21.9747219959463,0.350565072451048,14.3185599999995));
#1346=CARTESIAN_POINT('Ctrl Pts',(-21.9941903217926,0.816807217842247,8.94999999999932));
#1347=CARTESIAN_POINT('Ctrl Pts',(-21.9941903217926,0.816807217842248,14.3185599999995));
#1348=CARTESIAN_POINT('Ctrl Pts',(-22.0427080261783,1.39748228712987,8.94999999999932));
#1349=CARTESIAN_POINT('Ctrl Pts',(-22.0427080261783,1.39748228712987,14.3185599999995));
#1350=CARTESIAN_POINT('Ctrl Pts',(-22.1392513918834,2.08951303481841,8.94999999999932));
#1351=CARTESIAN_POINT('Ctrl Pts',(-22.1392513918834,2.08951303481841,14.3185599999995));
#1352=CARTESIAN_POINT('Ctrl Pts',(-22.3185811683275,3.00428098051622,8.94999999999932));
#1353=CARTESIAN_POINT('Ctrl Pts',(-22.3185811683275,3.00428098051622,14.3185599999995));
#1354=CARTESIAN_POINT('Ctrl Pts',(-22.6367061581275,4.12977587625618,8.94999999999932));
#1355=CARTESIAN_POINT('Ctrl Pts',(-22.6367061581275,4.12977587625618,14.3185599999995));
#1356=CARTESIAN_POINT('Ctrl Pts',(-23.0776565003821,5.22319277632811,8.94999999999932));
#1357=CARTESIAN_POINT('Ctrl Pts',(-23.0776565003821,5.22319277632811,14.3185599999995));
#1358=CARTESIAN_POINT('Ctrl Pts',(-23.5026387931835,6.07380299870342,8.94999999999932));
#1359=CARTESIAN_POINT('Ctrl Pts',(-23.5026387931835,6.07380299870342,14.3185599999995));
#1360=CARTESIAN_POINT('Ctrl Pts',(-23.7980345793855,6.59435900435032,8.94999999999932));
#1361=CARTESIAN_POINT('Ctrl Pts',(-23.7980345793855,6.59435900435032,14.3185599999995));
#1362=CARTESIAN_POINT('Ctrl Pts',(-24.0520450637219,7.00356903938936,8.94999999999932));
#1363=CARTESIAN_POINT('Ctrl Pts',(-24.0520450637219,7.00356903938936,14.3185599999995));
#1364=CARTESIAN_POINT('Ctrl Pts',(-24.3177509323116,7.4076702390815,8.94999999999932));
#1365=CARTESIAN_POINT('Ctrl Pts',(-24.3177509323116,7.4076702390815,14.3185599999995));
#1366=CARTESIAN_POINT('Ctrl Pts',(-24.6698187134337,7.90024575013938,8.94999999999932));
#1367=CARTESIAN_POINT('Ctrl Pts',(-24.6698187134337,7.90024575013938,14.3185599999995));
#1368=CARTESIAN_POINT('Ctrl Pts',(-25.1235666535459,8.47097073845156,8.94999999999932));
#1369=CARTESIAN_POINT('Ctrl Pts',(-25.1235666535459,8.47097073845156,14.3185599999995));
#1370=CARTESIAN_POINT('Ctrl Pts',(-25.7687668957421,9.20336453883087,8.94999999999932));
#1371=CARTESIAN_POINT('Ctrl Pts',(-25.7687668957421,9.20336453883087,14.3185599999995));
#1372=CARTESIAN_POINT('Ctrl Pts',(-26.6481996396516,10.0631624336469,8.94999999999932));
#1373=CARTESIAN_POINT('Ctrl Pts',(-26.6481996396516,10.0631624336469,14.3185599999995));
#1374=CARTESIAN_POINT('Ctrl Pts',(-27.6181499162574,10.8427220286005,8.94999999999932));
#1375=CARTESIAN_POINT('Ctrl Pts',(-27.6181499162574,10.8427220286005,14.3185599999995));
#1376=CARTESIAN_POINT('Ctrl Pts',(-28.4443743607249,11.4146501773286,8.94999999999932));
#1377=CARTESIAN_POINT('Ctrl Pts',(-28.4443743607249,11.4146501773286,14.3185599999995));
#1378=CARTESIAN_POINT('Ctrl Pts',(-29.088216865217,11.8168677578539,8.94999999999932));
#1379=CARTESIAN_POINT('Ctrl Pts',(-29.088216865217,11.8168677578539,14.3185599999995));
#1380=CARTESIAN_POINT('Ctrl Pts',(-29.6438996849683,12.1289535423924,8.94999999999932));
#1381=CARTESIAN_POINT('Ctrl Pts',(-29.6438996849683,12.1289535423924,14.3185599999995));
#1382=CARTESIAN_POINT('Ctrl Pts',(-30.0997709547202,12.3644838573858,8.94999999999932));
#1383=CARTESIAN_POINT('Ctrl Pts',(-30.0997709547202,12.3644838573858,14.3185599999995));
#1384=CARTESIAN_POINT('Ctrl Pts',(-30.5614075640446,12.5896479953507,8.94999999999932));
#1385=CARTESIAN_POINT('Ctrl Pts',(-30.5614075640446,12.5896479953507,14.3185599999995));
#1386=CARTESIAN_POINT('Ctrl Pts',(-31.1486538394319,12.8514968365393,8.94999999999932));
#1387=CARTESIAN_POINT('Ctrl Pts',(-31.1486538394319,12.8514968365393,14.3185599999995));
#1388=CARTESIAN_POINT('Ctrl Pts',(-32.108239958927,13.2282160797818,8.94999999999932));
#1389=CARTESIAN_POINT('Ctrl Pts',(-32.108239958927,13.2282160797818,14.3185599999995));
#1390=CARTESIAN_POINT('Ctrl Pts',(-33.3417392917726,13.6190897181728,8.94999999999932));
#1391=CARTESIAN_POINT('Ctrl Pts',(-33.3417392917726,13.6190897181728,14.3185599999995));
#1392=CARTESIAN_POINT('Ctrl Pts',(-34.6114264913418,13.9010867846972,8.94999999999932));
#1393=CARTESIAN_POINT('Ctrl Pts',(-34.6114264913418,13.9010867846972,14.3185599999995));
#1394=CARTESIAN_POINT('Ctrl Pts',(-35.643389429266,14.0600509374591,8.94999999999932));
#1395=CARTESIAN_POINT('Ctrl Pts',(-35.643389429266,14.0600509374591,14.3185599999995));
#1396=CARTESIAN_POINT('Ctrl Pts',(-36.4240798656143,14.1456303652363,8.94999999999932));
#1397=CARTESIAN_POINT('Ctrl Pts',(-36.4240798656143,14.1456303652363,14.3185599999995));
#1398=CARTESIAN_POINT('Ctrl Pts',(-37.0791469123414,14.1886381017627,8.94999999999932));
#1399=CARTESIAN_POINT('Ctrl Pts',(-37.0791469123414,14.1886381017627,14.3185599999995));
#1400=CARTESIAN_POINT('Ctrl Pts',(-37.6051225201764,14.2058955395116,8.94999999999932));
#1401=CARTESIAN_POINT('Ctrl Pts',(-37.6051225201764,14.2058955395116,14.3185599999995));
#1402=CARTESIAN_POINT('Ctrl Pts',(-38.0005996261155,14.2102235818344,8.94999999999932));
#1403=CARTESIAN_POINT('Ctrl Pts',(-38.0005996261155,14.2102235818344,14.3185599999995));
#1404=CARTESIAN_POINT('Ctrl Pts',(-38.3960767320547,14.2058955395116,8.94999999999932));
#1405=CARTESIAN_POINT('Ctrl Pts',(-38.3960767320547,14.2058955395116,14.3185599999995));
#1406=CARTESIAN_POINT('Ctrl Pts',(-38.9220523398895,14.1886381017627,8.94999999999932));
#1407=CARTESIAN_POINT('Ctrl Pts',(-38.9220523398895,14.1886381017627,14.3185599999995));
#1408=CARTESIAN_POINT('Ctrl Pts',(-39.5771193866168,14.1456303652363,8.94999999999932));
#1409=CARTESIAN_POINT('Ctrl Pts',(-39.5771193866168,14.1456303652363,14.3185599999995));
#1410=CARTESIAN_POINT('Ctrl Pts',(-40.357809822965,14.0600509374591,8.94999999999932));
#1411=CARTESIAN_POINT('Ctrl Pts',(-40.357809822965,14.0600509374591,14.3185599999995));
#1412=CARTESIAN_POINT('Ctrl Pts',(-41.3897727608892,13.9010867846972,8.94999999999932));
#1413=CARTESIAN_POINT('Ctrl Pts',(-41.3897727608892,13.9010867846972,14.3185599999995));
#1414=CARTESIAN_POINT('Ctrl Pts',(-42.6594599604584,13.6190897181729,8.94999999999932));
#1415=CARTESIAN_POINT('Ctrl Pts',(-42.6594599604584,13.6190897181729,14.3185599999995));
#1416=CARTESIAN_POINT('Ctrl Pts',(-43.8929592933041,13.2282160797818,8.94999999999932));
#1417=CARTESIAN_POINT('Ctrl Pts',(-43.8929592933041,13.2282160797818,14.3185599999995));
#1418=CARTESIAN_POINT('Ctrl Pts',(-44.8525454127991,12.8514968365393,8.94999999999932));
#1419=CARTESIAN_POINT('Ctrl Pts',(-44.8525454127991,12.8514968365393,14.3185599999995));
#1420=CARTESIAN_POINT('Ctrl Pts',(-45.4397916881864,12.5896479953507,8.94999999999932));
#1421=CARTESIAN_POINT('Ctrl Pts',(-45.4397916881864,12.5896479953507,14.3185599999995));
#1422=CARTESIAN_POINT('Ctrl Pts',(-45.9014282975109,12.3644838573858,8.94999999999932));
#1423=CARTESIAN_POINT('Ctrl Pts',(-45.9014282975109,12.3644838573858,14.3185599999995));
#1424=CARTESIAN_POINT('Ctrl Pts',(-46.3572995672628,12.1289535423924,8.94999999999932));
#1425=CARTESIAN_POINT('Ctrl Pts',(-46.3572995672628,12.1289535423924,14.3185599999995));
#1426=CARTESIAN_POINT('Ctrl Pts',(-46.9129823870141,11.8168677578539,8.94999999999932));
#1427=CARTESIAN_POINT('Ctrl Pts',(-46.9129823870141,11.8168677578539,14.3185599999995));
#1428=CARTESIAN_POINT('Ctrl Pts',(-47.5568248915062,11.4146501773286,8.94999999999932));
#1429=CARTESIAN_POINT('Ctrl Pts',(-47.5568248915062,11.4146501773286,14.3185599999995));
#1430=CARTESIAN_POINT('Ctrl Pts',(-48.3830493359736,10.8427220286005,8.94999999999932));
#1431=CARTESIAN_POINT('Ctrl Pts',(-48.3830493359736,10.8427220286005,14.3185599999995));
#1432=CARTESIAN_POINT('Ctrl Pts',(-49.3529996125794,10.0631624336469,8.94999999999932));
#1433=CARTESIAN_POINT('Ctrl Pts',(-49.3529996125794,10.0631624336469,14.3185599999995));
#1434=CARTESIAN_POINT('Ctrl Pts',(-50.2324323564889,9.20336453883084,8.94999999999932));
#1435=CARTESIAN_POINT('Ctrl Pts',(-50.2324323564889,9.20336453883084,14.3185599999995));
#1436=CARTESIAN_POINT('Ctrl Pts',(-50.8776325986852,8.47097073845156,8.94999999999932));
#1437=CARTESIAN_POINT('Ctrl Pts',(-50.8776325986852,8.47097073845156,14.3185599999995));
#1438=CARTESIAN_POINT('Ctrl Pts',(-51.3313805387974,7.90024575013937,8.94999999999932));
#1439=CARTESIAN_POINT('Ctrl Pts',(-51.3313805387974,7.90024575013937,14.3185599999995));
#1440=CARTESIAN_POINT('Ctrl Pts',(-51.6834483199194,7.40767023908149,8.94999999999932));
#1441=CARTESIAN_POINT('Ctrl Pts',(-51.6834483199194,7.40767023908149,14.3185599999995));
#1442=CARTESIAN_POINT('Ctrl Pts',(-51.9491541885092,7.00356903938934,8.94999999999932));
#1443=CARTESIAN_POINT('Ctrl Pts',(-51.9491541885092,7.00356903938934,14.3185599999995));
#1444=CARTESIAN_POINT('Ctrl Pts',(-52.2031646728456,6.59435900435031,8.94999999999932));
#1445=CARTESIAN_POINT('Ctrl Pts',(-52.2031646728456,6.59435900435031,14.3185599999995));
#1446=CARTESIAN_POINT('Ctrl Pts',(-52.4985604590476,6.07380299870341,8.94999999999932));
#1447=CARTESIAN_POINT('Ctrl Pts',(-52.4985604590476,6.07380299870341,14.3185599999995));
#1448=CARTESIAN_POINT('Ctrl Pts',(-52.9235427518489,5.22319277632808,8.94999999999932));
#1449=CARTESIAN_POINT('Ctrl Pts',(-52.9235427518489,5.22319277632808,14.3185599999995));
#1450=CARTESIAN_POINT('Ctrl Pts',(-53.3644930941035,4.12977587625618,8.94999999999932));
#1451=CARTESIAN_POINT('Ctrl Pts',(-53.3644930941035,4.12977587625618,14.3185599999995));
#1452=CARTESIAN_POINT('Ctrl Pts',(-53.6826180839035,3.00428098051621,8.94999999999932));
#1453=CARTESIAN_POINT('Ctrl Pts',(-53.6826180839035,3.00428098051621,14.3185599999995));
#1454=CARTESIAN_POINT('Ctrl Pts',(-53.8619478603476,2.0895130348184,8.94999999999932));
#1455=CARTESIAN_POINT('Ctrl Pts',(-53.8619478603476,2.0895130348184,14.3185599999995));
#1456=CARTESIAN_POINT('Ctrl Pts',(-53.9584912260527,1.39748228712989,8.94999999999932));
#1457=CARTESIAN_POINT('Ctrl Pts',(-53.9584912260527,1.39748228712989,14.3185599999995));
#1458=CARTESIAN_POINT('Ctrl Pts',(-54.0070089304383,0.816807217842202,8.94999999999932));
#1459=CARTESIAN_POINT('Ctrl Pts',(-54.0070089304383,0.816807217842203,14.3185599999995));
#1460=CARTESIAN_POINT('Ctrl Pts',(-54.0264772562848,0.350565072451053,8.94999999999932));
#1461=CARTESIAN_POINT('Ctrl Pts',(-54.0264772562848,0.350565072451054,14.3185599999995));
#1462=CARTESIAN_POINT('Ctrl Pts',(-54.031359806433,5.5401450070616E-15,
8.94999999999932));
#1463=CARTESIAN_POINT('Ctrl Pts',(-54.031359806433,6.1361748991697E-15,
14.3185599999995));
#1464=CARTESIAN_POINT('Ctrl Pts',(-54.0264772562848,-0.350565072451036,
8.94999999999932));
#1465=CARTESIAN_POINT('Ctrl Pts',(-54.0264772562848,-0.350565072451035,
14.3185599999995));
#1466=CARTESIAN_POINT('Ctrl Pts',(-54.0070089304384,-0.816807217842213,
8.94999999999932));
#1467=CARTESIAN_POINT('Ctrl Pts',(-54.0070089304384,-0.816807217842212,
14.3185599999995));
#1468=CARTESIAN_POINT('Ctrl Pts',(-53.9584912260527,-1.39748228712986,8.94999999999932));
#1469=CARTESIAN_POINT('Ctrl Pts',(-53.9584912260527,-1.39748228712986,14.3185599999995));
#1470=CARTESIAN_POINT('Ctrl Pts',(-53.8619478603476,-2.08951303481839,8.94999999999932));
#1471=CARTESIAN_POINT('Ctrl Pts',(-53.8619478603476,-2.08951303481839,14.3185599999995));
#1472=CARTESIAN_POINT('Ctrl Pts',(-53.6826180839035,-3.00428098051621,8.94999999999932));
#1473=CARTESIAN_POINT('Ctrl Pts',(-53.6826180839035,-3.00428098051621,14.3185599999995));
#1474=CARTESIAN_POINT('Ctrl Pts',(-53.3644930941035,-4.12977587625615,8.94999999999932));
#1475=CARTESIAN_POINT('Ctrl Pts',(-53.3644930941035,-4.12977587625615,14.3185599999995));
#1476=CARTESIAN_POINT('Ctrl Pts',(-52.9235427518489,-5.2231927763281,8.94999999999932));
#1477=CARTESIAN_POINT('Ctrl Pts',(-52.9235427518489,-5.2231927763281,14.3185599999995));
#1478=CARTESIAN_POINT('Ctrl Pts',(-52.4985604590476,-6.07380299870338,8.94999999999932));
#1479=CARTESIAN_POINT('Ctrl Pts',(-52.4985604590476,-6.07380299870338,14.3185599999995));
#1480=CARTESIAN_POINT('Ctrl Pts',(-52.2031646728456,-6.59435900435031,8.94999999999932));
#1481=CARTESIAN_POINT('Ctrl Pts',(-52.2031646728456,-6.59435900435031,14.3185599999995));
#1482=CARTESIAN_POINT('Ctrl Pts',(-51.9491541885092,-7.00356903938933,8.94999999999932));
#1483=CARTESIAN_POINT('Ctrl Pts',(-51.9491541885092,-7.00356903938933,14.3185599999995));
#1484=CARTESIAN_POINT('Ctrl Pts',(-51.6834483199194,-7.40767023908148,8.94999999999932));
#1485=CARTESIAN_POINT('Ctrl Pts',(-51.6834483199194,-7.40767023908148,14.3185599999995));
#1486=CARTESIAN_POINT('Ctrl Pts',(-51.3313805387974,-7.90024575013937,8.94999999999932));
#1487=CARTESIAN_POINT('Ctrl Pts',(-51.3313805387974,-7.90024575013937,14.3185599999995));
#1488=CARTESIAN_POINT('Ctrl Pts',(-50.8776325986852,-8.47097073845153,8.94999999999932));
#1489=CARTESIAN_POINT('Ctrl Pts',(-50.8776325986852,-8.47097073845153,14.3185599999995));
#1490=CARTESIAN_POINT('Ctrl Pts',(-50.2324323564889,-9.20336453883084,8.94999999999932));
#1491=CARTESIAN_POINT('Ctrl Pts',(-50.2324323564889,-9.20336453883084,14.3185599999995));
#1492=CARTESIAN_POINT('Ctrl Pts',(-49.3529996125794,-10.0631624336469,8.94999999999932));
#1493=CARTESIAN_POINT('Ctrl Pts',(-49.3529996125794,-10.0631624336469,14.3185599999995));
#1494=CARTESIAN_POINT('Ctrl Pts',(-48.3830493359736,-10.8427220286005,8.94999999999932));
#1495=CARTESIAN_POINT('Ctrl Pts',(-48.3830493359736,-10.8427220286005,14.3185599999995));
#1496=CARTESIAN_POINT('Ctrl Pts',(-47.5568248915062,-11.4146501773286,8.94999999999932));
#1497=CARTESIAN_POINT('Ctrl Pts',(-47.5568248915062,-11.4146501773286,14.3185599999995));
#1498=CARTESIAN_POINT('Ctrl Pts',(-46.9129823870141,-11.8168677578539,8.94999999999932));
#1499=CARTESIAN_POINT('Ctrl Pts',(-46.9129823870141,-11.8168677578539,14.3185599999995));
#1500=CARTESIAN_POINT('Ctrl Pts',(-46.3572995672627,-12.1289535423924,8.94999999999932));
#1501=CARTESIAN_POINT('Ctrl Pts',(-46.3572995672627,-12.1289535423924,14.3185599999995));
#1502=CARTESIAN_POINT('Ctrl Pts',(-45.9014282975108,-12.3644838573858,8.94999999999932));
#1503=CARTESIAN_POINT('Ctrl Pts',(-45.9014282975108,-12.3644838573858,14.3185599999995));
#1504=CARTESIAN_POINT('Ctrl Pts',(-45.4397916881865,-12.5896479953507,8.94999999999932));
#1505=CARTESIAN_POINT('Ctrl Pts',(-45.4397916881865,-12.5896479953507,14.3185599999995));
#1506=CARTESIAN_POINT('Ctrl Pts',(-44.8525454127991,-12.8514968365393,8.94999999999932));
#1507=CARTESIAN_POINT('Ctrl Pts',(-44.8525454127991,-12.8514968365393,14.3185599999995));
#1508=CARTESIAN_POINT('Ctrl Pts',(-43.8929592933041,-13.2282160797818,8.94999999999932));
#1509=CARTESIAN_POINT('Ctrl Pts',(-43.8929592933041,-13.2282160797818,14.3185599999995));
#1510=CARTESIAN_POINT('Ctrl Pts',(-42.6594599604584,-13.6190897181729,8.94999999999932));
#1511=CARTESIAN_POINT('Ctrl Pts',(-42.6594599604584,-13.6190897181729,14.3185599999995));
#1512=CARTESIAN_POINT('Ctrl Pts',(-41.3897727608892,-13.9010867846972,8.94999999999932));
#1513=CARTESIAN_POINT('Ctrl Pts',(-41.3897727608892,-13.9010867846972,14.3185599999995));
#1514=CARTESIAN_POINT('Ctrl Pts',(-40.357809822965,-14.0600509374591,8.94999999999932));
#1515=CARTESIAN_POINT('Ctrl Pts',(-40.357809822965,-14.0600509374591,14.3185599999995));
#1516=CARTESIAN_POINT('Ctrl Pts',(-39.5771193866167,-14.1456303652363,8.94999999999932));
#1517=CARTESIAN_POINT('Ctrl Pts',(-39.5771193866167,-14.1456303652363,14.3185599999995));
#1518=CARTESIAN_POINT('Ctrl Pts',(-38.9220523398896,-14.1886381017627,8.94999999999932));
#1519=CARTESIAN_POINT('Ctrl Pts',(-38.9220523398896,-14.1886381017627,14.3185599999995));
#1520=CARTESIAN_POINT('Ctrl Pts',(-38.3960767320547,-14.2058955395116,8.94999999999932));
#1521=CARTESIAN_POINT('Ctrl Pts',(-38.3960767320547,-14.2058955395116,14.3185599999995));
#1522=CARTESIAN_POINT('Ctrl Pts',(-38.0005996261155,-14.2102235818345,8.94999999999932));
#1523=CARTESIAN_POINT('Ctrl Pts',(-38.0005996261155,-14.2102235818345,14.3185599999995));
#1524=CARTESIAN_POINT('Ctrl Pts',(-37.6051225201764,-14.2058955395115,8.94999999999932));
#1525=CARTESIAN_POINT('Ctrl Pts',(-37.6051225201764,-14.2058955395115,14.3185599999995));
#1526=CARTESIAN_POINT('Ctrl Pts',(-37.0791469123414,-14.1886381017627,8.94999999999932));
#1527=CARTESIAN_POINT('Ctrl Pts',(-37.0791469123414,-14.1886381017627,14.3185599999995));
#1528=CARTESIAN_POINT('Ctrl Pts',(-36.4240798656143,-14.1456303652363,8.94999999999932));
#1529=CARTESIAN_POINT('Ctrl Pts',(-36.4240798656143,-14.1456303652363,14.3185599999995));
#1530=CARTESIAN_POINT('Ctrl Pts',(-35.643389429266,-14.0600509374591,8.94999999999932));
#1531=CARTESIAN_POINT('Ctrl Pts',(-35.643389429266,-14.0600509374591,14.3185599999995));
#1532=CARTESIAN_POINT('Ctrl Pts',(-34.6114264913418,-13.9010867846972,8.94999999999932));
#1533=CARTESIAN_POINT('Ctrl Pts',(-34.6114264913418,-13.9010867846972,14.3185599999995));
#1534=CARTESIAN_POINT('Ctrl Pts',(-33.3417392917725,-13.6190897181728,8.94999999999932));
#1535=CARTESIAN_POINT('Ctrl Pts',(-33.3417392917725,-13.6190897181728,14.3185599999995));
#1536=CARTESIAN_POINT('Ctrl Pts',(-32.1082399589269,-13.2282160797818,8.94999999999932));
#1537=CARTESIAN_POINT('Ctrl Pts',(-32.1082399589269,-13.2282160797818,14.3185599999995));
#1538=CARTESIAN_POINT('Ctrl Pts',(-31.1486538394319,-12.8514968365393,8.94999999999932));
#1539=CARTESIAN_POINT('Ctrl Pts',(-31.1486538394319,-12.8514968365393,14.3185599999995));
#1540=CARTESIAN_POINT('Ctrl Pts',(-30.5614075640446,-12.5896479953507,8.94999999999932));
#1541=CARTESIAN_POINT('Ctrl Pts',(-30.5614075640446,-12.5896479953507,14.3185599999995));
#1542=CARTESIAN_POINT('Ctrl Pts',(-30.0997709547202,-12.3644838573858,8.94999999999932));
#1543=CARTESIAN_POINT('Ctrl Pts',(-30.0997709547202,-12.3644838573858,14.3185599999995));
#1544=CARTESIAN_POINT('Ctrl Pts',(-29.6438996849683,-12.1289535423924,8.94999999999932));
#1545=CARTESIAN_POINT('Ctrl Pts',(-29.6438996849683,-12.1289535423924,14.3185599999995));
#1546=CARTESIAN_POINT('Ctrl Pts',(-29.088216865217,-11.8168677578539,8.94999999999932));
#1547=CARTESIAN_POINT('Ctrl Pts',(-29.088216865217,-11.8168677578539,14.3185599999995));
#1548=CARTESIAN_POINT('Ctrl Pts',(-28.4443743607248,-11.4146501773286,8.94999999999932));
#1549=CARTESIAN_POINT('Ctrl Pts',(-28.4443743607248,-11.4146501773286,14.3185599999995));
#1550=CARTESIAN_POINT('Ctrl Pts',(-27.6181499162574,-10.8427220286005,8.94999999999932));
#1551=CARTESIAN_POINT('Ctrl Pts',(-27.6181499162574,-10.8427220286005,14.3185599999995));
#1552=CARTESIAN_POINT('Ctrl Pts',(-26.6481996396516,-10.0631624336469,8.94999999999932));
#1553=CARTESIAN_POINT('Ctrl Pts',(-26.6481996396516,-10.0631624336469,14.3185599999995));
#1554=CARTESIAN_POINT('Ctrl Pts',(-25.7687668957421,-9.20336453883084,8.94999999999932));
#1555=CARTESIAN_POINT('Ctrl Pts',(-25.7687668957421,-9.20336453883084,14.3185599999995));
#1556=CARTESIAN_POINT('Ctrl Pts',(-25.1235666535459,-8.47097073845153,8.94999999999932));
#1557=CARTESIAN_POINT('Ctrl Pts',(-25.1235666535459,-8.47097073845153,14.3185599999995));
#1558=CARTESIAN_POINT('Ctrl Pts',(-24.6698187134337,-7.90024575013936,8.94999999999932));
#1559=CARTESIAN_POINT('Ctrl Pts',(-24.6698187134337,-7.90024575013936,14.3185599999995));
#1560=CARTESIAN_POINT('Ctrl Pts',(-24.3177509323116,-7.40767023908148,8.94999999999932));
#1561=CARTESIAN_POINT('Ctrl Pts',(-24.3177509323116,-7.40767023908148,14.3185599999995));
#1562=CARTESIAN_POINT('Ctrl Pts',(-24.0520450637219,-7.00356903938932,8.94999999999932));
#1563=CARTESIAN_POINT('Ctrl Pts',(-24.0520450637219,-7.00356903938932,14.3185599999995));
#1564=CARTESIAN_POINT('Ctrl Pts',(-23.7980345793855,-6.5943590043503,8.94999999999932));
#1565=CARTESIAN_POINT('Ctrl Pts',(-23.7980345793855,-6.5943590043503,14.3185599999995));
#1566=CARTESIAN_POINT('Ctrl Pts',(-23.5026387931835,-6.07380299870338,8.94999999999932));
#1567=CARTESIAN_POINT('Ctrl Pts',(-23.5026387931835,-6.07380299870338,14.3185599999995));
#1568=CARTESIAN_POINT('Ctrl Pts',(-23.0776565003821,-5.22319277632808,8.94999999999932));
#1569=CARTESIAN_POINT('Ctrl Pts',(-23.0776565003821,-5.22319277632808,14.3185599999995));
#1570=CARTESIAN_POINT('Ctrl Pts',(-22.6367061581275,-4.12977587625616,8.94999999999932));
#1571=CARTESIAN_POINT('Ctrl Pts',(-22.6367061581275,-4.12977587625616,14.3185599999995));
#1572=CARTESIAN_POINT('Ctrl Pts',(-22.3185811683275,-3.0042809805162,8.94999999999932));
#1573=CARTESIAN_POINT('Ctrl Pts',(-22.3185811683275,-3.0042809805162,14.3185599999995));
#1574=CARTESIAN_POINT('Ctrl Pts',(-22.1392513918834,-2.08951303481839,8.94999999999932));
#1575=CARTESIAN_POINT('Ctrl Pts',(-22.1392513918834,-2.08951303481839,14.3185599999995));
#1576=CARTESIAN_POINT('Ctrl Pts',(-22.0427080261783,-1.39748228712986,8.94999999999932));
#1577=CARTESIAN_POINT('Ctrl Pts',(-22.0427080261783,-1.39748228712986,14.3185599999995));
#1578=CARTESIAN_POINT('Ctrl Pts',(-21.9941903217927,-0.816807217842217,
8.94999999999932));
#1579=CARTESIAN_POINT('Ctrl Pts',(-21.9941903217927,-0.816807217842216,
14.3185599999995));
#1580=CARTESIAN_POINT('Ctrl Pts',(-21.9747219959462,-0.350565072451023,
8.94999999999932));
#1581=CARTESIAN_POINT('Ctrl Pts',(-21.9747219959462,-0.350565072451022,
14.3185599999995));
#1582=CARTESIAN_POINT('Ctrl Pts',(-21.971466962514,-0.116855024150342,8.94999999999932));
#1583=CARTESIAN_POINT('Ctrl Pts',(-21.971466962514,-0.116855024150341,14.3185599999995));
#1584=CARTESIAN_POINT('Ctrl Pts',(-21.9714669625141,2.5187457154685E-15,
8.94999999999932));
#1585=CARTESIAN_POINT('Ctrl Pts',(-21.9714669625141,3.1147756075766E-15,
14.3185599999995));
#1586=CARTESIAN_POINT('',(-21.9714669625141,2.51874571546849E-15,8.94999999999932));
#1587=CARTESIAN_POINT('Origin',(2.74612348947125E-15,-1.,22.4238));
#1588=CARTESIAN_POINT('',(-34.3011992522309,3.7106,22.4238));
#1589=CARTESIAN_POINT('',(-34.3011992522309,12.2,22.4238));
#1590=CARTESIAN_POINT('',(-34.3011992522309,-1.,22.4238));
#1591=CARTESIAN_POINT('',(-41.7,12.2,22.4238));
#1592=CARTESIAN_POINT('',(2.74612348947125E-15,12.2,22.4238));
#1593=CARTESIAN_POINT('',(-41.7,3.7106,22.4238));
#1594=CARTESIAN_POINT('',(-41.7,4.7106,22.4238));
#1595=CARTESIAN_POINT('',(-51.699999252231,3.7106,22.4238));
#1596=CARTESIAN_POINT('',(2.33754403862212E-15,3.7106,22.4238));
#1597=CARTESIAN_POINT('',(-51.699999252231,-3.7106,22.4238));
#1598=CARTESIAN_POINT('',(-51.699999252231,-4.7106,22.4238));
#1599=CARTESIAN_POINT('',(-41.7,-3.7106,22.4238));
#1600=CARTESIAN_POINT('',(-42.7,-3.7106,22.4238));
#1601=CARTESIAN_POINT('',(-41.7,-12.2,22.4238));
#1602=CARTESIAN_POINT('',(-41.7,-13.2,22.4238));
#1603=CARTESIAN_POINT('',(-34.3011992522309,-12.2,22.4238));
#1604=CARTESIAN_POINT('',(-33.3011992522309,-12.2,22.4238));
#1605=CARTESIAN_POINT('',(-34.3011992522309,-3.7106,22.4238));
#1606=CARTESIAN_POINT('',(-34.3011992522309,-1.,22.4238));
#1607=CARTESIAN_POINT('',(-24.3012,-3.7106,22.4238));
#1608=CARTESIAN_POINT('',(-23.3012,-3.7106,22.4238));
#1609=CARTESIAN_POINT('',(-24.3012,3.7106,22.4238));
#1610=CARTESIAN_POINT('',(-24.3012,-1.,22.4238));
#1611=CARTESIAN_POINT('',(2.33754403862212E-15,3.7106,22.4238));
#1612=CARTESIAN_POINT('Origin',(-38.0005996261155,13.2,-242.393821135332));
#1613=CARTESIAN_POINT('',(-42.7,13.2,21.4238));
#1614=CARTESIAN_POINT('',(-42.7,13.2,-242.393821135332));
#1615=CARTESIAN_POINT('',(-33.3011992522309,13.2,21.4238));
#1616=CARTESIAN_POINT('',(-38.0005996261155,13.2,21.4238));
#1617=CARTESIAN_POINT('',(-33.301199252231,13.2,-242.393821135332));
#1618=CARTESIAN_POINT('Origin',(-33.301199252231,8.9553,-242.393821135332));
#1619=CARTESIAN_POINT('',(-33.3011992522309,4.7106,21.4238));
#1620=CARTESIAN_POINT('',(-33.3011992522309,8.9553,21.4238));
#1621=CARTESIAN_POINT('',(-33.301199252231,4.7106,-242.393821135332));
#1622=CARTESIAN_POINT('Origin',(-28.3011996261155,4.7106,-242.393821135332));
#1623=CARTESIAN_POINT('',(-23.3012,4.7106,21.4238));
#1624=CARTESIAN_POINT('',(-28.3011996261155,4.7106,21.4238));
#1625=CARTESIAN_POINT('',(-23.3012,4.7106,-242.393821135332));
#1626=CARTESIAN_POINT('Origin',(-23.3012,-2.00609108364275E-14,-242.393821135332));
#1627=CARTESIAN_POINT('',(-23.3012,-4.7106,21.4238));
#1628=CARTESIAN_POINT('',(-23.3012,9.22872889219653E-15,21.4238));
#1629=CARTESIAN_POINT('',(-23.3012,-4.7106,-242.393821135332));
#1630=CARTESIAN_POINT('Origin',(-28.3011996261155,-4.7106,-242.393821135332));
#1631=CARTESIAN_POINT('',(-33.3011992522309,-4.7106,21.4238));
#1632=CARTESIAN_POINT('',(-33.3011992522309,-4.7106,21.4238));
#1633=CARTESIAN_POINT('',(-33.301199252231,-4.7106,-242.393821135332));
#1634=CARTESIAN_POINT('Origin',(-33.301199252231,-8.9553,-242.393821135332));
#1635=CARTESIAN_POINT('',(-33.3011992522309,-13.2,21.4238));
#1636=CARTESIAN_POINT('',(-33.3011992522309,-8.9553,21.4238));
#1637=CARTESIAN_POINT('',(-33.301199252231,-13.2,-242.393821135332));
#1638=CARTESIAN_POINT('Origin',(-38.0005996261155,-13.2,-242.393821135332));
#1639=CARTESIAN_POINT('',(-42.7,-13.2,21.4238));
#1640=CARTESIAN_POINT('',(-42.7,-13.2,21.4238));
#1641=CARTESIAN_POINT('',(-42.7,-13.2,-242.393821135332));
#1642=CARTESIAN_POINT('Origin',(-42.7,-8.9553,-242.393821135332));
#1643=CARTESIAN_POINT('',(-42.7,-4.7106,21.4238));
#1644=CARTESIAN_POINT('',(-42.7,-4.7106,21.4238));
#1645=CARTESIAN_POINT('',(-42.7,-4.7106,-242.393821135332));
#1646=CARTESIAN_POINT('Origin',(-47.6999996261155,-4.7106,-242.393821135332));
#1647=CARTESIAN_POINT('',(-52.699999252231,-4.7106,21.4238));
#1648=CARTESIAN_POINT('',(-52.699999252231,-4.7106,21.4238));
#1649=CARTESIAN_POINT('',(-52.699999252231,-4.7106,-242.393821135332));
#1650=CARTESIAN_POINT('Origin',(-52.699999252231,-2.26629960503927E-14,
-242.393821135332));
#1651=CARTESIAN_POINT('',(-52.699999252231,4.7106,21.4238));
#1652=CARTESIAN_POINT('',(-52.699999252231,4.7106,21.4238));
#1653=CARTESIAN_POINT('',(-52.699999252231,4.7106,-242.393821135332));
#1654=CARTESIAN_POINT('Origin',(-47.6999996261155,4.7106,-242.393821135332));
#1655=CARTESIAN_POINT('',(-42.7,4.7106,21.4238));
#1656=CARTESIAN_POINT('',(-47.6999996261155,4.7106,21.4238));
#1657=CARTESIAN_POINT('',(-42.7,4.7106,-242.393821135332));
#1658=CARTESIAN_POINT('Origin',(-42.7,8.9553,-242.393821135332));
#1659=CARTESIAN_POINT('',(-42.7,13.2,21.4238));
#1660=CARTESIAN_POINT('Origin',(-38.0005996261155,-13.2,21.4238));
#1661=CARTESIAN_POINT('',(-41.2851,-11.7851,22.8387));
#1662=CARTESIAN_POINT('',(-34.8676660435258,-11.6335332087052,22.9902667912949));
#1663=CARTESIAN_POINT('Origin',(-34.3011992522309,-1.,22.4238));
#1664=CARTESIAN_POINT('',(-31.6345327101925,-6.37726654203847,19.7571334579615));
#1665=CARTESIAN_POINT('Origin',(-42.7,-8.9553,21.4238));
#1666=CARTESIAN_POINT('',(-44.1149,-6.1255,20.0089));
#1667=CARTESIAN_POINT('Origin',(-28.3011996261155,-4.7106,21.4238));
#1668=CARTESIAN_POINT('',(-24.9678665420385,-3.0439334579615,23.0904665420385));
#1669=CARTESIAN_POINT('Origin',(-47.6999996261155,-4.7106,21.4238));
#1670=CARTESIAN_POINT('',(-51.129799252231,-3.1404,22.994));
#1671=CARTESIAN_POINT('Origin',(-24.3012,-1.,22.4238));
#1672=CARTESIAN_POINT('',(-25.8714,2.1404,23.994));
#1673=CARTESIAN_POINT('Origin',(-52.699999252231,6.62664367823132E-15,21.4238));
#1674=CARTESIAN_POINT('',(-34.4666661681542,-13.5227330840768,39.6571330840771));
#1675=CARTESIAN_POINT('Origin',(2.33754403862212E-15,3.7106,22.4238));
#1676=CARTESIAN_POINT('',(-35.8713992522309,2.1404,23.994));
#1677=CARTESIAN_POINT('Origin',(2.33754403862212E-15,3.7106,22.4238));
#1678=CARTESIAN_POINT('',(-27.8,-10.1894,36.3238));
#1679=CARTESIAN_POINT('Origin',(-34.3011992522309,-1.,22.4238));
#1680=CARTESIAN_POINT('',(-38.701199252231,7.8,26.8238));
#1681=CARTESIAN_POINT('Origin',(-42.7,8.9553,21.4238));
#1682=CARTESIAN_POINT('',(-41.2851,11.7851,22.8387));
#1683=CARTESIAN_POINT('Origin',(2.74612348947125E-15,12.2,22.4238));
#1684=CARTESIAN_POINT('',(1.13330884230873E-63,0.999999999999996,6.));
#1685=UNCERTAINTY_MEASURE_WITH_UNIT(LENGTH_MEASURE(0.01),#1691,
'DISTANCE_ACCURACY_VALUE',
'Maximum model space distance between geometric entities at asserted c
onnectivities');
#1686=UNCERTAINTY_MEASURE_WITH_UNIT(LENGTH_MEASURE(0.01),#1691,
'DISTANCE_ACCURACY_VALUE',
'Maximum model space distance between geometric entities at asserted c
onnectivities');
#1687=UNCERTAINTY_MEASURE_WITH_UNIT(LENGTH_MEASURE(0.01),#1691,
'DISTANCE_ACCURACY_VALUE',
'Maximum model space distance between geometric entities at asserted c
onnectivities');
#1688=(
GEOMETRIC_REPRESENTATION_CONTEXT(3)
GLOBAL_UNCERTAINTY_ASSIGNED_CONTEXT((#1685))
GLOBAL_UNIT_ASSIGNED_CONTEXT((#1691,#1693,#1694))
REPRESENTATION_CONTEXT('','3D')
);
#1689=(
GEOMETRIC_REPRESENTATION_CONTEXT(3)
GLOBAL_UNCERTAINTY_ASSIGNED_CONTEXT((#1686))
GLOBAL_UNIT_ASSIGNED_CONTEXT((#1691,#1693,#1694))
REPRESENTATION_CONTEXT('','3D')
);
#1690=(
GEOMETRIC_REPRESENTATION_CONTEXT(3)
GLOBAL_UNCERTAINTY_ASSIGNED_CONTEXT((#1687))
GLOBAL_UNIT_ASSIGNED_CONTEXT((#1691,#1693,#1694))
REPRESENTATION_CONTEXT('','3D')
);
#1691=(
LENGTH_UNIT()
NAMED_UNIT(*)
SI_UNIT(.MILLI.,.METRE.)
);
#1692=(
LENGTH_UNIT()
NAMED_UNIT(*)
SI_UNIT($,.METRE.)
);
#1693=(
NAMED_UNIT(*)
PLANE_ANGLE_UNIT()
SI_UNIT($,.RADIAN.)
);
#1694=(
NAMED_UNIT(*)
SI_UNIT($,.STERADIAN.)
SOLID_ANGLE_UNIT()
);
#1695=SHAPE_DEFINITION_REPRESENTATION(#1697,#1700);
#1696=SHAPE_DEFINITION_REPRESENTATION(#1698,#1701);
#1697=PRODUCT_DEFINITION_SHAPE('',$,#1703);
#1698=PRODUCT_DEFINITION_SHAPE('',$,#1704);
#1699=PRODUCT_DEFINITION_SHAPE($,$,#14);
#1700=SHAPE_REPRESENTATION('',(#760,#802),#1688);
#1701=SHAPE_REPRESENTATION('',(#761),#1689);
#1702=PRODUCT_DEFINITION_CONTEXT('part definition',#1710,'design');
#1703=PRODUCT_DEFINITION('Shell Assembly','Shell Assembly v5',#1705,#1702);
#1704=PRODUCT_DEFINITION('D-Pad','D-Pad',#1706,#1702);
#1705=PRODUCT_DEFINITION_FORMATION('',$,#1712);
#1706=PRODUCT_DEFINITION_FORMATION('',$,#1713);
#1707=PRODUCT_RELATED_PRODUCT_CATEGORY('Shell Assembly v5',
'Shell Assembly v5',(#1712));
#1708=PRODUCT_RELATED_PRODUCT_CATEGORY('D-Pad','D-Pad',(#1713));
#1709=APPLICATION_PROTOCOL_DEFINITION('international standard',
'automotive_design',2009,#1710);
#1710=APPLICATION_CONTEXT(
'Core Data for Automotive Mechanical Design Process');
#1711=PRODUCT_CONTEXT('part definition',#1710,'mechanical');
#1712=PRODUCT('Shell Assembly','Shell Assembly v5',
'STEP AP242 Edition 2',(#1711));
#1713=PRODUCT('D-Pad','D-Pad','D-Pad',(#1711));
#1714=PRESENTATION_STYLE_ASSIGNMENT((#1718));
#1715=PRESENTATION_STYLE_ASSIGNMENT((#1719));
#1716=PRESENTATION_STYLE_ASSIGNMENT((#1720));
#1717=PRESENTATION_STYLE_ASSIGNMENT((#1721));
#1718=SURFACE_STYLE_USAGE(.BOTH.,#1722);
#1719=SURFACE_STYLE_USAGE(.BOTH.,#1723);
#1720=SURFACE_STYLE_USAGE(.BOTH.,#1724);
#1721=SURFACE_STYLE_USAGE(.BOTH.,#1725);
#1722=SURFACE_SIDE_STYLE('',(#1726));
#1723=SURFACE_SIDE_STYLE('',(#1727));
#1724=SURFACE_SIDE_STYLE('',(#1728));
#1725=SURFACE_SIDE_STYLE('',(#1729));
#1726=SURFACE_STYLE_FILL_AREA(#1730);
#1727=SURFACE_STYLE_FILL_AREA(#1731);
#1728=SURFACE_STYLE_FILL_AREA(#1732);
#1729=SURFACE_STYLE_FILL_AREA(#1733);
#1730=FILL_AREA_STYLE('Steel - Satin',(#1734));
#1731=FILL_AREA_STYLE('Opaque(38,37,37)',(#1735));
#1732=FILL_AREA_STYLE('Opaque(219,188,126)',(#1736));
#1733=FILL_AREA_STYLE('Opaque(102,99,89)',(#1737));
#1734=FILL_AREA_STYLE_COLOUR('Steel - Satin',#1738);
#1735=FILL_AREA_STYLE_COLOUR('Opaque(38,37,37)',#1739);
#1736=FILL_AREA_STYLE_COLOUR('Opaque(219,188,126)',#1740);
#1737=FILL_AREA_STYLE_COLOUR('Opaque(102,99,89)',#1741);
#1738=COLOUR_RGB('Steel - Satin',0.627450980392157,0.627450980392157,0.627450980392157);
#1739=COLOUR_RGB('Opaque(38,37,37)',0.149019607843137,0.145098039215686,
0.145098039215686);
#1740=COLOUR_RGB('Opaque(219,188,126)',0.858823529411765,0.737254901960784,
0.494117647058824);
#1741=COLOUR_RGB('Opaque(102,99,89)',0.4,0.388235294117647,0.349019607843137);
ENDSEC;
END-ISO-10303-21;
