ISO-10303-21;
HEADER;
/* Generated by software containing ST-Developer
 * from STEP Tools, Inc. (www.steptools.com) 
 */

FILE_DESCRIPTION(
/* description */ ('STEP AP242 Edition 2'),
/* implementation_level */ '2;1');

FILE_NAME(
/* name */ 'Shell Assembly.step',
/* time_stamp */ '2026-03-26T02:42:38+05:30',
/* author */ (''),
/* organization */ (''),
/* preprocessor_version */ 'ST-DEVELOPER v20.1',
/* originating_system */ 'Autodesk Translation Framework v14.24.0.0',
/* authorisation */ '');

FILE_SCHEMA (('AUTOMOTIVE_DESIGN { 1 0 10303 214 3 1 1 }'));
ENDSEC;

DATA;
#10=MECHANICAL_DESIGN_GEOMETRIC_PRESENTATION_REPRESENTATION('',(#48,#49,
#50,#51),#11043);
#11=ITEM_DEFINED_TRANSFORMATION($,$,#5372,#5405);
#12=ITEM_DEFINED_TRANSFORMATION($,$,#5010,#5406);
#13=ITEM_DEFINED_TRANSFORMATION($,$,#5095,#5407);
#14=ITEM_DEFINED_TRANSFORMATION($,$,#5136,#5408);
#15=ITEM_DEFINED_TRANSFORMATION($,$,#5372,#5409);
#16=ITEM_DEFINED_TRANSFORMATION($,$,#5372,#5410);
#17=ITEM_DEFINED_TRANSFORMATION($,$,#5372,#5411);
#18=(
REPRESENTATION_RELATIONSHIP($,$,#11069,#11065)
REPRESENTATION_RELATIONSHIP_WITH_TRANSFORMATION(#11)
SHAPE_REPRESENTATION_RELATIONSHIP()
);
#19=(
REPRESENTATION_RELATIONSHIP($,$,#11066,#11065)
REPRESENTATION_RELATIONSHIP_WITH_TRANSFORMATION(#12)
SHAPE_REPRESENTATION_RELATIONSHIP()
);
#20=(
REPRESENTATION_RELATIONSHIP($,$,#11067,#11065)
REPRESENTATION_RELATIONSHIP_WITH_TRANSFORMATION(#13)
SHAPE_REPRESENTATION_RELATIONSHIP()
);
#21=(
REPRESENTATION_RELATIONSHIP($,$,#11068,#11065)
REPRESENTATION_RELATIONSHIP_WITH_TRANSFORMATION(#14)
SHAPE_REPRESENTATION_RELATIONSHIP()
);
#22=(
REPRESENTATION_RELATIONSHIP($,$,#11069,#11065)
REPRESENTATION_RELATIONSHIP_WITH_TRANSFORMATION(#15)
SHAPE_REPRESENTATION_RELATIONSHIP()
);
#23=(
REPRESENTATION_RELATIONSHIP($,$,#11069,#11065)
REPRESENTATION_RELATIONSHIP_WITH_TRANSFORMATION(#16)
SHAPE_REPRESENTATION_RELATIONSHIP()
);
#24=(
REPRESENTATION_RELATIONSHIP($,$,#11069,#11065)
REPRESENTATION_RELATIONSHIP_WITH_TRANSFORMATION(#17)
SHAPE_REPRESENTATION_RELATIONSHIP()
);
#25=CONTEXT_DEPENDENT_SHAPE_REPRESENTATION(#18,#11058);
#26=CONTEXT_DEPENDENT_SHAPE_REPRESENTATION(#19,#11059);
#27=CONTEXT_DEPENDENT_SHAPE_REPRESENTATION(#20,#11060);
#28=CONTEXT_DEPENDENT_SHAPE_REPRESENTATION(#21,#11061);
#29=CONTEXT_DEPENDENT_SHAPE_REPRESENTATION(#22,#11062);
#30=CONTEXT_DEPENDENT_SHAPE_REPRESENTATION(#23,#11063);
#31=CONTEXT_DEPENDENT_SHAPE_REPRESENTATION(#24,#11064);
#32=NEXT_ASSEMBLY_USAGE_OCCURRENCE('Button:1','Button:1','Button:1',#11071,
#11075,'Button:1');
#33=NEXT_ASSEMBLY_USAGE_OCCURRENCE('Bottom Shell:1','Bottom Shell:1',
'Bottom Shell:1',#11071,#11072,'Bottom Shell:1');
#34=NEXT_ASSEMBLY_USAGE_OCCURRENCE('D-Pad:1','D-Pad:1','D-Pad:1',#11071,
#11073,'D-Pad:1');
#35=NEXT_ASSEMBLY_USAGE_OCCURRENCE('Top Shell:1','Top Shell:1',
'Top Shell:1',#11071,#11074,'Top Shell:1');
#36=NEXT_ASSEMBLY_USAGE_OCCURRENCE('Button:2','Button:2','Button:2',#11071,
#11075,'Button:2');
#37=NEXT_ASSEMBLY_USAGE_OCCURRENCE('Button:3','Button:3','Button:3',#11071,
#11075,'Button:3');
#38=NEXT_ASSEMBLY_USAGE_OCCURRENCE('Button:4','Button:4','Button:4',#11071,
#11075,'Button:4');
#39=CONICAL_SURFACE('',#5404,3.8,0.785398163397449);
#40=SHAPE_REPRESENTATION_RELATIONSHIP('SRR','None',#11066,#44);
#41=SHAPE_REPRESENTATION_RELATIONSHIP('SRR','None',#11067,#45);
#42=SHAPE_REPRESENTATION_RELATIONSHIP('SRR','None',#11068,#46);
#43=SHAPE_REPRESENTATION_RELATIONSHIP('SRR','None',#11069,#47);
#44=ADVANCED_BREP_SHAPE_REPRESENTATION('',(#52),#11039);
#45=ADVANCED_BREP_SHAPE_REPRESENTATION('',(#53),#11040);
#46=ADVANCED_BREP_SHAPE_REPRESENTATION('',(#54),#11041);
#47=ADVANCED_BREP_SHAPE_REPRESENTATION('',(#55),#11042);
#48=STYLED_ITEM('',(#11095),#52);
#49=STYLED_ITEM('',(#11096),#53);
#50=STYLED_ITEM('',(#11097),#54);
#51=STYLED_ITEM('',(#11098),#55);
#52=MANIFOLD_SOLID_BREP('Body1',#4960);
#53=MANIFOLD_SOLID_BREP('Body1',#4961);
#54=MANIFOLD_SOLID_BREP('Body1',#4962);
#55=MANIFOLD_SOLID_BREP('Body1',#4963);
#56=B_SPLINE_SURFACE_WITH_KNOTS('',3,1,((#7303,#7304),(#7305,#7306),(#7307,
#7308),(#7309,#7310),(#7311,#7312),(#7313,#7314),(#7315,#7316),(#7317,#7318),
(#7319,#7320),(#7321,#7322),(#7323,#7324),(#7325,#7326),(#7327,#7328),(#7329,
#7330),(#7331,#7332),(#7333,#7334),(#7335,#7336),(#7337,#7338),(#7339,#7340),
(#7341,#7342),(#7343,#7344),(#7345,#7346),(#7347,#7348),(#7349,#7350),(#7351,
#7352),(#7353,#7354),(#7355,#7356),(#7357,#7358),(#7359,#7360),(#7361,#7362),
(#7363,#7364),(#7365,#7366),(#7367,#7368),(#7369,#7370),(#7371,#7372),(#7373,
#7374),(#7375,#7376),(#7377,#7378),(#7379,#7380),(#7381,#7382),(#7383,#7384),
(#7385,#7386),(#7387,#7388),(#7389,#7390),(#7391,#7392),(#7393,#7394),(#7395,
#7396),(#7397,#7398),(#7399,#7400),(#7401,#7402),(#7403,#7404),(#7405,#7406),
(#7407,#7408),(#7409,#7410),(#7411,#7412),(#7413,#7414),(#7415,#7416),(#7417,
#7418),(#7419,#7420),(#7421,#7422),(#7423,#7424),(#7425,#7426),(#7427,#7428),
(#7429,#7430),(#7431,#7432),(#7433,#7434),(#7435,#7436),(#7437,#7438),(#7439,
#7440),(#7441,#7442),(#7443,#7444),(#7445,#7446),(#7447,#7448),(#7449,#7450),
(#7451,#7452),(#7453,#7454),(#7455,#7456),(#7457,#7458),(#7459,#7460),(#7461,
#7462),(#7463,#7464),(#7465,#7466),(#7467,#7468),(#7469,#7470),(#7471,#7472),
(#7473,#7474),(#7475,#7476)),.UNSPECIFIED.,.T.,.F.,.F.,(4,1,1,1,1,1,1,1,
1,1,1,1,1,1,1,1,1,1,1,1,1,1,1,1,1,1,1,1,1,1,1,1,1,1,1,1,1,1,1,1,1,1,1,1,
1,1,1,1,1,1,1,1,1,1,1,1,1,1,1,1,1,1,1,1,1,1,1,1,1,1,1,1,1,1,1,1,1,1,1,1,
1,1,1,1,4),(2,2),(0.,0.0078125,0.015625,0.03125,0.046875,0.0625,0.078125,
0.0859375,0.09375,0.109375,0.125,0.140625,0.1484375,0.15625,0.1640625,0.171875,
0.1875,0.203125,0.21875,0.234375,0.2421875,0.25,0.2578125,0.265625,0.28125,
0.296875,0.3125,0.328125,0.3359375,0.34375,0.3515625,0.359375,0.375,0.390625,
0.40625,0.4140625,0.421875,0.4375,0.453125,0.46875,0.484375,0.4921875,0.5,
0.5078125,0.515625,0.53125,0.546875,0.5625,0.578125,0.5859375,0.59375,0.609375,
0.625,0.640625,0.6484375,0.65625,0.6640625,0.671875,0.6875,0.703125,0.71875,
0.734375,0.7421875,0.75,0.7578125,0.765625,0.78125,0.796875,0.8125,0.828125,
0.8359375,0.84375,0.8515625,0.859375,0.875,0.890625,0.90625,0.9140625,0.921875,
0.9375,0.953125,0.96875,0.984375,0.9921875,1.),(0.,0.36),.UNSPECIFIED.);
#57=B_SPLINE_SURFACE_WITH_KNOTS('',3,1,((#7566,#7567),(#7568,#7569),(#7570,
#7571),(#7572,#7573),(#7574,#7575),(#7576,#7577),(#7578,#7579),(#7580,#7581),
(#7582,#7583),(#7584,#7585),(#7586,#7587),(#7588,#7589),(#7590,#7591),(#7592,
#7593),(#7594,#7595),(#7596,#7597),(#7598,#7599),(#7600,#7601),(#7602,#7603),
(#7604,#7605),(#7606,#7607),(#7608,#7609),(#7610,#7611),(#7612,#7613),(#7614,
#7615),(#7616,#7617),(#7618,#7619),(#7620,#7621),(#7622,#7623),(#7624,#7625),
(#7626,#7627),(#7628,#7629),(#7630,#7631),(#7632,#7633),(#7634,#7635),(#7636,
#7637),(#7638,#7639),(#7640,#7641),(#7642,#7643),(#7644,#7645),(#7646,#7647),
(#7648,#7649),(#7650,#7651),(#7652,#7653),(#7654,#7655),(#7656,#7657),(#7658,
#7659),(#7660,#7661),(#7662,#7663),(#7664,#7665),(#7666,#7667),(#7668,#7669),
(#7670,#7671),(#7672,#7673),(#7674,#7675),(#7676,#7677),(#7678,#7679),(#7680,
#7681),(#7682,#7683),(#7684,#7685),(#7686,#7687),(#7688,#7689),(#7690,#7691),
(#7692,#7693),(#7694,#7695),(#7696,#7697),(#7698,#7699),(#7700,#7701),(#7702,
#7703),(#7704,#7705),(#7706,#7707),(#7708,#7709),(#7710,#7711),(#7712,#7713),
(#7714,#7715),(#7716,#7717),(#7718,#7719),(#7720,#7721),(#7722,#7723),(#7724,
#7725),(#7726,#7727),(#7728,#7729),(#7730,#7731),(#7732,#7733),(#7734,#7735),
(#7736,#7737),(#7738,#7739)),.UNSPECIFIED.,.T.,.F.,.F.,(4,1,1,1,1,1,1,1,
1,1,1,1,1,1,1,1,1,1,1,1,1,1,1,1,1,1,1,1,1,1,1,1,1,1,1,1,1,1,1,1,1,1,1,1,
1,1,1,1,1,1,1,1,1,1,1,1,1,1,1,1,1,1,1,1,1,1,1,1,1,1,1,1,1,1,1,1,1,1,1,1,
1,1,1,1,4),(2,2),(0.,0.0078125,0.015625,0.03125,0.046875,0.0625,0.078125,
0.0859375,0.09375,0.109375,0.125,0.140625,0.1484375,0.15625,0.1640625,0.171875,
0.1875,0.203125,0.21875,0.234375,0.2421875,0.25,0.2578125,0.265625,0.28125,
0.296875,0.3125,0.328125,0.3359375,0.34375,0.3515625,0.359375,0.375,0.390625,
0.40625,0.4140625,0.421875,0.4375,0.453125,0.46875,0.484375,0.4921875,0.5,
0.5078125,0.515625,0.53125,0.546875,0.5625,0.578125,0.5859375,0.59375,0.609375,
0.625,0.640625,0.6484375,0.65625,0.6640625,0.671875,0.6875,0.703125,0.71875,
0.734375,0.7421875,0.75,0.7578125,0.765625,0.78125,0.796875,0.8125,0.828125,
0.8359375,0.84375,0.8515625,0.859375,0.875,0.890625,0.90625,0.9140625,0.921875,
0.9375,0.953125,0.96875,0.984375,0.9921875,1.),(0.,0.36),.UNSPECIFIED.);
#58=B_SPLINE_SURFACE_WITH_KNOTS('',3,1,((#7919,#7920),(#7921,#7922),(#7923,
#7924),(#7925,#7926),(#7927,#7928),(#7929,#7930),(#7931,#7932),(#7933,#7934),
(#7935,#7936),(#7937,#7938),(#7939,#7940),(#7941,#7942),(#7943,#7944),(#7945,
#7946),(#7947,#7948),(#7949,#7950),(#7951,#7952),(#7953,#7954),(#7955,#7956),
(#7957,#7958),(#7959,#7960),(#7961,#7962),(#7963,#7964),(#7965,#7966),(#7967,
#7968),(#7969,#7970),(#7971,#7972),(#7973,#7974),(#7975,#7976),(#7977,#7978),
(#7979,#7980),(#7981,#7982),(#7983,#7984),(#7985,#7986),(#7987,#7988),(#7989,
#7990),(#7991,#7992),(#7993,#7994),(#7995,#7996),(#7997,#7998),(#7999,#8000),
(#8001,#8002),(#8003,#8004),(#8005,#8006),(#8007,#8008),(#8009,#8010),(#8011,
#8012),(#8013,#8014),(#8015,#8016),(#8017,#8018),(#8019,#8020),(#8021,#8022),
(#8023,#8024),(#8025,#8026),(#8027,#8028),(#8029,#8030),(#8031,#8032),(#8033,
#8034),(#8035,#8036),(#8037,#8038),(#8039,#8040),(#8041,#8042),(#8043,#8044),
(#8045,#8046),(#8047,#8048),(#8049,#8050),(#8051,#8052),(#8053,#8054),(#8055,
#8056),(#8057,#8058),(#8059,#8060),(#8061,#8062),(#8063,#8064),(#8065,#8066),
(#8067,#8068),(#8069,#8070),(#8071,#8072),(#8073,#8074),(#8075,#8076),(#8077,
#8078),(#8079,#8080),(#8081,#8082),(#8083,#8084),(#8085,#8086),(#8087,#8088),
(#8089,#8090),(#8091,#8092)),.UNSPECIFIED.,.T.,.F.,.F.,(4,1,1,1,1,1,1,1,
1,1,1,1,1,1,1,1,1,1,1,1,1,1,1,1,1,1,1,1,1,1,1,1,1,1,1,1,1,1,1,1,1,1,1,1,
1,1,1,1,1,1,1,1,1,1,1,1,1,1,1,1,1,1,1,1,1,1,1,1,1,1,1,1,1,1,1,1,1,1,1,1,
1,1,1,1,4),(2,2),(0.,0.0078125,0.015625,0.03125,0.046875,0.0625,0.078125,
0.0859375,0.09375,0.109375,0.125,0.140625,0.1484375,0.15625,0.1640625,0.171875,
0.1875,0.203125,0.21875,0.234375,0.2421875,0.25,0.2578125,0.265625,0.28125,
0.296875,0.3125,0.328125,0.3359375,0.34375,0.3515625,0.359375,0.375,0.390625,
0.40625,0.4140625,0.421875,0.4375,0.453125,0.46875,0.484375,0.4921875,0.5,
0.5078125,0.515625,0.53125,0.546875,0.5625,0.578125,0.5859375,0.59375,0.609375,
0.625,0.640625,0.6484375,0.65625,0.6640625,0.671875,0.6875,0.703125,0.71875,
0.734375,0.7421875,0.75,0.7578125,0.765625,0.78125,0.796875,0.8125,0.828125,
0.8359375,0.84375,0.8515625,0.859375,0.875,0.890625,0.90625,0.9140625,0.921875,
0.9375,0.953125,0.96875,0.984375,0.9921875,1.),(0.,0.36),.UNSPECIFIED.);
#59=B_SPLINE_SURFACE_WITH_KNOTS('',3,1,((#8182,#8183),(#8184,#8185),(#8186,
#8187),(#8188,#8189),(#8190,#8191),(#8192,#8193),(#8194,#8195),(#8196,#8197),
(#8198,#8199),(#8200,#8201),(#8202,#8203),(#8204,#8205),(#8206,#8207),(#8208,
#8209),(#8210,#8211),(#8212,#8213),(#8214,#8215),(#8216,#8217),(#8218,#8219),
(#8220,#8221),(#8222,#8223),(#8224,#8225),(#8226,#8227),(#8228,#8229),(#8230,
#8231),(#8232,#8233),(#8234,#8235),(#8236,#8237),(#8238,#8239),(#8240,#8241),
(#8242,#8243),(#8244,#8245),(#8246,#8247),(#8248,#8249),(#8250,#8251),(#8252,
#8253),(#8254,#8255),(#8256,#8257),(#8258,#8259),(#8260,#8261),(#8262,#8263),
(#8264,#8265),(#8266,#8267),(#8268,#8269),(#8270,#8271),(#8272,#8273),(#8274,
#8275),(#8276,#8277),(#8278,#8279),(#8280,#8281),(#8282,#8283),(#8284,#8285),
(#8286,#8287),(#8288,#8289),(#8290,#8291),(#8292,#8293),(#8294,#8295),(#8296,
#8297),(#8298,#8299),(#8300,#8301),(#8302,#8303),(#8304,#8305),(#8306,#8307),
(#8308,#8309),(#8310,#8311),(#8312,#8313),(#8314,#8315),(#8316,#8317),(#8318,
#8319),(#8320,#8321),(#8322,#8323),(#8324,#8325),(#8326,#8327),(#8328,#8329),
(#8330,#8331),(#8332,#8333),(#8334,#8335),(#8336,#8337),(#8338,#8339),(#8340,
#8341),(#8342,#8343),(#8344,#8345),(#8346,#8347),(#8348,#8349),(#8350,#8351),
(#8352,#8353),(#8354,#8355)),.UNSPECIFIED.,.T.,.F.,.F.,(4,1,1,1,1,1,1,1,
1,1,1,1,1,1,1,1,1,1,1,1,1,1,1,1,1,1,1,1,1,1,1,1,1,1,1,1,1,1,1,1,1,1,1,1,
1,1,1,1,1,1,1,1,1,1,1,1,1,1,1,1,1,1,1,1,1,1,1,1,1,1,1,1,1,1,1,1,1,1,1,1,
1,1,1,1,4),(2,2),(0.,0.0078125,0.015625,0.03125,0.046875,0.0625,0.078125,
0.0859375,0.09375,0.109375,0.125,0.140625,0.1484375,0.15625,0.1640625,0.171875,
0.1875,0.203125,0.21875,0.234375,0.2421875,0.25,0.2578125,0.265625,0.28125,
0.296875,0.3125,0.328125,0.3359375,0.34375,0.3515625,0.359375,0.375,0.390625,
0.40625,0.4140625,0.421875,0.4375,0.453125,0.46875,0.484375,0.4921875,0.5,
0.5078125,0.515625,0.53125,0.546875,0.5625,0.578125,0.5859375,0.59375,0.609375,
0.625,0.640625,0.6484375,0.65625,0.6640625,0.671875,0.6875,0.703125,0.71875,
0.734375,0.7421875,0.75,0.7578125,0.765625,0.78125,0.796875,0.8125,0.828125,
0.8359375,0.84375,0.8515625,0.859375,0.875,0.890625,0.90625,0.9140625,0.921875,
0.9375,0.953125,0.96875,0.984375,0.9921875,1.),(0.,0.36),.UNSPECIFIED.);
#60=B_SPLINE_SURFACE_WITH_KNOTS('',3,1,((#8811,#8812),(#8813,#8814),(#8815,
#8816),(#8817,#8818),(#8819,#8820),(#8821,#8822),(#8823,#8824),(#8825,#8826),
(#8827,#8828),(#8829,#8830),(#8831,#8832),(#8833,#8834),(#8835,#8836),(#8837,
#8838),(#8839,#8840),(#8841,#8842),(#8843,#8844),(#8845,#8846),(#8847,#8848),
(#8849,#8850),(#8851,#8852),(#8853,#8854),(#8855,#8856),(#8857,#8858),(#8859,
#8860),(#8861,#8862),(#8863,#8864),(#8865,#8866),(#8867,#8868),(#8869,#8870),
(#8871,#8872),(#8873,#8874),(#8875,#8876),(#8877,#8878),(#8879,#8880),(#8881,
#8882),(#8883,#8884),(#8885,#8886),(#8887,#8888),(#8889,#8890),(#8891,#8892),
(#8893,#8894),(#8895,#8896),(#8897,#8898),(#8899,#8900),(#8901,#8902),(#8903,
#8904),(#8905,#8906),(#8907,#8908),(#8909,#8910),(#8911,#8912),(#8913,#8914),
(#8915,#8916),(#8917,#8918),(#8919,#8920),(#8921,#8922),(#8923,#8924),(#8925,
#8926),(#8927,#8928),(#8929,#8930),(#8931,#8932),(#8933,#8934),(#8935,#8936),
(#8937,#8938),(#8939,#8940),(#8941,#8942),(#8943,#8944),(#8945,#8946),(#8947,
#8948),(#8949,#8950),(#8951,#8952),(#8953,#8954),(#8955,#8956),(#8957,#8958),
(#8959,#8960),(#8961,#8962),(#8963,#8964),(#8965,#8966),(#8967,#8968),(#8969,
#8970),(#8971,#8972),(#8973,#8974),(#8975,#8976),(#8977,#8978),(#8979,#8980),
(#8981,#8982),(#8983,#8984),(#8985,#8986),(#8987,#8988),(#8989,#8990),(#8991,
#8992),(#8993,#8994),(#8995,#8996),(#8997,#8998),(#8999,#9000),(#9001,#9002),
(#9003,#9004),(#9005,#9006),(#9007,#9008),(#9009,#9010),(#9011,#9012),(#9013,
#9014),(#9015,#9016),(#9017,#9018),(#9019,#9020),(#9021,#9022),(#9023,#9024),
(#9025,#9026),(#9027,#9028),(#9029,#9030),(#9031,#9032),(#9033,#9034),(#9035,
#9036),(#9037,#9038),(#9039,#9040),(#9041,#9042),(#9043,#9044),(#9045,#9046),
(#9047,#9048),(#9049,#9050),(#9051,#9052),(#9053,#9054),(#9055,#9056)),
 .UNSPECIFIED.,.T.,.F.,.F.,(4,1,1,1,1,1,1,1,1,1,1,1,1,1,1,1,1,1,1,1,1,1,
1,1,1,1,1,1,1,1,1,1,1,1,1,1,1,1,1,1,1,1,1,1,1,1,1,1,1,1,1,1,1,1,1,1,1,1,
1,1,1,1,1,1,1,1,1,1,1,1,1,1,1,1,1,1,1,1,1,1,1,1,1,1,1,1,1,1,1,1,1,1,1,1,
1,1,1,1,1,1,1,1,1,1,1,1,1,1,1,1,1,1,1,1,1,1,1,1,1,1,4),(2,2),(0.,0.00390625,
0.0078125,0.015625,0.0234375,0.03125,0.046875,0.0625,0.0703125,0.078125,
0.08203125,0.0859375,0.09375,0.1015625,0.109375,0.125,0.140625,0.1484375,
0.15625,0.1640625,0.16796875,0.171875,0.1796875,0.1875,0.203125,0.21875,
0.2265625,0.234375,0.2421875,0.24609375,0.25,0.25390625,0.2578125,0.265625,
0.2734375,0.28125,0.296875,0.3125,0.3203125,0.328125,0.33203125,0.3359375,
0.34375,0.3515625,0.359375,0.375,0.390625,0.3984375,0.40625,0.4140625,0.41796875,
0.421875,0.4296875,0.4375,0.453125,0.46875,0.4765625,0.484375,0.4921875,
0.49609375,0.5,0.50390625,0.5078125,0.515625,0.5234375,0.53125,0.546875,
0.5625,0.5703125,0.578125,0.58203125,0.5859375,0.59375,0.6015625,0.609375,
0.625,0.640625,0.6484375,0.65625,0.6640625,0.66796875,0.671875,0.6796875,
0.6875,0.703125,0.71875,0.7265625,0.734375,0.7421875,0.74609375,0.75,0.75390625,
0.7578125,0.765625,0.7734375,0.78125,0.796875,0.8125,0.8203125,0.828125,
0.83203125,0.8359375,0.84375,0.8515625,0.859375,0.875,0.890625,0.8984375,
0.90625,0.9140625,0.91796875,0.921875,0.9296875,0.9375,0.953125,0.96875,
0.9765625,0.984375,0.9921875,0.99609375,1.),(0.,0.536856000000022),
 .UNSPECIFIED.);
#61=B_SPLINE_SURFACE_WITH_KNOTS('',3,1,((#10415,#10416),(#10417,#10418),
(#10419,#10420),(#10421,#10422),(#10423,#10424),(#10425,#10426),(#10427,
#10428),(#10429,#10430),(#10431,#10432),(#10433,#10434),(#10435,#10436),
(#10437,#10438),(#10439,#10440),(#10441,#10442),(#10443,#10444),(#10445,
#10446),(#10447,#10448),(#10449,#10450),(#10451,#10452),(#10453,#10454),
(#10455,#10456),(#10457,#10458),(#10459,#10460),(#10461,#10462),(#10463,
#10464),(#10465,#10466),(#10467,#10468),(#10469,#10470),(#10471,#10472),
(#10473,#10474),(#10475,#10476),(#10477,#10478),(#10479,#10480),(#10481,
#10482),(#10483,#10484),(#10485,#10486),(#10487,#10488),(#10489,#10490),
(#10491,#10492),(#10493,#10494),(#10495,#10496),(#10497,#10498),(#10499,
#10500),(#10501,#10502),(#10503,#10504),(#10505,#10506),(#10507,#10508),
(#10509,#10510),(#10511,#10512),(#10513,#10514),(#10515,#10516),(#10517,
#10518),(#10519,#10520),(#10521,#10522),(#10523,#10524),(#10525,#10526),
(#10527,#10528),(#10529,#10530),(#10531,#10532),(#10533,#10534),(#10535,
#10536),(#10537,#10538),(#10539,#10540),(#10541,#10542),(#10543,#10544),
(#10545,#10546),(#10547,#10548),(#10549,#10550),(#10551,#10552),(#10553,
#10554),(#10555,#10556),(#10557,#10558),(#10559,#10560),(#10561,#10562),
(#10563,#10564),(#10565,#10566),(#10567,#10568),(#10569,#10570),(#10571,
#10572),(#10573,#10574),(#10575,#10576),(#10577,#10578),(#10579,#10580),
(#10581,#10582),(#10583,#10584),(#10585,#10586),(#10587,#10588),(#10589,
#10590),(#10591,#10592),(#10593,#10594),(#10595,#10596),(#10597,#10598),
(#10599,#10600),(#10601,#10602),(#10603,#10604),(#10605,#10606),(#10607,
#10608),(#10609,#10610),(#10611,#10612),(#10613,#10614),(#10615,#10616),
(#10617,#10618),(#10619,#10620),(#10621,#10622),(#10623,#10624),(#10625,
#10626),(#10627,#10628),(#10629,#10630),(#10631,#10632),(#10633,#10634),
(#10635,#10636),(#10637,#10638),(#10639,#10640),(#10641,#10642),(#10643,
#10644),(#10645,#10646),(#10647,#10648),(#10649,#10650),(#10651,#10652),
(#10653,#10654),(#10655,#10656),(#10657,#10658),(#10659,#10660)),
 .UNSPECIFIED.,.T.,.F.,.F.,(4,1,1,1,1,1,1,1,1,1,1,1,1,1,1,1,1,1,1,1,1,1,
1,1,1,1,1,1,1,1,1,1,1,1,1,1,1,1,1,1,1,1,1,1,1,1,1,1,1,1,1,1,1,1,1,1,1,1,
1,1,1,1,1,1,1,1,1,1,1,1,1,1,1,1,1,1,1,1,1,1,1,1,1,1,1,1,1,1,1,1,1,1,1,1,
1,1,1,1,1,1,1,1,1,1,1,1,1,1,1,1,1,1,1,1,1,1,1,1,1,1,4),(2,2),(0.,0.00390625,
0.0078125,0.015625,0.0234375,0.03125,0.046875,0.0625,0.0703125,0.078125,
0.08203125,0.0859375,0.09375,0.1015625,0.109375,0.125,0.140625,0.1484375,
0.15625,0.1640625,0.16796875,0.171875,0.1796875,0.1875,0.203125,0.21875,
0.2265625,0.234375,0.2421875,0.24609375,0.25,0.25390625,0.2578125,0.265625,
0.2734375,0.28125,0.296875,0.3125,0.3203125,0.328125,0.33203125,0.3359375,
0.34375,0.3515625,0.359375,0.375,0.390625,0.3984375,0.40625,0.4140625,0.41796875,
0.421875,0.4296875,0.4375,0.453125,0.46875,0.4765625,0.484375,0.4921875,
0.49609375,0.5,0.50390625,0.5078125,0.515625,0.5234375,0.53125,0.546875,
0.5625,0.5703125,0.578125,0.58203125,0.5859375,0.59375,0.6015625,0.609375,
0.625,0.640625,0.6484375,0.65625,0.6640625,0.66796875,0.671875,0.6796875,
0.6875,0.703125,0.71875,0.7265625,0.734375,0.7421875,0.74609375,0.75,0.75390625,
0.7578125,0.765625,0.7734375,0.78125,0.796875,0.8125,0.8203125,0.828125,
0.83203125,0.8359375,0.84375,0.8515625,0.859375,0.875,0.890625,0.8984375,
0.90625,0.9140625,0.91796875,0.921875,0.9296875,0.9375,0.953125,0.96875,
0.9765625,0.984375,0.9921875,0.99609375,1.),(0.,0.896856),.UNSPECIFIED.);
#62=B_SPLINE_SURFACE_WITH_KNOTS('',3,1,((#10662,#10663),(#10664,#10665),
(#10666,#10667),(#10668,#10669),(#10670,#10671),(#10672,#10673),(#10674,
#10675),(#10676,#10677),(#10678,#10679),(#10680,#10681),(#10682,#10683),
(#10684,#10685),(#10686,#10687),(#10688,#10689),(#10690,#10691),(#10692,
#10693),(#10694,#10695),(#10696,#10697),(#10698,#10699),(#10700,#10701),
(#10702,#10703),(#10704,#10705),(#10706,#10707),(#10708,#10709),(#10710,
#10711),(#10712,#10713),(#10714,#10715),(#10716,#10717),(#10718,#10719),
(#10720,#10721),(#10722,#10723),(#10724,#10725),(#10726,#10727),(#10728,
#10729),(#10730,#10731),(#10732,#10733),(#10734,#10735),(#10736,#10737),
(#10738,#10739),(#10740,#10741),(#10742,#10743),(#10744,#10745),(#10746,
#10747),(#10748,#10749),(#10750,#10751),(#10752,#10753),(#10754,#10755),
(#10756,#10757),(#10758,#10759),(#10760,#10761),(#10762,#10763),(#10764,
#10765),(#10766,#10767),(#10768,#10769),(#10770,#10771),(#10772,#10773),
(#10774,#10775),(#10776,#10777),(#10778,#10779),(#10780,#10781),(#10782,
#10783),(#10784,#10785),(#10786,#10787),(#10788,#10789),(#10790,#10791),
(#10792,#10793),(#10794,#10795),(#10796,#10797),(#10798,#10799),(#10800,
#10801),(#10802,#10803),(#10804,#10805),(#10806,#10807),(#10808,#10809),
(#10810,#10811),(#10812,#10813),(#10814,#10815),(#10816,#10817),(#10818,
#10819),(#10820,#10821),(#10822,#10823),(#10824,#10825),(#10826,#10827),
(#10828,#10829),(#10830,#10831),(#10832,#10833),(#10834,#10835),(#10836,
#10837),(#10838,#10839),(#10840,#10841),(#10842,#10843),(#10844,#10845),
(#10846,#10847),(#10848,#10849),(#10850,#10851),(#10852,#10853),(#10854,
#10855),(#10856,#10857),(#10858,#10859),(#10860,#10861),(#10862,#10863),
(#10864,#10865),(#10866,#10867),(#10868,#10869),(#10870,#10871),(#10872,
#10873),(#10874,#10875),(#10876,#10877),(#10878,#10879),(#10880,#10881),
(#10882,#10883),(#10884,#10885),(#10886,#10887),(#10888,#10889),(#10890,
#10891),(#10892,#10893),(#10894,#10895),(#10896,#10897),(#10898,#10899),
(#10900,#10901),(#10902,#10903),(#10904,#10905),(#10906,#10907)),
 .UNSPECIFIED.,.T.,.F.,.F.,(4,1,1,1,1,1,1,1,1,1,1,1,1,1,1,1,1,1,1,1,1,1,
1,1,1,1,1,1,1,1,1,1,1,1,1,1,1,1,1,1,1,1,1,1,1,1,1,1,1,1,1,1,1,1,1,1,1,1,
1,1,1,1,1,1,1,1,1,1,1,1,1,1,1,1,1,1,1,1,1,1,1,1,1,1,1,1,1,1,1,1,1,1,1,1,
1,1,1,1,1,1,1,1,1,1,1,1,1,1,1,1,1,1,1,1,1,1,1,1,1,1,4),(2,2),(0.,0.00390625,
0.0078125,0.015625,0.0234375,0.03125,0.046875,0.0625,0.0703125,0.078125,
0.08203125,0.0859375,0.09375,0.1015625,0.109375,0.125,0.140625,0.1484375,
0.15625,0.1640625,0.16796875,0.171875,0.1796875,0.1875,0.203125,0.21875,
0.2265625,0.234375,0.2421875,0.24609375,0.25,0.25390625,0.2578125,0.265625,
0.2734375,0.28125,0.296875,0.3125,0.3203125,0.328125,0.33203125,0.3359375,
0.34375,0.3515625,0.359375,0.375,0.390625,0.3984375,0.40625,0.4140625,0.41796875,
0.421875,0.4296875,0.4375,0.453125,0.46875,0.4765625,0.484375,0.4921875,
0.49609375,0.5,0.50390625,0.5078125,0.515625,0.5234375,0.53125,0.546875,
0.5625,0.5703125,0.578125,0.58203125,0.5859375,0.59375,0.6015625,0.609375,
0.625,0.640625,0.6484375,0.65625,0.6640625,0.66796875,0.671875,0.6796875,
0.6875,0.703125,0.71875,0.7265625,0.734375,0.7421875,0.74609375,0.75,0.75390625,
0.7578125,0.765625,0.7734375,0.78125,0.796875,0.8125,0.8203125,0.828125,
0.83203125,0.8359375,0.84375,0.8515625,0.859375,0.875,0.890625,0.8984375,
0.90625,0.9140625,0.91796875,0.921875,0.9296875,0.9375,0.953125,0.96875,
0.9765625,0.984375,0.9921875,0.99609375,1.),(0.,0.896856),.UNSPECIFIED.);
#63=CYLINDRICAL_SURFACE('',#5031,2.5);
#64=CYLINDRICAL_SURFACE('',#5035,2.5);
#65=CYLINDRICAL_SURFACE('',#5039,4.);
#66=CYLINDRICAL_SURFACE('',#5043,2.5);
#67=CYLINDRICAL_SURFACE('',#5047,2.5);
#68=CYLINDRICAL_SURFACE('',#5052,2.5);
#69=CYLINDRICAL_SURFACE('',#5055,1.);
#70=CYLINDRICAL_SURFACE('',#5058,1.);
#71=CYLINDRICAL_SURFACE('',#5061,1.);
#72=CYLINDRICAL_SURFACE('',#5064,1.);
#73=CYLINDRICAL_SURFACE('',#5219,1.1);
#74=CYLINDRICAL_SURFACE('',#5222,2.5);
#75=CYLINDRICAL_SURFACE('',#5226,1.1);
#76=CYLINDRICAL_SURFACE('',#5229,2.5);
#77=CYLINDRICAL_SURFACE('',#5233,2.6);
#78=CYLINDRICAL_SURFACE('',#5236,4.);
#79=CYLINDRICAL_SURFACE('',#5240,1.1);
#80=CYLINDRICAL_SURFACE('',#5243,2.5);
#81=CYLINDRICAL_SURFACE('',#5247,1.1);
#82=CYLINDRICAL_SURFACE('',#5250,2.5);
#83=CYLINDRICAL_SURFACE('',#5254,5.);
#84=CYLINDRICAL_SURFACE('',#5271,5.);
#85=CYLINDRICAL_SURFACE('',#5276,5.);
#86=CYLINDRICAL_SURFACE('',#5281,5.);
#87=CYLINDRICAL_SURFACE('',#5292,6.);
#88=CYLINDRICAL_SURFACE('',#5297,6.);
#89=CYLINDRICAL_SURFACE('',#5302,6.);
#90=CYLINDRICAL_SURFACE('',#5306,6.);
#91=CYLINDRICAL_SURFACE('',#5312,6.);
#92=CYLINDRICAL_SURFACE('',#5317,6.);
#93=CYLINDRICAL_SURFACE('',#5322,6.);
#94=CYLINDRICAL_SURFACE('',#5327,6.);
#95=CYLINDRICAL_SURFACE('',#5332,6.);
#96=CYLINDRICAL_SURFACE('',#5337,6.);
#97=CYLINDRICAL_SURFACE('',#5342,6.);
#98=CYLINDRICAL_SURFACE('',#5347,6.);
#99=CYLINDRICAL_SURFACE('',#5351,6.);
#100=CYLINDRICAL_SURFACE('',#5356,6.);
#101=CYLINDRICAL_SURFACE('',#5361,6.);
#102=CYLINDRICAL_SURFACE('',#5366,6.);
#103=CYLINDRICAL_SURFACE('',#5373,4.8);
#104=CIRCLE('',#5023,2.5);
#105=CIRCLE('',#5024,2.5);
#106=CIRCLE('',#5025,4.);
#107=CIRCLE('',#5026,2.5);
#108=CIRCLE('',#5027,2.5);
#109=CIRCLE('',#5029,2.5);
#110=CIRCLE('',#5030,1.);
#111=CIRCLE('',#5033,2.5);
#112=CIRCLE('',#5034,1.);
#113=CIRCLE('',#5037,4.);
#114=CIRCLE('',#5038,2.5);
#115=CIRCLE('',#5041,2.5);
#116=CIRCLE('',#5042,1.);
#117=CIRCLE('',#5045,2.5);
#118=CIRCLE('',#5046,1.);
#119=CIRCLE('',#5053,2.5);
#120=CIRCLE('',#5056,1.);
#121=CIRCLE('',#5059,1.);
#122=CIRCLE('',#5062,1.);
#123=CIRCLE('',#5065,1.);
#124=CIRCLE('',#5148,2.5);
#125=CIRCLE('',#5149,2.5);
#126=CIRCLE('',#5150,4.);
#127=CIRCLE('',#5151,2.5);
#128=CIRCLE('',#5152,2.5);
#129=CIRCLE('',#5153,6.);
#130=CIRCLE('',#5154,5.);
#131=CIRCLE('',#5155,6.);
#132=CIRCLE('',#5156,5.);
#133=CIRCLE('',#5157,5.);
#134=CIRCLE('',#5158,6.);
#135=CIRCLE('',#5159,5.);
#136=CIRCLE('',#5160,6.);
#137=CIRCLE('',#5161,5.);
#138=CIRCLE('',#5162,6.);
#139=CIRCLE('',#5163,5.);
#140=CIRCLE('',#5164,6.);
#141=CIRCLE('',#5165,5.);
#142=CIRCLE('',#5166,5.);
#143=CIRCLE('',#5167,6.);
#144=CIRCLE('',#5168,5.);
#145=CIRCLE('',#5169,6.);
#146=CIRCLE('',#5170,5.);
#147=CIRCLE('',#5171,6.);
#148=CIRCLE('',#5172,5.);
#149=CIRCLE('',#5173,6.);
#150=CIRCLE('',#5174,5.);
#151=CIRCLE('',#5175,6.);
#152=CIRCLE('',#5176,5.);
#153=CIRCLE('',#5177,6.);
#154=CIRCLE('',#5178,5.);
#155=CIRCLE('',#5179,5.);
#156=CIRCLE('',#5180,6.);
#157=CIRCLE('',#5181,5.);
#158=CIRCLE('',#5182,5.);
#159=CIRCLE('',#5183,6.);
#160=CIRCLE('',#5184,5.);
#161=CIRCLE('',#5185,6.);
#162=CIRCLE('',#5186,5.);
#163=CIRCLE('',#5187,6.);
#164=CIRCLE('',#5188,5.);
#165=CIRCLE('',#5191,5.);
#166=CIRCLE('',#5192,5.);
#167=CIRCLE('',#5193,5.);
#168=CIRCLE('',#5194,5.);
#169=CIRCLE('',#5220,1.1);
#170=CIRCLE('',#5221,1.1);
#171=CIRCLE('',#5223,2.5);
#172=CIRCLE('',#5227,1.1);
#173=CIRCLE('',#5228,1.1);
#174=CIRCLE('',#5230,2.5);
#175=CIRCLE('',#5234,2.6);
#176=CIRCLE('',#5235,2.6);
#177=CIRCLE('',#5237,4.);
#178=CIRCLE('',#5241,1.1);
#179=CIRCLE('',#5242,1.1);
#180=CIRCLE('',#5244,2.5);
#181=CIRCLE('',#5248,1.1);
#182=CIRCLE('',#5249,1.1);
#183=CIRCLE('',#5251,2.5);
#184=CIRCLE('',#5255,5.);
#185=CIRCLE('',#5256,5.);
#186=CIRCLE('',#5257,5.);
#187=CIRCLE('',#5258,5.);
#188=CIRCLE('',#5272,5.);
#189=CIRCLE('',#5273,5.);
#190=CIRCLE('',#5274,5.);
#191=CIRCLE('',#5275,5.);
#192=CIRCLE('',#5277,5.);
#193=CIRCLE('',#5278,5.);
#194=CIRCLE('',#5279,5.);
#195=CIRCLE('',#5280,5.);
#196=CIRCLE('',#5282,5.);
#197=CIRCLE('',#5283,5.);
#198=CIRCLE('',#5284,5.);
#199=CIRCLE('',#5285,5.);
#200=CIRCLE('',#5289,6.);
#201=CIRCLE('',#5294,6.);
#202=CIRCLE('',#5299,6.);
#203=CIRCLE('',#5304,6.);
#204=CIRCLE('',#5309,6.);
#205=CIRCLE('',#5314,6.);
#206=CIRCLE('',#5319,6.);
#207=CIRCLE('',#5324,6.);
#208=CIRCLE('',#5329,6.);
#209=CIRCLE('',#5334,6.);
#210=CIRCLE('',#5339,6.);
#211=CIRCLE('',#5344,6.);
#212=CIRCLE('',#5349,6.);
#213=CIRCLE('',#5354,6.);
#214=CIRCLE('',#5359,6.);
#215=CIRCLE('',#5364,6.);
#216=CIRCLE('',#5374,4.8);
#217=CIRCLE('',#5375,4.8);
#218=CIRCLE('',#5376,4.8);
#219=CIRCLE('',#5377,4.8);
#220=CIRCLE('',#5378,4.8);
#221=CIRCLE('',#5379,4.8);
#222=CIRCLE('',#5380,4.8);
#223=CIRCLE('',#5381,4.8);
#224=CIRCLE('',#5382,4.8);
#225=CIRCLE('',#5383,4.8);
#226=CIRCLE('',#5384,4.8);
#227=CIRCLE('',#5387,3.8);
#228=FACE_BOUND('',#567,.T.);
#229=FACE_BOUND('',#568,.T.);
#230=FACE_BOUND('',#569,.T.);
#231=FACE_BOUND('',#570,.T.);
#232=FACE_BOUND('',#571,.T.);
#233=FACE_BOUND('',#572,.T.);
#234=FACE_BOUND('',#573,.T.);
#235=FACE_BOUND('',#575,.T.);
#236=FACE_BOUND('',#578,.T.);
#237=FACE_BOUND('',#581,.T.);
#238=FACE_BOUND('',#584,.T.);
#239=FACE_BOUND('',#587,.T.);
#240=FACE_BOUND('',#590,.T.);
#241=FACE_BOUND('',#595,.T.);
#242=FACE_BOUND('',#651,.T.);
#243=FACE_BOUND('',#653,.T.);
#244=FACE_BOUND('',#691,.T.);
#245=FACE_BOUND('',#692,.T.);
#246=FACE_BOUND('',#693,.T.);
#247=FACE_BOUND('',#694,.T.);
#248=FACE_BOUND('',#695,.T.);
#249=FACE_BOUND('',#696,.T.);
#250=FACE_BOUND('',#697,.T.);
#251=FACE_BOUND('',#698,.T.);
#252=FACE_BOUND('',#699,.T.);
#253=FACE_BOUND('',#700,.T.);
#254=FACE_BOUND('',#702,.T.);
#255=FACE_BOUND('',#704,.T.);
#256=FACE_BOUND('',#705,.T.);
#257=FACE_BOUND('',#706,.T.);
#258=FACE_BOUND('',#707,.T.);
#259=FACE_BOUND('',#708,.T.);
#260=FACE_BOUND('',#736,.T.);
#261=FACE_BOUND('',#741,.T.);
#262=FACE_BOUND('',#746,.T.);
#263=FACE_BOUND('',#751,.T.);
#264=FACE_BOUND('',#756,.T.);
#265=FACE_BOUND('',#841,.T.);
#266=B_SPLINE_CURVE_WITH_KNOTS('',3,(#6906,#6907,#6908,#6909,#6910,#6911,
#6912,#6913,#6914,#6915,#6916,#6917,#6918,#6919,#6920,#6921,#6922,#6923,
#6924,#6925,#6926,#6927,#6928,#6929,#6930,#6931,#6932,#6933,#6934,#6935,
#6936,#6937,#6938,#6939,#6940,#6941,#6942,#6943,#6944,#6945,#6946,#6947,
#6948,#6949,#6950,#6951,#6952,#6953,#6954,#6955,#6956,#6957,#6958,#6959,
#6960,#6961,#6962,#6963,#6964,#6965,#6966,#6967,#6968,#6969,#6970,#6971,
#6972,#6973,#6974,#6975,#6976,#6977,#6978,#6979,#6980,#6981,#6982,#6983,
#6984,#6985,#6986,#6987,#6988,#6989,#6990,#6991,#6992),.UNSPECIFIED.,.T.,
 .F.,(4,1,1,1,1,1,1,1,1,1,1,1,1,1,1,1,1,1,1,1,1,1,1,1,1,1,1,1,1,1,1,1,1,
1,1,1,1,1,1,1,1,1,1,1,1,1,1,1,1,1,1,1,1,1,1,1,1,1,1,1,1,1,1,1,1,1,1,1,1,
1,1,1,1,1,1,1,1,1,1,1,1,1,1,1,4),(0.,0.0078125,0.015625,0.03125,0.046875,
0.0625,0.078125,0.0859375,0.09375,0.109375,0.125,0.140625,0.1484375,0.15625,
0.1640625,0.171875,0.1875,0.203125,0.21875,0.234375,0.2421875,0.25,0.2578125,
0.265625,0.28125,0.296875,0.3125,0.328125,0.3359375,0.34375,0.3515625,0.359375,
0.375,0.390625,0.40625,0.4140625,0.421875,0.4375,0.453125,0.46875,0.484375,
0.4921875,0.5,0.5078125,0.515625,0.53125,0.546875,0.5625,0.578125,0.5859375,
0.59375,0.609375,0.625,0.640625,0.6484375,0.65625,0.6640625,0.671875,0.6875,
0.703125,0.71875,0.734375,0.7421875,0.75,0.7578125,0.765625,0.78125,0.796875,
0.8125,0.828125,0.8359375,0.84375,0.8515625,0.859375,0.875,0.890625,0.90625,
0.9140625,0.921875,0.9375,0.953125,0.96875,0.984375,0.9921875,1.),
 .UNSPECIFIED.);
#267=B_SPLINE_CURVE_WITH_KNOTS('',3,(#6994,#6995,#6996,#6997,#6998,#6999,
#7000,#7001,#7002,#7003,#7004,#7005,#7006,#7007,#7008,#7009,#7010,#7011,
#7012,#7013,#7014,#7015,#7016,#7017,#7018,#7019,#7020,#7021,#7022,#7023,
#7024,#7025,#7026,#7027,#7028,#7029,#7030,#7031,#7032,#7033,#7034,#7035,
#7036,#7037,#7038,#7039,#7040,#7041,#7042,#7043,#7044,#7045,#7046,#7047,
#7048,#7049,#7050,#7051,#7052,#7053,#7054,#7055,#7056,#7057,#7058,#7059,
#7060,#7061,#7062,#7063,#7064,#7065,#7066,#7067,#7068,#7069,#7070,#7071,
#7072,#7073,#7074,#7075,#7076,#7077,#7078,#7079,#7080),.UNSPECIFIED.,.T.,
 .F.,(4,1,1,1,1,1,1,1,1,1,1,1,1,1,1,1,1,1,1,1,1,1,1,1,1,1,1,1,1,1,1,1,1,
1,1,1,1,1,1,1,1,1,1,1,1,1,1,1,1,1,1,1,1,1,1,1,1,1,1,1,1,1,1,1,1,1,1,1,1,
1,1,1,1,1,1,1,1,1,1,1,1,1,1,1,4),(0.,0.0078125,0.015625,0.03125,0.046875,
0.0625,0.078125,0.0859375,0.09375,0.109375,0.125,0.140625,0.1484375,0.15625,
0.1640625,0.171875,0.1875,0.203125,0.21875,0.234375,0.2421875,0.25,0.2578125,
0.265625,0.28125,0.296875,0.3125,0.328125,0.3359375,0.34375,0.3515625,0.359375,
0.375,0.390625,0.40625,0.4140625,0.421875,0.4375,0.453125,0.46875,0.484375,
0.4921875,0.5,0.5078125,0.515625,0.53125,0.546875,0.5625,0.578125,0.5859375,
0.59375,0.609375,0.625,0.640625,0.6484375,0.65625,0.6640625,0.671875,0.6875,
0.703125,0.71875,0.734375,0.7421875,0.75,0.7578125,0.765625,0.78125,0.796875,
0.8125,0.828125,0.8359375,0.84375,0.8515625,0.859375,0.875,0.890625,0.90625,
0.9140625,0.921875,0.9375,0.953125,0.96875,0.984375,0.9921875,1.),
 .UNSPECIFIED.);
#268=B_SPLINE_CURVE_WITH_KNOTS('',3,(#7128,#7129,#7130,#7131,#7132,#7133,
#7134,#7135,#7136,#7137,#7138,#7139,#7140,#7141,#7142,#7143,#7144,#7145,
#7146,#7147,#7148,#7149,#7150,#7151,#7152,#7153,#7154,#7155,#7156,#7157,
#7158,#7159,#7160,#7161,#7162,#7163,#7164,#7165,#7166,#7167,#7168,#7169,
#7170,#7171,#7172,#7173,#7174,#7175,#7176,#7177,#7178,#7179,#7180,#7181,
#7182,#7183,#7184,#7185,#7186,#7187,#7188,#7189,#7190,#7191,#7192,#7193,
#7194,#7195,#7196,#7197,#7198,#7199,#7200,#7201,#7202,#7203,#7204,#7205,
#7206,#7207,#7208,#7209,#7210,#7211,#7212,#7213,#7214),.UNSPECIFIED.,.T.,
 .F.,(4,1,1,1,1,1,1,1,1,1,1,1,1,1,1,1,1,1,1,1,1,1,1,1,1,1,1,1,1,1,1,1,1,
1,1,1,1,1,1,1,1,1,1,1,1,1,1,1,1,1,1,1,1,1,1,1,1,1,1,1,1,1,1,1,1,1,1,1,1,
1,1,1,1,1,1,1,1,1,1,1,1,1,1,1,4),(0.,0.0078125,0.015625,0.03125,0.046875,
0.0625,0.078125,0.0859375,0.09375,0.109375,0.125,0.140625,0.1484375,0.15625,
0.1640625,0.171875,0.1875,0.203125,0.21875,0.234375,0.2421875,0.25,0.2578125,
0.265625,0.28125,0.296875,0.3125,0.328125,0.3359375,0.34375,0.3515625,0.359375,
0.375,0.390625,0.40625,0.4140625,0.421875,0.4375,0.453125,0.46875,0.484375,
0.4921875,0.5,0.5078125,0.515625,0.53125,0.546875,0.5625,0.578125,0.5859375,
0.59375,0.609375,0.625,0.640625,0.6484375,0.65625,0.6640625,0.671875,0.6875,
0.703125,0.71875,0.734375,0.7421875,0.75,0.7578125,0.765625,0.78125,0.796875,
0.8125,0.828125,0.8359375,0.84375,0.8515625,0.859375,0.875,0.890625,0.90625,
0.9140625,0.921875,0.9375,0.953125,0.96875,0.984375,0.9921875,1.),
 .UNSPECIFIED.);
#269=B_SPLINE_CURVE_WITH_KNOTS('',3,(#7216,#7217,#7218,#7219,#7220,#7221,
#7222,#7223,#7224,#7225,#7226,#7227,#7228,#7229,#7230,#7231,#7232,#7233,
#7234,#7235,#7236,#7237,#7238,#7239,#7240,#7241,#7242,#7243,#7244,#7245,
#7246,#7247,#7248,#7249,#7250,#7251,#7252,#7253,#7254,#7255,#7256,#7257,
#7258,#7259,#7260,#7261,#7262,#7263,#7264,#7265,#7266,#7267,#7268,#7269,
#7270,#7271,#7272,#7273,#7274,#7275,#7276,#7277,#7278,#7279,#7280,#7281,
#7282,#7283,#7284,#7285,#7286,#7287,#7288,#7289,#7290,#7291,#7292,#7293,
#7294,#7295,#7296,#7297,#7298,#7299,#7300,#7301,#7302),.UNSPECIFIED.,.T.,
 .F.,(4,1,1,1,1,1,1,1,1,1,1,1,1,1,1,1,1,1,1,1,1,1,1,1,1,1,1,1,1,1,1,1,1,
1,1,1,1,1,1,1,1,1,1,1,1,1,1,1,1,1,1,1,1,1,1,1,1,1,1,1,1,1,1,1,1,1,1,1,1,
1,1,1,1,1,1,1,1,1,1,1,1,1,1,1,4),(0.,0.0078125,0.015625,0.03125,0.046875,
0.0625,0.078125,0.0859375,0.09375,0.109375,0.125,0.140625,0.1484375,0.15625,
0.1640625,0.171875,0.1875,0.203125,0.21875,0.234375,0.2421875,0.25,0.2578125,
0.265625,0.28125,0.296875,0.3125,0.328125,0.3359375,0.34375,0.3515625,0.359375,
0.375,0.390625,0.40625,0.4140625,0.421875,0.4375,0.453125,0.46875,0.484375,
0.4921875,0.5,0.5078125,0.515625,0.53125,0.546875,0.5625,0.578125,0.5859375,
0.59375,0.609375,0.625,0.640625,0.6484375,0.65625,0.6640625,0.671875,0.6875,
0.703125,0.71875,0.734375,0.7421875,0.75,0.7578125,0.765625,0.78125,0.796875,
0.8125,0.828125,0.8359375,0.84375,0.8515625,0.859375,0.875,0.890625,0.90625,
0.9140625,0.921875,0.9375,0.953125,0.96875,0.984375,0.9921875,1.),
 .UNSPECIFIED.);
#270=B_SPLINE_CURVE_WITH_KNOTS('',3,(#7478,#7479,#7480,#7481,#7482,#7483,
#7484,#7485,#7486,#7487,#7488,#7489,#7490,#7491,#7492,#7493,#7494,#7495,
#7496,#7497,#7498,#7499,#7500,#7501,#7502,#7503,#7504,#7505,#7506,#7507,
#7508,#7509,#7510,#7511,#7512,#7513,#7514,#7515,#7516,#7517,#7518,#7519,
#7520,#7521,#7522,#7523,#7524,#7525,#7526,#7527,#7528,#7529,#7530,#7531,
#7532,#7533,#7534,#7535,#7536,#7537,#7538,#7539,#7540,#7541,#7542,#7543,
#7544,#7545,#7546,#7547,#7548,#7549,#7550,#7551,#7552,#7553,#7554,#7555,
#7556,#7557,#7558,#7559,#7560,#7561,#7562,#7563,#7564),.UNSPECIFIED.,.T.,
 .F.,(4,1,1,1,1,1,1,1,1,1,1,1,1,1,1,1,1,1,1,1,1,1,1,1,1,1,1,1,1,1,1,1,1,
1,1,1,1,1,1,1,1,1,1,1,1,1,1,1,1,1,1,1,1,1,1,1,1,1,1,1,1,1,1,1,1,1,1,1,1,
1,1,1,1,1,1,1,1,1,1,1,1,1,1,1,4),(0.,0.0078125,0.015625,0.03125,0.046875,
0.0625,0.078125,0.0859375,0.09375,0.109375,0.125,0.140625,0.1484375,0.15625,
0.1640625,0.171875,0.1875,0.203125,0.21875,0.234375,0.2421875,0.25,0.2578125,
0.265625,0.28125,0.296875,0.3125,0.328125,0.3359375,0.34375,0.3515625,0.359375,
0.375,0.390625,0.40625,0.4140625,0.421875,0.4375,0.453125,0.46875,0.484375,
0.4921875,0.5,0.5078125,0.515625,0.53125,0.546875,0.5625,0.578125,0.5859375,
0.59375,0.609375,0.625,0.640625,0.6484375,0.65625,0.6640625,0.671875,0.6875,
0.703125,0.71875,0.734375,0.7421875,0.75,0.7578125,0.765625,0.78125,0.796875,
0.8125,0.828125,0.8359375,0.84375,0.8515625,0.859375,0.875,0.890625,0.90625,
0.9140625,0.921875,0.9375,0.953125,0.96875,0.984375,0.9921875,1.),
 .UNSPECIFIED.);
#271=B_SPLINE_CURVE_WITH_KNOTS('',3,(#7744,#7745,#7746,#7747,#7748,#7749,
#7750,#7751,#7752,#7753,#7754,#7755,#7756,#7757,#7758,#7759,#7760,#7761,
#7762,#7763,#7764,#7765,#7766,#7767,#7768,#7769,#7770,#7771,#7772,#7773,
#7774,#7775,#7776,#7777,#7778,#7779,#7780,#7781,#7782,#7783,#7784,#7785,
#7786,#7787,#7788,#7789,#7790,#7791,#7792,#7793,#7794,#7795,#7796,#7797,
#7798,#7799,#7800,#7801,#7802,#7803,#7804,#7805,#7806,#7807,#7808,#7809,
#7810,#7811,#7812,#7813,#7814,#7815,#7816,#7817,#7818,#7819,#7820,#7821,
#7822,#7823,#7824,#7825,#7826,#7827,#7828,#7829,#7830),.UNSPECIFIED.,.T.,
 .F.,(4,1,1,1,1,1,1,1,1,1,1,1,1,1,1,1,1,1,1,1,1,1,1,1,1,1,1,1,1,1,1,1,1,
1,1,1,1,1,1,1,1,1,1,1,1,1,1,1,1,1,1,1,1,1,1,1,1,1,1,1,1,1,1,1,1,1,1,1,1,
1,1,1,1,1,1,1,1,1,1,1,1,1,1,1,4),(0.,0.0078125,0.015625,0.03125,0.046875,
0.0625,0.078125,0.0859375,0.09375,0.109375,0.125,0.140625,0.1484375,0.15625,
0.1640625,0.171875,0.1875,0.203125,0.21875,0.234375,0.2421875,0.25,0.2578125,
0.265625,0.28125,0.296875,0.3125,0.328125,0.3359375,0.34375,0.3515625,0.359375,
0.375,0.390625,0.40625,0.4140625,0.421875,0.4375,0.453125,0.46875,0.484375,
0.4921875,0.5,0.5078125,0.515625,0.53125,0.546875,0.5625,0.578125,0.5859375,
0.59375,0.609375,0.625,0.640625,0.6484375,0.65625,0.6640625,0.671875,0.6875,
0.703125,0.71875,0.734375,0.7421875,0.75,0.7578125,0.765625,0.78125,0.796875,
0.8125,0.828125,0.8359375,0.84375,0.8515625,0.859375,0.875,0.890625,0.90625,
0.9140625,0.921875,0.9375,0.953125,0.96875,0.984375,0.9921875,1.),
 .UNSPECIFIED.);
#272=B_SPLINE_CURVE_WITH_KNOTS('',3,(#7832,#7833,#7834,#7835,#7836,#7837,
#7838,#7839,#7840,#7841,#7842,#7843,#7844,#7845,#7846,#7847,#7848,#7849,
#7850,#7851,#7852,#7853,#7854,#7855,#7856,#7857,#7858,#7859,#7860,#7861,
#7862,#7863,#7864,#7865,#7866,#7867,#7868,#7869,#7870,#7871,#7872,#7873,
#7874,#7875,#7876,#7877,#7878,#7879,#7880,#7881,#7882,#7883,#7884,#7885,
#7886,#7887,#7888,#7889,#7890,#7891,#7892,#7893,#7894,#7895,#7896,#7897,
#7898,#7899,#7900,#7901,#7902,#7903,#7904,#7905,#7906,#7907,#7908,#7909,
#7910,#7911,#7912,#7913,#7914,#7915,#7916,#7917,#7918),.UNSPECIFIED.,.T.,
 .F.,(4,1,1,1,1,1,1,1,1,1,1,1,1,1,1,1,1,1,1,1,1,1,1,1,1,1,1,1,1,1,1,1,1,
1,1,1,1,1,1,1,1,1,1,1,1,1,1,1,1,1,1,1,1,1,1,1,1,1,1,1,1,1,1,1,1,1,1,1,1,
1,1,1,1,1,1,1,1,1,1,1,1,1,1,1,4),(0.,0.0078125,0.015625,0.03125,0.046875,
0.0625,0.078125,0.0859375,0.09375,0.109375,0.125,0.140625,0.1484375,0.15625,
0.1640625,0.171875,0.1875,0.203125,0.21875,0.234375,0.2421875,0.25,0.2578125,
0.265625,0.28125,0.296875,0.3125,0.328125,0.3359375,0.34375,0.3515625,0.359375,
0.375,0.390625,0.40625,0.4140625,0.421875,0.4375,0.453125,0.46875,0.484375,
0.4921875,0.5,0.5078125,0.515625,0.53125,0.546875,0.5625,0.578125,0.5859375,
0.59375,0.609375,0.625,0.640625,0.6484375,0.65625,0.6640625,0.671875,0.6875,
0.703125,0.71875,0.734375,0.7421875,0.75,0.7578125,0.765625,0.78125,0.796875,
0.8125,0.828125,0.8359375,0.84375,0.8515625,0.859375,0.875,0.890625,0.90625,
0.9140625,0.921875,0.9375,0.953125,0.96875,0.984375,0.9921875,1.),
 .UNSPECIFIED.);
#273=B_SPLINE_CURVE_WITH_KNOTS('',3,(#8094,#8095,#8096,#8097,#8098,#8099,
#8100,#8101,#8102,#8103,#8104,#8105,#8106,#8107,#8108,#8109,#8110,#8111,
#8112,#8113,#8114,#8115,#8116,#8117,#8118,#8119,#8120,#8121,#8122,#8123,
#8124,#8125,#8126,#8127,#8128,#8129,#8130,#8131,#8132,#8133,#8134,#8135,
#8136,#8137,#8138,#8139,#8140,#8141,#8142,#8143,#8144,#8145,#8146,#8147,
#8148,#8149,#8150,#8151,#8152,#8153,#8154,#8155,#8156,#8157,#8158,#8159,
#8160,#8161,#8162,#8163,#8164,#8165,#8166,#8167,#8168,#8169,#8170,#8171,
#8172,#8173,#8174,#8175,#8176,#8177,#8178,#8179,#8180),.UNSPECIFIED.,.T.,
 .F.,(4,1,1,1,1,1,1,1,1,1,1,1,1,1,1,1,1,1,1,1,1,1,1,1,1,1,1,1,1,1,1,1,1,
1,1,1,1,1,1,1,1,1,1,1,1,1,1,1,1,1,1,1,1,1,1,1,1,1,1,1,1,1,1,1,1,1,1,1,1,
1,1,1,1,1,1,1,1,1,1,1,1,1,1,1,4),(0.,0.0078125,0.015625,0.03125,0.046875,
0.0625,0.078125,0.0859375,0.09375,0.109375,0.125,0.140625,0.1484375,0.15625,
0.1640625,0.171875,0.1875,0.203125,0.21875,0.234375,0.2421875,0.25,0.2578125,
0.265625,0.28125,0.296875,0.3125,0.328125,0.3359375,0.34375,0.3515625,0.359375,
0.375,0.390625,0.40625,0.4140625,0.421875,0.4375,0.453125,0.46875,0.484375,
0.4921875,0.5,0.5078125,0.515625,0.53125,0.546875,0.5625,0.578125,0.5859375,
0.59375,0.609375,0.625,0.640625,0.6484375,0.65625,0.6640625,0.671875,0.6875,
0.703125,0.71875,0.734375,0.7421875,0.75,0.7578125,0.765625,0.78125,0.796875,
0.8125,0.828125,0.8359375,0.84375,0.8515625,0.859375,0.875,0.890625,0.90625,
0.9140625,0.921875,0.9375,0.953125,0.96875,0.984375,0.9921875,1.),
 .UNSPECIFIED.);
#274=B_SPLINE_CURVE_WITH_KNOTS('',3,(#8534,#8535,#8536,#8537,#8538,#8539,
#8540,#8541,#8542,#8543,#8544,#8545,#8546,#8547,#8548,#8549,#8550,#8551,
#8552,#8553,#8554,#8555,#8556,#8557,#8558,#8559,#8560,#8561,#8562,#8563,
#8564,#8565,#8566,#8567,#8568,#8569,#8570,#8571,#8572,#8573,#8574,#8575,
#8576,#8577,#8578,#8579,#8580,#8581,#8582,#8583,#8584,#8585,#8586,#8587,
#8588,#8589,#8590,#8591,#8592,#8593,#8594,#8595,#8596,#8597,#8598,#8599,
#8600,#8601,#8602,#8603,#8604,#8605,#8606,#8607,#8608,#8609,#8610,#8611,
#8612,#8613,#8614,#8615,#8616,#8617,#8618,#8619,#8620,#8621,#8622,#8623,
#8624,#8625,#8626,#8627,#8628,#8629,#8630,#8631,#8632,#8633,#8634,#8635,
#8636,#8637,#8638,#8639,#8640,#8641,#8642,#8643,#8644,#8645,#8646,#8647,
#8648,#8649,#8650,#8651,#8652,#8653,#8654,#8655,#8656),.UNSPECIFIED.,.T.,
 .F.,(4,1,1,1,1,1,1,1,1,1,1,1,1,1,1,1,1,1,1,1,1,1,1,1,1,1,1,1,1,1,1,1,1,
1,1,1,1,1,1,1,1,1,1,1,1,1,1,1,1,1,1,1,1,1,1,1,1,1,1,1,1,1,1,1,1,1,1,1,1,
1,1,1,1,1,1,1,1,1,1,1,1,1,1,1,1,1,1,1,1,1,1,1,1,1,1,1,1,1,1,1,1,1,1,1,1,
1,1,1,1,1,1,1,1,1,1,1,1,1,1,1,4),(0.,0.00390625,0.0078125,0.015625,0.0234375,
0.03125,0.046875,0.0625,0.0703125,0.078125,0.08203125,0.0859375,0.09375,
0.1015625,0.109375,0.125,0.140625,0.1484375,0.15625,0.1640625,0.16796875,
0.171875,0.1796875,0.1875,0.203125,0.21875,0.2265625,0.234375,0.2421875,
0.24609375,0.25,0.25390625,0.2578125,0.265625,0.2734375,0.28125,0.296875,
0.3125,0.3203125,0.328125,0.33203125,0.3359375,0.34375,0.3515625,0.359375,
0.375,0.390625,0.3984375,0.40625,0.4140625,0.41796875,0.421875,0.4296875,
0.4375,0.453125,0.46875,0.4765625,0.484375,0.4921875,0.49609375,0.5,0.50390625,
0.5078125,0.515625,0.5234375,0.53125,0.546875,0.5625,0.5703125,0.578125,
0.58203125,0.5859375,0.59375,0.6015625,0.609375,0.625,0.640625,0.6484375,
0.65625,0.6640625,0.66796875,0.671875,0.6796875,0.6875,0.703125,0.71875,
0.7265625,0.734375,0.7421875,0.74609375,0.75,0.75390625,0.7578125,0.765625,
0.7734375,0.78125,0.796875,0.8125,0.8203125,0.828125,0.83203125,0.8359375,
0.84375,0.8515625,0.859375,0.875,0.890625,0.8984375,0.90625,0.9140625,0.91796875,
0.921875,0.9296875,0.9375,0.953125,0.96875,0.9765625,0.984375,0.9921875,
0.99609375,1.),.UNSPECIFIED.);
#275=B_SPLINE_CURVE_WITH_KNOTS('',3,(#8660,#8661,#8662,#8663,#8664,#8665,
#8666,#8667,#8668,#8669,#8670,#8671,#8672,#8673,#8674,#8675,#8676,#8677,
#8678,#8679,#8680,#8681,#8682,#8683,#8684,#8685,#8686,#8687,#8688,#8689,
#8690,#8691,#8692,#8693,#8694,#8695,#8696,#8697,#8698,#8699,#8700,#8701,
#8702,#8703,#8704,#8705,#8706,#8707,#8708,#8709,#8710,#8711,#8712,#8713,
#8714,#8715,#8716,#8717,#8718,#8719,#8720,#8721,#8722,#8723,#8724,#8725,
#8726,#8727,#8728,#8729,#8730,#8731,#8732,#8733,#8734,#8735,#8736,#8737,
#8738,#8739,#8740,#8741,#8742,#8743,#8744,#8745,#8746,#8747,#8748,#8749,
#8750,#8751,#8752,#8753,#8754,#8755,#8756,#8757,#8758,#8759,#8760,#8761,
#8762,#8763,#8764,#8765,#8766,#8767,#8768,#8769,#8770,#8771,#8772,#8773,
#8774,#8775,#8776),.UNSPECIFIED.,.F.,.F.,(4,1,1,1,1,1,1,1,1,1,1,1,1,1,1,
1,1,1,1,1,1,1,1,1,1,1,1,1,1,1,1,1,1,1,1,1,1,1,1,1,1,1,1,1,1,1,1,1,1,1,1,
1,1,1,1,1,1,1,1,1,1,1,1,1,1,1,1,1,1,1,1,1,1,1,1,1,1,1,1,1,1,1,1,1,1,1,1,
1,1,1,1,1,1,1,1,1,1,1,1,1,1,1,1,1,1,1,1,1,1,1,1,1,1,1,4),(0.0573960552394244,
0.0625,0.0703125,0.078125,0.08203125,0.0859375,0.09375,0.1015625,0.109375,
0.125,0.140625,0.1484375,0.15625,0.1640625,0.16796875,0.171875,0.1796875,
0.1875,0.203125,0.21875,0.2265625,0.234375,0.2421875,0.24609375,0.25,0.25390625,
0.2578125,0.265625,0.2734375,0.28125,0.296875,0.3125,0.3203125,0.328125,
0.33203125,0.3359375,0.34375,0.3515625,0.359375,0.375,0.390625,0.3984375,
0.40625,0.4140625,0.41796875,0.421875,0.4296875,0.4375,0.453125,0.46875,
0.4765625,0.484375,0.4921875,0.49609375,0.5,0.50390625,0.5078125,0.515625,
0.5234375,0.53125,0.546875,0.5625,0.5703125,0.578125,0.58203125,0.5859375,
0.59375,0.6015625,0.609375,0.625,0.640625,0.6484375,0.65625,0.6640625,0.66796875,
0.671875,0.6796875,0.6875,0.703125,0.71875,0.7265625,0.734375,0.7421875,
0.74609375,0.75,0.75390625,0.7578125,0.765625,0.7734375,0.78125,0.796875,
0.8125,0.8203125,0.828125,0.83203125,0.8359375,0.84375,0.8515625,0.859375,
0.875,0.890625,0.8984375,0.90625,0.9140625,0.91796875,0.921875,0.9296875,
0.9375,0.953125,0.96875,0.9765625,0.984375,0.9921875,0.99609375,1.),
 .UNSPECIFIED.);
#276=B_SPLINE_CURVE_WITH_KNOTS('',3,(#8777,#8778,#8779,#8780,#8781,#8782,
#8783,#8784,#8785,#8786),.UNSPECIFIED.,.F.,.F.,(4,1,1,1,1,1,1,4),(1.,1.00390625,
1.0078125,1.015625,1.0234375,1.03125,1.046875,1.05739605523942),
 .UNSPECIFIED.);
#277=B_SPLINE_CURVE_WITH_KNOTS('',3,(#9433,#9434,#9435,#9436,#9437,#9438,
#9439,#9440,#9441,#9442,#9443,#9444,#9445,#9446,#9447,#9448,#9449,#9450,
#9451,#9452,#9453,#9454,#9455,#9456,#9457,#9458,#9459,#9460,#9461,#9462,
#9463,#9464,#9465,#9466,#9467,#9468,#9469,#9470,#9471,#9472,#9473,#9474,
#9475,#9476,#9477,#9478,#9479,#9480,#9481,#9482,#9483,#9484,#9485,#9486,
#9487,#9488,#9489,#9490,#9491,#9492,#9493,#9494,#9495,#9496,#9497,#9498,
#9499,#9500,#9501,#9502,#9503,#9504,#9505,#9506,#9507,#9508,#9509,#9510,
#9511,#9512,#9513,#9514,#9515,#9516,#9517,#9518,#9519,#9520,#9521,#9522,
#9523,#9524,#9525,#9526,#9527,#9528,#9529,#9530,#9531,#9532,#9533,#9534,
#9535,#9536,#9537,#9538,#9539,#9540,#9541,#9542,#9543,#9544,#9545,#9546,
#9547,#9548,#9549,#9550,#9551,#9552,#9553,#9554,#9555),.UNSPECIFIED.,.T.,
 .F.,(4,1,1,1,1,1,1,1,1,1,1,1,1,1,1,1,1,1,1,1,1,1,1,1,1,1,1,1,1,1,1,1,1,
1,1,1,1,1,1,1,1,1,1,1,1,1,1,1,1,1,1,1,1,1,1,1,1,1,1,1,1,1,1,1,1,1,1,1,1,
1,1,1,1,1,1,1,1,1,1,1,1,1,1,1,1,1,1,1,1,1,1,1,1,1,1,1,1,1,1,1,1,1,1,1,1,
1,1,1,1,1,1,1,1,1,1,1,1,1,1,1,4),(0.,0.00390625,0.0078125,0.015625,0.0234375,
0.03125,0.046875,0.0625,0.0703125,0.078125,0.08203125,0.0859375,0.09375,
0.1015625,0.109375,0.125,0.140625,0.1484375,0.15625,0.1640625,0.16796875,
0.171875,0.1796875,0.1875,0.203125,0.21875,0.2265625,0.234375,0.2421875,
0.24609375,0.25,0.25390625,0.2578125,0.265625,0.2734375,0.28125,0.296875,
0.3125,0.3203125,0.328125,0.33203125,0.3359375,0.34375,0.3515625,0.359375,
0.375,0.390625,0.3984375,0.40625,0.4140625,0.41796875,0.421875,0.4296875,
0.4375,0.453125,0.46875,0.4765625,0.484375,0.4921875,0.49609375,0.5,0.50390625,
0.5078125,0.515625,0.5234375,0.53125,0.546875,0.5625,0.5703125,0.578125,
0.58203125,0.5859375,0.59375,0.6015625,0.609375,0.625,0.640625,0.6484375,
0.65625,0.6640625,0.66796875,0.671875,0.6796875,0.6875,0.703125,0.71875,
0.7265625,0.734375,0.7421875,0.74609375,0.75,0.75390625,0.7578125,0.765625,
0.7734375,0.78125,0.796875,0.8125,0.8203125,0.828125,0.83203125,0.8359375,
0.84375,0.8515625,0.859375,0.875,0.890625,0.8984375,0.90625,0.9140625,0.91796875,
0.921875,0.9296875,0.9375,0.953125,0.96875,0.9765625,0.984375,0.9921875,
0.99609375,1.),.UNSPECIFIED.);
#278=B_SPLINE_CURVE_WITH_KNOTS('',3,(#9558,#9559,#9560,#9561,#9562,#9563,
#9564,#9565,#9566,#9567,#9568,#9569,#9570,#9571,#9572,#9573,#9574,#9575,
#9576,#9577,#9578,#9579,#9580,#9581,#9582,#9583,#9584,#9585,#9586,#9587,
#9588,#9589,#9590,#9591,#9592,#9593,#9594,#9595,#9596,#9597,#9598,#9599,
#9600,#9601,#9602,#9603,#9604,#9605,#9606,#9607,#9608,#9609,#9610,#9611,
#9612,#9613,#9614,#9615,#9616,#9617,#9618,#9619,#9620,#9621,#9622,#9623,
#9624,#9625,#9626,#9627,#9628,#9629,#9630,#9631,#9632,#9633,#9634,#9635,
#9636,#9637,#9638,#9639,#9640,#9641,#9642,#9643,#9644,#9645,#9646,#9647,
#9648,#9649,#9650,#9651,#9652,#9653,#9654,#9655,#9656,#9657,#9658,#9659,
#9660,#9661,#9662,#9663,#9664,#9665,#9666,#9667,#9668,#9669,#9670,#9671,
#9672,#9673,#9674,#9675,#9676,#9677,#9678,#9679,#9680),.UNSPECIFIED.,.T.,
 .F.,(4,1,1,1,1,1,1,1,1,1,1,1,1,1,1,1,1,1,1,1,1,1,1,1,1,1,1,1,1,1,1,1,1,
1,1,1,1,1,1,1,1,1,1,1,1,1,1,1,1,1,1,1,1,1,1,1,1,1,1,1,1,1,1,1,1,1,1,1,1,
1,1,1,1,1,1,1,1,1,1,1,1,1,1,1,1,1,1,1,1,1,1,1,1,1,1,1,1,1,1,1,1,1,1,1,1,
1,1,1,1,1,1,1,1,1,1,1,1,1,1,1,4),(0.,0.00390625,0.0078125,0.015625,0.0234375,
0.03125,0.046875,0.0625,0.0703125,0.078125,0.08203125,0.0859375,0.09375,
0.1015625,0.109375,0.125,0.140625,0.1484375,0.15625,0.1640625,0.16796875,
0.171875,0.1796875,0.1875,0.203125,0.21875,0.2265625,0.234375,0.2421875,
0.24609375,0.25,0.25390625,0.2578125,0.265625,0.2734375,0.28125,0.296875,
0.3125,0.3203125,0.328125,0.33203125,0.3359375,0.34375,0.3515625,0.359375,
0.375,0.390625,0.3984375,0.40625,0.4140625,0.41796875,0.421875,0.4296875,
0.4375,0.453125,0.46875,0.4765625,0.484375,0.4921875,0.49609375,0.5,0.50390625,
0.5078125,0.515625,0.5234375,0.53125,0.546875,0.5625,0.5703125,0.578125,
0.58203125,0.5859375,0.59375,0.6015625,0.609375,0.625,0.640625,0.6484375,
0.65625,0.6640625,0.66796875,0.671875,0.6796875,0.6875,0.703125,0.71875,
0.7265625,0.734375,0.7421875,0.74609375,0.75,0.75390625,0.7578125,0.765625,
0.7734375,0.78125,0.796875,0.8125,0.8203125,0.828125,0.83203125,0.8359375,
0.84375,0.8515625,0.859375,0.875,0.890625,0.8984375,0.90625,0.9140625,0.91796875,
0.921875,0.9296875,0.9375,0.953125,0.96875,0.9765625,0.984375,0.9921875,
0.99609375,1.),.UNSPECIFIED.);
#279=B_SPLINE_CURVE_WITH_KNOTS('',3,(#10168,#10169,#10170,#10171,#10172,
#10173,#10174,#10175,#10176,#10177,#10178,#10179,#10180,#10181,#10182,#10183,
#10184,#10185,#10186,#10187,#10188,#10189,#10190,#10191,#10192,#10193,#10194,
#10195,#10196,#10197,#10198,#10199,#10200,#10201,#10202,#10203,#10204,#10205,
#10206,#10207,#10208,#10209,#10210,#10211,#10212,#10213,#10214,#10215,#10216,
#10217,#10218,#10219,#10220,#10221,#10222,#10223,#10224,#10225,#10226,#10227,
#10228,#10229,#10230,#10231,#10232,#10233,#10234,#10235,#10236,#10237,#10238,
#10239,#10240,#10241,#10242,#10243,#10244,#10245,#10246,#10247,#10248,#10249,
#10250,#10251,#10252,#10253,#10254,#10255,#10256,#10257,#10258,#10259,#10260,
#10261,#10262,#10263,#10264,#10265,#10266,#10267,#10268,#10269,#10270,#10271,
#10272,#10273,#10274,#10275,#10276,#10277,#10278,#10279,#10280,#10281,#10282,
#10283,#10284,#10285,#10286,#10287,#10288,#10289,#10290),.UNSPECIFIED.,
 .T.,.F.,(4,1,1,1,1,1,1,1,1,1,1,1,1,1,1,1,1,1,1,1,1,1,1,1,1,1,1,1,1,1,1,
1,1,1,1,1,1,1,1,1,1,1,1,1,1,1,1,1,1,1,1,1,1,1,1,1,1,1,1,1,1,1,1,1,1,1,1,
1,1,1,1,1,1,1,1,1,1,1,1,1,1,1,1,1,1,1,1,1,1,1,1,1,1,1,1,1,1,1,1,1,1,1,1,
1,1,1,1,1,1,1,1,1,1,1,1,1,1,1,1,1,4),(0.,0.00390625,0.0078125,0.015625,
0.0234375,0.03125,0.046875,0.0625,0.0703125,0.078125,0.08203125,0.0859375,
0.09375,0.1015625,0.109375,0.125,0.140625,0.1484375,0.15625,0.1640625,0.16796875,
0.171875,0.1796875,0.1875,0.203125,0.21875,0.2265625,0.234375,0.2421875,
0.24609375,0.25,0.25390625,0.2578125,0.265625,0.2734375,0.28125,0.296875,
0.3125,0.3203125,0.328125,0.33203125,0.3359375,0.34375,0.3515625,0.359375,
0.375,0.390625,0.3984375,0.40625,0.4140625,0.41796875,0.421875,0.4296875,
0.4375,0.453125,0.46875,0.4765625,0.484375,0.4921875,0.49609375,0.5,0.50390625,
0.5078125,0.515625,0.5234375,0.53125,0.546875,0.5625,0.5703125,0.578125,
0.58203125,0.5859375,0.59375,0.6015625,0.609375,0.625,0.640625,0.6484375,
0.65625,0.6640625,0.66796875,0.671875,0.6796875,0.6875,0.703125,0.71875,
0.7265625,0.734375,0.7421875,0.74609375,0.75,0.75390625,0.7578125,0.765625,
0.7734375,0.78125,0.796875,0.8125,0.8203125,0.828125,0.83203125,0.8359375,
0.84375,0.8515625,0.859375,0.875,0.890625,0.8984375,0.90625,0.9140625,0.91796875,
0.921875,0.9296875,0.9375,0.953125,0.96875,0.9765625,0.984375,0.9921875,
0.99609375,1.),.UNSPECIFIED.);
#280=B_SPLINE_CURVE_WITH_KNOTS('',3,(#10292,#10293,#10294,#10295,#10296,
#10297,#10298,#10299,#10300,#10301,#10302,#10303,#10304,#10305,#10306,#10307,
#10308,#10309,#10310,#10311,#10312,#10313,#10314,#10315,#10316,#10317,#10318,
#10319,#10320,#10321,#10322,#10323,#10324,#10325,#10326,#10327,#10328,#10329,
#10330,#10331,#10332,#10333,#10334,#10335,#10336,#10337,#10338,#10339,#10340,
#10341,#10342,#10343,#10344,#10345,#10346,#10347,#10348,#10349,#10350,#10351,
#10352,#10353,#10354,#10355,#10356,#10357,#10358,#10359,#10360,#10361,#10362,
#10363,#10364,#10365,#10366,#10367,#10368,#10369,#10370,#10371,#10372,#10373,
#10374,#10375,#10376,#10377,#10378,#10379,#10380,#10381,#10382,#10383,#10384,
#10385,#10386,#10387,#10388,#10389,#10390,#10391,#10392,#10393,#10394,#10395,
#10396,#10397,#10398,#10399,#10400,#10401,#10402,#10403,#10404,#10405,#10406,
#10407,#10408,#10409,#10410,#10411,#10412,#10413,#10414),.UNSPECIFIED.,
 .T.,.F.,(4,1,1,1,1,1,1,1,1,1,1,1,1,1,1,1,1,1,1,1,1,1,1,1,1,1,1,1,1,1,1,
1,1,1,1,1,1,1,1,1,1,1,1,1,1,1,1,1,1,1,1,1,1,1,1,1,1,1,1,1,1,1,1,1,1,1,1,
1,1,1,1,1,1,1,1,1,1,1,1,1,1,1,1,1,1,1,1,1,1,1,1,1,1,1,1,1,1,1,1,1,1,1,1,
1,1,1,1,1,1,1,1,1,1,1,1,1,1,1,1,1,4),(0.,0.00390625,0.0078125,0.015625,
0.0234375,0.03125,0.046875,0.0625,0.0703125,0.078125,0.08203125,0.0859375,
0.09375,0.1015625,0.109375,0.125,0.140625,0.1484375,0.15625,0.1640625,0.16796875,
0.171875,0.1796875,0.1875,0.203125,0.21875,0.2265625,0.234375,0.2421875,
0.24609375,0.25,0.25390625,0.2578125,0.265625,0.2734375,0.28125,0.296875,
0.3125,0.3203125,0.328125,0.33203125,0.3359375,0.34375,0.3515625,0.359375,
0.375,0.390625,0.3984375,0.40625,0.4140625,0.41796875,0.421875,0.4296875,
0.4375,0.453125,0.46875,0.4765625,0.484375,0.4921875,0.49609375,0.5,0.50390625,
0.5078125,0.515625,0.5234375,0.53125,0.546875,0.5625,0.5703125,0.578125,
0.58203125,0.5859375,0.59375,0.6015625,0.609375,0.625,0.640625,0.6484375,
0.65625,0.6640625,0.66796875,0.671875,0.6796875,0.6875,0.703125,0.71875,
0.7265625,0.734375,0.7421875,0.74609375,0.75,0.75390625,0.7578125,0.765625,
0.7734375,0.78125,0.796875,0.8125,0.8203125,0.828125,0.83203125,0.8359375,
0.84375,0.8515625,0.859375,0.875,0.890625,0.8984375,0.90625,0.9140625,0.91796875,
0.921875,0.9296875,0.9375,0.953125,0.96875,0.9765625,0.984375,0.9921875,
0.99609375,1.),.UNSPECIFIED.);
#281=FACE_OUTER_BOUND('',#555,.T.);
#282=FACE_OUTER_BOUND('',#556,.T.);
#283=FACE_OUTER_BOUND('',#557,.T.);
#284=FACE_OUTER_BOUND('',#558,.T.);
#285=FACE_OUTER_BOUND('',#559,.T.);
#286=FACE_OUTER_BOUND('',#560,.T.);
#287=FACE_OUTER_BOUND('',#561,.T.);
#288=FACE_OUTER_BOUND('',#562,.T.);
#289=FACE_OUTER_BOUND('',#563,.T.);
#290=FACE_OUTER_BOUND('',#564,.T.);
#291=FACE_OUTER_BOUND('',#565,.T.);
#292=FACE_OUTER_BOUND('',#566,.T.);
#293=FACE_OUTER_BOUND('',#574,.T.);
#294=FACE_OUTER_BOUND('',#576,.T.);
#295=FACE_OUTER_BOUND('',#577,.T.);
#296=FACE_OUTER_BOUND('',#579,.T.);
#297=FACE_OUTER_BOUND('',#580,.T.);
#298=FACE_OUTER_BOUND('',#582,.T.);
#299=FACE_OUTER_BOUND('',#583,.T.);
#300=FACE_OUTER_BOUND('',#585,.T.);
#301=FACE_OUTER_BOUND('',#586,.T.);
#302=FACE_OUTER_BOUND('',#588,.T.);
#303=FACE_OUTER_BOUND('',#589,.T.);
#304=FACE_OUTER_BOUND('',#591,.T.);
#305=FACE_OUTER_BOUND('',#592,.T.);
#306=FACE_OUTER_BOUND('',#593,.T.);
#307=FACE_OUTER_BOUND('',#594,.T.);
#308=FACE_OUTER_BOUND('',#596,.T.);
#309=FACE_OUTER_BOUND('',#597,.T.);
#310=FACE_OUTER_BOUND('',#598,.T.);
#311=FACE_OUTER_BOUND('',#599,.T.);
#312=FACE_OUTER_BOUND('',#600,.T.);
#313=FACE_OUTER_BOUND('',#601,.T.);
#314=FACE_OUTER_BOUND('',#602,.T.);
#315=FACE_OUTER_BOUND('',#603,.T.);
#316=FACE_OUTER_BOUND('',#604,.T.);
#317=FACE_OUTER_BOUND('',#605,.T.);
#318=FACE_OUTER_BOUND('',#606,.T.);
#319=FACE_OUTER_BOUND('',#607,.T.);
#320=FACE_OUTER_BOUND('',#608,.T.);
#321=FACE_OUTER_BOUND('',#609,.T.);
#322=FACE_OUTER_BOUND('',#610,.T.);
#323=FACE_OUTER_BOUND('',#611,.T.);
#324=FACE_OUTER_BOUND('',#612,.T.);
#325=FACE_OUTER_BOUND('',#613,.T.);
#326=FACE_OUTER_BOUND('',#614,.T.);
#327=FACE_OUTER_BOUND('',#615,.T.);
#328=FACE_OUTER_BOUND('',#616,.T.);
#329=FACE_OUTER_BOUND('',#617,.T.);
#330=FACE_OUTER_BOUND('',#618,.T.);
#331=FACE_OUTER_BOUND('',#619,.T.);
#332=FACE_OUTER_BOUND('',#620,.T.);
#333=FACE_OUTER_BOUND('',#621,.T.);
#334=FACE_OUTER_BOUND('',#622,.T.);
#335=FACE_OUTER_BOUND('',#623,.T.);
#336=FACE_OUTER_BOUND('',#624,.T.);
#337=FACE_OUTER_BOUND('',#625,.T.);
#338=FACE_OUTER_BOUND('',#626,.T.);
#339=FACE_OUTER_BOUND('',#627,.T.);
#340=FACE_OUTER_BOUND('',#628,.T.);
#341=FACE_OUTER_BOUND('',#629,.T.);
#342=FACE_OUTER_BOUND('',#630,.T.);
#343=FACE_OUTER_BOUND('',#631,.T.);
#344=FACE_OUTER_BOUND('',#632,.T.);
#345=FACE_OUTER_BOUND('',#633,.T.);
#346=FACE_OUTER_BOUND('',#634,.T.);
#347=FACE_OUTER_BOUND('',#635,.T.);
#348=FACE_OUTER_BOUND('',#636,.T.);
#349=FACE_OUTER_BOUND('',#637,.T.);
#350=FACE_OUTER_BOUND('',#638,.T.);
#351=FACE_OUTER_BOUND('',#639,.T.);
#352=FACE_OUTER_BOUND('',#640,.T.);
#353=FACE_OUTER_BOUND('',#641,.T.);
#354=FACE_OUTER_BOUND('',#642,.T.);
#355=FACE_OUTER_BOUND('',#643,.T.);
#356=FACE_OUTER_BOUND('',#644,.T.);
#357=FACE_OUTER_BOUND('',#645,.T.);
#358=FACE_OUTER_BOUND('',#646,.T.);
#359=FACE_OUTER_BOUND('',#647,.T.);
#360=FACE_OUTER_BOUND('',#648,.T.);
#361=FACE_OUTER_BOUND('',#649,.T.);
#362=FACE_OUTER_BOUND('',#650,.T.);
#363=FACE_OUTER_BOUND('',#652,.T.);
#364=FACE_OUTER_BOUND('',#654,.T.);
#365=FACE_OUTER_BOUND('',#655,.T.);
#366=FACE_OUTER_BOUND('',#656,.T.);
#367=FACE_OUTER_BOUND('',#657,.T.);
#368=FACE_OUTER_BOUND('',#658,.T.);
#369=FACE_OUTER_BOUND('',#659,.T.);
#370=FACE_OUTER_BOUND('',#660,.T.);
#371=FACE_OUTER_BOUND('',#661,.T.);
#372=FACE_OUTER_BOUND('',#662,.T.);
#373=FACE_OUTER_BOUND('',#663,.T.);
#374=FACE_OUTER_BOUND('',#664,.T.);
#375=FACE_OUTER_BOUND('',#665,.T.);
#376=FACE_OUTER_BOUND('',#666,.T.);
#377=FACE_OUTER_BOUND('',#667,.T.);
#378=FACE_OUTER_BOUND('',#668,.T.);
#379=FACE_OUTER_BOUND('',#669,.T.);
#380=FACE_OUTER_BOUND('',#670,.T.);
#381=FACE_OUTER_BOUND('',#671,.T.);
#382=FACE_OUTER_BOUND('',#672,.T.);
#383=FACE_OUTER_BOUND('',#673,.T.);
#384=FACE_OUTER_BOUND('',#674,.T.);
#385=FACE_OUTER_BOUND('',#675,.T.);
#386=FACE_OUTER_BOUND('',#676,.T.);
#387=FACE_OUTER_BOUND('',#677,.T.);
#388=FACE_OUTER_BOUND('',#678,.T.);
#389=FACE_OUTER_BOUND('',#679,.T.);
#390=FACE_OUTER_BOUND('',#680,.T.);
#391=FACE_OUTER_BOUND('',#681,.T.);
#392=FACE_OUTER_BOUND('',#682,.T.);
#393=FACE_OUTER_BOUND('',#683,.T.);
#394=FACE_OUTER_BOUND('',#684,.T.);
#395=FACE_OUTER_BOUND('',#685,.T.);
#396=FACE_OUTER_BOUND('',#686,.T.);
#397=FACE_OUTER_BOUND('',#687,.T.);
#398=FACE_OUTER_BOUND('',#688,.T.);
#399=FACE_OUTER_BOUND('',#689,.T.);
#400=FACE_OUTER_BOUND('',#690,.T.);
#401=FACE_OUTER_BOUND('',#701,.T.);
#402=FACE_OUTER_BOUND('',#703,.T.);
#403=FACE_OUTER_BOUND('',#709,.T.);
#404=FACE_OUTER_BOUND('',#710,.T.);
#405=FACE_OUTER_BOUND('',#711,.T.);
#406=FACE_OUTER_BOUND('',#712,.T.);
#407=FACE_OUTER_BOUND('',#713,.T.);
#408=FACE_OUTER_BOUND('',#714,.T.);
#409=FACE_OUTER_BOUND('',#715,.T.);
#410=FACE_OUTER_BOUND('',#716,.T.);
#411=FACE_OUTER_BOUND('',#717,.T.);
#412=FACE_OUTER_BOUND('',#718,.T.);
#413=FACE_OUTER_BOUND('',#719,.T.);
#414=FACE_OUTER_BOUND('',#720,.T.);
#415=FACE_OUTER_BOUND('',#721,.T.);
#416=FACE_OUTER_BOUND('',#722,.T.);
#417=FACE_OUTER_BOUND('',#723,.T.);
#418=FACE_OUTER_BOUND('',#724,.T.);
#419=FACE_OUTER_BOUND('',#725,.T.);
#420=FACE_OUTER_BOUND('',#726,.T.);
#421=FACE_OUTER_BOUND('',#727,.T.);
#422=FACE_OUTER_BOUND('',#728,.T.);
#423=FACE_OUTER_BOUND('',#729,.T.);
#424=FACE_OUTER_BOUND('',#730,.T.);
#425=FACE_OUTER_BOUND('',#731,.T.);
#426=FACE_OUTER_BOUND('',#732,.T.);
#427=FACE_OUTER_BOUND('',#733,.T.);
#428=FACE_OUTER_BOUND('',#734,.T.);
#429=FACE_OUTER_BOUND('',#735,.T.);
#430=FACE_OUTER_BOUND('',#737,.T.);
#431=FACE_OUTER_BOUND('',#738,.T.);
#432=FACE_OUTER_BOUND('',#739,.T.);
#433=FACE_OUTER_BOUND('',#740,.T.);
#434=FACE_OUTER_BOUND('',#742,.T.);
#435=FACE_OUTER_BOUND('',#743,.T.);
#436=FACE_OUTER_BOUND('',#744,.T.);
#437=FACE_OUTER_BOUND('',#745,.T.);
#438=FACE_OUTER_BOUND('',#747,.T.);
#439=FACE_OUTER_BOUND('',#748,.T.);
#440=FACE_OUTER_BOUND('',#749,.T.);
#441=FACE_OUTER_BOUND('',#750,.T.);
#442=FACE_OUTER_BOUND('',#752,.T.);
#443=FACE_OUTER_BOUND('',#753,.T.);
#444=FACE_OUTER_BOUND('',#754,.T.);
#445=FACE_OUTER_BOUND('',#755,.T.);
#446=FACE_OUTER_BOUND('',#757,.T.);
#447=FACE_OUTER_BOUND('',#758,.T.);
#448=FACE_OUTER_BOUND('',#759,.T.);
#449=FACE_OUTER_BOUND('',#760,.T.);
#450=FACE_OUTER_BOUND('',#761,.T.);
#451=FACE_OUTER_BOUND('',#762,.T.);
#452=FACE_OUTER_BOUND('',#763,.T.);
#453=FACE_OUTER_BOUND('',#764,.T.);
#454=FACE_OUTER_BOUND('',#765,.T.);
#455=FACE_OUTER_BOUND('',#766,.T.);
#456=FACE_OUTER_BOUND('',#767,.T.);
#457=FACE_OUTER_BOUND('',#768,.T.);
#458=FACE_OUTER_BOUND('',#769,.T.);
#459=FACE_OUTER_BOUND('',#770,.T.);
#460=FACE_OUTER_BOUND('',#771,.T.);
#461=FACE_OUTER_BOUND('',#772,.T.);
#462=FACE_OUTER_BOUND('',#773,.T.);
#463=FACE_OUTER_BOUND('',#774,.T.);
#464=FACE_OUTER_BOUND('',#775,.T.);
#465=FACE_OUTER_BOUND('',#776,.T.);
#466=FACE_OUTER_BOUND('',#777,.T.);
#467=FACE_OUTER_BOUND('',#778,.T.);
#468=FACE_OUTER_BOUND('',#779,.T.);
#469=FACE_OUTER_BOUND('',#780,.T.);
#470=FACE_OUTER_BOUND('',#781,.T.);
#471=FACE_OUTER_BOUND('',#782,.T.);
#472=FACE_OUTER_BOUND('',#783,.T.);
#473=FACE_OUTER_BOUND('',#784,.T.);
#474=FACE_OUTER_BOUND('',#785,.T.);
#475=FACE_OUTER_BOUND('',#786,.T.);
#476=FACE_OUTER_BOUND('',#787,.T.);
#477=FACE_OUTER_BOUND('',#788,.T.);
#478=FACE_OUTER_BOUND('',#789,.T.);
#479=FACE_OUTER_BOUND('',#790,.T.);
#480=FACE_OUTER_BOUND('',#791,.T.);
#481=FACE_OUTER_BOUND('',#792,.T.);
#482=FACE_OUTER_BOUND('',#793,.T.);
#483=FACE_OUTER_BOUND('',#794,.T.);
#484=FACE_OUTER_BOUND('',#795,.T.);
#485=FACE_OUTER_BOUND('',#796,.T.);
#486=FACE_OUTER_BOUND('',#797,.T.);
#487=FACE_OUTER_BOUND('',#798,.T.);
#488=FACE_OUTER_BOUND('',#799,.T.);
#489=FACE_OUTER_BOUND('',#800,.T.);
#490=FACE_OUTER_BOUND('',#801,.T.);
#491=FACE_OUTER_BOUND('',#802,.T.);
#492=FACE_OUTER_BOUND('',#803,.T.);
#493=FACE_OUTER_BOUND('',#804,.T.);
#494=FACE_OUTER_BOUND('',#805,.T.);
#495=FACE_OUTER_BOUND('',#806,.T.);
#496=FACE_OUTER_BOUND('',#807,.T.);
#497=FACE_OUTER_BOUND('',#808,.T.);
#498=FACE_OUTER_BOUND('',#809,.T.);
#499=FACE_OUTER_BOUND('',#810,.T.);
#500=FACE_OUTER_BOUND('',#811,.T.);
#501=FACE_OUTER_BOUND('',#812,.T.);
#502=FACE_OUTER_BOUND('',#813,.T.);
#503=FACE_OUTER_BOUND('',#814,.T.);
#504=FACE_OUTER_BOUND('',#815,.T.);
#505=FACE_OUTER_BOUND('',#816,.T.);
#506=FACE_OUTER_BOUND('',#817,.T.);
#507=FACE_OUTER_BOUND('',#818,.T.);
#508=FACE_OUTER_BOUND('',#819,.T.);
#509=FACE_OUTER_BOUND('',#820,.T.);
#510=FACE_OUTER_BOUND('',#821,.T.);
#511=FACE_OUTER_BOUND('',#822,.T.);
#512=FACE_OUTER_BOUND('',#823,.T.);
#513=FACE_OUTER_BOUND('',#824,.T.);
#514=FACE_OUTER_BOUND('',#825,.T.);
#515=FACE_OUTER_BOUND('',#826,.T.);
#516=FACE_OUTER_BOUND('',#827,.T.);
#517=FACE_OUTER_BOUND('',#828,.T.);
#518=FACE_OUTER_BOUND('',#829,.T.);
#519=FACE_OUTER_BOUND('',#830,.T.);
#520=FACE_OUTER_BOUND('',#831,.T.);
#521=FACE_OUTER_BOUND('',#832,.T.);
#522=FACE_OUTER_BOUND('',#833,.T.);
#523=FACE_OUTER_BOUND('',#834,.T.);
#524=FACE_OUTER_BOUND('',#835,.T.);
#525=FACE_OUTER_BOUND('',#836,.T.);
#526=FACE_OUTER_BOUND('',#837,.T.);
#527=FACE_OUTER_BOUND('',#838,.T.);
#528=FACE_OUTER_BOUND('',#839,.T.);
#529=FACE_OUTER_BOUND('',#840,.T.);
#530=FACE_OUTER_BOUND('',#842,.T.);
#531=FACE_OUTER_BOUND('',#843,.T.);
#532=FACE_OUTER_BOUND('',#844,.T.);
#533=FACE_OUTER_BOUND('',#845,.T.);
#534=FACE_OUTER_BOUND('',#846,.T.);
#535=FACE_OUTER_BOUND('',#847,.T.);
#536=FACE_OUTER_BOUND('',#848,.T.);
#537=FACE_OUTER_BOUND('',#849,.T.);
#538=FACE_OUTER_BOUND('',#850,.T.);
#539=FACE_OUTER_BOUND('',#851,.T.);
#540=FACE_OUTER_BOUND('',#852,.T.);
#541=FACE_OUTER_BOUND('',#853,.T.);
#542=FACE_OUTER_BOUND('',#854,.T.);
#543=FACE_OUTER_BOUND('',#855,.T.);
#544=FACE_OUTER_BOUND('',#856,.T.);
#545=FACE_OUTER_BOUND('',#857,.T.);
#546=FACE_OUTER_BOUND('',#858,.T.);
#547=FACE_OUTER_BOUND('',#859,.T.);
#548=FACE_OUTER_BOUND('',#860,.T.);
#549=FACE_OUTER_BOUND('',#861,.T.);
#550=FACE_OUTER_BOUND('',#862,.T.);
#551=FACE_OUTER_BOUND('',#863,.T.);
#552=FACE_OUTER_BOUND('',#864,.T.);
#553=FACE_OUTER_BOUND('',#865,.T.);
#554=FACE_OUTER_BOUND('',#866,.T.);
#555=EDGE_LOOP('',(#3091,#3092,#3093,#3094,#3095,#3096,#3097,#3098));
#556=EDGE_LOOP('',(#3099,#3100,#3101,#3102,#3103,#3104,#3105,#3106,#3107,
#3108,#3109,#3110,#3111,#3112,#3113,#3114,#3115,#3116,#3117,#3118));
#557=EDGE_LOOP('',(#3119,#3120,#3121,#3122,#3123,#3124,#3125,#3126,#3127,
#3128,#3129,#3130,#3131,#3132,#3133,#3134,#3135,#3136,#3137,#3138));
#558=EDGE_LOOP('',(#3139,#3140,#3141,#3142));
#559=EDGE_LOOP('',(#3143,#3144,#3145,#3146));
#560=EDGE_LOOP('',(#3147,#3148,#3149,#3150));
#561=EDGE_LOOP('',(#3151,#3152,#3153,#3154));
#562=EDGE_LOOP('',(#3155,#3156,#3157,#3158));
#563=EDGE_LOOP('',(#3159,#3160,#3161,#3162));
#564=EDGE_LOOP('',(#3163,#3164,#3165,#3166));
#565=EDGE_LOOP('',(#3167,#3168,#3169,#3170));
#566=EDGE_LOOP('',(#3171,#3172,#3173,#3174,#3175,#3176,#3177,#3178));
#567=EDGE_LOOP('',(#3179));
#568=EDGE_LOOP('',(#3180));
#569=EDGE_LOOP('',(#3181));
#570=EDGE_LOOP('',(#3182));
#571=EDGE_LOOP('',(#3183));
#572=EDGE_LOOP('',(#3184));
#573=EDGE_LOOP('',(#3185));
#574=EDGE_LOOP('',(#3186));
#575=EDGE_LOOP('',(#3187));
#576=EDGE_LOOP('',(#3188,#3189,#3190,#3191));
#577=EDGE_LOOP('',(#3192));
#578=EDGE_LOOP('',(#3193));
#579=EDGE_LOOP('',(#3194,#3195,#3196,#3197));
#580=EDGE_LOOP('',(#3198));
#581=EDGE_LOOP('',(#3199));
#582=EDGE_LOOP('',(#3200,#3201,#3202,#3203));
#583=EDGE_LOOP('',(#3204));
#584=EDGE_LOOP('',(#3205));
#585=EDGE_LOOP('',(#3206,#3207,#3208,#3209));
#586=EDGE_LOOP('',(#3210));
#587=EDGE_LOOP('',(#3211));
#588=EDGE_LOOP('',(#3212,#3213,#3214,#3215));
#589=EDGE_LOOP('',(#3216));
#590=EDGE_LOOP('',(#3217));
#591=EDGE_LOOP('',(#3218,#3219,#3220,#3221));
#592=EDGE_LOOP('',(#3222,#3223,#3224,#3225));
#593=EDGE_LOOP('',(#3226));
#594=EDGE_LOOP('',(#3227));
#595=EDGE_LOOP('',(#3228));
#596=EDGE_LOOP('',(#3229,#3230,#3231,#3232));
#597=EDGE_LOOP('',(#3233,#3234,#3235,#3236));
#598=EDGE_LOOP('',(#3237));
#599=EDGE_LOOP('',(#3238,#3239,#3240,#3241));
#600=EDGE_LOOP('',(#3242));
#601=EDGE_LOOP('',(#3243,#3244,#3245,#3246));
#602=EDGE_LOOP('',(#3247));
#603=EDGE_LOOP('',(#3248,#3249,#3250,#3251));
#604=EDGE_LOOP('',(#3252));
#605=EDGE_LOOP('',(#3253,#3254,#3255,#3256));
#606=EDGE_LOOP('',(#3257));
#607=EDGE_LOOP('',(#3258,#3259,#3260,#3261));
#608=EDGE_LOOP('',(#3262));
#609=EDGE_LOOP('',(#3263,#3264,#3265,#3266));
#610=EDGE_LOOP('',(#3267,#3268,#3269,#3270));
#611=EDGE_LOOP('',(#3271,#3272,#3273,#3274));
#612=EDGE_LOOP('',(#3275,#3276,#3277,#3278));
#613=EDGE_LOOP('',(#3279,#3280,#3281,#3282));
#614=EDGE_LOOP('',(#3283,#3284,#3285,#3286));
#615=EDGE_LOOP('',(#3287,#3288,#3289,#3290));
#616=EDGE_LOOP('',(#3291,#3292,#3293,#3294,#3295,#3296,#3297,#3298));
#617=EDGE_LOOP('',(#3299,#3300,#3301,#3302,#3303,#3304,#3305,#3306));
#618=EDGE_LOOP('',(#3307,#3308,#3309,#3310));
#619=EDGE_LOOP('',(#3311,#3312,#3313,#3314));
#620=EDGE_LOOP('',(#3315,#3316,#3317,#3318));
#621=EDGE_LOOP('',(#3319,#3320,#3321,#3322));
#622=EDGE_LOOP('',(#3323,#3324,#3325,#3326));
#623=EDGE_LOOP('',(#3327,#3328,#3329,#3330));
#624=EDGE_LOOP('',(#3331,#3332,#3333,#3334));
#625=EDGE_LOOP('',(#3335,#3336,#3337,#3338));
#626=EDGE_LOOP('',(#3339,#3340,#3341,#3342));
#627=EDGE_LOOP('',(#3343,#3344,#3345,#3346));
#628=EDGE_LOOP('',(#3347,#3348,#3349,#3350));
#629=EDGE_LOOP('',(#3351,#3352,#3353,#3354));
#630=EDGE_LOOP('',(#3355,#3356,#3357,#3358));
#631=EDGE_LOOP('',(#3359,#3360,#3361,#3362));
#632=EDGE_LOOP('',(#3363,#3364,#3365,#3366));
#633=EDGE_LOOP('',(#3367,#3368,#3369,#3370));
#634=EDGE_LOOP('',(#3371,#3372,#3373,#3374));
#635=EDGE_LOOP('',(#3375,#3376,#3377,#3378,#3379,#3380));
#636=EDGE_LOOP('',(#3381,#3382,#3383,#3384,#3385,#3386));
#637=EDGE_LOOP('',(#3387,#3388,#3389,#3390));
#638=EDGE_LOOP('',(#3391,#3392,#3393,#3394));
#639=EDGE_LOOP('',(#3395,#3396,#3397,#3398));
#640=EDGE_LOOP('',(#3399,#3400,#3401,#3402));
#641=EDGE_LOOP('',(#3403,#3404,#3405,#3406));
#642=EDGE_LOOP('',(#3407,#3408,#3409,#3410));
#643=EDGE_LOOP('',(#3411,#3412,#3413,#3414));
#644=EDGE_LOOP('',(#3415,#3416,#3417,#3418));
#645=EDGE_LOOP('',(#3419,#3420,#3421,#3422));
#646=EDGE_LOOP('',(#3423,#3424,#3425,#3426));
#647=EDGE_LOOP('',(#3427,#3428,#3429,#3430));
#648=EDGE_LOOP('',(#3431,#3432,#3433,#3434));
#649=EDGE_LOOP('',(#3435,#3436,#3437,#3438,#3439,#3440,#3441,#3442,#3443,
#3444,#3445,#3446));
#650=EDGE_LOOP('',(#3447));
#651=EDGE_LOOP('',(#3448,#3449,#3450,#3451,#3452,#3453,#3454,#3455,#3456,
#3457,#3458,#3459));
#652=EDGE_LOOP('',(#3460,#3461));
#653=EDGE_LOOP('',(#3462,#3463,#3464,#3465,#3466,#3467,#3468,#3469,#3470,
#3471,#3472,#3473));
#654=EDGE_LOOP('',(#3474,#3475,#3476,#3477,#3478));
#655=EDGE_LOOP('',(#3479,#3480,#3481,#3482,#3483,#3484,#3485,#3486,#3487,
#3488,#3489,#3490));
#656=EDGE_LOOP('',(#3491,#3492,#3493,#3494));
#657=EDGE_LOOP('',(#3495,#3496,#3497,#3498));
#658=EDGE_LOOP('',(#3499,#3500,#3501,#3502));
#659=EDGE_LOOP('',(#3503,#3504,#3505,#3506));
#660=EDGE_LOOP('',(#3507,#3508,#3509,#3510));
#661=EDGE_LOOP('',(#3511,#3512,#3513,#3514));
#662=EDGE_LOOP('',(#3515,#3516,#3517,#3518));
#663=EDGE_LOOP('',(#3519,#3520,#3521,#3522));
#664=EDGE_LOOP('',(#3523,#3524,#3525,#3526));
#665=EDGE_LOOP('',(#3527,#3528,#3529,#3530));
#666=EDGE_LOOP('',(#3531,#3532,#3533,#3534));
#667=EDGE_LOOP('',(#3535,#3536,#3537,#3538));
#668=EDGE_LOOP('',(#3539,#3540,#3541,#3542));
#669=EDGE_LOOP('',(#3543,#3544,#3545,#3546));
#670=EDGE_LOOP('',(#3547,#3548,#3549,#3550));
#671=EDGE_LOOP('',(#3551,#3552,#3553,#3554));
#672=EDGE_LOOP('',(#3555,#3556,#3557,#3558));
#673=EDGE_LOOP('',(#3559,#3560,#3561,#3562));
#674=EDGE_LOOP('',(#3563,#3564,#3565,#3566));
#675=EDGE_LOOP('',(#3567,#3568,#3569,#3570));
#676=EDGE_LOOP('',(#3571,#3572,#3573,#3574));
#677=EDGE_LOOP('',(#3575,#3576,#3577,#3578));
#678=EDGE_LOOP('',(#3579,#3580,#3581,#3582));
#679=EDGE_LOOP('',(#3583,#3584,#3585,#3586));
#680=EDGE_LOOP('',(#3587,#3588,#3589,#3590));
#681=EDGE_LOOP('',(#3591,#3592,#3593,#3594));
#682=EDGE_LOOP('',(#3595,#3596,#3597,#3598));
#683=EDGE_LOOP('',(#3599,#3600,#3601,#3602,#3603,#3604,#3605,#3606,#3607,
#3608,#3609,#3610,#3611,#3612,#3613,#3614,#3615,#3616,#3617,#3618));
#684=EDGE_LOOP('',(#3619,#3620,#3621,#3622));
#685=EDGE_LOOP('',(#3623,#3624,#3625,#3626,#3627,#3628,#3629,#3630));
#686=EDGE_LOOP('',(#3631,#3632,#3633,#3634));
#687=EDGE_LOOP('',(#3635,#3636,#3637,#3638));
#688=EDGE_LOOP('',(#3639,#3640,#3641,#3642));
#689=EDGE_LOOP('',(#3643,#3644,#3645,#3646));
#690=EDGE_LOOP('',(#3647,#3648,#3649,#3650,#3651,#3652,#3653,#3654,#3655,
#3656,#3657,#3658,#3659,#3660,#3661,#3662));
#691=EDGE_LOOP('',(#3663));
#692=EDGE_LOOP('',(#3664));
#693=EDGE_LOOP('',(#3665));
#694=EDGE_LOOP('',(#3666));
#695=EDGE_LOOP('',(#3667));
#696=EDGE_LOOP('',(#3668,#3669,#3670,#3671,#3672,#3673,#3674,#3675,#3676,
#3677,#3678,#3679,#3680,#3681,#3682,#3683,#3684));
#697=EDGE_LOOP('',(#3685,#3686,#3687,#3688,#3689,#3690,#3691,#3692,#3693,
#3694,#3695,#3696,#3697,#3698,#3699,#3700,#3701));
#698=EDGE_LOOP('',(#3702,#3703,#3704,#3705,#3706,#3707,#3708,#3709,#3710,
#3711,#3712,#3713,#3714,#3715,#3716,#3717,#3718));
#699=EDGE_LOOP('',(#3719,#3720,#3721,#3722,#3723,#3724,#3725,#3726,#3727,
#3728,#3729,#3730,#3731,#3732,#3733,#3734,#3735));
#700=EDGE_LOOP('',(#3736));
#701=EDGE_LOOP('',(#3737));
#702=EDGE_LOOP('',(#3738,#3739,#3740,#3741,#3742,#3743,#3744,#3745,#3746,
#3747,#3748,#3749));
#703=EDGE_LOOP('',(#3750,#3751,#3752,#3753,#3754,#3755,#3756,#3757,#3758,
#3759));
#704=EDGE_LOOP('',(#3760,#3761,#3762,#3763,#3764,#3765,#3766,#3767,#3768,
#3769,#3770,#3771));
#705=EDGE_LOOP('',(#3772));
#706=EDGE_LOOP('',(#3773));
#707=EDGE_LOOP('',(#3774));
#708=EDGE_LOOP('',(#3775));
#709=EDGE_LOOP('',(#3776,#3777,#3778,#3779));
#710=EDGE_LOOP('',(#3780,#3781,#3782,#3783));
#711=EDGE_LOOP('',(#3784,#3785,#3786,#3787));
#712=EDGE_LOOP('',(#3788,#3789,#3790,#3791));
#713=EDGE_LOOP('',(#3792,#3793,#3794,#3795));
#714=EDGE_LOOP('',(#3796,#3797,#3798,#3799));
#715=EDGE_LOOP('',(#3800,#3801,#3802,#3803));
#716=EDGE_LOOP('',(#3804,#3805,#3806,#3807));
#717=EDGE_LOOP('',(#3808,#3809,#3810,#3811));
#718=EDGE_LOOP('',(#3812,#3813,#3814,#3815));
#719=EDGE_LOOP('',(#3816,#3817,#3818,#3819));
#720=EDGE_LOOP('',(#3820,#3821,#3822,#3823));
#721=EDGE_LOOP('',(#3824,#3825,#3826,#3827));
#722=EDGE_LOOP('',(#3828,#3829,#3830,#3831));
#723=EDGE_LOOP('',(#3832,#3833,#3834,#3835));
#724=EDGE_LOOP('',(#3836,#3837,#3838,#3839));
#725=EDGE_LOOP('',(#3840,#3841,#3842,#3843));
#726=EDGE_LOOP('',(#3844,#3845,#3846,#3847));
#727=EDGE_LOOP('',(#3848,#3849,#3850,#3851));
#728=EDGE_LOOP('',(#3852,#3853,#3854,#3855));
#729=EDGE_LOOP('',(#3856,#3857,#3858,#3859));
#730=EDGE_LOOP('',(#3860,#3861,#3862,#3863));
#731=EDGE_LOOP('',(#3864,#3865,#3866,#3867));
#732=EDGE_LOOP('',(#3868,#3869,#3870,#3871));
#733=EDGE_LOOP('',(#3872,#3873,#3874,#3875));
#734=EDGE_LOOP('',(#3876,#3877,#3878,#3879));
#735=EDGE_LOOP('',(#3880));
#736=EDGE_LOOP('',(#3881));
#737=EDGE_LOOP('',(#3882));
#738=EDGE_LOOP('',(#3883,#3884,#3885,#3886));
#739=EDGE_LOOP('',(#3887,#3888,#3889,#3890));
#740=EDGE_LOOP('',(#3891));
#741=EDGE_LOOP('',(#3892));
#742=EDGE_LOOP('',(#3893));
#743=EDGE_LOOP('',(#3894,#3895,#3896,#3897));
#744=EDGE_LOOP('',(#3898,#3899,#3900,#3901));
#745=EDGE_LOOP('',(#3902));
#746=EDGE_LOOP('',(#3903));
#747=EDGE_LOOP('',(#3904));
#748=EDGE_LOOP('',(#3905,#3906,#3907,#3908));
#749=EDGE_LOOP('',(#3909,#3910,#3911,#3912));
#750=EDGE_LOOP('',(#3913));
#751=EDGE_LOOP('',(#3914));
#752=EDGE_LOOP('',(#3915));
#753=EDGE_LOOP('',(#3916,#3917,#3918,#3919));
#754=EDGE_LOOP('',(#3920,#3921,#3922,#3923));
#755=EDGE_LOOP('',(#3924));
#756=EDGE_LOOP('',(#3925));
#757=EDGE_LOOP('',(#3926));
#758=EDGE_LOOP('',(#3927,#3928,#3929,#3930,#3931,#3932,#3933,#3934,#3935,
#3936,#3937,#3938,#3939,#3940,#3941,#3942,#3943,#3944,#3945,#3946));
#759=EDGE_LOOP('',(#3947,#3948,#3949,#3950));
#760=EDGE_LOOP('',(#3951,#3952,#3953,#3954));
#761=EDGE_LOOP('',(#3955,#3956,#3957,#3958));
#762=EDGE_LOOP('',(#3959,#3960,#3961,#3962));
#763=EDGE_LOOP('',(#3963,#3964,#3965,#3966));
#764=EDGE_LOOP('',(#3967,#3968,#3969,#3970));
#765=EDGE_LOOP('',(#3971,#3972,#3973,#3974));
#766=EDGE_LOOP('',(#3975,#3976,#3977,#3978));
#767=EDGE_LOOP('',(#3979,#3980,#3981,#3982));
#768=EDGE_LOOP('',(#3983,#3984,#3985,#3986));
#769=EDGE_LOOP('',(#3987,#3988,#3989,#3990));
#770=EDGE_LOOP('',(#3991,#3992,#3993,#3994));
#771=EDGE_LOOP('',(#3995,#3996,#3997,#3998,#3999,#4000,#4001,#4002,#4003,
#4004,#4005,#4006,#4007,#4008,#4009,#4010,#4011,#4012,#4013,#4014));
#772=EDGE_LOOP('',(#4015,#4016,#4017,#4018,#4019,#4020,#4021,#4022,#4023,
#4024,#4025,#4026,#4027,#4028,#4029,#4030,#4031,#4032,#4033,#4034));
#773=EDGE_LOOP('',(#4035,#4036,#4037,#4038,#4039,#4040,#4041,#4042,#4043,
#4044,#4045,#4046,#4047,#4048,#4049,#4050,#4051,#4052,#4053,#4054));
#774=EDGE_LOOP('',(#4055,#4056,#4057,#4058));
#775=EDGE_LOOP('',(#4059,#4060,#4061,#4062));
#776=EDGE_LOOP('',(#4063,#4064,#4065,#4066));
#777=EDGE_LOOP('',(#4067,#4068,#4069,#4070));
#778=EDGE_LOOP('',(#4071,#4072,#4073,#4074));
#779=EDGE_LOOP('',(#4075,#4076,#4077,#4078));
#780=EDGE_LOOP('',(#4079,#4080,#4081,#4082));
#781=EDGE_LOOP('',(#4083,#4084,#4085,#4086));
#782=EDGE_LOOP('',(#4087,#4088,#4089,#4090));
#783=EDGE_LOOP('',(#4091,#4092,#4093,#4094));
#784=EDGE_LOOP('',(#4095,#4096,#4097,#4098));
#785=EDGE_LOOP('',(#4099,#4100,#4101,#4102));
#786=EDGE_LOOP('',(#4103,#4104,#4105,#4106));
#787=EDGE_LOOP('',(#4107,#4108,#4109,#4110));
#788=EDGE_LOOP('',(#4111,#4112,#4113,#4114));
#789=EDGE_LOOP('',(#4115,#4116,#4117,#4118));
#790=EDGE_LOOP('',(#4119,#4120,#4121,#4122));
#791=EDGE_LOOP('',(#4123,#4124,#4125,#4126));
#792=EDGE_LOOP('',(#4127,#4128,#4129,#4130));
#793=EDGE_LOOP('',(#4131,#4132,#4133,#4134));
#794=EDGE_LOOP('',(#4135,#4136,#4137,#4138));
#795=EDGE_LOOP('',(#4139,#4140,#4141,#4142));
#796=EDGE_LOOP('',(#4143,#4144,#4145,#4146));
#797=EDGE_LOOP('',(#4147,#4148,#4149,#4150));
#798=EDGE_LOOP('',(#4151,#4152,#4153,#4154));
#799=EDGE_LOOP('',(#4155,#4156,#4157,#4158));
#800=EDGE_LOOP('',(#4159,#4160,#4161,#4162));
#801=EDGE_LOOP('',(#4163,#4164,#4165,#4166));
#802=EDGE_LOOP('',(#4167,#4168,#4169,#4170));
#803=EDGE_LOOP('',(#4171,#4172,#4173,#4174));
#804=EDGE_LOOP('',(#4175,#4176,#4177,#4178));
#805=EDGE_LOOP('',(#4179,#4180,#4181,#4182));
#806=EDGE_LOOP('',(#4183,#4184,#4185,#4186));
#807=EDGE_LOOP('',(#4187,#4188,#4189,#4190));
#808=EDGE_LOOP('',(#4191,#4192,#4193,#4194));
#809=EDGE_LOOP('',(#4195,#4196,#4197,#4198));
#810=EDGE_LOOP('',(#4199,#4200,#4201,#4202));
#811=EDGE_LOOP('',(#4203,#4204,#4205,#4206));
#812=EDGE_LOOP('',(#4207,#4208,#4209,#4210));
#813=EDGE_LOOP('',(#4211,#4212,#4213,#4214));
#814=EDGE_LOOP('',(#4215,#4216,#4217,#4218));
#815=EDGE_LOOP('',(#4219,#4220,#4221,#4222));
#816=EDGE_LOOP('',(#4223,#4224,#4225,#4226));
#817=EDGE_LOOP('',(#4227,#4228,#4229,#4230));
#818=EDGE_LOOP('',(#4231,#4232,#4233,#4234));
#819=EDGE_LOOP('',(#4235,#4236,#4237,#4238));
#820=EDGE_LOOP('',(#4239,#4240,#4241,#4242));
#821=EDGE_LOOP('',(#4243,#4244,#4245,#4246));
#822=EDGE_LOOP('',(#4247,#4248,#4249,#4250));
#823=EDGE_LOOP('',(#4251,#4252,#4253,#4254));
#824=EDGE_LOOP('',(#4255,#4256,#4257,#4258));
#825=EDGE_LOOP('',(#4259,#4260,#4261,#4262));
#826=EDGE_LOOP('',(#4263,#4264,#4265,#4266));
#827=EDGE_LOOP('',(#4267,#4268,#4269,#4270));
#828=EDGE_LOOP('',(#4271,#4272,#4273,#4274));
#829=EDGE_LOOP('',(#4275,#4276,#4277,#4278));
#830=EDGE_LOOP('',(#4279,#4280,#4281,#4282));
#831=EDGE_LOOP('',(#4283,#4284,#4285,#4286));
#832=EDGE_LOOP('',(#4287,#4288,#4289,#4290));
#833=EDGE_LOOP('',(#4291,#4292,#4293,#4294));
#834=EDGE_LOOP('',(#4295,#4296,#4297,#4298));
#835=EDGE_LOOP('',(#4299,#4300,#4301,#4302));
#836=EDGE_LOOP('',(#4303,#4304,#4305,#4306));
#837=EDGE_LOOP('',(#4307,#4308,#4309,#4310));
#838=EDGE_LOOP('',(#4311,#4312,#4313,#4314));
#839=EDGE_LOOP('',(#4315,#4316,#4317,#4318));
#840=EDGE_LOOP('',(#4319));
#841=EDGE_LOOP('',(#4320));
#842=EDGE_LOOP('',(#4321,#4322,#4323,#4324));
#843=EDGE_LOOP('',(#4325,#4326,#4327,#4328));
#844=EDGE_LOOP('',(#4329,#4330,#4331,#4332,#4333,#4334));
#845=EDGE_LOOP('',(#4335,#4336,#4337,#4338,#4339,#4340));
#846=EDGE_LOOP('',(#4341,#4342,#4343,#4344,#4345,#4346,#4347,#4348,#4349,
#4350,#4351,#4352));
#847=EDGE_LOOP('',(#4353,#4354,#4355,#4356,#4357,#4358,#4359,#4360,#4361,
#4362,#4363,#4364,#4365,#4366,#4367,#4368,#4369,#4370,#4371,#4372,#4373));
#848=EDGE_LOOP('',(#4374,#4375,#4376,#4377,#4378,#4379,#4380,#4381,#4382,
#4383,#4384,#4385,#4386,#4387,#4388,#4389));
#849=EDGE_LOOP('',(#4390));
#850=EDGE_LOOP('',(#4391,#4392,#4393,#4394));
#851=EDGE_LOOP('',(#4395,#4396,#4397,#4398));
#852=EDGE_LOOP('',(#4399,#4400,#4401,#4402));
#853=EDGE_LOOP('',(#4403,#4404,#4405,#4406));
#854=EDGE_LOOP('',(#4407,#4408,#4409,#4410));
#855=EDGE_LOOP('',(#4411,#4412,#4413,#4414));
#856=EDGE_LOOP('',(#4415,#4416,#4417,#4418));
#857=EDGE_LOOP('',(#4419,#4420,#4421,#4422,#4423));
#858=EDGE_LOOP('',(#4424,#4425,#4426,#4427));
#859=EDGE_LOOP('',(#4428,#4429,#4430,#4431));
#860=EDGE_LOOP('',(#4432,#4433,#4434,#4435));
#861=EDGE_LOOP('',(#4436,#4437,#4438,#4439));
#862=EDGE_LOOP('',(#4440,#4441,#4442,#4443));
#863=EDGE_LOOP('',(#4444,#4445,#4446,#4447));
#864=EDGE_LOOP('',(#4448,#4449,#4450,#4451));
#865=EDGE_LOOP('',(#4452,#4453,#4454,#4455));
#866=EDGE_LOOP('',(#4456,#4457,#4458,#4459,#4460));
#867=LINE('',#6769,#1413);
#868=LINE('',#6771,#1414);
#869=LINE('',#6773,#1415);
#870=LINE('',#6775,#1416);
#871=LINE('',#6777,#1417);
#872=LINE('',#6779,#1418);
#873=LINE('',#6781,#1419);
#874=LINE('',#6782,#1420);
#875=LINE('',#6786,#1421);
#876=LINE('',#6788,#1422);
#877=LINE('',#6790,#1423);
#878=LINE('',#6792,#1424);
#879=LINE('',#6794,#1425);
#880=LINE('',#6796,#1426);
#881=LINE('',#6798,#1427);
#882=LINE('',#6800,#1428);
#883=LINE('',#6802,#1429);
#884=LINE('',#6804,#1430);
#885=LINE('',#6806,#1431);
#886=LINE('',#6808,#1432);
#887=LINE('',#6810,#1433);
#888=LINE('',#6812,#1434);
#889=LINE('',#6814,#1435);
#890=LINE('',#6816,#1436);
#891=LINE('',#6818,#1437);
#892=LINE('',#6820,#1438);
#893=LINE('',#6822,#1439);
#894=LINE('',#6823,#1440);
#895=LINE('',#6826,#1441);
#896=LINE('',#6828,#1442);
#897=LINE('',#6830,#1443);
#898=LINE('',#6832,#1444);
#899=LINE('',#6834,#1445);
#900=LINE('',#6836,#1446);
#901=LINE('',#6838,#1447);
#902=LINE('',#6840,#1448);
#903=LINE('',#6842,#1449);
#904=LINE('',#6844,#1450);
#905=LINE('',#6845,#1451);
#906=LINE('',#6847,#1452);
#907=LINE('',#6849,#1453);
#908=LINE('',#6851,#1454);
#909=LINE('',#6853,#1455);
#910=LINE('',#6855,#1456);
#911=LINE('',#6857,#1457);
#912=LINE('',#6858,#1458);
#913=LINE('',#6860,#1459);
#914=LINE('',#6861,#1460);
#915=LINE('',#6864,#1461);
#916=LINE('',#6866,#1462);
#917=LINE('',#6867,#1463);
#918=LINE('',#6870,#1464);
#919=LINE('',#6871,#1465);
#920=LINE('',#6874,#1466);
#921=LINE('',#6875,#1467);
#922=LINE('',#6878,#1468);
#923=LINE('',#6879,#1469);
#924=LINE('',#6881,#1470);
#925=LINE('',#6884,#1471);
#926=LINE('',#6885,#1472);
#927=LINE('',#6887,#1473);
#928=LINE('',#6891,#1474);
#929=LINE('',#6893,#1475);
#930=LINE('',#6895,#1476);
#931=LINE('',#6897,#1477);
#932=LINE('',#6899,#1478);
#933=LINE('',#6901,#1479);
#934=LINE('',#6903,#1480);
#935=LINE('',#6904,#1481);
#936=LINE('',#7097,#1482);
#937=LINE('',#7104,#1483);
#938=LINE('',#7111,#1484);
#939=LINE('',#7118,#1485);
#940=LINE('',#7125,#1486);
#941=LINE('',#7565,#1487);
#942=LINE('',#7740,#1488);
#943=LINE('',#8181,#1489);
#944=LINE('',#8356,#1490);
#945=LINE('',#8360,#1491);
#946=LINE('',#8365,#1492);
#947=LINE('',#8370,#1493);
#948=LINE('',#8375,#1494);
#949=LINE('',#8380,#1495);
#950=LINE('',#8384,#1496);
#951=LINE('',#8385,#1497);
#952=LINE('',#8387,#1498);
#953=LINE('',#8389,#1499);
#954=LINE('',#8391,#1500);
#955=LINE('',#8393,#1501);
#956=LINE('',#8395,#1502);
#957=LINE('',#8397,#1503);
#958=LINE('',#8400,#1504);
#959=LINE('',#8402,#1505);
#960=LINE('',#8403,#1506);
#961=LINE('',#8407,#1507);
#962=LINE('',#8409,#1508);
#963=LINE('',#8411,#1509);
#964=LINE('',#8413,#1510);
#965=LINE('',#8415,#1511);
#966=LINE('',#8417,#1512);
#967=LINE('',#8419,#1513);
#968=LINE('',#8420,#1514);
#969=LINE('',#8422,#1515);
#970=LINE('',#8423,#1516);
#971=LINE('',#8425,#1517);
#972=LINE('',#8427,#1518);
#973=LINE('',#8429,#1519);
#974=LINE('',#8431,#1520);
#975=LINE('',#8433,#1521);
#976=LINE('',#8435,#1522);
#977=LINE('',#8438,#1523);
#978=LINE('',#8439,#1524);
#979=LINE('',#8441,#1525);
#980=LINE('',#8443,#1526);
#981=LINE('',#8445,#1527);
#982=LINE('',#8447,#1528);
#983=LINE('',#8449,#1529);
#984=LINE('',#8451,#1530);
#985=LINE('',#8454,#1531);
#986=LINE('',#8455,#1532);
#987=LINE('',#8462,#1533);
#988=LINE('',#8464,#1534);
#989=LINE('',#8466,#1535);
#990=LINE('',#8467,#1536);
#991=LINE('',#8471,#1537);
#992=LINE('',#8472,#1538);
#993=LINE('',#8473,#1539);
#994=LINE('',#8476,#1540);
#995=LINE('',#8478,#1541);
#996=LINE('',#8479,#1542);
#997=LINE('',#8482,#1543);
#998=LINE('',#8484,#1544);
#999=LINE('',#8485,#1545);
#1000=LINE('',#8488,#1546);
#1001=LINE('',#8490,#1547);
#1002=LINE('',#8491,#1548);
#1003=LINE('',#8494,#1549);
#1004=LINE('',#8496,#1550);
#1005=LINE('',#8497,#1551);
#1006=LINE('',#8501,#1552);
#1007=LINE('',#8502,#1553);
#1008=LINE('',#8503,#1554);
#1009=LINE('',#8506,#1555);
#1010=LINE('',#8508,#1556);
#1011=LINE('',#8509,#1557);
#1012=LINE('',#8513,#1558);
#1013=LINE('',#8514,#1559);
#1014=LINE('',#8515,#1560);
#1015=LINE('',#8519,#1561);
#1016=LINE('',#8520,#1562);
#1017=LINE('',#8521,#1563);
#1018=LINE('',#8525,#1564);
#1019=LINE('',#8526,#1565);
#1020=LINE('',#8527,#1566);
#1021=LINE('',#8529,#1567);
#1022=LINE('',#8530,#1568);
#1023=LINE('',#8789,#1569);
#1024=LINE('',#8791,#1570);
#1025=LINE('',#8793,#1571);
#1026=LINE('',#8795,#1572);
#1027=LINE('',#8797,#1573);
#1028=LINE('',#8799,#1574);
#1029=LINE('',#8801,#1575);
#1030=LINE('',#8803,#1576);
#1031=LINE('',#8805,#1577);
#1032=LINE('',#8807,#1578);
#1033=LINE('',#8809,#1579);
#1034=LINE('',#8810,#1580);
#1035=LINE('',#9057,#1581);
#1036=LINE('',#9061,#1582);
#1037=LINE('',#9063,#1583);
#1038=LINE('',#9065,#1584);
#1039=LINE('',#9067,#1585);
#1040=LINE('',#9069,#1586);
#1041=LINE('',#9071,#1587);
#1042=LINE('',#9073,#1588);
#1043=LINE('',#9075,#1589);
#1044=LINE('',#9077,#1590);
#1045=LINE('',#9079,#1591);
#1046=LINE('',#9081,#1592);
#1047=LINE('',#9082,#1593);
#1048=LINE('',#9085,#1594);
#1049=LINE('',#9087,#1595);
#1050=LINE('',#9088,#1596);
#1051=LINE('',#9091,#1597);
#1052=LINE('',#9092,#1598);
#1053=LINE('',#9095,#1599);
#1054=LINE('',#9096,#1600);
#1055=LINE('',#9099,#1601);
#1056=LINE('',#9100,#1602);
#1057=LINE('',#9103,#1603);
#1058=LINE('',#9104,#1604);
#1059=LINE('',#9107,#1605);
#1060=LINE('',#9108,#1606);
#1061=LINE('',#9111,#1607);
#1062=LINE('',#9112,#1608);
#1063=LINE('',#9115,#1609);
#1064=LINE('',#9116,#1610);
#1065=LINE('',#9119,#1611);
#1066=LINE('',#9120,#1612);
#1067=LINE('',#9123,#1613);
#1068=LINE('',#9124,#1614);
#1069=LINE('',#9127,#1615);
#1070=LINE('',#9128,#1616);
#1071=LINE('',#9130,#1617);
#1072=LINE('',#9132,#1618);
#1073=LINE('',#9133,#1619);
#1074=LINE('',#9135,#1620);
#1075=LINE('',#9137,#1621);
#1076=LINE('',#9139,#1622);
#1077=LINE('',#9141,#1623);
#1078=LINE('',#9143,#1624);
#1079=LINE('',#9145,#1625);
#1080=LINE('',#9147,#1626);
#1081=LINE('',#9149,#1627);
#1082=LINE('',#9151,#1628);
#1083=LINE('',#9153,#1629);
#1084=LINE('',#9159,#1630);
#1085=LINE('',#9161,#1631);
#1086=LINE('',#9163,#1632);
#1087=LINE('',#9164,#1633);
#1088=LINE('',#9168,#1634);
#1089=LINE('',#9170,#1635);
#1090=LINE('',#9172,#1636);
#1091=LINE('',#9173,#1637);
#1092=LINE('',#9177,#1638);
#1093=LINE('',#9179,#1639);
#1094=LINE('',#9181,#1640);
#1095=LINE('',#9182,#1641);
#1096=LINE('',#9186,#1642);
#1097=LINE('',#9187,#1643);
#1098=LINE('',#9189,#1644);
#1099=LINE('',#9191,#1645);
#1100=LINE('',#9193,#1646);
#1101=LINE('',#9195,#1647);
#1102=LINE('',#9197,#1648);
#1103=LINE('',#9199,#1649);
#1104=LINE('',#9201,#1650);
#1105=LINE('',#9203,#1651);
#1106=LINE('',#9204,#1652);
#1107=LINE('',#9206,#1653);
#1108=LINE('',#9208,#1654);
#1109=LINE('',#9210,#1655);
#1110=LINE('',#9212,#1656);
#1111=LINE('',#9214,#1657);
#1112=LINE('',#9216,#1658);
#1113=LINE('',#9217,#1659);
#1114=LINE('',#9221,#1660);
#1115=LINE('',#9223,#1661);
#1116=LINE('',#9225,#1662);
#1117=LINE('',#9226,#1663);
#1118=LINE('',#9230,#1664);
#1119=LINE('',#9232,#1665);
#1120=LINE('',#9234,#1666);
#1121=LINE('',#9236,#1667);
#1122=LINE('',#9238,#1668);
#1123=LINE('',#9240,#1669);
#1124=LINE('',#9242,#1670);
#1125=LINE('',#9243,#1671);
#1126=LINE('',#9245,#1672);
#1127=LINE('',#9246,#1673);
#1128=LINE('',#9248,#1674);
#1129=LINE('',#9249,#1675);
#1130=LINE('',#9252,#1676);
#1131=LINE('',#9254,#1677);
#1132=LINE('',#9255,#1678);
#1133=LINE('',#9259,#1679);
#1134=LINE('',#9260,#1680);
#1135=LINE('',#9261,#1681);
#1136=LINE('',#9264,#1682);
#1137=LINE('',#9266,#1683);
#1138=LINE('',#9268,#1684);
#1139=LINE('',#9270,#1685);
#1140=LINE('',#9272,#1686);
#1141=LINE('',#9274,#1687);
#1142=LINE('',#9276,#1688);
#1143=LINE('',#9278,#1689);
#1144=LINE('',#9280,#1690);
#1145=LINE('',#9281,#1691);
#1146=LINE('',#9283,#1692);
#1147=LINE('',#9284,#1693);
#1148=LINE('',#9285,#1694);
#1149=LINE('',#9300,#1695);
#1150=LINE('',#9304,#1696);
#1151=LINE('',#9308,#1697);
#1152=LINE('',#9314,#1698);
#1153=LINE('',#9318,#1699);
#1154=LINE('',#9322,#1700);
#1155=LINE('',#9326,#1701);
#1156=LINE('',#9329,#1702);
#1157=LINE('',#9334,#1703);
#1158=LINE('',#9338,#1704);
#1159=LINE('',#9342,#1705);
#1160=LINE('',#9348,#1706);
#1161=LINE('',#9352,#1707);
#1162=LINE('',#9356,#1708);
#1163=LINE('',#9360,#1709);
#1164=LINE('',#9363,#1710);
#1165=LINE('',#9368,#1711);
#1166=LINE('',#9372,#1712);
#1167=LINE('',#9376,#1713);
#1168=LINE('',#9380,#1714);
#1169=LINE('',#9384,#1715);
#1170=LINE('',#9388,#1716);
#1171=LINE('',#9392,#1717);
#1172=LINE('',#9397,#1718);
#1173=LINE('',#9402,#1719);
#1174=LINE('',#9408,#1720);
#1175=LINE('',#9412,#1721);
#1176=LINE('',#9416,#1722);
#1177=LINE('',#9420,#1723);
#1178=LINE('',#9424,#1724);
#1179=LINE('',#9428,#1725);
#1180=LINE('',#9431,#1726);
#1181=LINE('',#9683,#1727);
#1182=LINE('',#9685,#1728);
#1183=LINE('',#9687,#1729);
#1184=LINE('',#9689,#1730);
#1185=LINE('',#9691,#1731);
#1186=LINE('',#9693,#1732);
#1187=LINE('',#9695,#1733);
#1188=LINE('',#9697,#1734);
#1189=LINE('',#9699,#1735);
#1190=LINE('',#9701,#1736);
#1191=LINE('',#9703,#1737);
#1192=LINE('',#9704,#1738);
#1193=LINE('',#9707,#1739);
#1194=LINE('',#9709,#1740);
#1195=LINE('',#9711,#1741);
#1196=LINE('',#9713,#1742);
#1197=LINE('',#9715,#1743);
#1198=LINE('',#9717,#1744);
#1199=LINE('',#9719,#1745);
#1200=LINE('',#9721,#1746);
#1201=LINE('',#9722,#1747);
#1202=LINE('',#9725,#1748);
#1203=LINE('',#9727,#1749);
#1204=LINE('',#9729,#1750);
#1205=LINE('',#9731,#1751);
#1206=LINE('',#9733,#1752);
#1207=LINE('',#9735,#1753);
#1208=LINE('',#9737,#1754);
#1209=LINE('',#9739,#1755);
#1210=LINE('',#9741,#1756);
#1211=LINE('',#9743,#1757);
#1212=LINE('',#9745,#1758);
#1213=LINE('',#9746,#1759);
#1214=LINE('',#9756,#1760);
#1215=LINE('',#9757,#1761);
#1216=LINE('',#9759,#1762);
#1217=LINE('',#9760,#1763);
#1218=LINE('',#9762,#1764);
#1219=LINE('',#9764,#1765);
#1220=LINE('',#9766,#1766);
#1221=LINE('',#9768,#1767);
#1222=LINE('',#9770,#1768);
#1223=LINE('',#9772,#1769);
#1224=LINE('',#9776,#1770);
#1225=LINE('',#9777,#1771);
#1226=LINE('',#9780,#1772);
#1227=LINE('',#9781,#1773);
#1228=LINE('',#9784,#1774);
#1229=LINE('',#9785,#1775);
#1230=LINE('',#9788,#1776);
#1231=LINE('',#9789,#1777);
#1232=LINE('',#9792,#1778);
#1233=LINE('',#9793,#1779);
#1234=LINE('',#9796,#1780);
#1235=LINE('',#9797,#1781);
#1236=LINE('',#9799,#1782);
#1237=LINE('',#9801,#1783);
#1238=LINE('',#9802,#1784);
#1239=LINE('',#9804,#1785);
#1240=LINE('',#9806,#1786);
#1241=LINE('',#9808,#1787);
#1242=LINE('',#9810,#1788);
#1243=LINE('',#9812,#1789);
#1244=LINE('',#9815,#1790);
#1245=LINE('',#9820,#1791);
#1246=LINE('',#9824,#1792);
#1247=LINE('',#9832,#1793);
#1248=LINE('',#9836,#1794);
#1249=LINE('',#9844,#1795);
#1250=LINE('',#9848,#1796);
#1251=LINE('',#9856,#1797);
#1252=LINE('',#9860,#1798);
#1253=LINE('',#9868,#1799);
#1254=LINE('',#9872,#1800);
#1255=LINE('',#9878,#1801);
#1256=LINE('',#9881,#1802);
#1257=LINE('',#9883,#1803);
#1258=LINE('',#9886,#1804);
#1259=LINE('',#9888,#1805);
#1260=LINE('',#9891,#1806);
#1261=LINE('',#9893,#1807);
#1262=LINE('',#9896,#1808);
#1263=LINE('',#9897,#1809);
#1264=LINE('',#9899,#1810);
#1265=LINE('',#9900,#1811);
#1266=LINE('',#9902,#1812);
#1267=LINE('',#9904,#1813);
#1268=LINE('',#9906,#1814);
#1269=LINE('',#9908,#1815);
#1270=LINE('',#9910,#1816);
#1271=LINE('',#9912,#1817);
#1272=LINE('',#9914,#1818);
#1273=LINE('',#9916,#1819);
#1274=LINE('',#9918,#1820);
#1275=LINE('',#9920,#1821);
#1276=LINE('',#9924,#1822);
#1277=LINE('',#9927,#1823);
#1278=LINE('',#9928,#1824);
#1279=LINE('',#9930,#1825);
#1280=LINE('',#9933,#1826);
#1281=LINE('',#9935,#1827);
#1282=LINE('',#9938,#1828);
#1283=LINE('',#9940,#1829);
#1284=LINE('',#9943,#1830);
#1285=LINE('',#9945,#1831);
#1286=LINE('',#9947,#1832);
#1287=LINE('',#9950,#1833);
#1288=LINE('',#9952,#1834);
#1289=LINE('',#9955,#1835);
#1290=LINE('',#9957,#1836);
#1291=LINE('',#9960,#1837);
#1292=LINE('',#9962,#1838);
#1293=LINE('',#9965,#1839);
#1294=LINE('',#9968,#1840);
#1295=LINE('',#9971,#1841);
#1296=LINE('',#9972,#1842);
#1297=LINE('',#9974,#1843);
#1298=LINE('',#9977,#1844);
#1299=LINE('',#9979,#1845);
#1300=LINE('',#9982,#1846);
#1301=LINE('',#9984,#1847);
#1302=LINE('',#9987,#1848);
#1303=LINE('',#9992,#1849);
#1304=LINE('',#9994,#1850);
#1305=LINE('',#9997,#1851);
#1306=LINE('',#9999,#1852);
#1307=LINE('',#10005,#1853);
#1308=LINE('',#10006,#1854);
#1309=LINE('',#10008,#1855);
#1310=LINE('',#10010,#1856);
#1311=LINE('',#10016,#1857);
#1312=LINE('',#10017,#1858);
#1313=LINE('',#10019,#1859);
#1314=LINE('',#10021,#1860);
#1315=LINE('',#10025,#1861);
#1316=LINE('',#10028,#1862);
#1317=LINE('',#10030,#1863);
#1318=LINE('',#10032,#1864);
#1319=LINE('',#10036,#1865);
#1320=LINE('',#10038,#1866);
#1321=LINE('',#10041,#1867);
#1322=LINE('',#10043,#1868);
#1323=LINE('',#10049,#1869);
#1324=LINE('',#10050,#1870);
#1325=LINE('',#10052,#1871);
#1326=LINE('',#10054,#1872);
#1327=LINE('',#10060,#1873);
#1328=LINE('',#10061,#1874);
#1329=LINE('',#10063,#1875);
#1330=LINE('',#10065,#1876);
#1331=LINE('',#10069,#1877);
#1332=LINE('',#10072,#1878);
#1333=LINE('',#10074,#1879);
#1334=LINE('',#10076,#1880);
#1335=LINE('',#10082,#1881);
#1336=LINE('',#10083,#1882);
#1337=LINE('',#10085,#1883);
#1338=LINE('',#10087,#1884);
#1339=LINE('',#10091,#1885);
#1340=LINE('',#10093,#1886);
#1341=LINE('',#10096,#1887);
#1342=LINE('',#10098,#1888);
#1343=LINE('',#10102,#1889);
#1344=LINE('',#10105,#1890);
#1345=LINE('',#10107,#1891);
#1346=LINE('',#10109,#1892);
#1347=LINE('',#10113,#1893);
#1348=LINE('',#10116,#1894);
#1349=LINE('',#10118,#1895);
#1350=LINE('',#10120,#1896);
#1351=LINE('',#10124,#1897);
#1352=LINE('',#10127,#1898);
#1353=LINE('',#10129,#1899);
#1354=LINE('',#10131,#1900);
#1355=LINE('',#10135,#1901);
#1356=LINE('',#10138,#1902);
#1357=LINE('',#10140,#1903);
#1358=LINE('',#10142,#1904);
#1359=LINE('',#10146,#1905);
#1360=LINE('',#10149,#1906);
#1361=LINE('',#10151,#1907);
#1362=LINE('',#10153,#1908);
#1363=LINE('',#10157,#1909);
#1364=LINE('',#10160,#1910);
#1365=LINE('',#10162,#1911);
#1366=LINE('',#10164,#1912);
#1367=LINE('',#10661,#1913);
#1368=LINE('',#10908,#1914);
#1369=LINE('',#10910,#1915);
#1370=LINE('',#10912,#1916);
#1371=LINE('',#10920,#1917);
#1372=LINE('',#10924,#1918);
#1373=LINE('',#10928,#1919);
#1374=LINE('',#10932,#1920);
#1375=LINE('',#10936,#1921);
#1376=LINE('',#10940,#1922);
#1377=LINE('',#10944,#1923);
#1378=LINE('',#10948,#1924);
#1379=LINE('',#10952,#1925);
#1380=LINE('',#10957,#1926);
#1381=LINE('',#10959,#1927);
#1382=LINE('',#10960,#1928);
#1383=LINE('',#10962,#1929);
#1384=LINE('',#10964,#1930);
#1385=LINE('',#10965,#1931);
#1386=LINE('',#10967,#1932);
#1387=LINE('',#10969,#1933);
#1388=LINE('',#10970,#1934);
#1389=LINE('',#10972,#1935);
#1390=LINE('',#10974,#1936);
#1391=LINE('',#10975,#1937);
#1392=LINE('',#10982,#1938);
#1393=LINE('',#10983,#1939);
#1394=LINE('',#10984,#1940);
#1395=LINE('',#10986,#1941);
#1396=LINE('',#10988,#1942);
#1397=LINE('',#10993,#1943);
#1398=LINE('',#10994,#1944);
#1399=LINE('',#10995,#1945);
#1400=LINE('',#10997,#1946);
#1401=LINE('',#10999,#1947);
#1402=LINE('',#11003,#1948);
#1403=LINE('',#11005,#1949);
#1404=LINE('',#11006,#1950);
#1405=LINE('',#11008,#1951);
#1406=LINE('',#11010,#1952);
#1407=LINE('',#11014,#1953);
#1408=LINE('',#11015,#1954);
#1409=LINE('',#11018,#1955);
#1410=LINE('',#11019,#1956);
#1411=LINE('',#11021,#1957);
#1412=LINE('',#11024,#1958);
#1413=VECTOR('',#5418,1000.);
#1414=VECTOR('',#5419,1000.);
#1415=VECTOR('',#5420,1000.);
#1416=VECTOR('',#5421,1000.);
#1417=VECTOR('',#5422,1000.);
#1418=VECTOR('',#5423,1000.);
#1419=VECTOR('',#5424,1000.);
#1420=VECTOR('',#5425,1000.);
#1421=VECTOR('',#5428,1000.);
#1422=VECTOR('',#5429,1000.);
#1423=VECTOR('',#5430,1000.);
#1424=VECTOR('',#5431,1000.);
#1425=VECTOR('',#5432,1000.);
#1426=VECTOR('',#5433,1000.);
#1427=VECTOR('',#5434,1000.);
#1428=VECTOR('',#5435,1000.);
#1429=VECTOR('',#5436,1000.);
#1430=VECTOR('',#5437,1000.);
#1431=VECTOR('',#5438,1000.);
#1432=VECTOR('',#5439,1000.);
#1433=VECTOR('',#5440,1000.);
#1434=VECTOR('',#5441,1000.);
#1435=VECTOR('',#5442,1000.);
#1436=VECTOR('',#5443,1000.);
#1437=VECTOR('',#5444,1000.);
#1438=VECTOR('',#5445,1000.);
#1439=VECTOR('',#5446,1000.);
#1440=VECTOR('',#5447,1000.);
#1441=VECTOR('',#5450,1000.);
#1442=VECTOR('',#5451,1000.);
#1443=VECTOR('',#5452,1000.);
#1444=VECTOR('',#5453,1000.);
#1445=VECTOR('',#5454,1000.);
#1446=VECTOR('',#5455,1000.);
#1447=VECTOR('',#5456,1000.);
#1448=VECTOR('',#5457,1000.);
#1449=VECTOR('',#5458,1000.);
#1450=VECTOR('',#5459,1000.);
#1451=VECTOR('',#5460,1000.);
#1452=VECTOR('',#5461,1000.);
#1453=VECTOR('',#5462,1000.);
#1454=VECTOR('',#5463,1000.);
#1455=VECTOR('',#5464,1000.);
#1456=VECTOR('',#5465,1000.);
#1457=VECTOR('',#5466,1000.);
#1458=VECTOR('',#5467,1000.);
#1459=VECTOR('',#5470,1000.);
#1460=VECTOR('',#5471,1000.);
#1461=VECTOR('',#5474,1000.);
#1462=VECTOR('',#5475,1000.);
#1463=VECTOR('',#5476,1000.);
#1464=VECTOR('',#5479,1000.);
#1465=VECTOR('',#5480,1000.);
#1466=VECTOR('',#5483,1000.);
#1467=VECTOR('',#5484,1000.);
#1468=VECTOR('',#5487,1000.);
#1469=VECTOR('',#5488,1000.);
#1470=VECTOR('',#5491,1000.);
#1471=VECTOR('',#5494,1000.);
#1472=VECTOR('',#5495,1000.);
#1473=VECTOR('',#5498,1000.);
#1474=VECTOR('',#5501,1000.);
#1475=VECTOR('',#5502,1000.);
#1476=VECTOR('',#5503,1000.);
#1477=VECTOR('',#5504,1000.);
#1478=VECTOR('',#5505,1000.);
#1479=VECTOR('',#5506,1000.);
#1480=VECTOR('',#5507,1000.);
#1481=VECTOR('',#5508,1000.);
#1482=VECTOR('',#5527,2.5);
#1483=VECTOR('',#5536,2.5);
#1484=VECTOR('',#5545,4.);
#1485=VECTOR('',#5554,2.5);
#1486=VECTOR('',#5563,2.5);
#1487=VECTOR('',#5566,10.);
#1488=VECTOR('',#5567,10.);
#1489=VECTOR('',#5572,10.);
#1490=VECTOR('',#5573,10.);
#1491=VECTOR('',#5578,2.5);
#1492=VECTOR('',#5585,1.);
#1493=VECTOR('',#5592,1.);
#1494=VECTOR('',#5599,1.);
#1495=VECTOR('',#5606,1.);
#1496=VECTOR('',#5613,1000.);
#1497=VECTOR('',#5614,1000.);
#1498=VECTOR('',#5617,1000.);
#1499=VECTOR('',#5620,1000.);
#1500=VECTOR('',#5623,1000.);
#1501=VECTOR('',#5626,1000.);
#1502=VECTOR('',#5629,1000.);
#1503=VECTOR('',#5632,1000.);
#1504=VECTOR('',#5635,1000.);
#1505=VECTOR('',#5636,1000.);
#1506=VECTOR('',#5637,1000.);
#1507=VECTOR('',#5640,1000.);
#1508=VECTOR('',#5641,1000.);
#1509=VECTOR('',#5642,1000.);
#1510=VECTOR('',#5643,1000.);
#1511=VECTOR('',#5644,1000.);
#1512=VECTOR('',#5645,1000.);
#1513=VECTOR('',#5646,1000.);
#1514=VECTOR('',#5647,1000.);
#1515=VECTOR('',#5650,1000.);
#1516=VECTOR('',#5651,1000.);
#1517=VECTOR('',#5654,1000.);
#1518=VECTOR('',#5657,1000.);
#1519=VECTOR('',#5660,1000.);
#1520=VECTOR('',#5663,1000.);
#1521=VECTOR('',#5666,1000.);
#1522=VECTOR('',#5669,1000.);
#1523=VECTOR('',#5674,1000.);
#1524=VECTOR('',#5675,1000.);
#1525=VECTOR('',#5678,1000.);
#1526=VECTOR('',#5681,1000.);
#1527=VECTOR('',#5684,1000.);
#1528=VECTOR('',#5687,1000.);
#1529=VECTOR('',#5690,1000.);
#1530=VECTOR('',#5693,1000.);
#1531=VECTOR('',#5698,1000.);
#1532=VECTOR('',#5699,1000.);
#1533=VECTOR('',#5708,1000.);
#1534=VECTOR('',#5709,1000.);
#1535=VECTOR('',#5710,1000.);
#1536=VECTOR('',#5711,1000.);
#1537=VECTOR('',#5714,1000.);
#1538=VECTOR('',#5715,1000.);
#1539=VECTOR('',#5716,1000.);
#1540=VECTOR('',#5719,1000.);
#1541=VECTOR('',#5720,1000.);
#1542=VECTOR('',#5721,1000.);
#1543=VECTOR('',#5724,1000.);
#1544=VECTOR('',#5725,1000.);
#1545=VECTOR('',#5726,1000.);
#1546=VECTOR('',#5729,1000.);
#1547=VECTOR('',#5730,1000.);
#1548=VECTOR('',#5731,1000.);
#1549=VECTOR('',#5734,1000.);
#1550=VECTOR('',#5735,1000.);
#1551=VECTOR('',#5736,1000.);
#1552=VECTOR('',#5739,1000.);
#1553=VECTOR('',#5740,1000.);
#1554=VECTOR('',#5741,1000.);
#1555=VECTOR('',#5744,1000.);
#1556=VECTOR('',#5745,1000.);
#1557=VECTOR('',#5746,1000.);
#1558=VECTOR('',#5749,1000.);
#1559=VECTOR('',#5750,1000.);
#1560=VECTOR('',#5751,1000.);
#1561=VECTOR('',#5754,1000.);
#1562=VECTOR('',#5755,1000.);
#1563=VECTOR('',#5756,1000.);
#1564=VECTOR('',#5759,1000.);
#1565=VECTOR('',#5760,1000.);
#1566=VECTOR('',#5761,1000.);
#1567=VECTOR('',#5764,1000.);
#1568=VECTOR('',#5765,1000.);
#1569=VECTOR('',#5772,1000.);
#1570=VECTOR('',#5773,1000.);
#1571=VECTOR('',#5774,1000.);
#1572=VECTOR('',#5775,1000.);
#1573=VECTOR('',#5776,1000.);
#1574=VECTOR('',#5777,1000.);
#1575=VECTOR('',#5778,1000.);
#1576=VECTOR('',#5779,1000.);
#1577=VECTOR('',#5780,1000.);
#1578=VECTOR('',#5781,1000.);
#1579=VECTOR('',#5782,1000.);
#1580=VECTOR('',#5783,1000.);
#1581=VECTOR('',#5784,10.);
#1582=VECTOR('',#5787,1000.);
#1583=VECTOR('',#5788,1000.);
#1584=VECTOR('',#5789,1000.);
#1585=VECTOR('',#5790,1000.);
#1586=VECTOR('',#5791,1000.);
#1587=VECTOR('',#5792,1000.);
#1588=VECTOR('',#5793,1000.);
#1589=VECTOR('',#5794,1000.);
#1590=VECTOR('',#5795,1000.);
#1591=VECTOR('',#5796,1000.);
#1592=VECTOR('',#5797,1000.);
#1593=VECTOR('',#5798,1000.);
#1594=VECTOR('',#5801,1000.);
#1595=VECTOR('',#5802,1000.);
#1596=VECTOR('',#5803,1000.);
#1597=VECTOR('',#5806,1000.);
#1598=VECTOR('',#5807,1000.);
#1599=VECTOR('',#5810,1000.);
#1600=VECTOR('',#5811,1000.);
#1601=VECTOR('',#5814,1000.);
#1602=VECTOR('',#5815,1000.);
#1603=VECTOR('',#5818,1000.);
#1604=VECTOR('',#5819,1000.);
#1605=VECTOR('',#5822,1000.);
#1606=VECTOR('',#5823,1000.);
#1607=VECTOR('',#5826,1000.);
#1608=VECTOR('',#5827,1000.);
#1609=VECTOR('',#5830,1000.);
#1610=VECTOR('',#5831,1000.);
#1611=VECTOR('',#5834,1000.);
#1612=VECTOR('',#5835,1000.);
#1613=VECTOR('',#5838,1000.);
#1614=VECTOR('',#5839,1000.);
#1615=VECTOR('',#5842,1000.);
#1616=VECTOR('',#5843,1000.);
#1617=VECTOR('',#5846,1000.);
#1618=VECTOR('',#5849,1000.);
#1619=VECTOR('',#5850,1000.);
#1620=VECTOR('',#5853,1000.);
#1621=VECTOR('',#5856,1000.);
#1622=VECTOR('',#5859,1000.);
#1623=VECTOR('',#5862,1000.);
#1624=VECTOR('',#5865,1000.);
#1625=VECTOR('',#5868,1000.);
#1626=VECTOR('',#5871,1000.);
#1627=VECTOR('',#5874,1000.);
#1628=VECTOR('',#5877,1000.);
#1629=VECTOR('',#5880,1000.);
#1630=VECTOR('',#5887,1000.);
#1631=VECTOR('',#5888,1000.);
#1632=VECTOR('',#5889,1000.);
#1633=VECTOR('',#5890,1000.);
#1634=VECTOR('',#5893,1000.);
#1635=VECTOR('',#5894,1000.);
#1636=VECTOR('',#5895,1000.);
#1637=VECTOR('',#5896,1000.);
#1638=VECTOR('',#5899,1000.);
#1639=VECTOR('',#5900,1000.);
#1640=VECTOR('',#5901,1000.);
#1641=VECTOR('',#5902,1000.);
#1642=VECTOR('',#5905,1000.);
#1643=VECTOR('',#5906,1000.);
#1644=VECTOR('',#5907,1000.);
#1645=VECTOR('',#5908,1000.);
#1646=VECTOR('',#5909,1000.);
#1647=VECTOR('',#5910,1000.);
#1648=VECTOR('',#5911,1000.);
#1649=VECTOR('',#5912,1000.);
#1650=VECTOR('',#5913,1000.);
#1651=VECTOR('',#5914,1000.);
#1652=VECTOR('',#5915,1000.);
#1653=VECTOR('',#5916,1000.);
#1654=VECTOR('',#5917,1000.);
#1655=VECTOR('',#5918,1000.);
#1656=VECTOR('',#5919,1000.);
#1657=VECTOR('',#5920,1000.);
#1658=VECTOR('',#5921,1000.);
#1659=VECTOR('',#5922,1000.);
#1660=VECTOR('',#5925,1000.);
#1661=VECTOR('',#5926,1000.);
#1662=VECTOR('',#5927,1000.);
#1663=VECTOR('',#5928,1000.);
#1664=VECTOR('',#5931,1000.);
#1665=VECTOR('',#5932,1000.);
#1666=VECTOR('',#5933,1000.);
#1667=VECTOR('',#5934,1000.);
#1668=VECTOR('',#5935,1000.);
#1669=VECTOR('',#5936,1000.);
#1670=VECTOR('',#5937,1000.);
#1671=VECTOR('',#5938,1000.);
#1672=VECTOR('',#5941,1000.);
#1673=VECTOR('',#5942,1000.);
#1674=VECTOR('',#5945,1000.);
#1675=VECTOR('',#5946,1000.);
#1676=VECTOR('',#5949,1000.);
#1677=VECTOR('',#5950,1000.);
#1678=VECTOR('',#5951,1000.);
#1679=VECTOR('',#5954,1000.);
#1680=VECTOR('',#5955,1000.);
#1681=VECTOR('',#5956,1000.);
#1682=VECTOR('',#5959,1000.);
#1683=VECTOR('',#5960,1000.);
#1684=VECTOR('',#5961,1000.);
#1685=VECTOR('',#5962,1000.);
#1686=VECTOR('',#5963,1000.);
#1687=VECTOR('',#5964,1000.);
#1688=VECTOR('',#5965,1000.);
#1689=VECTOR('',#5966,1000.);
#1690=VECTOR('',#5967,1000.);
#1691=VECTOR('',#5968,1000.);
#1692=VECTOR('',#5969,1000.);
#1693=VECTOR('',#5970,1000.);
#1694=VECTOR('',#5971,1000.);
#1695=VECTOR('',#5984,1000.);
#1696=VECTOR('',#5987,1000.);
#1697=VECTOR('',#5990,1000.);
#1698=VECTOR('',#5995,1000.);
#1699=VECTOR('',#5998,1000.);
#1700=VECTOR('',#6001,1000.);
#1701=VECTOR('',#6004,1000.);
#1702=VECTOR('',#6007,1000.);
#1703=VECTOR('',#6010,1000.);
#1704=VECTOR('',#6013,1000.);
#1705=VECTOR('',#6016,1000.);
#1706=VECTOR('',#6021,1000.);
#1707=VECTOR('',#6024,1000.);
#1708=VECTOR('',#6027,1000.);
#1709=VECTOR('',#6030,1000.);
#1710=VECTOR('',#6033,1000.);
#1711=VECTOR('',#6036,1000.);
#1712=VECTOR('',#6039,1000.);
#1713=VECTOR('',#6042,1000.);
#1714=VECTOR('',#6045,1000.);
#1715=VECTOR('',#6048,1000.);
#1716=VECTOR('',#6051,1000.);
#1717=VECTOR('',#6054,1000.);
#1718=VECTOR('',#6059,1000.);
#1719=VECTOR('',#6062,1000.);
#1720=VECTOR('',#6067,1000.);
#1721=VECTOR('',#6070,1000.);
#1722=VECTOR('',#6073,1000.);
#1723=VECTOR('',#6076,1000.);
#1724=VECTOR('',#6079,1000.);
#1725=VECTOR('',#6082,1000.);
#1726=VECTOR('',#6085,1000.);
#1727=VECTOR('',#6088,1000.);
#1728=VECTOR('',#6089,1000.);
#1729=VECTOR('',#6090,1000.);
#1730=VECTOR('',#6091,1000.);
#1731=VECTOR('',#6092,1000.);
#1732=VECTOR('',#6093,1000.);
#1733=VECTOR('',#6094,1000.);
#1734=VECTOR('',#6095,1000.);
#1735=VECTOR('',#6096,1000.);
#1736=VECTOR('',#6097,1000.);
#1737=VECTOR('',#6098,1000.);
#1738=VECTOR('',#6099,1000.);
#1739=VECTOR('',#6102,1000.);
#1740=VECTOR('',#6103,1000.);
#1741=VECTOR('',#6104,1000.);
#1742=VECTOR('',#6105,1000.);
#1743=VECTOR('',#6106,1000.);
#1744=VECTOR('',#6107,1000.);
#1745=VECTOR('',#6108,1000.);
#1746=VECTOR('',#6109,1000.);
#1747=VECTOR('',#6110,1000.);
#1748=VECTOR('',#6111,1000.);
#1749=VECTOR('',#6112,1000.);
#1750=VECTOR('',#6113,1000.);
#1751=VECTOR('',#6114,1000.);
#1752=VECTOR('',#6115,1000.);
#1753=VECTOR('',#6116,1000.);
#1754=VECTOR('',#6117,1000.);
#1755=VECTOR('',#6118,1000.);
#1756=VECTOR('',#6119,1000.);
#1757=VECTOR('',#6120,1000.);
#1758=VECTOR('',#6121,1000.);
#1759=VECTOR('',#6122,1000.);
#1760=VECTOR('',#6133,1000.);
#1761=VECTOR('',#6134,1000.);
#1762=VECTOR('',#6137,1000.);
#1763=VECTOR('',#6138,1000.);
#1764=VECTOR('',#6141,1000.);
#1765=VECTOR('',#6144,1000.);
#1766=VECTOR('',#6147,1000.);
#1767=VECTOR('',#6150,1000.);
#1768=VECTOR('',#6153,1000.);
#1769=VECTOR('',#6156,1000.);
#1770=VECTOR('',#6161,1000.);
#1771=VECTOR('',#6162,1000.);
#1772=VECTOR('',#6165,1000.);
#1773=VECTOR('',#6166,1000.);
#1774=VECTOR('',#6169,1000.);
#1775=VECTOR('',#6170,1000.);
#1776=VECTOR('',#6173,1000.);
#1777=VECTOR('',#6174,1000.);
#1778=VECTOR('',#6177,1000.);
#1779=VECTOR('',#6178,1000.);
#1780=VECTOR('',#6181,1000.);
#1781=VECTOR('',#6182,1000.);
#1782=VECTOR('',#6185,1000.);
#1783=VECTOR('',#6188,1000.);
#1784=VECTOR('',#6189,1000.);
#1785=VECTOR('',#6192,1000.);
#1786=VECTOR('',#6195,1000.);
#1787=VECTOR('',#6198,999.999999999999);
#1788=VECTOR('',#6201,1000.);
#1789=VECTOR('',#6204,1000.);
#1790=VECTOR('',#6209,1000.);
#1791=VECTOR('',#6214,1.1);
#1792=VECTOR('',#6219,2.5);
#1793=VECTOR('',#6230,1.1);
#1794=VECTOR('',#6235,2.5);
#1795=VECTOR('',#6246,2.6);
#1796=VECTOR('',#6251,4.);
#1797=VECTOR('',#6262,1.1);
#1798=VECTOR('',#6267,2.5);
#1799=VECTOR('',#6278,1.1);
#1800=VECTOR('',#6283,2.5);
#1801=VECTOR('',#6292,1000.);
#1802=VECTOR('',#6295,1000.);
#1803=VECTOR('',#6296,1000.);
#1804=VECTOR('',#6299,1000.);
#1805=VECTOR('',#6300,1000.);
#1806=VECTOR('',#6303,1000.);
#1807=VECTOR('',#6304,1000.);
#1808=VECTOR('',#6307,1000.);
#1809=VECTOR('',#6308,5.);
#1810=VECTOR('',#6311,1000.);
#1811=VECTOR('',#6312,1000.);
#1812=VECTOR('',#6315,1000.);
#1813=VECTOR('',#6318,1000.);
#1814=VECTOR('',#6321,1000.);
#1815=VECTOR('',#6324,1000.);
#1816=VECTOR('',#6327,1000.);
#1817=VECTOR('',#6330,1000.);
#1818=VECTOR('',#6333,1000.);
#1819=VECTOR('',#6336,1000.);
#1820=VECTOR('',#6339,1000.);
#1821=VECTOR('',#6342,1000.);
#1822=VECTOR('',#6347,1000.);
#1823=VECTOR('',#6350,1000.);
#1824=VECTOR('',#6351,5.);
#1825=VECTOR('',#6352,1000.);
#1826=VECTOR('',#6355,1000.);
#1827=VECTOR('',#6356,1000.);
#1828=VECTOR('',#6359,1000.);
#1829=VECTOR('',#6360,1000.);
#1830=VECTOR('',#6363,1000.);
#1831=VECTOR('',#6366,5.);
#1832=VECTOR('',#6367,1000.);
#1833=VECTOR('',#6370,1000.);
#1834=VECTOR('',#6371,1000.);
#1835=VECTOR('',#6374,1000.);
#1836=VECTOR('',#6375,1000.);
#1837=VECTOR('',#6378,1000.);
#1838=VECTOR('',#6379,1000.);
#1839=VECTOR('',#6382,1000.);
#1840=VECTOR('',#6385,1000.);
#1841=VECTOR('',#6388,1000.);
#1842=VECTOR('',#6389,5.);
#1843=VECTOR('',#6390,1000.);
#1844=VECTOR('',#6393,1000.);
#1845=VECTOR('',#6394,1000.);
#1846=VECTOR('',#6397,1000.);
#1847=VECTOR('',#6398,1000.);
#1848=VECTOR('',#6401,1000.);
#1849=VECTOR('',#6408,1000.);
#1850=VECTOR('',#6409,1000.);
#1851=VECTOR('',#6414,1000.);
#1852=VECTOR('',#6417,1000.);
#1853=VECTOR('',#6424,1000.);
#1854=VECTOR('',#6425,1000.);
#1855=VECTOR('',#6428,1000.);
#1856=VECTOR('',#6431,1000.);
#1857=VECTOR('',#6438,1000.);
#1858=VECTOR('',#6439,1000.);
#1859=VECTOR('',#6442,1000.);
#1860=VECTOR('',#6445,1000.);
#1861=VECTOR('',#6450,1000.);
#1862=VECTOR('',#6453,1000.);
#1863=VECTOR('',#6456,1000.);
#1864=VECTOR('',#6459,1000.);
#1865=VECTOR('',#6464,1000.);
#1866=VECTOR('',#6465,1000.);
#1867=VECTOR('',#6470,1000.);
#1868=VECTOR('',#6473,1000.);
#1869=VECTOR('',#6480,1000.);
#1870=VECTOR('',#6481,1000.);
#1871=VECTOR('',#6484,1000.);
#1872=VECTOR('',#6487,1000.);
#1873=VECTOR('',#6494,1000.);
#1874=VECTOR('',#6495,1000.);
#1875=VECTOR('',#6498,1000.);
#1876=VECTOR('',#6501,1000.);
#1877=VECTOR('',#6506,1000.);
#1878=VECTOR('',#6509,1000.);
#1879=VECTOR('',#6512,1000.);
#1880=VECTOR('',#6515,1000.);
#1881=VECTOR('',#6522,1000.);
#1882=VECTOR('',#6523,1000.);
#1883=VECTOR('',#6526,1000.);
#1884=VECTOR('',#6529,1000.);
#1885=VECTOR('',#6534,1000.);
#1886=VECTOR('',#6535,1000.);
#1887=VECTOR('',#6540,1000.);
#1888=VECTOR('',#6543,1000.);
#1889=VECTOR('',#6548,1000.);
#1890=VECTOR('',#6551,1000.);
#1891=VECTOR('',#6554,1000.);
#1892=VECTOR('',#6557,1000.);
#1893=VECTOR('',#6562,1000.);
#1894=VECTOR('',#6565,1000.);
#1895=VECTOR('',#6568,1000.);
#1896=VECTOR('',#6571,1000.);
#1897=VECTOR('',#6576,1000.);
#1898=VECTOR('',#6579,1000.);
#1899=VECTOR('',#6582,1000.);
#1900=VECTOR('',#6585,1000.);
#1901=VECTOR('',#6590,1000.);
#1902=VECTOR('',#6593,1000.);
#1903=VECTOR('',#6596,1000.);
#1904=VECTOR('',#6599,1000.);
#1905=VECTOR('',#6604,1000.);
#1906=VECTOR('',#6607,1000.);
#1907=VECTOR('',#6610,1000.);
#1908=VECTOR('',#6613,1000.);
#1909=VECTOR('',#6618,1000.);
#1910=VECTOR('',#6621,1000.);
#1911=VECTOR('',#6624,1000.);
#1912=VECTOR('',#6627,1000.);
#1913=VECTOR('',#6632,10.);
#1914=VECTOR('',#6633,10.);
#1915=VECTOR('',#6636,1000.);
#1916=VECTOR('',#6639,1000.);
#1917=VECTOR('',#6648,4.8);
#1918=VECTOR('',#6651,1000.);
#1919=VECTOR('',#6654,1000.);
#1920=VECTOR('',#6657,1000.);
#1921=VECTOR('',#6660,1000.);
#1922=VECTOR('',#6663,1000.);
#1923=VECTOR('',#6666,1000.);
#1924=VECTOR('',#6669,1000.);
#1925=VECTOR('',#6672,1000.);
#1926=VECTOR('',#6679,1000.);
#1927=VECTOR('',#6680,1000.);
#1928=VECTOR('',#6681,1000.);
#1929=VECTOR('',#6682,1000.);
#1930=VECTOR('',#6683,1000.);
#1931=VECTOR('',#6684,1000.);
#1932=VECTOR('',#6685,1000.);
#1933=VECTOR('',#6686,1000.);
#1934=VECTOR('',#6687,1000.);
#1935=VECTOR('',#6688,1000.);
#1936=VECTOR('',#6689,1000.);
#1937=VECTOR('',#6690,1000.);
#1938=VECTOR('',#6697,1000.);
#1939=VECTOR('',#6698,1000.);
#1940=VECTOR('',#6699,1000.);
#1941=VECTOR('',#6702,1000.);
#1942=VECTOR('',#6705,1000.);
#1943=VECTOR('',#6710,1000.);
#1944=VECTOR('',#6711,1000.);
#1945=VECTOR('',#6712,1000.);
#1946=VECTOR('',#6715,1000.);
#1947=VECTOR('',#6718,1000.);
#1948=VECTOR('',#6723,1000.);
#1949=VECTOR('',#6724,1000.);
#1950=VECTOR('',#6725,1000.);
#1951=VECTOR('',#6728,1000.);
#1952=VECTOR('',#6731,1000.);
#1953=VECTOR('',#6736,1000.);
#1954=VECTOR('',#6737,1000.);
#1955=VECTOR('',#6740,1000.);
#1956=VECTOR('',#6741,1000.);
#1957=VECTOR('',#6744,1000.);
#1958=VECTOR('',#6749,3.8);
#1959=VERTEX_POINT('',#6767);
#1960=VERTEX_POINT('',#6768);
#1961=VERTEX_POINT('',#6770);
#1962=VERTEX_POINT('',#6772);
#1963=VERTEX_POINT('',#6774);
#1964=VERTEX_POINT('',#6776);
#1965=VERTEX_POINT('',#6778);
#1966=VERTEX_POINT('',#6780);
#1967=VERTEX_POINT('',#6784);
#1968=VERTEX_POINT('',#6785);
#1969=VERTEX_POINT('',#6787);
#1970=VERTEX_POINT('',#6789);
#1971=VERTEX_POINT('',#6791);
#1972=VERTEX_POINT('',#6793);
#1973=VERTEX_POINT('',#6795);
#1974=VERTEX_POINT('',#6797);
#1975=VERTEX_POINT('',#6799);
#1976=VERTEX_POINT('',#6801);
#1977=VERTEX_POINT('',#6803);
#1978=VERTEX_POINT('',#6805);
#1979=VERTEX_POINT('',#6807);
#1980=VERTEX_POINT('',#6809);
#1981=VERTEX_POINT('',#6811);
#1982=VERTEX_POINT('',#6813);
#1983=VERTEX_POINT('',#6815);
#1984=VERTEX_POINT('',#6817);
#1985=VERTEX_POINT('',#6819);
#1986=VERTEX_POINT('',#6821);
#1987=VERTEX_POINT('',#6825);
#1988=VERTEX_POINT('',#6827);
#1989=VERTEX_POINT('',#6829);
#1990=VERTEX_POINT('',#6831);
#1991=VERTEX_POINT('',#6833);
#1992=VERTEX_POINT('',#6835);
#1993=VERTEX_POINT('',#6837);
#1994=VERTEX_POINT('',#6839);
#1995=VERTEX_POINT('',#6841);
#1996=VERTEX_POINT('',#6843);
#1997=VERTEX_POINT('',#6846);
#1998=VERTEX_POINT('',#6848);
#1999=VERTEX_POINT('',#6850);
#2000=VERTEX_POINT('',#6852);
#2001=VERTEX_POINT('',#6854);
#2002=VERTEX_POINT('',#6856);
#2003=VERTEX_POINT('',#6863);
#2004=VERTEX_POINT('',#6865);
#2005=VERTEX_POINT('',#6869);
#2006=VERTEX_POINT('',#6873);
#2007=VERTEX_POINT('',#6877);
#2008=VERTEX_POINT('',#6883);
#2009=VERTEX_POINT('',#6889);
#2010=VERTEX_POINT('',#6890);
#2011=VERTEX_POINT('',#6892);
#2012=VERTEX_POINT('',#6894);
#2013=VERTEX_POINT('',#6896);
#2014=VERTEX_POINT('',#6898);
#2015=VERTEX_POINT('',#6900);
#2016=VERTEX_POINT('',#6902);
#2017=VERTEX_POINT('',#6905);
#2018=VERTEX_POINT('',#6993);
#2019=VERTEX_POINT('',#7081);
#2020=VERTEX_POINT('',#7083);
#2021=VERTEX_POINT('',#7085);
#2022=VERTEX_POINT('',#7087);
#2023=VERTEX_POINT('',#7089);
#2024=VERTEX_POINT('',#7092);
#2025=VERTEX_POINT('',#7094);
#2026=VERTEX_POINT('',#7099);
#2027=VERTEX_POINT('',#7101);
#2028=VERTEX_POINT('',#7106);
#2029=VERTEX_POINT('',#7108);
#2030=VERTEX_POINT('',#7113);
#2031=VERTEX_POINT('',#7115);
#2032=VERTEX_POINT('',#7120);
#2033=VERTEX_POINT('',#7122);
#2034=VERTEX_POINT('',#7127);
#2035=VERTEX_POINT('',#7215);
#2036=VERTEX_POINT('',#7477);
#2037=VERTEX_POINT('',#7743);
#2038=VERTEX_POINT('',#7831);
#2039=VERTEX_POINT('',#8093);
#2040=VERTEX_POINT('',#8359);
#2041=VERTEX_POINT('',#8364);
#2042=VERTEX_POINT('',#8369);
#2043=VERTEX_POINT('',#8374);
#2044=VERTEX_POINT('',#8379);
#2045=VERTEX_POINT('',#8399);
#2046=VERTEX_POINT('',#8401);
#2047=VERTEX_POINT('',#8405);
#2048=VERTEX_POINT('',#8406);
#2049=VERTEX_POINT('',#8408);
#2050=VERTEX_POINT('',#8410);
#2051=VERTEX_POINT('',#8412);
#2052=VERTEX_POINT('',#8414);
#2053=VERTEX_POINT('',#8416);
#2054=VERTEX_POINT('',#8418);
#2055=VERTEX_POINT('',#8460);
#2056=VERTEX_POINT('',#8461);
#2057=VERTEX_POINT('',#8463);
#2058=VERTEX_POINT('',#8465);
#2059=VERTEX_POINT('',#8469);
#2060=VERTEX_POINT('',#8470);
#2061=VERTEX_POINT('',#8475);
#2062=VERTEX_POINT('',#8477);
#2063=VERTEX_POINT('',#8481);
#2064=VERTEX_POINT('',#8483);
#2065=VERTEX_POINT('',#8487);
#2066=VERTEX_POINT('',#8489);
#2067=VERTEX_POINT('',#8493);
#2068=VERTEX_POINT('',#8495);
#2069=VERTEX_POINT('',#8499);
#2070=VERTEX_POINT('',#8500);
#2071=VERTEX_POINT('',#8505);
#2072=VERTEX_POINT('',#8507);
#2073=VERTEX_POINT('',#8511);
#2074=VERTEX_POINT('',#8512);
#2075=VERTEX_POINT('',#8517);
#2076=VERTEX_POINT('',#8518);
#2077=VERTEX_POINT('',#8523);
#2078=VERTEX_POINT('',#8524);
#2079=VERTEX_POINT('',#8533);
#2080=VERTEX_POINT('',#8658);
#2081=VERTEX_POINT('',#8659);
#2082=VERTEX_POINT('',#8787);
#2083=VERTEX_POINT('',#8788);
#2084=VERTEX_POINT('',#8790);
#2085=VERTEX_POINT('',#8792);
#2086=VERTEX_POINT('',#8794);
#2087=VERTEX_POINT('',#8796);
#2088=VERTEX_POINT('',#8798);
#2089=VERTEX_POINT('',#8800);
#2090=VERTEX_POINT('',#8802);
#2091=VERTEX_POINT('',#8804);
#2092=VERTEX_POINT('',#8806);
#2093=VERTEX_POINT('',#8808);
#2094=VERTEX_POINT('',#9059);
#2095=VERTEX_POINT('',#9060);
#2096=VERTEX_POINT('',#9062);
#2097=VERTEX_POINT('',#9064);
#2098=VERTEX_POINT('',#9066);
#2099=VERTEX_POINT('',#9068);
#2100=VERTEX_POINT('',#9070);
#2101=VERTEX_POINT('',#9072);
#2102=VERTEX_POINT('',#9074);
#2103=VERTEX_POINT('',#9076);
#2104=VERTEX_POINT('',#9078);
#2105=VERTEX_POINT('',#9080);
#2106=VERTEX_POINT('',#9084);
#2107=VERTEX_POINT('',#9086);
#2108=VERTEX_POINT('',#9090);
#2109=VERTEX_POINT('',#9094);
#2110=VERTEX_POINT('',#9098);
#2111=VERTEX_POINT('',#9102);
#2112=VERTEX_POINT('',#9106);
#2113=VERTEX_POINT('',#9110);
#2114=VERTEX_POINT('',#9114);
#2115=VERTEX_POINT('',#9118);
#2116=VERTEX_POINT('',#9122);
#2117=VERTEX_POINT('',#9126);
#2118=VERTEX_POINT('',#9157);
#2119=VERTEX_POINT('',#9158);
#2120=VERTEX_POINT('',#9160);
#2121=VERTEX_POINT('',#9162);
#2122=VERTEX_POINT('',#9166);
#2123=VERTEX_POINT('',#9167);
#2124=VERTEX_POINT('',#9169);
#2125=VERTEX_POINT('',#9171);
#2126=VERTEX_POINT('',#9175);
#2127=VERTEX_POINT('',#9176);
#2128=VERTEX_POINT('',#9178);
#2129=VERTEX_POINT('',#9180);
#2130=VERTEX_POINT('',#9184);
#2131=VERTEX_POINT('',#9185);
#2132=VERTEX_POINT('',#9188);
#2133=VERTEX_POINT('',#9190);
#2134=VERTEX_POINT('',#9192);
#2135=VERTEX_POINT('',#9194);
#2136=VERTEX_POINT('',#9196);
#2137=VERTEX_POINT('',#9198);
#2138=VERTEX_POINT('',#9200);
#2139=VERTEX_POINT('',#9202);
#2140=VERTEX_POINT('',#9205);
#2141=VERTEX_POINT('',#9207);
#2142=VERTEX_POINT('',#9209);
#2143=VERTEX_POINT('',#9211);
#2144=VERTEX_POINT('',#9213);
#2145=VERTEX_POINT('',#9215);
#2146=VERTEX_POINT('',#9219);
#2147=VERTEX_POINT('',#9220);
#2148=VERTEX_POINT('',#9222);
#2149=VERTEX_POINT('',#9224);
#2150=VERTEX_POINT('',#9228);
#2151=VERTEX_POINT('',#9229);
#2152=VERTEX_POINT('',#9231);
#2153=VERTEX_POINT('',#9233);
#2154=VERTEX_POINT('',#9235);
#2155=VERTEX_POINT('',#9237);
#2156=VERTEX_POINT('',#9239);
#2157=VERTEX_POINT('',#9241);
#2158=VERTEX_POINT('',#9251);
#2159=VERTEX_POINT('',#9253);
#2160=VERTEX_POINT('',#9257);
#2161=VERTEX_POINT('',#9258);
#2162=VERTEX_POINT('',#9263);
#2163=VERTEX_POINT('',#9265);
#2164=VERTEX_POINT('',#9267);
#2165=VERTEX_POINT('',#9269);
#2166=VERTEX_POINT('',#9271);
#2167=VERTEX_POINT('',#9273);
#2168=VERTEX_POINT('',#9275);
#2169=VERTEX_POINT('',#9277);
#2170=VERTEX_POINT('',#9279);
#2171=VERTEX_POINT('',#9282);
#2172=VERTEX_POINT('',#9286);
#2173=VERTEX_POINT('',#9288);
#2174=VERTEX_POINT('',#9290);
#2175=VERTEX_POINT('',#9292);
#2176=VERTEX_POINT('',#9294);
#2177=VERTEX_POINT('',#9296);
#2178=VERTEX_POINT('',#9297);
#2179=VERTEX_POINT('',#9299);
#2180=VERTEX_POINT('',#9301);
#2181=VERTEX_POINT('',#9303);
#2182=VERTEX_POINT('',#9305);
#2183=VERTEX_POINT('',#9307);
#2184=VERTEX_POINT('',#9309);
#2185=VERTEX_POINT('',#9311);
#2186=VERTEX_POINT('',#9313);
#2187=VERTEX_POINT('',#9315);
#2188=VERTEX_POINT('',#9317);
#2189=VERTEX_POINT('',#9319);
#2190=VERTEX_POINT('',#9321);
#2191=VERTEX_POINT('',#9323);
#2192=VERTEX_POINT('',#9325);
#2193=VERTEX_POINT('',#9327);
#2194=VERTEX_POINT('',#9330);
#2195=VERTEX_POINT('',#9331);
#2196=VERTEX_POINT('',#9333);
#2197=VERTEX_POINT('',#9335);
#2198=VERTEX_POINT('',#9337);
#2199=VERTEX_POINT('',#9339);
#2200=VERTEX_POINT('',#9341);
#2201=VERTEX_POINT('',#9343);
#2202=VERTEX_POINT('',#9345);
#2203=VERTEX_POINT('',#9347);
#2204=VERTEX_POINT('',#9349);
#2205=VERTEX_POINT('',#9351);
#2206=VERTEX_POINT('',#9353);
#2207=VERTEX_POINT('',#9355);
#2208=VERTEX_POINT('',#9357);
#2209=VERTEX_POINT('',#9359);
#2210=VERTEX_POINT('',#9361);
#2211=VERTEX_POINT('',#9364);
#2212=VERTEX_POINT('',#9365);
#2213=VERTEX_POINT('',#9367);
#2214=VERTEX_POINT('',#9369);
#2215=VERTEX_POINT('',#9371);
#2216=VERTEX_POINT('',#9373);
#2217=VERTEX_POINT('',#9375);
#2218=VERTEX_POINT('',#9377);
#2219=VERTEX_POINT('',#9379);
#2220=VERTEX_POINT('',#9381);
#2221=VERTEX_POINT('',#9383);
#2222=VERTEX_POINT('',#9385);
#2223=VERTEX_POINT('',#9387);
#2224=VERTEX_POINT('',#9389);
#2225=VERTEX_POINT('',#9391);
#2226=VERTEX_POINT('',#9393);
#2227=VERTEX_POINT('',#9395);
#2228=VERTEX_POINT('',#9398);
#2229=VERTEX_POINT('',#9399);
#2230=VERTEX_POINT('',#9401);
#2231=VERTEX_POINT('',#9403);
#2232=VERTEX_POINT('',#9405);
#2233=VERTEX_POINT('',#9407);
#2234=VERTEX_POINT('',#9409);
#2235=VERTEX_POINT('',#9411);
#2236=VERTEX_POINT('',#9413);
#2237=VERTEX_POINT('',#9415);
#2238=VERTEX_POINT('',#9417);
#2239=VERTEX_POINT('',#9419);
#2240=VERTEX_POINT('',#9421);
#2241=VERTEX_POINT('',#9423);
#2242=VERTEX_POINT('',#9425);
#2243=VERTEX_POINT('',#9427);
#2244=VERTEX_POINT('',#9429);
#2245=VERTEX_POINT('',#9432);
#2246=VERTEX_POINT('',#9557);
#2247=VERTEX_POINT('',#9681);
#2248=VERTEX_POINT('',#9682);
#2249=VERTEX_POINT('',#9684);
#2250=VERTEX_POINT('',#9686);
#2251=VERTEX_POINT('',#9688);
#2252=VERTEX_POINT('',#9690);
#2253=VERTEX_POINT('',#9692);
#2254=VERTEX_POINT('',#9694);
#2255=VERTEX_POINT('',#9696);
#2256=VERTEX_POINT('',#9698);
#2257=VERTEX_POINT('',#9700);
#2258=VERTEX_POINT('',#9702);
#2259=VERTEX_POINT('',#9706);
#2260=VERTEX_POINT('',#9708);
#2261=VERTEX_POINT('',#9710);
#2262=VERTEX_POINT('',#9712);
#2263=VERTEX_POINT('',#9714);
#2264=VERTEX_POINT('',#9716);
#2265=VERTEX_POINT('',#9718);
#2266=VERTEX_POINT('',#9720);
#2267=VERTEX_POINT('',#9723);
#2268=VERTEX_POINT('',#9724);
#2269=VERTEX_POINT('',#9726);
#2270=VERTEX_POINT('',#9728);
#2271=VERTEX_POINT('',#9730);
#2272=VERTEX_POINT('',#9732);
#2273=VERTEX_POINT('',#9734);
#2274=VERTEX_POINT('',#9736);
#2275=VERTEX_POINT('',#9738);
#2276=VERTEX_POINT('',#9740);
#2277=VERTEX_POINT('',#9742);
#2278=VERTEX_POINT('',#9744);
#2279=VERTEX_POINT('',#9747);
#2280=VERTEX_POINT('',#9749);
#2281=VERTEX_POINT('',#9751);
#2282=VERTEX_POINT('',#9753);
#2283=VERTEX_POINT('',#9775);
#2284=VERTEX_POINT('',#9779);
#2285=VERTEX_POINT('',#9783);
#2286=VERTEX_POINT('',#9787);
#2287=VERTEX_POINT('',#9791);
#2288=VERTEX_POINT('',#9795);
#2289=VERTEX_POINT('',#9817);
#2290=VERTEX_POINT('',#9819);
#2291=VERTEX_POINT('',#9823);
#2292=VERTEX_POINT('',#9829);
#2293=VERTEX_POINT('',#9831);
#2294=VERTEX_POINT('',#9835);
#2295=VERTEX_POINT('',#9841);
#2296=VERTEX_POINT('',#9843);
#2297=VERTEX_POINT('',#9847);
#2298=VERTEX_POINT('',#9853);
#2299=VERTEX_POINT('',#9855);
#2300=VERTEX_POINT('',#9859);
#2301=VERTEX_POINT('',#9865);
#2302=VERTEX_POINT('',#9867);
#2303=VERTEX_POINT('',#9871);
#2304=VERTEX_POINT('',#9877);
#2305=VERTEX_POINT('',#9879);
#2306=VERTEX_POINT('',#9882);
#2307=VERTEX_POINT('',#9884);
#2308=VERTEX_POINT('',#9887);
#2309=VERTEX_POINT('',#9889);
#2310=VERTEX_POINT('',#9892);
#2311=VERTEX_POINT('',#9894);
#2312=VERTEX_POINT('',#9923);
#2313=VERTEX_POINT('',#9925);
#2314=VERTEX_POINT('',#9929);
#2315=VERTEX_POINT('',#9931);
#2316=VERTEX_POINT('',#9934);
#2317=VERTEX_POINT('',#9936);
#2318=VERTEX_POINT('',#9939);
#2319=VERTEX_POINT('',#9941);
#2320=VERTEX_POINT('',#9946);
#2321=VERTEX_POINT('',#9948);
#2322=VERTEX_POINT('',#9951);
#2323=VERTEX_POINT('',#9953);
#2324=VERTEX_POINT('',#9956);
#2325=VERTEX_POINT('',#9958);
#2326=VERTEX_POINT('',#9961);
#2327=VERTEX_POINT('',#9963);
#2328=VERTEX_POINT('',#9967);
#2329=VERTEX_POINT('',#9969);
#2330=VERTEX_POINT('',#9973);
#2331=VERTEX_POINT('',#9975);
#2332=VERTEX_POINT('',#9978);
#2333=VERTEX_POINT('',#9980);
#2334=VERTEX_POINT('',#9983);
#2335=VERTEX_POINT('',#9985);
#2336=VERTEX_POINT('',#9991);
#2337=VERTEX_POINT('',#9993);
#2338=VERTEX_POINT('',#10002);
#2339=VERTEX_POINT('',#10003);
#2340=VERTEX_POINT('',#10013);
#2341=VERTEX_POINT('',#10014);
#2342=VERTEX_POINT('',#10024);
#2343=VERTEX_POINT('',#10026);
#2344=VERTEX_POINT('',#10035);
#2345=VERTEX_POINT('',#10037);
#2346=VERTEX_POINT('',#10046);
#2347=VERTEX_POINT('',#10047);
#2348=VERTEX_POINT('',#10057);
#2349=VERTEX_POINT('',#10058);
#2350=VERTEX_POINT('',#10068);
#2351=VERTEX_POINT('',#10070);
#2352=VERTEX_POINT('',#10079);
#2353=VERTEX_POINT('',#10080);
#2354=VERTEX_POINT('',#10090);
#2355=VERTEX_POINT('',#10092);
#2356=VERTEX_POINT('',#10101);
#2357=VERTEX_POINT('',#10103);
#2358=VERTEX_POINT('',#10112);
#2359=VERTEX_POINT('',#10114);
#2360=VERTEX_POINT('',#10123);
#2361=VERTEX_POINT('',#10125);
#2362=VERTEX_POINT('',#10134);
#2363=VERTEX_POINT('',#10136);
#2364=VERTEX_POINT('',#10145);
#2365=VERTEX_POINT('',#10147);
#2366=VERTEX_POINT('',#10156);
#2367=VERTEX_POINT('',#10158);
#2368=VERTEX_POINT('',#10167);
#2369=VERTEX_POINT('',#10291);
#2370=VERTEX_POINT('',#10916);
#2371=VERTEX_POINT('',#10917);
#2372=VERTEX_POINT('',#10919);
#2373=VERTEX_POINT('',#10921);
#2374=VERTEX_POINT('',#10923);
#2375=VERTEX_POINT('',#10925);
#2376=VERTEX_POINT('',#10927);
#2377=VERTEX_POINT('',#10929);
#2378=VERTEX_POINT('',#10931);
#2379=VERTEX_POINT('',#10933);
#2380=VERTEX_POINT('',#10935);
#2381=VERTEX_POINT('',#10937);
#2382=VERTEX_POINT('',#10939);
#2383=VERTEX_POINT('',#10941);
#2384=VERTEX_POINT('',#10943);
#2385=VERTEX_POINT('',#10945);
#2386=VERTEX_POINT('',#10947);
#2387=VERTEX_POINT('',#10949);
#2388=VERTEX_POINT('',#10951);
#2389=VERTEX_POINT('',#10956);
#2390=VERTEX_POINT('',#10958);
#2391=VERTEX_POINT('',#10961);
#2392=VERTEX_POINT('',#10963);
#2393=VERTEX_POINT('',#10966);
#2394=VERTEX_POINT('',#10968);
#2395=VERTEX_POINT('',#10971);
#2396=VERTEX_POINT('',#10973);
#2397=VERTEX_POINT('',#10977);
#2398=VERTEX_POINT('',#10980);
#2399=VERTEX_POINT('',#10981);
#2400=VERTEX_POINT('',#10991);
#2401=VERTEX_POINT('',#10992);
#2402=VERTEX_POINT('',#11002);
#2403=VERTEX_POINT('',#11004);
#2404=VERTEX_POINT('',#11013);
#2405=VERTEX_POINT('',#11017);
#2406=EDGE_CURVE('',#1959,#1960,#867,.T.);
#2407=EDGE_CURVE('',#1961,#1959,#868,.T.);
#2408=EDGE_CURVE('',#1962,#1961,#869,.T.);
#2409=EDGE_CURVE('',#1962,#1963,#870,.T.);
#2410=EDGE_CURVE('',#1963,#1964,#871,.T.);
#2411=EDGE_CURVE('',#1965,#1964,#872,.T.);
#2412=EDGE_CURVE('',#1965,#1966,#873,.T.);
#2413=EDGE_CURVE('',#1960,#1966,#874,.T.);
#2414=EDGE_CURVE('',#1967,#1968,#875,.T.);
#2415=EDGE_CURVE('',#1967,#1969,#876,.T.);
#2416=EDGE_CURVE('',#1970,#1969,#877,.T.);
#2417=EDGE_CURVE('',#1970,#1971,#878,.T.);
#2418=EDGE_CURVE('',#1971,#1972,#879,.T.);
#2419=EDGE_CURVE('',#1972,#1973,#880,.T.);
#2420=EDGE_CURVE('',#1973,#1974,#881,.T.);
#2421=EDGE_CURVE('',#1974,#1975,#882,.T.);
#2422=EDGE_CURVE('',#1975,#1976,#883,.T.);
#2423=EDGE_CURVE('',#1976,#1977,#884,.T.);
#2424=EDGE_CURVE('',#1977,#1978,#885,.T.);
#2425=EDGE_CURVE('',#1979,#1978,#886,.T.);
#2426=EDGE_CURVE('',#1980,#1979,#887,.T.);
#2427=EDGE_CURVE('',#1981,#1980,#888,.T.);
#2428=EDGE_CURVE('',#1982,#1981,#889,.T.);
#2429=EDGE_CURVE('',#1983,#1982,#890,.T.);
#2430=EDGE_CURVE('',#1984,#1983,#891,.T.);
#2431=EDGE_CURVE('',#1985,#1984,#892,.T.);
#2432=EDGE_CURVE('',#1985,#1986,#893,.T.);
#2433=EDGE_CURVE('',#1968,#1986,#894,.T.);
#2434=EDGE_CURVE('',#1987,#1959,#895,.T.);
#2435=EDGE_CURVE('',#1988,#1987,#896,.T.);
#2436=EDGE_CURVE('',#1988,#1989,#897,.T.);
#2437=EDGE_CURVE('',#1990,#1989,#898,.T.);
#2438=EDGE_CURVE('',#1991,#1990,#899,.T.);
#2439=EDGE_CURVE('',#1992,#1991,#900,.T.);
#2440=EDGE_CURVE('',#1993,#1992,#901,.T.);
#2441=EDGE_CURVE('',#1994,#1993,#902,.T.);
#2442=EDGE_CURVE('',#1995,#1994,#903,.T.);
#2443=EDGE_CURVE('',#1996,#1995,#904,.T.);
#2444=EDGE_CURVE('',#1996,#1965,#905,.T.);
#2445=EDGE_CURVE('',#1964,#1997,#906,.T.);
#2446=EDGE_CURVE('',#1997,#1998,#907,.T.);
#2447=EDGE_CURVE('',#1998,#1999,#908,.T.);
#2448=EDGE_CURVE('',#1999,#2000,#909,.T.);
#2449=EDGE_CURVE('',#2000,#2001,#910,.T.);
#2450=EDGE_CURVE('',#2001,#2002,#911,.T.);
#2451=EDGE_CURVE('',#1961,#2002,#912,.T.);
#2452=EDGE_CURVE('',#1996,#1978,#913,.T.);
#2453=EDGE_CURVE('',#1995,#1979,#914,.T.);
#2454=EDGE_CURVE('',#2003,#2000,#915,.T.);
#2455=EDGE_CURVE('',#2003,#2004,#916,.T.);
#2456=EDGE_CURVE('',#2004,#2001,#917,.T.);
#2457=EDGE_CURVE('',#2005,#1999,#918,.T.);
#2458=EDGE_CURVE('',#2005,#2003,#919,.T.);
#2459=EDGE_CURVE('',#2006,#1998,#920,.T.);
#2460=EDGE_CURVE('',#2006,#2005,#921,.T.);
#2461=EDGE_CURVE('',#2007,#1997,#922,.T.);
#2462=EDGE_CURVE('',#2007,#2006,#923,.T.);
#2463=EDGE_CURVE('',#1963,#2007,#924,.T.);
#2464=EDGE_CURVE('',#2008,#2002,#925,.T.);
#2465=EDGE_CURVE('',#2008,#1962,#926,.T.);
#2466=EDGE_CURVE('',#2004,#2008,#927,.T.);
#2467=EDGE_CURVE('',#2009,#2010,#928,.T.);
#2468=EDGE_CURVE('',#2009,#2011,#929,.T.);
#2469=EDGE_CURVE('',#2012,#2011,#930,.T.);
#2470=EDGE_CURVE('',#2013,#2012,#931,.T.);
#2471=EDGE_CURVE('',#2014,#2013,#932,.T.);
#2472=EDGE_CURVE('',#2015,#2014,#933,.T.);
#2473=EDGE_CURVE('',#2016,#2015,#934,.T.);
#2474=EDGE_CURVE('',#2010,#2016,#935,.T.);
#2475=EDGE_CURVE('',#2017,#2017,#266,.T.);
#2476=EDGE_CURVE('',#2018,#2018,#267,.T.);
#2477=EDGE_CURVE('',#2019,#2019,#104,.T.);
#2478=EDGE_CURVE('',#2020,#2020,#105,.F.);
#2479=EDGE_CURVE('',#2021,#2021,#106,.F.);
#2480=EDGE_CURVE('',#2022,#2022,#107,.F.);
#2481=EDGE_CURVE('',#2023,#2023,#108,.F.);
#2482=EDGE_CURVE('',#2024,#2024,#109,.T.);
#2483=EDGE_CURVE('',#2025,#2025,#110,.T.);
#2484=EDGE_CURVE('',#2019,#2024,#936,.T.);
#2485=EDGE_CURVE('',#2026,#2026,#111,.T.);
#2486=EDGE_CURVE('',#2027,#2027,#112,.T.);
#2487=EDGE_CURVE('',#2020,#2026,#937,.T.);
#2488=EDGE_CURVE('',#2028,#2028,#113,.T.);
#2489=EDGE_CURVE('',#2029,#2029,#114,.T.);
#2490=EDGE_CURVE('',#2021,#2028,#938,.T.);
#2491=EDGE_CURVE('',#2030,#2030,#115,.T.);
#2492=EDGE_CURVE('',#2031,#2031,#116,.T.);
#2493=EDGE_CURVE('',#2022,#2030,#939,.T.);
#2494=EDGE_CURVE('',#2032,#2032,#117,.T.);
#2495=EDGE_CURVE('',#2033,#2033,#118,.T.);
#2496=EDGE_CURVE('',#2023,#2032,#940,.T.);
#2497=EDGE_CURVE('',#2034,#2034,#268,.F.);
#2498=EDGE_CURVE('',#2035,#2035,#269,.F.);
#2499=EDGE_CURVE('',#2036,#2036,#270,.T.);
#2500=EDGE_CURVE('',#2036,#2035,#941,.T.);
#2501=EDGE_CURVE('',#2034,#2018,#942,.T.);
#2502=EDGE_CURVE('',#2037,#2037,#271,.F.);
#2503=EDGE_CURVE('',#2038,#2038,#272,.F.);
#2504=EDGE_CURVE('',#2039,#2039,#273,.T.);
#2505=EDGE_CURVE('',#2039,#2038,#943,.T.);
#2506=EDGE_CURVE('',#2037,#2017,#944,.T.);
#2507=EDGE_CURVE('',#2029,#2040,#945,.T.);
#2508=EDGE_CURVE('',#2040,#2040,#119,.T.);
#2509=EDGE_CURVE('',#2027,#2041,#946,.T.);
#2510=EDGE_CURVE('',#2041,#2041,#120,.T.);
#2511=EDGE_CURVE('',#2025,#2042,#947,.T.);
#2512=EDGE_CURVE('',#2042,#2042,#121,.T.);
#2513=EDGE_CURVE('',#2033,#2043,#948,.T.);
#2514=EDGE_CURVE('',#2043,#2043,#122,.T.);
#2515=EDGE_CURVE('',#2031,#2044,#949,.T.);
#2516=EDGE_CURVE('',#2044,#2044,#123,.T.);
#2517=EDGE_CURVE('',#1970,#2009,#950,.T.);
#2518=EDGE_CURVE('',#1971,#2010,#951,.T.);
#2519=EDGE_CURVE('',#1972,#2016,#952,.T.);
#2520=EDGE_CURVE('',#1973,#2015,#953,.T.);
#2521=EDGE_CURVE('',#1974,#2014,#954,.T.);
#2522=EDGE_CURVE('',#1975,#2013,#955,.T.);
#2523=EDGE_CURVE('',#1969,#2011,#956,.T.);
#2524=EDGE_CURVE('',#1976,#2012,#957,.T.);
#2525=EDGE_CURVE('',#1967,#2045,#958,.T.);
#2526=EDGE_CURVE('',#2045,#2046,#959,.T.);
#2527=EDGE_CURVE('',#1977,#2046,#960,.T.);
#2528=EDGE_CURVE('',#2047,#2048,#961,.T.);
#2529=EDGE_CURVE('',#2048,#2049,#962,.T.);
#2530=EDGE_CURVE('',#2049,#2050,#963,.T.);
#2531=EDGE_CURVE('',#2050,#2051,#964,.T.);
#2532=EDGE_CURVE('',#2051,#2052,#965,.T.);
#2533=EDGE_CURVE('',#2052,#2053,#966,.T.);
#2534=EDGE_CURVE('',#2053,#2054,#967,.T.);
#2535=EDGE_CURVE('',#2054,#2047,#968,.T.);
#2536=EDGE_CURVE('',#1987,#1968,#969,.T.);
#2537=EDGE_CURVE('',#1988,#1986,#970,.T.);
#2538=EDGE_CURVE('',#1994,#1980,#971,.T.);
#2539=EDGE_CURVE('',#1993,#1981,#972,.T.);
#2540=EDGE_CURVE('',#1992,#1982,#973,.T.);
#2541=EDGE_CURVE('',#1991,#1983,#974,.T.);
#2542=EDGE_CURVE('',#1990,#1984,#975,.T.);
#2543=EDGE_CURVE('',#1989,#1985,#976,.T.);
#2544=EDGE_CURVE('',#2054,#2006,#977,.F.);
#2545=EDGE_CURVE('',#2005,#2053,#978,.T.);
#2546=EDGE_CURVE('',#2003,#2052,#979,.T.);
#2547=EDGE_CURVE('',#2047,#2007,#980,.F.);
#2548=EDGE_CURVE('',#2004,#2051,#981,.T.);
#2549=EDGE_CURVE('',#2048,#1963,#982,.T.);
#2550=EDGE_CURVE('',#2008,#2050,#983,.T.);
#2551=EDGE_CURVE('',#2049,#1962,#984,.T.);
#2552=EDGE_CURVE('',#2045,#1960,#985,.T.);
#2553=EDGE_CURVE('',#2046,#1966,#986,.T.);
#2554=EDGE_CURVE('',#2055,#2056,#987,.T.);
#2555=EDGE_CURVE('',#2057,#2055,#988,.T.);
#2556=EDGE_CURVE('',#2057,#2058,#989,.T.);
#2557=EDGE_CURVE('',#2058,#2056,#990,.T.);
#2558=EDGE_CURVE('',#2059,#2060,#991,.T.);
#2559=EDGE_CURVE('',#2060,#2056,#992,.T.);
#2560=EDGE_CURVE('',#2059,#2058,#993,.T.);
#2561=EDGE_CURVE('',#2060,#2061,#994,.T.);
#2562=EDGE_CURVE('',#2059,#2062,#995,.T.);
#2563=EDGE_CURVE('',#2062,#2061,#996,.T.);
#2564=EDGE_CURVE('',#2061,#2063,#997,.T.);
#2565=EDGE_CURVE('',#2062,#2064,#998,.T.);
#2566=EDGE_CURVE('',#2064,#2063,#999,.T.);
#2567=EDGE_CURVE('',#2063,#2065,#1000,.T.);
#2568=EDGE_CURVE('',#2064,#2066,#1001,.T.);
#2569=EDGE_CURVE('',#2066,#2065,#1002,.T.);
#2570=EDGE_CURVE('',#2065,#2067,#1003,.T.);
#2571=EDGE_CURVE('',#2066,#2068,#1004,.T.);
#2572=EDGE_CURVE('',#2068,#2067,#1005,.T.);
#2573=EDGE_CURVE('',#2069,#2070,#1006,.T.);
#2574=EDGE_CURVE('',#2070,#2067,#1007,.T.);
#2575=EDGE_CURVE('',#2069,#2068,#1008,.T.);
#2576=EDGE_CURVE('',#2070,#2071,#1009,.T.);
#2577=EDGE_CURVE('',#2069,#2072,#1010,.T.);
#2578=EDGE_CURVE('',#2072,#2071,#1011,.T.);
#2579=EDGE_CURVE('',#2073,#2074,#1012,.T.);
#2580=EDGE_CURVE('',#2074,#2071,#1013,.T.);
#2581=EDGE_CURVE('',#2073,#2072,#1014,.T.);
#2582=EDGE_CURVE('',#2075,#2076,#1015,.T.);
#2583=EDGE_CURVE('',#2076,#2074,#1016,.T.);
#2584=EDGE_CURVE('',#2075,#2073,#1017,.T.);
#2585=EDGE_CURVE('',#2077,#2078,#1018,.T.);
#2586=EDGE_CURVE('',#2078,#2076,#1019,.T.);
#2587=EDGE_CURVE('',#2077,#2075,#1020,.T.);
#2588=EDGE_CURVE('',#2055,#2078,#1021,.T.);
#2589=EDGE_CURVE('',#2057,#2077,#1022,.T.);
#2590=EDGE_CURVE('',#2079,#2079,#274,.F.);
#2591=EDGE_CURVE('',#2080,#2081,#275,.T.);
#2592=EDGE_CURVE('',#2081,#2080,#276,.T.);
#2593=EDGE_CURVE('',#2082,#2083,#1023,.T.);
#2594=EDGE_CURVE('',#2082,#2084,#1024,.T.);
#2595=EDGE_CURVE('',#2085,#2084,#1025,.T.);
#2596=EDGE_CURVE('',#2086,#2085,#1026,.T.);
#2597=EDGE_CURVE('',#2087,#2086,#1027,.T.);
#2598=EDGE_CURVE('',#2088,#2087,#1028,.T.);
#2599=EDGE_CURVE('',#2088,#2089,#1029,.T.);
#2600=EDGE_CURVE('',#2090,#2089,#1030,.T.);
#2601=EDGE_CURVE('',#2090,#2091,#1031,.T.);
#2602=EDGE_CURVE('',#2091,#2092,#1032,.T.);
#2603=EDGE_CURVE('',#2092,#2093,#1033,.T.);
#2604=EDGE_CURVE('',#2093,#2083,#1034,.T.);
#2605=EDGE_CURVE('',#2081,#2079,#1035,.T.);
#2606=EDGE_CURVE('',#2094,#2095,#1036,.T.);
#2607=EDGE_CURVE('',#2095,#2096,#1037,.T.);
#2608=EDGE_CURVE('',#2096,#2097,#1038,.T.);
#2609=EDGE_CURVE('',#2097,#2098,#1039,.T.);
#2610=EDGE_CURVE('',#2098,#2099,#1040,.T.);
#2611=EDGE_CURVE('',#2099,#2100,#1041,.T.);
#2612=EDGE_CURVE('',#2100,#2101,#1042,.T.);
#2613=EDGE_CURVE('',#2101,#2102,#1043,.T.);
#2614=EDGE_CURVE('',#2102,#2103,#1044,.T.);
#2615=EDGE_CURVE('',#2103,#2104,#1045,.T.);
#2616=EDGE_CURVE('',#2104,#2105,#1046,.T.);
#2617=EDGE_CURVE('',#2105,#2094,#1047,.T.);
#2618=EDGE_CURVE('',#2084,#2106,#1048,.T.);
#2619=EDGE_CURVE('',#2106,#2107,#1049,.T.);
#2620=EDGE_CURVE('',#2085,#2107,#1050,.T.);
#2621=EDGE_CURVE('',#2107,#2108,#1051,.T.);
#2622=EDGE_CURVE('',#2086,#2108,#1052,.T.);
#2623=EDGE_CURVE('',#2108,#2109,#1053,.T.);
#2624=EDGE_CURVE('',#2087,#2109,#1054,.T.);
#2625=EDGE_CURVE('',#2109,#2110,#1055,.T.);
#2626=EDGE_CURVE('',#2088,#2110,#1056,.T.);
#2627=EDGE_CURVE('',#2110,#2111,#1057,.T.);
#2628=EDGE_CURVE('',#2089,#2111,#1058,.T.);
#2629=EDGE_CURVE('',#2111,#2112,#1059,.T.);
#2630=EDGE_CURVE('',#2090,#2112,#1060,.T.);
#2631=EDGE_CURVE('',#2112,#2113,#1061,.T.);
#2632=EDGE_CURVE('',#2091,#2113,#1062,.T.);
#2633=EDGE_CURVE('',#2113,#2114,#1063,.T.);
#2634=EDGE_CURVE('',#2092,#2114,#1064,.T.);
#2635=EDGE_CURVE('',#2114,#2115,#1065,.T.);
#2636=EDGE_CURVE('',#2093,#2115,#1066,.T.);
#2637=EDGE_CURVE('',#2115,#2116,#1067,.T.);
#2638=EDGE_CURVE('',#2083,#2116,#1068,.T.);
#2639=EDGE_CURVE('',#2116,#2117,#1069,.T.);
#2640=EDGE_CURVE('',#2082,#2117,#1070,.T.);
#2641=EDGE_CURVE('',#2117,#2106,#1071,.T.);
#2642=EDGE_CURVE('',#2113,#2101,#1072,.T.);
#2643=EDGE_CURVE('',#2102,#2112,#1073,.T.);
#2644=EDGE_CURVE('',#2103,#2111,#1074,.T.);
#2645=EDGE_CURVE('',#2114,#2100,#1075,.T.);
#2646=EDGE_CURVE('',#2104,#2110,#1076,.T.);
#2647=EDGE_CURVE('',#2115,#2099,#1077,.T.);
#2648=EDGE_CURVE('',#2105,#2109,#1078,.F.);
#2649=EDGE_CURVE('',#2116,#2098,#1079,.F.);
#2650=EDGE_CURVE('',#2094,#2108,#1080,.F.);
#2651=EDGE_CURVE('',#2117,#2097,#1081,.F.);
#2652=EDGE_CURVE('',#2095,#2107,#1082,.F.);
#2653=EDGE_CURVE('',#2106,#2096,#1083,.T.);
#2654=EDGE_CURVE('',#2118,#2119,#1084,.T.);
#2655=EDGE_CURVE('',#2118,#2120,#1085,.T.);
#2656=EDGE_CURVE('',#2120,#2121,#1086,.T.);
#2657=EDGE_CURVE('',#2121,#2119,#1087,.T.);
#2658=EDGE_CURVE('',#2122,#2123,#1088,.T.);
#2659=EDGE_CURVE('',#2124,#2122,#1089,.T.);
#2660=EDGE_CURVE('',#2125,#2124,#1090,.T.);
#2661=EDGE_CURVE('',#2123,#2125,#1091,.T.);
#2662=EDGE_CURVE('',#2126,#2127,#1092,.T.);
#2663=EDGE_CURVE('',#2126,#2128,#1093,.T.);
#2664=EDGE_CURVE('',#2129,#2128,#1094,.T.);
#2665=EDGE_CURVE('',#2129,#2127,#1095,.T.);
#2666=EDGE_CURVE('',#2130,#2131,#1096,.T.);
#2667=EDGE_CURVE('',#2131,#2119,#1097,.T.);
#2668=EDGE_CURVE('',#2121,#2132,#1098,.T.);
#2669=EDGE_CURVE('',#2133,#2132,#1099,.T.);
#2670=EDGE_CURVE('',#2134,#2133,#1100,.T.);
#2671=EDGE_CURVE('',#2135,#2134,#1101,.T.);
#2672=EDGE_CURVE('',#2136,#2135,#1102,.T.);
#2673=EDGE_CURVE('',#2137,#2136,#1103,.T.);
#2674=EDGE_CURVE('',#2138,#2137,#1104,.T.);
#2675=EDGE_CURVE('',#2139,#2138,#1105,.T.);
#2676=EDGE_CURVE('',#2126,#2139,#1106,.T.);
#2677=EDGE_CURVE('',#2127,#2140,#1107,.T.);
#2678=EDGE_CURVE('',#2140,#2141,#1108,.T.);
#2679=EDGE_CURVE('',#2141,#2142,#1109,.T.);
#2680=EDGE_CURVE('',#2142,#2143,#1110,.T.);
#2681=EDGE_CURVE('',#2143,#2144,#1111,.T.);
#2682=EDGE_CURVE('',#2144,#2145,#1112,.T.);
#2683=EDGE_CURVE('',#2130,#2145,#1113,.T.);
#2684=EDGE_CURVE('',#2146,#2147,#1114,.T.);
#2685=EDGE_CURVE('',#2146,#2148,#1115,.T.);
#2686=EDGE_CURVE('',#2149,#2148,#1116,.T.);
#2687=EDGE_CURVE('',#2149,#2147,#1117,.F.);
#2688=EDGE_CURVE('',#2150,#2151,#1118,.T.);
#2689=EDGE_CURVE('',#2150,#2152,#1119,.T.);
#2690=EDGE_CURVE('',#2152,#2153,#1120,.T.);
#2691=EDGE_CURVE('',#2153,#2154,#1121,.T.);
#2692=EDGE_CURVE('',#2154,#2155,#1122,.T.);
#2693=EDGE_CURVE('',#2155,#2156,#1123,.T.);
#2694=EDGE_CURVE('',#2157,#2156,#1124,.T.);
#2695=EDGE_CURVE('',#2151,#2157,#1125,.T.);
#2696=EDGE_CURVE('',#2123,#2152,#1126,.T.);
#2697=EDGE_CURVE('',#2153,#2125,#1127,.T.);
#2698=EDGE_CURVE('',#2155,#2122,#1128,.T.);
#2699=EDGE_CURVE('',#2154,#2124,#1129,.T.);
#2700=EDGE_CURVE('',#2156,#2158,#1130,.T.);
#2701=EDGE_CURVE('',#2159,#2158,#1131,.T.);
#2702=EDGE_CURVE('',#2157,#2159,#1132,.T.);
#2703=EDGE_CURVE('',#2160,#2161,#1133,.T.);
#2704=EDGE_CURVE('',#2160,#2150,#1134,.T.);
#2705=EDGE_CURVE('',#2151,#2161,#1135,.T.);
#2706=EDGE_CURVE('',#2162,#2158,#1136,.T.);
#2707=EDGE_CURVE('',#2162,#2163,#1137,.T.);
#2708=EDGE_CURVE('',#2163,#2164,#1138,.T.);
#2709=EDGE_CURVE('',#2165,#2164,#1139,.T.);
#2710=EDGE_CURVE('',#2165,#2166,#1140,.T.);
#2711=EDGE_CURVE('',#2166,#2167,#1141,.T.);
#2712=EDGE_CURVE('',#2167,#2168,#1142,.T.);
#2713=EDGE_CURVE('',#2168,#2169,#1143,.T.);
#2714=EDGE_CURVE('',#2169,#2170,#1144,.T.);
#2715=EDGE_CURVE('',#2170,#2129,#1145,.T.);
#2716=EDGE_CURVE('',#2171,#2128,#1146,.T.);
#2717=EDGE_CURVE('',#2160,#2171,#1147,.T.);
#2718=EDGE_CURVE('',#2161,#2159,#1148,.T.);
#2719=EDGE_CURVE('',#2172,#2172,#124,.F.);
#2720=EDGE_CURVE('',#2173,#2173,#125,.F.);
#2721=EDGE_CURVE('',#2174,#2174,#126,.F.);
#2722=EDGE_CURVE('',#2175,#2175,#127,.F.);
#2723=EDGE_CURVE('',#2176,#2176,#128,.F.);
#2724=EDGE_CURVE('',#2177,#2178,#129,.T.);
#2725=EDGE_CURVE('',#2177,#2179,#1149,.T.);
#2726=EDGE_CURVE('',#2180,#2179,#130,.F.);
#2727=EDGE_CURVE('',#2181,#2180,#1150,.T.);
#2728=EDGE_CURVE('',#2181,#2182,#131,.T.);
#2729=EDGE_CURVE('',#2182,#2183,#1151,.T.);
#2730=EDGE_CURVE('',#2184,#2183,#132,.F.);
#2731=EDGE_CURVE('',#2185,#2184,#133,.F.);
#2732=EDGE_CURVE('',#2186,#2185,#1152,.T.);
#2733=EDGE_CURVE('',#2187,#2186,#134,.T.);
#2734=EDGE_CURVE('',#2187,#2188,#1153,.T.);
#2735=EDGE_CURVE('',#2189,#2188,#135,.F.);
#2736=EDGE_CURVE('',#2190,#2189,#1154,.T.);
#2737=EDGE_CURVE('',#2190,#2191,#136,.T.);
#2738=EDGE_CURVE('',#2191,#2192,#1155,.T.);
#2739=EDGE_CURVE('',#2193,#2192,#137,.F.);
#2740=EDGE_CURVE('',#2178,#2193,#1156,.T.);
#2741=EDGE_CURVE('',#2194,#2195,#138,.T.);
#2742=EDGE_CURVE('',#2194,#2196,#1157,.T.);
#2743=EDGE_CURVE('',#2196,#2197,#139,.T.);
#2744=EDGE_CURVE('',#2198,#2197,#1158,.T.);
#2745=EDGE_CURVE('',#2198,#2199,#140,.T.);
#2746=EDGE_CURVE('',#2199,#2200,#1159,.T.);
#2747=EDGE_CURVE('',#2200,#2201,#141,.T.);
#2748=EDGE_CURVE('',#2201,#2202,#142,.T.);
#2749=EDGE_CURVE('',#2203,#2202,#1160,.T.);
#2750=EDGE_CURVE('',#2204,#2203,#143,.T.);
#2751=EDGE_CURVE('',#2204,#2205,#1161,.T.);
#2752=EDGE_CURVE('',#2205,#2206,#144,.T.);
#2753=EDGE_CURVE('',#2207,#2206,#1162,.T.);
#2754=EDGE_CURVE('',#2207,#2208,#145,.T.);
#2755=EDGE_CURVE('',#2208,#2209,#1163,.T.);
#2756=EDGE_CURVE('',#2209,#2210,#146,.T.);
#2757=EDGE_CURVE('',#2195,#2210,#1164,.T.);
#2758=EDGE_CURVE('',#2211,#2212,#147,.T.);
#2759=EDGE_CURVE('',#2211,#2213,#1165,.T.);
#2760=EDGE_CURVE('',#2213,#2214,#148,.T.);
#2761=EDGE_CURVE('',#2215,#2214,#1166,.T.);
#2762=EDGE_CURVE('',#2215,#2216,#149,.T.);
#2763=EDGE_CURVE('',#2216,#2217,#1167,.T.);
#2764=EDGE_CURVE('',#2217,#2218,#150,.T.);
#2765=EDGE_CURVE('',#2219,#2218,#1168,.T.);
#2766=EDGE_CURVE('',#2220,#2219,#151,.T.);
#2767=EDGE_CURVE('',#2220,#2221,#1169,.T.);
#2768=EDGE_CURVE('',#2221,#2222,#152,.T.);
#2769=EDGE_CURVE('',#2223,#2222,#1170,.T.);
#2770=EDGE_CURVE('',#2223,#2224,#153,.T.);
#2771=EDGE_CURVE('',#2224,#2225,#1171,.T.);
#2772=EDGE_CURVE('',#2225,#2226,#154,.T.);
#2773=EDGE_CURVE('',#2226,#2227,#155,.T.);
#2774=EDGE_CURVE('',#2212,#2227,#1172,.T.);
#2775=EDGE_CURVE('',#2228,#2229,#156,.T.);
#2776=EDGE_CURVE('',#2229,#2230,#1173,.T.);
#2777=EDGE_CURVE('',#2231,#2230,#157,.F.);
#2778=EDGE_CURVE('',#2232,#2231,#158,.F.);
#2779=EDGE_CURVE('',#2233,#2232,#1174,.T.);
#2780=EDGE_CURVE('',#2234,#2233,#159,.T.);
#2781=EDGE_CURVE('',#2234,#2235,#1175,.T.);
#2782=EDGE_CURVE('',#2236,#2235,#160,.F.);
#2783=EDGE_CURVE('',#2237,#2236,#1176,.T.);
#2784=EDGE_CURVE('',#2237,#2238,#161,.T.);
#2785=EDGE_CURVE('',#2238,#2239,#1177,.T.);
#2786=EDGE_CURVE('',#2240,#2239,#162,.F.);
#2787=EDGE_CURVE('',#2241,#2240,#1178,.T.);
#2788=EDGE_CURVE('',#2242,#2241,#163,.T.);
#2789=EDGE_CURVE('',#2242,#2243,#1179,.T.);
#2790=EDGE_CURVE('',#2244,#2243,#164,.F.);
#2791=EDGE_CURVE('',#2228,#2244,#1180,.T.);
#2792=EDGE_CURVE('',#2245,#2245,#277,.T.);
#2793=EDGE_CURVE('',#2246,#2246,#278,.T.);
#2794=EDGE_CURVE('',#2247,#2248,#1181,.T.);
#2795=EDGE_CURVE('',#2247,#2249,#1182,.T.);
#2796=EDGE_CURVE('',#2250,#2249,#1183,.T.);
#2797=EDGE_CURVE('',#2250,#2251,#1184,.T.);
#2798=EDGE_CURVE('',#2251,#2252,#1185,.T.);
#2799=EDGE_CURVE('',#2252,#2253,#1186,.T.);
#2800=EDGE_CURVE('',#2253,#2254,#1187,.T.);
#2801=EDGE_CURVE('',#2255,#2254,#1188,.T.);
#2802=EDGE_CURVE('',#2255,#2256,#1189,.T.);
#2803=EDGE_CURVE('',#2257,#2256,#1190,.T.);
#2804=EDGE_CURVE('',#2258,#2257,#1191,.T.);
#2805=EDGE_CURVE('',#2248,#2258,#1192,.T.);
#2806=EDGE_CURVE('',#2147,#2259,#1193,.T.);
#2807=EDGE_CURVE('',#2259,#2260,#1194,.T.);
#2808=EDGE_CURVE('',#2260,#2261,#1195,.T.);
#2809=EDGE_CURVE('',#2261,#2262,#1196,.T.);
#2810=EDGE_CURVE('',#2262,#2263,#1197,.T.);
#2811=EDGE_CURVE('',#2263,#2264,#1198,.T.);
#2812=EDGE_CURVE('',#2264,#2265,#1199,.T.);
#2813=EDGE_CURVE('',#2265,#2266,#1200,.T.);
#2814=EDGE_CURVE('',#2266,#2146,#1201,.T.);
#2815=EDGE_CURVE('',#2267,#2268,#1202,.T.);
#2816=EDGE_CURVE('',#2267,#2269,#1203,.T.);
#2817=EDGE_CURVE('',#2269,#2270,#1204,.T.);
#2818=EDGE_CURVE('',#2270,#2271,#1205,.T.);
#2819=EDGE_CURVE('',#2271,#2272,#1206,.T.);
#2820=EDGE_CURVE('',#2273,#2272,#1207,.T.);
#2821=EDGE_CURVE('',#2273,#2274,#1208,.T.);
#2822=EDGE_CURVE('',#2275,#2274,#1209,.T.);
#2823=EDGE_CURVE('',#2276,#2275,#1210,.T.);
#2824=EDGE_CURVE('',#2277,#2276,#1211,.T.);
#2825=EDGE_CURVE('',#2278,#2277,#1212,.T.);
#2826=EDGE_CURVE('',#2278,#2268,#1213,.T.);
#2827=EDGE_CURVE('',#2279,#2279,#165,.T.);
#2828=EDGE_CURVE('',#2280,#2280,#166,.T.);
#2829=EDGE_CURVE('',#2281,#2281,#167,.T.);
#2830=EDGE_CURVE('',#2282,#2282,#168,.T.);
#2831=EDGE_CURVE('',#2148,#2139,#1214,.T.);
#2832=EDGE_CURVE('',#2149,#2138,#1215,.T.);
#2833=EDGE_CURVE('',#2131,#2163,#1216,.T.);
#2834=EDGE_CURVE('',#2164,#2130,#1217,.T.);
#2835=EDGE_CURVE('',#2165,#2145,#1218,.T.);
#2836=EDGE_CURVE('',#2166,#2144,#1219,.T.);
#2837=EDGE_CURVE('',#2167,#2143,#1220,.T.);
#2838=EDGE_CURVE('',#2168,#2142,#1221,.T.);
#2839=EDGE_CURVE('',#2169,#2141,#1222,.T.);
#2840=EDGE_CURVE('',#2170,#2140,#1223,.T.);
#2841=EDGE_CURVE('',#2283,#2137,#1224,.T.);
#2842=EDGE_CURVE('',#2283,#2149,#1225,.T.);
#2843=EDGE_CURVE('',#2284,#2136,#1226,.T.);
#2844=EDGE_CURVE('',#2284,#2283,#1227,.T.);
#2845=EDGE_CURVE('',#2285,#2135,#1228,.T.);
#2846=EDGE_CURVE('',#2285,#2284,#1229,.T.);
#2847=EDGE_CURVE('',#2286,#2134,#1230,.T.);
#2848=EDGE_CURVE('',#2286,#2285,#1231,.T.);
#2849=EDGE_CURVE('',#2287,#2133,#1232,.T.);
#2850=EDGE_CURVE('',#2287,#2286,#1233,.T.);
#2851=EDGE_CURVE('',#2288,#2132,#1234,.T.);
#2852=EDGE_CURVE('',#2288,#2287,#1235,.T.);
#2853=EDGE_CURVE('',#2120,#2288,#1236,.T.);
#2854=EDGE_CURVE('',#2285,#2261,#1237,.F.);
#2855=EDGE_CURVE('',#2262,#2286,#1238,.F.);
#2856=EDGE_CURVE('',#2263,#2287,#1239,.F.);
#2857=EDGE_CURVE('',#2284,#2260,#1240,.T.);
#2858=EDGE_CURVE('',#2264,#2288,#1241,.T.);
#2859=EDGE_CURVE('',#2283,#2259,#1242,.T.);
#2860=EDGE_CURVE('',#2265,#2120,#1243,.T.);
#2861=EDGE_CURVE('',#2266,#2118,#1244,.T.);
#2862=EDGE_CURVE('',#2289,#2289,#169,.T.);
#2863=EDGE_CURVE('',#2289,#2290,#1245,.T.);
#2864=EDGE_CURVE('',#2290,#2290,#170,.T.);
#2865=EDGE_CURVE('',#2172,#2291,#1246,.T.);
#2866=EDGE_CURVE('',#2291,#2291,#171,.T.);
#2867=EDGE_CURVE('',#2292,#2292,#172,.T.);
#2868=EDGE_CURVE('',#2292,#2293,#1247,.T.);
#2869=EDGE_CURVE('',#2293,#2293,#173,.T.);
#2870=EDGE_CURVE('',#2173,#2294,#1248,.T.);
#2871=EDGE_CURVE('',#2294,#2294,#174,.T.);
#2872=EDGE_CURVE('',#2295,#2295,#175,.T.);
#2873=EDGE_CURVE('',#2295,#2296,#1249,.T.);
#2874=EDGE_CURVE('',#2296,#2296,#176,.T.);
#2875=EDGE_CURVE('',#2174,#2297,#1250,.T.);
#2876=EDGE_CURVE('',#2297,#2297,#177,.T.);
#2877=EDGE_CURVE('',#2298,#2298,#178,.T.);
#2878=EDGE_CURVE('',#2298,#2299,#1251,.T.);
#2879=EDGE_CURVE('',#2299,#2299,#179,.T.);
#2880=EDGE_CURVE('',#2175,#2300,#1252,.T.);
#2881=EDGE_CURVE('',#2300,#2300,#180,.T.);
#2882=EDGE_CURVE('',#2301,#2301,#181,.T.);
#2883=EDGE_CURVE('',#2301,#2302,#1253,.T.);
#2884=EDGE_CURVE('',#2302,#2302,#182,.T.);
#2885=EDGE_CURVE('',#2176,#2303,#1254,.T.);
#2886=EDGE_CURVE('',#2303,#2303,#183,.T.);
#2887=EDGE_CURVE('',#2304,#2225,#1255,.T.);
#2888=EDGE_CURVE('',#2304,#2305,#184,.F.);
#2889=EDGE_CURVE('',#2305,#2222,#1256,.T.);
#2890=EDGE_CURVE('',#2306,#2221,#1257,.T.);
#2891=EDGE_CURVE('',#2306,#2307,#185,.F.);
#2892=EDGE_CURVE('',#2307,#2218,#1258,.T.);
#2893=EDGE_CURVE('',#2308,#2217,#1259,.T.);
#2894=EDGE_CURVE('',#2308,#2309,#186,.F.);
#2895=EDGE_CURVE('',#2309,#2214,#1260,.T.);
#2896=EDGE_CURVE('',#2310,#2213,#1261,.T.);
#2897=EDGE_CURVE('',#2310,#2311,#187,.F.);
#2898=EDGE_CURVE('',#2311,#2227,#1262,.T.);
#2899=EDGE_CURVE('',#2226,#2282,#1263,.T.);
#2900=EDGE_CURVE('',#2248,#2269,#1264,.T.);
#2901=EDGE_CURVE('',#2247,#2267,#1265,.T.);
#2902=EDGE_CURVE('',#2249,#2268,#1266,.T.);
#2903=EDGE_CURVE('',#2250,#2278,#1267,.T.);
#2904=EDGE_CURVE('',#2251,#2277,#1268,.T.);
#2905=EDGE_CURVE('',#2252,#2276,#1269,.T.);
#2906=EDGE_CURVE('',#2253,#2275,#1270,.T.);
#2907=EDGE_CURVE('',#2254,#2274,#1271,.T.);
#2908=EDGE_CURVE('',#2255,#2273,#1272,.T.);
#2909=EDGE_CURVE('',#2256,#2272,#1273,.T.);
#2910=EDGE_CURVE('',#2257,#2271,#1274,.T.);
#2911=EDGE_CURVE('',#2258,#2270,#1275,.T.);
#2912=EDGE_CURVE('',#2312,#2235,#1276,.T.);
#2913=EDGE_CURVE('',#2313,#2312,#188,.T.);
#2914=EDGE_CURVE('',#2313,#2232,#1277,.T.);
#2915=EDGE_CURVE('',#2231,#2281,#1278,.T.);
#2916=EDGE_CURVE('',#2314,#2230,#1279,.T.);
#2917=EDGE_CURVE('',#2315,#2314,#189,.T.);
#2918=EDGE_CURVE('',#2315,#2244,#1280,.T.);
#2919=EDGE_CURVE('',#2316,#2243,#1281,.T.);
#2920=EDGE_CURVE('',#2317,#2316,#190,.T.);
#2921=EDGE_CURVE('',#2317,#2240,#1282,.T.);
#2922=EDGE_CURVE('',#2318,#2239,#1283,.T.);
#2923=EDGE_CURVE('',#2319,#2318,#191,.T.);
#2924=EDGE_CURVE('',#2319,#2236,#1284,.T.);
#2925=EDGE_CURVE('',#2184,#2279,#1285,.T.);
#2926=EDGE_CURVE('',#2320,#2183,#1286,.T.);
#2927=EDGE_CURVE('',#2321,#2320,#192,.T.);
#2928=EDGE_CURVE('',#2321,#2180,#1287,.T.);
#2929=EDGE_CURVE('',#2322,#2179,#1288,.T.);
#2930=EDGE_CURVE('',#2323,#2322,#193,.T.);
#2931=EDGE_CURVE('',#2323,#2193,#1289,.T.);
#2932=EDGE_CURVE('',#2324,#2192,#1290,.T.);
#2933=EDGE_CURVE('',#2325,#2324,#194,.T.);
#2934=EDGE_CURVE('',#2325,#2189,#1291,.T.);
#2935=EDGE_CURVE('',#2326,#2188,#1292,.T.);
#2936=EDGE_CURVE('',#2327,#2326,#195,.T.);
#2937=EDGE_CURVE('',#2327,#2185,#1293,.T.);
#2938=EDGE_CURVE('',#2328,#2205,#1294,.T.);
#2939=EDGE_CURVE('',#2328,#2329,#196,.F.);
#2940=EDGE_CURVE('',#2329,#2202,#1295,.T.);
#2941=EDGE_CURVE('',#2201,#2280,#1296,.T.);
#2942=EDGE_CURVE('',#2330,#2200,#1297,.T.);
#2943=EDGE_CURVE('',#2330,#2331,#197,.F.);
#2944=EDGE_CURVE('',#2331,#2197,#1298,.T.);
#2945=EDGE_CURVE('',#2332,#2196,#1299,.T.);
#2946=EDGE_CURVE('',#2332,#2333,#198,.F.);
#2947=EDGE_CURVE('',#2333,#2210,#1300,.T.);
#2948=EDGE_CURVE('',#2334,#2209,#1301,.T.);
#2949=EDGE_CURVE('',#2334,#2335,#199,.F.);
#2950=EDGE_CURVE('',#2335,#2206,#1302,.T.);
#2951=EDGE_CURVE('',#2327,#2336,#1303,.T.);
#2952=EDGE_CURVE('',#2326,#2337,#1304,.T.);
#2953=EDGE_CURVE('',#2336,#2337,#200,.T.);
#2954=EDGE_CURVE('',#2337,#2187,#1305,.T.);
#2955=EDGE_CURVE('',#2336,#2186,#1306,.T.);
#2956=EDGE_CURVE('',#2338,#2339,#201,.F.);
#2957=EDGE_CURVE('',#2325,#2339,#1307,.T.);
#2958=EDGE_CURVE('',#2324,#2338,#1308,.T.);
#2959=EDGE_CURVE('',#2338,#2191,#1309,.T.);
#2960=EDGE_CURVE('',#2339,#2190,#1310,.T.);
#2961=EDGE_CURVE('',#2340,#2341,#202,.F.);
#2962=EDGE_CURVE('',#2321,#2341,#1311,.T.);
#2963=EDGE_CURVE('',#2320,#2340,#1312,.T.);
#2964=EDGE_CURVE('',#2340,#2182,#1313,.T.);
#2965=EDGE_CURVE('',#2341,#2181,#1314,.T.);
#2966=EDGE_CURVE('',#2322,#2342,#1315,.T.);
#2967=EDGE_CURVE('',#2343,#2342,#203,.T.);
#2968=EDGE_CURVE('',#2323,#2343,#1316,.T.);
#2969=EDGE_CURVE('',#2343,#2178,#1317,.T.);
#2970=EDGE_CURVE('',#2342,#2177,#1318,.T.);
#2971=EDGE_CURVE('',#2329,#2344,#1319,.T.);
#2972=EDGE_CURVE('',#2328,#2345,#1320,.T.);
#2973=EDGE_CURVE('',#2344,#2345,#204,.T.);
#2974=EDGE_CURVE('',#2345,#2204,#1321,.T.);
#2975=EDGE_CURVE('',#2344,#2203,#1322,.T.);
#2976=EDGE_CURVE('',#2346,#2347,#205,.F.);
#2977=EDGE_CURVE('',#2335,#2347,#1323,.T.);
#2978=EDGE_CURVE('',#2334,#2346,#1324,.T.);
#2979=EDGE_CURVE('',#2346,#2208,#1325,.T.);
#2980=EDGE_CURVE('',#2347,#2207,#1326,.T.);
#2981=EDGE_CURVE('',#2348,#2349,#206,.F.);
#2982=EDGE_CURVE('',#2331,#2349,#1327,.T.);
#2983=EDGE_CURVE('',#2330,#2348,#1328,.T.);
#2984=EDGE_CURVE('',#2348,#2199,#1329,.T.);
#2985=EDGE_CURVE('',#2349,#2198,#1330,.T.);
#2986=EDGE_CURVE('',#2332,#2350,#1331,.T.);
#2987=EDGE_CURVE('',#2351,#2350,#207,.T.);
#2988=EDGE_CURVE('',#2333,#2351,#1332,.T.);
#2989=EDGE_CURVE('',#2350,#2194,#1333,.T.);
#2990=EDGE_CURVE('',#2351,#2195,#1334,.T.);
#2991=EDGE_CURVE('',#2352,#2353,#208,.F.);
#2992=EDGE_CURVE('',#2305,#2353,#1335,.T.);
#2993=EDGE_CURVE('',#2304,#2352,#1336,.T.);
#2994=EDGE_CURVE('',#2352,#2224,#1337,.T.);
#2995=EDGE_CURVE('',#2353,#2223,#1338,.T.);
#2996=EDGE_CURVE('',#2307,#2354,#1339,.T.);
#2997=EDGE_CURVE('',#2306,#2355,#1340,.T.);
#2998=EDGE_CURVE('',#2354,#2355,#209,.T.);
#2999=EDGE_CURVE('',#2355,#2220,#1341,.T.);
#3000=EDGE_CURVE('',#2354,#2219,#1342,.T.);
#3001=EDGE_CURVE('',#2308,#2356,#1343,.T.);
#3002=EDGE_CURVE('',#2356,#2357,#210,.F.);
#3003=EDGE_CURVE('',#2309,#2357,#1344,.T.);
#3004=EDGE_CURVE('',#2356,#2216,#1345,.T.);
#3005=EDGE_CURVE('',#2357,#2215,#1346,.T.);
#3006=EDGE_CURVE('',#2310,#2358,#1347,.T.);
#3007=EDGE_CURVE('',#2359,#2358,#211,.T.);
#3008=EDGE_CURVE('',#2311,#2359,#1348,.T.);
#3009=EDGE_CURVE('',#2358,#2211,#1349,.T.);
#3010=EDGE_CURVE('',#2359,#2212,#1350,.T.);
#3011=EDGE_CURVE('',#2318,#2360,#1351,.T.);
#3012=EDGE_CURVE('',#2360,#2361,#212,.F.);
#3013=EDGE_CURVE('',#2319,#2361,#1352,.T.);
#3014=EDGE_CURVE('',#2361,#2237,#1353,.T.);
#3015=EDGE_CURVE('',#2360,#2238,#1354,.T.);
#3016=EDGE_CURVE('',#2316,#2362,#1355,.T.);
#3017=EDGE_CURVE('',#2363,#2362,#213,.T.);
#3018=EDGE_CURVE('',#2317,#2363,#1356,.T.);
#3019=EDGE_CURVE('',#2363,#2241,#1357,.T.);
#3020=EDGE_CURVE('',#2362,#2242,#1358,.T.);
#3021=EDGE_CURVE('',#2312,#2364,#1359,.T.);
#3022=EDGE_CURVE('',#2365,#2364,#214,.T.);
#3023=EDGE_CURVE('',#2313,#2365,#1360,.T.);
#3024=EDGE_CURVE('',#2365,#2233,#1361,.T.);
#3025=EDGE_CURVE('',#2364,#2234,#1362,.T.);
#3026=EDGE_CURVE('',#2314,#2366,#1363,.T.);
#3027=EDGE_CURVE('',#2366,#2367,#215,.F.);
#3028=EDGE_CURVE('',#2315,#2367,#1364,.T.);
#3029=EDGE_CURVE('',#2367,#2228,#1365,.T.);
#3030=EDGE_CURVE('',#2366,#2229,#1366,.T.);
#3031=EDGE_CURVE('',#2368,#2368,#279,.F.);
#3032=EDGE_CURVE('',#2369,#2369,#280,.F.);
#3033=EDGE_CURVE('',#2246,#2369,#1367,.T.);
#3034=EDGE_CURVE('',#2368,#2245,#1368,.T.);
#3035=EDGE_CURVE('',#2266,#2162,#1369,.T.);
#3036=EDGE_CURVE('',#2146,#2171,#1370,.T.);
#3037=EDGE_CURVE('',#2370,#2371,#216,.F.);
#3038=EDGE_CURVE('',#2371,#2372,#1371,.T.);
#3039=EDGE_CURVE('',#2373,#2372,#217,.F.);
#3040=EDGE_CURVE('',#2374,#2373,#1372,.T.);
#3041=EDGE_CURVE('',#2375,#2374,#218,.F.);
#3042=EDGE_CURVE('',#2376,#2375,#1373,.F.);
#3043=EDGE_CURVE('',#2377,#2376,#219,.F.);
#3044=EDGE_CURVE('',#2377,#2378,#1374,.F.);
#3045=EDGE_CURVE('',#2379,#2378,#220,.F.);
#3046=EDGE_CURVE('',#2380,#2379,#1375,.F.);
#3047=EDGE_CURVE('',#2381,#2380,#221,.F.);
#3048=EDGE_CURVE('',#2381,#2382,#1376,.F.);
#3049=EDGE_CURVE('',#2383,#2382,#222,.F.);
#3050=EDGE_CURVE('',#2383,#2384,#1377,.T.);
#3051=EDGE_CURVE('',#2385,#2384,#223,.F.);
#3052=EDGE_CURVE('',#2386,#2385,#1378,.T.);
#3053=EDGE_CURVE('',#2387,#2386,#224,.F.);
#3054=EDGE_CURVE('',#2387,#2388,#1379,.T.);
#3055=EDGE_CURVE('',#2372,#2388,#225,.F.);
#3056=EDGE_CURVE('',#2371,#2370,#226,.F.);
#3057=EDGE_CURVE('',#2386,#2389,#1380,.T.);
#3058=EDGE_CURVE('',#2390,#2389,#1381,.T.);
#3059=EDGE_CURVE('',#2383,#2390,#1382,.T.);
#3060=EDGE_CURVE('',#2391,#2382,#1383,.T.);
#3061=EDGE_CURVE('',#2391,#2392,#1384,.T.);
#3062=EDGE_CURVE('',#2392,#2379,#1385,.T.);
#3063=EDGE_CURVE('',#2393,#2378,#1386,.T.);
#3064=EDGE_CURVE('',#2393,#2394,#1387,.T.);
#3065=EDGE_CURVE('',#2394,#2375,#1388,.T.);
#3066=EDGE_CURVE('',#2374,#2395,#1389,.T.);
#3067=EDGE_CURVE('',#2396,#2395,#1390,.T.);
#3068=EDGE_CURVE('',#2387,#2396,#1391,.T.);
#3069=EDGE_CURVE('',#2397,#2397,#227,.T.);
#3070=EDGE_CURVE('',#2398,#2399,#1392,.T.);
#3071=EDGE_CURVE('',#2398,#2390,#1393,.T.);
#3072=EDGE_CURVE('',#2399,#2389,#1394,.T.);
#3073=EDGE_CURVE('',#2384,#2398,#1395,.T.);
#3074=EDGE_CURVE('',#2385,#2399,#1396,.T.);
#3075=EDGE_CURVE('',#2400,#2401,#1397,.T.);
#3076=EDGE_CURVE('',#2400,#2396,#1398,.T.);
#3077=EDGE_CURVE('',#2401,#2395,#1399,.T.);
#3078=EDGE_CURVE('',#2388,#2400,#1400,.T.);
#3079=EDGE_CURVE('',#2373,#2401,#1401,.T.);
#3080=EDGE_CURVE('',#2402,#2393,#1402,.T.);
#3081=EDGE_CURVE('',#2402,#2403,#1403,.T.);
#3082=EDGE_CURVE('',#2403,#2394,#1404,.T.);
#3083=EDGE_CURVE('',#2403,#2376,#1405,.T.);
#3084=EDGE_CURVE('',#2402,#2377,#1406,.T.);
#3085=EDGE_CURVE('',#2404,#2381,#1407,.T.);
#3086=EDGE_CURVE('',#2404,#2391,#1408,.T.);
#3087=EDGE_CURVE('',#2404,#2405,#1409,.T.);
#3088=EDGE_CURVE('',#2405,#2392,#1410,.T.);
#3089=EDGE_CURVE('',#2405,#2380,#1411,.T.);
#3090=EDGE_CURVE('',#2370,#2397,#1412,.T.);
#3091=ORIENTED_EDGE('',*,*,#2406,.F.);
#3092=ORIENTED_EDGE('',*,*,#2407,.F.);
#3093=ORIENTED_EDGE('',*,*,#2408,.F.);
#3094=ORIENTED_EDGE('',*,*,#2409,.T.);
#3095=ORIENTED_EDGE('',*,*,#2410,.T.);
#3096=ORIENTED_EDGE('',*,*,#2411,.F.);
#3097=ORIENTED_EDGE('',*,*,#2412,.T.);
#3098=ORIENTED_EDGE('',*,*,#2413,.F.);
#3099=ORIENTED_EDGE('',*,*,#2414,.F.);
#3100=ORIENTED_EDGE('',*,*,#2415,.T.);
#3101=ORIENTED_EDGE('',*,*,#2416,.F.);
#3102=ORIENTED_EDGE('',*,*,#2417,.T.);
#3103=ORIENTED_EDGE('',*,*,#2418,.T.);
#3104=ORIENTED_EDGE('',*,*,#2419,.T.);
#3105=ORIENTED_EDGE('',*,*,#2420,.T.);
#3106=ORIENTED_EDGE('',*,*,#2421,.T.);
#3107=ORIENTED_EDGE('',*,*,#2422,.T.);
#3108=ORIENTED_EDGE('',*,*,#2423,.T.);
#3109=ORIENTED_EDGE('',*,*,#2424,.T.);
#3110=ORIENTED_EDGE('',*,*,#2425,.F.);
#3111=ORIENTED_EDGE('',*,*,#2426,.F.);
#3112=ORIENTED_EDGE('',*,*,#2427,.F.);
#3113=ORIENTED_EDGE('',*,*,#2428,.F.);
#3114=ORIENTED_EDGE('',*,*,#2429,.F.);
#3115=ORIENTED_EDGE('',*,*,#2430,.F.);
#3116=ORIENTED_EDGE('',*,*,#2431,.F.);
#3117=ORIENTED_EDGE('',*,*,#2432,.T.);
#3118=ORIENTED_EDGE('',*,*,#2433,.F.);
#3119=ORIENTED_EDGE('',*,*,#2434,.F.);
#3120=ORIENTED_EDGE('',*,*,#2435,.F.);
#3121=ORIENTED_EDGE('',*,*,#2436,.T.);
#3122=ORIENTED_EDGE('',*,*,#2437,.F.);
#3123=ORIENTED_EDGE('',*,*,#2438,.F.);
#3124=ORIENTED_EDGE('',*,*,#2439,.F.);
#3125=ORIENTED_EDGE('',*,*,#2440,.F.);
#3126=ORIENTED_EDGE('',*,*,#2441,.F.);
#3127=ORIENTED_EDGE('',*,*,#2442,.F.);
#3128=ORIENTED_EDGE('',*,*,#2443,.F.);
#3129=ORIENTED_EDGE('',*,*,#2444,.T.);
#3130=ORIENTED_EDGE('',*,*,#2411,.T.);
#3131=ORIENTED_EDGE('',*,*,#2445,.T.);
#3132=ORIENTED_EDGE('',*,*,#2446,.T.);
#3133=ORIENTED_EDGE('',*,*,#2447,.T.);
#3134=ORIENTED_EDGE('',*,*,#2448,.T.);
#3135=ORIENTED_EDGE('',*,*,#2449,.T.);
#3136=ORIENTED_EDGE('',*,*,#2450,.T.);
#3137=ORIENTED_EDGE('',*,*,#2451,.F.);
#3138=ORIENTED_EDGE('',*,*,#2407,.T.);
#3139=ORIENTED_EDGE('',*,*,#2452,.F.);
#3140=ORIENTED_EDGE('',*,*,#2443,.T.);
#3141=ORIENTED_EDGE('',*,*,#2453,.T.);
#3142=ORIENTED_EDGE('',*,*,#2425,.T.);
#3143=ORIENTED_EDGE('',*,*,#2454,.F.);
#3144=ORIENTED_EDGE('',*,*,#2455,.T.);
#3145=ORIENTED_EDGE('',*,*,#2456,.T.);
#3146=ORIENTED_EDGE('',*,*,#2449,.F.);
#3147=ORIENTED_EDGE('',*,*,#2457,.F.);
#3148=ORIENTED_EDGE('',*,*,#2458,.T.);
#3149=ORIENTED_EDGE('',*,*,#2454,.T.);
#3150=ORIENTED_EDGE('',*,*,#2448,.F.);
#3151=ORIENTED_EDGE('',*,*,#2459,.F.);
#3152=ORIENTED_EDGE('',*,*,#2460,.T.);
#3153=ORIENTED_EDGE('',*,*,#2457,.T.);
#3154=ORIENTED_EDGE('',*,*,#2447,.F.);
#3155=ORIENTED_EDGE('',*,*,#2461,.F.);
#3156=ORIENTED_EDGE('',*,*,#2462,.T.);
#3157=ORIENTED_EDGE('',*,*,#2459,.T.);
#3158=ORIENTED_EDGE('',*,*,#2446,.F.);
#3159=ORIENTED_EDGE('',*,*,#2410,.F.);
#3160=ORIENTED_EDGE('',*,*,#2463,.T.);
#3161=ORIENTED_EDGE('',*,*,#2461,.T.);
#3162=ORIENTED_EDGE('',*,*,#2445,.F.);
#3163=ORIENTED_EDGE('',*,*,#2464,.F.);
#3164=ORIENTED_EDGE('',*,*,#2465,.T.);
#3165=ORIENTED_EDGE('',*,*,#2408,.T.);
#3166=ORIENTED_EDGE('',*,*,#2451,.T.);
#3167=ORIENTED_EDGE('',*,*,#2456,.F.);
#3168=ORIENTED_EDGE('',*,*,#2466,.T.);
#3169=ORIENTED_EDGE('',*,*,#2464,.T.);
#3170=ORIENTED_EDGE('',*,*,#2450,.F.);
#3171=ORIENTED_EDGE('',*,*,#2467,.F.);
#3172=ORIENTED_EDGE('',*,*,#2468,.T.);
#3173=ORIENTED_EDGE('',*,*,#2469,.F.);
#3174=ORIENTED_EDGE('',*,*,#2470,.F.);
#3175=ORIENTED_EDGE('',*,*,#2471,.F.);
#3176=ORIENTED_EDGE('',*,*,#2472,.F.);
#3177=ORIENTED_EDGE('',*,*,#2473,.F.);
#3178=ORIENTED_EDGE('',*,*,#2474,.F.);
#3179=ORIENTED_EDGE('',*,*,#2475,.F.);
#3180=ORIENTED_EDGE('',*,*,#2476,.F.);
#3181=ORIENTED_EDGE('',*,*,#2477,.F.);
#3182=ORIENTED_EDGE('',*,*,#2478,.F.);
#3183=ORIENTED_EDGE('',*,*,#2479,.F.);
#3184=ORIENTED_EDGE('',*,*,#2480,.F.);
#3185=ORIENTED_EDGE('',*,*,#2481,.F.);
#3186=ORIENTED_EDGE('',*,*,#2482,.F.);
#3187=ORIENTED_EDGE('',*,*,#2483,.F.);
#3188=ORIENTED_EDGE('',*,*,#2477,.T.);
#3189=ORIENTED_EDGE('',*,*,#2484,.T.);
#3190=ORIENTED_EDGE('',*,*,#2482,.T.);
#3191=ORIENTED_EDGE('',*,*,#2484,.F.);
#3192=ORIENTED_EDGE('',*,*,#2485,.F.);
#3193=ORIENTED_EDGE('',*,*,#2486,.F.);
#3194=ORIENTED_EDGE('',*,*,#2478,.T.);
#3195=ORIENTED_EDGE('',*,*,#2487,.T.);
#3196=ORIENTED_EDGE('',*,*,#2485,.T.);
#3197=ORIENTED_EDGE('',*,*,#2487,.F.);
#3198=ORIENTED_EDGE('',*,*,#2488,.F.);
#3199=ORIENTED_EDGE('',*,*,#2489,.F.);
#3200=ORIENTED_EDGE('',*,*,#2479,.T.);
#3201=ORIENTED_EDGE('',*,*,#2490,.T.);
#3202=ORIENTED_EDGE('',*,*,#2488,.T.);
#3203=ORIENTED_EDGE('',*,*,#2490,.F.);
#3204=ORIENTED_EDGE('',*,*,#2491,.F.);
#3205=ORIENTED_EDGE('',*,*,#2492,.F.);
#3206=ORIENTED_EDGE('',*,*,#2480,.T.);
#3207=ORIENTED_EDGE('',*,*,#2493,.T.);
#3208=ORIENTED_EDGE('',*,*,#2491,.T.);
#3209=ORIENTED_EDGE('',*,*,#2493,.F.);
#3210=ORIENTED_EDGE('',*,*,#2494,.F.);
#3211=ORIENTED_EDGE('',*,*,#2495,.F.);
#3212=ORIENTED_EDGE('',*,*,#2481,.T.);
#3213=ORIENTED_EDGE('',*,*,#2496,.T.);
#3214=ORIENTED_EDGE('',*,*,#2494,.T.);
#3215=ORIENTED_EDGE('',*,*,#2496,.F.);
#3216=ORIENTED_EDGE('',*,*,#2497,.F.);
#3217=ORIENTED_EDGE('',*,*,#2498,.T.);
#3218=ORIENTED_EDGE('',*,*,#2499,.F.);
#3219=ORIENTED_EDGE('',*,*,#2500,.T.);
#3220=ORIENTED_EDGE('',*,*,#2498,.F.);
#3221=ORIENTED_EDGE('',*,*,#2500,.F.);
#3222=ORIENTED_EDGE('',*,*,#2497,.T.);
#3223=ORIENTED_EDGE('',*,*,#2501,.T.);
#3224=ORIENTED_EDGE('',*,*,#2476,.T.);
#3225=ORIENTED_EDGE('',*,*,#2501,.F.);
#3226=ORIENTED_EDGE('',*,*,#2499,.T.);
#3227=ORIENTED_EDGE('',*,*,#2502,.F.);
#3228=ORIENTED_EDGE('',*,*,#2503,.T.);
#3229=ORIENTED_EDGE('',*,*,#2504,.F.);
#3230=ORIENTED_EDGE('',*,*,#2505,.T.);
#3231=ORIENTED_EDGE('',*,*,#2503,.F.);
#3232=ORIENTED_EDGE('',*,*,#2505,.F.);
#3233=ORIENTED_EDGE('',*,*,#2502,.T.);
#3234=ORIENTED_EDGE('',*,*,#2506,.T.);
#3235=ORIENTED_EDGE('',*,*,#2475,.T.);
#3236=ORIENTED_EDGE('',*,*,#2506,.F.);
#3237=ORIENTED_EDGE('',*,*,#2504,.T.);
#3238=ORIENTED_EDGE('',*,*,#2489,.T.);
#3239=ORIENTED_EDGE('',*,*,#2507,.T.);
#3240=ORIENTED_EDGE('',*,*,#2508,.F.);
#3241=ORIENTED_EDGE('',*,*,#2507,.F.);
#3242=ORIENTED_EDGE('',*,*,#2508,.T.);
#3243=ORIENTED_EDGE('',*,*,#2486,.T.);
#3244=ORIENTED_EDGE('',*,*,#2509,.T.);
#3245=ORIENTED_EDGE('',*,*,#2510,.F.);
#3246=ORIENTED_EDGE('',*,*,#2509,.F.);
#3247=ORIENTED_EDGE('',*,*,#2510,.T.);
#3248=ORIENTED_EDGE('',*,*,#2483,.T.);
#3249=ORIENTED_EDGE('',*,*,#2511,.T.);
#3250=ORIENTED_EDGE('',*,*,#2512,.F.);
#3251=ORIENTED_EDGE('',*,*,#2511,.F.);
#3252=ORIENTED_EDGE('',*,*,#2512,.T.);
#3253=ORIENTED_EDGE('',*,*,#2495,.T.);
#3254=ORIENTED_EDGE('',*,*,#2513,.T.);
#3255=ORIENTED_EDGE('',*,*,#2514,.F.);
#3256=ORIENTED_EDGE('',*,*,#2513,.F.);
#3257=ORIENTED_EDGE('',*,*,#2514,.T.);
#3258=ORIENTED_EDGE('',*,*,#2492,.T.);
#3259=ORIENTED_EDGE('',*,*,#2515,.T.);
#3260=ORIENTED_EDGE('',*,*,#2516,.F.);
#3261=ORIENTED_EDGE('',*,*,#2515,.F.);
#3262=ORIENTED_EDGE('',*,*,#2516,.T.);
#3263=ORIENTED_EDGE('',*,*,#2417,.F.);
#3264=ORIENTED_EDGE('',*,*,#2517,.T.);
#3265=ORIENTED_EDGE('',*,*,#2467,.T.);
#3266=ORIENTED_EDGE('',*,*,#2518,.F.);
#3267=ORIENTED_EDGE('',*,*,#2418,.F.);
#3268=ORIENTED_EDGE('',*,*,#2518,.T.);
#3269=ORIENTED_EDGE('',*,*,#2474,.T.);
#3270=ORIENTED_EDGE('',*,*,#2519,.F.);
#3271=ORIENTED_EDGE('',*,*,#2419,.F.);
#3272=ORIENTED_EDGE('',*,*,#2519,.T.);
#3273=ORIENTED_EDGE('',*,*,#2473,.T.);
#3274=ORIENTED_EDGE('',*,*,#2520,.F.);
#3275=ORIENTED_EDGE('',*,*,#2420,.F.);
#3276=ORIENTED_EDGE('',*,*,#2520,.T.);
#3277=ORIENTED_EDGE('',*,*,#2472,.T.);
#3278=ORIENTED_EDGE('',*,*,#2521,.F.);
#3279=ORIENTED_EDGE('',*,*,#2421,.F.);
#3280=ORIENTED_EDGE('',*,*,#2521,.T.);
#3281=ORIENTED_EDGE('',*,*,#2471,.T.);
#3282=ORIENTED_EDGE('',*,*,#2522,.F.);
#3283=ORIENTED_EDGE('',*,*,#2517,.F.);
#3284=ORIENTED_EDGE('',*,*,#2416,.T.);
#3285=ORIENTED_EDGE('',*,*,#2523,.T.);
#3286=ORIENTED_EDGE('',*,*,#2468,.F.);
#3287=ORIENTED_EDGE('',*,*,#2422,.F.);
#3288=ORIENTED_EDGE('',*,*,#2522,.T.);
#3289=ORIENTED_EDGE('',*,*,#2470,.T.);
#3290=ORIENTED_EDGE('',*,*,#2524,.F.);
#3291=ORIENTED_EDGE('',*,*,#2415,.F.);
#3292=ORIENTED_EDGE('',*,*,#2525,.T.);
#3293=ORIENTED_EDGE('',*,*,#2526,.T.);
#3294=ORIENTED_EDGE('',*,*,#2527,.F.);
#3295=ORIENTED_EDGE('',*,*,#2423,.F.);
#3296=ORIENTED_EDGE('',*,*,#2524,.T.);
#3297=ORIENTED_EDGE('',*,*,#2469,.T.);
#3298=ORIENTED_EDGE('',*,*,#2523,.F.);
#3299=ORIENTED_EDGE('',*,*,#2528,.T.);
#3300=ORIENTED_EDGE('',*,*,#2529,.T.);
#3301=ORIENTED_EDGE('',*,*,#2530,.T.);
#3302=ORIENTED_EDGE('',*,*,#2531,.T.);
#3303=ORIENTED_EDGE('',*,*,#2532,.T.);
#3304=ORIENTED_EDGE('',*,*,#2533,.T.);
#3305=ORIENTED_EDGE('',*,*,#2534,.T.);
#3306=ORIENTED_EDGE('',*,*,#2535,.T.);
#3307=ORIENTED_EDGE('',*,*,#2435,.T.);
#3308=ORIENTED_EDGE('',*,*,#2536,.T.);
#3309=ORIENTED_EDGE('',*,*,#2433,.T.);
#3310=ORIENTED_EDGE('',*,*,#2537,.F.);
#3311=ORIENTED_EDGE('',*,*,#2442,.T.);
#3312=ORIENTED_EDGE('',*,*,#2538,.T.);
#3313=ORIENTED_EDGE('',*,*,#2426,.T.);
#3314=ORIENTED_EDGE('',*,*,#2453,.F.);
#3315=ORIENTED_EDGE('',*,*,#2441,.T.);
#3316=ORIENTED_EDGE('',*,*,#2539,.T.);
#3317=ORIENTED_EDGE('',*,*,#2427,.T.);
#3318=ORIENTED_EDGE('',*,*,#2538,.F.);
#3319=ORIENTED_EDGE('',*,*,#2440,.T.);
#3320=ORIENTED_EDGE('',*,*,#2540,.T.);
#3321=ORIENTED_EDGE('',*,*,#2428,.T.);
#3322=ORIENTED_EDGE('',*,*,#2539,.F.);
#3323=ORIENTED_EDGE('',*,*,#2439,.T.);
#3324=ORIENTED_EDGE('',*,*,#2541,.T.);
#3325=ORIENTED_EDGE('',*,*,#2429,.T.);
#3326=ORIENTED_EDGE('',*,*,#2540,.F.);
#3327=ORIENTED_EDGE('',*,*,#2438,.T.);
#3328=ORIENTED_EDGE('',*,*,#2542,.T.);
#3329=ORIENTED_EDGE('',*,*,#2430,.T.);
#3330=ORIENTED_EDGE('',*,*,#2541,.F.);
#3331=ORIENTED_EDGE('',*,*,#2437,.T.);
#3332=ORIENTED_EDGE('',*,*,#2543,.T.);
#3333=ORIENTED_EDGE('',*,*,#2431,.T.);
#3334=ORIENTED_EDGE('',*,*,#2542,.F.);
#3335=ORIENTED_EDGE('',*,*,#2537,.T.);
#3336=ORIENTED_EDGE('',*,*,#2432,.F.);
#3337=ORIENTED_EDGE('',*,*,#2543,.F.);
#3338=ORIENTED_EDGE('',*,*,#2436,.F.);
#3339=ORIENTED_EDGE('',*,*,#2544,.F.);
#3340=ORIENTED_EDGE('',*,*,#2534,.F.);
#3341=ORIENTED_EDGE('',*,*,#2545,.F.);
#3342=ORIENTED_EDGE('',*,*,#2460,.F.);
#3343=ORIENTED_EDGE('',*,*,#2545,.T.);
#3344=ORIENTED_EDGE('',*,*,#2533,.F.);
#3345=ORIENTED_EDGE('',*,*,#2546,.F.);
#3346=ORIENTED_EDGE('',*,*,#2458,.F.);
#3347=ORIENTED_EDGE('',*,*,#2544,.T.);
#3348=ORIENTED_EDGE('',*,*,#2462,.F.);
#3349=ORIENTED_EDGE('',*,*,#2547,.F.);
#3350=ORIENTED_EDGE('',*,*,#2535,.F.);
#3351=ORIENTED_EDGE('',*,*,#2546,.T.);
#3352=ORIENTED_EDGE('',*,*,#2532,.F.);
#3353=ORIENTED_EDGE('',*,*,#2548,.F.);
#3354=ORIENTED_EDGE('',*,*,#2455,.F.);
#3355=ORIENTED_EDGE('',*,*,#2547,.T.);
#3356=ORIENTED_EDGE('',*,*,#2463,.F.);
#3357=ORIENTED_EDGE('',*,*,#2549,.F.);
#3358=ORIENTED_EDGE('',*,*,#2528,.F.);
#3359=ORIENTED_EDGE('',*,*,#2548,.T.);
#3360=ORIENTED_EDGE('',*,*,#2531,.F.);
#3361=ORIENTED_EDGE('',*,*,#2550,.F.);
#3362=ORIENTED_EDGE('',*,*,#2466,.F.);
#3363=ORIENTED_EDGE('',*,*,#2549,.T.);
#3364=ORIENTED_EDGE('',*,*,#2409,.F.);
#3365=ORIENTED_EDGE('',*,*,#2551,.F.);
#3366=ORIENTED_EDGE('',*,*,#2529,.F.);
#3367=ORIENTED_EDGE('',*,*,#2550,.T.);
#3368=ORIENTED_EDGE('',*,*,#2530,.F.);
#3369=ORIENTED_EDGE('',*,*,#2551,.T.);
#3370=ORIENTED_EDGE('',*,*,#2465,.F.);
#3371=ORIENTED_EDGE('',*,*,#2552,.T.);
#3372=ORIENTED_EDGE('',*,*,#2413,.T.);
#3373=ORIENTED_EDGE('',*,*,#2553,.F.);
#3374=ORIENTED_EDGE('',*,*,#2526,.F.);
#3375=ORIENTED_EDGE('',*,*,#2414,.T.);
#3376=ORIENTED_EDGE('',*,*,#2536,.F.);
#3377=ORIENTED_EDGE('',*,*,#2434,.T.);
#3378=ORIENTED_EDGE('',*,*,#2406,.T.);
#3379=ORIENTED_EDGE('',*,*,#2552,.F.);
#3380=ORIENTED_EDGE('',*,*,#2525,.F.);
#3381=ORIENTED_EDGE('',*,*,#2527,.T.);
#3382=ORIENTED_EDGE('',*,*,#2553,.T.);
#3383=ORIENTED_EDGE('',*,*,#2412,.F.);
#3384=ORIENTED_EDGE('',*,*,#2444,.F.);
#3385=ORIENTED_EDGE('',*,*,#2452,.T.);
#3386=ORIENTED_EDGE('',*,*,#2424,.F.);
#3387=ORIENTED_EDGE('',*,*,#2554,.F.);
#3388=ORIENTED_EDGE('',*,*,#2555,.F.);
#3389=ORIENTED_EDGE('',*,*,#2556,.T.);
#3390=ORIENTED_EDGE('',*,*,#2557,.T.);
#3391=ORIENTED_EDGE('',*,*,#2558,.T.);
#3392=ORIENTED_EDGE('',*,*,#2559,.T.);
#3393=ORIENTED_EDGE('',*,*,#2557,.F.);
#3394=ORIENTED_EDGE('',*,*,#2560,.F.);
#3395=ORIENTED_EDGE('',*,*,#2561,.F.);
#3396=ORIENTED_EDGE('',*,*,#2558,.F.);
#3397=ORIENTED_EDGE('',*,*,#2562,.T.);
#3398=ORIENTED_EDGE('',*,*,#2563,.T.);
#3399=ORIENTED_EDGE('',*,*,#2564,.F.);
#3400=ORIENTED_EDGE('',*,*,#2563,.F.);
#3401=ORIENTED_EDGE('',*,*,#2565,.T.);
#3402=ORIENTED_EDGE('',*,*,#2566,.T.);
#3403=ORIENTED_EDGE('',*,*,#2567,.F.);
#3404=ORIENTED_EDGE('',*,*,#2566,.F.);
#3405=ORIENTED_EDGE('',*,*,#2568,.T.);
#3406=ORIENTED_EDGE('',*,*,#2569,.T.);
#3407=ORIENTED_EDGE('',*,*,#2570,.F.);
#3408=ORIENTED_EDGE('',*,*,#2569,.F.);
#3409=ORIENTED_EDGE('',*,*,#2571,.T.);
#3410=ORIENTED_EDGE('',*,*,#2572,.T.);
#3411=ORIENTED_EDGE('',*,*,#2573,.T.);
#3412=ORIENTED_EDGE('',*,*,#2574,.T.);
#3413=ORIENTED_EDGE('',*,*,#2572,.F.);
#3414=ORIENTED_EDGE('',*,*,#2575,.F.);
#3415=ORIENTED_EDGE('',*,*,#2576,.F.);
#3416=ORIENTED_EDGE('',*,*,#2573,.F.);
#3417=ORIENTED_EDGE('',*,*,#2577,.T.);
#3418=ORIENTED_EDGE('',*,*,#2578,.T.);
#3419=ORIENTED_EDGE('',*,*,#2579,.T.);
#3420=ORIENTED_EDGE('',*,*,#2580,.T.);
#3421=ORIENTED_EDGE('',*,*,#2578,.F.);
#3422=ORIENTED_EDGE('',*,*,#2581,.F.);
#3423=ORIENTED_EDGE('',*,*,#2582,.T.);
#3424=ORIENTED_EDGE('',*,*,#2583,.T.);
#3425=ORIENTED_EDGE('',*,*,#2579,.F.);
#3426=ORIENTED_EDGE('',*,*,#2584,.F.);
#3427=ORIENTED_EDGE('',*,*,#2585,.T.);
#3428=ORIENTED_EDGE('',*,*,#2586,.T.);
#3429=ORIENTED_EDGE('',*,*,#2582,.F.);
#3430=ORIENTED_EDGE('',*,*,#2587,.F.);
#3431=ORIENTED_EDGE('',*,*,#2555,.T.);
#3432=ORIENTED_EDGE('',*,*,#2588,.T.);
#3433=ORIENTED_EDGE('',*,*,#2585,.F.);
#3434=ORIENTED_EDGE('',*,*,#2589,.F.);
#3435=ORIENTED_EDGE('',*,*,#2560,.T.);
#3436=ORIENTED_EDGE('',*,*,#2556,.F.);
#3437=ORIENTED_EDGE('',*,*,#2589,.T.);
#3438=ORIENTED_EDGE('',*,*,#2587,.T.);
#3439=ORIENTED_EDGE('',*,*,#2584,.T.);
#3440=ORIENTED_EDGE('',*,*,#2581,.T.);
#3441=ORIENTED_EDGE('',*,*,#2577,.F.);
#3442=ORIENTED_EDGE('',*,*,#2575,.T.);
#3443=ORIENTED_EDGE('',*,*,#2571,.F.);
#3444=ORIENTED_EDGE('',*,*,#2568,.F.);
#3445=ORIENTED_EDGE('',*,*,#2565,.F.);
#3446=ORIENTED_EDGE('',*,*,#2562,.F.);
#3447=ORIENTED_EDGE('',*,*,#2590,.T.);
#3448=ORIENTED_EDGE('',*,*,#2588,.F.);
#3449=ORIENTED_EDGE('',*,*,#2554,.T.);
#3450=ORIENTED_EDGE('',*,*,#2559,.F.);
#3451=ORIENTED_EDGE('',*,*,#2561,.T.);
#3452=ORIENTED_EDGE('',*,*,#2564,.T.);
#3453=ORIENTED_EDGE('',*,*,#2567,.T.);
#3454=ORIENTED_EDGE('',*,*,#2570,.T.);
#3455=ORIENTED_EDGE('',*,*,#2574,.F.);
#3456=ORIENTED_EDGE('',*,*,#2576,.T.);
#3457=ORIENTED_EDGE('',*,*,#2580,.F.);
#3458=ORIENTED_EDGE('',*,*,#2583,.F.);
#3459=ORIENTED_EDGE('',*,*,#2586,.F.);
#3460=ORIENTED_EDGE('',*,*,#2591,.T.);
#3461=ORIENTED_EDGE('',*,*,#2592,.T.);
#3462=ORIENTED_EDGE('',*,*,#2593,.F.);
#3463=ORIENTED_EDGE('',*,*,#2594,.T.);
#3464=ORIENTED_EDGE('',*,*,#2595,.F.);
#3465=ORIENTED_EDGE('',*,*,#2596,.F.);
#3466=ORIENTED_EDGE('',*,*,#2597,.F.);
#3467=ORIENTED_EDGE('',*,*,#2598,.F.);
#3468=ORIENTED_EDGE('',*,*,#2599,.T.);
#3469=ORIENTED_EDGE('',*,*,#2600,.F.);
#3470=ORIENTED_EDGE('',*,*,#2601,.T.);
#3471=ORIENTED_EDGE('',*,*,#2602,.T.);
#3472=ORIENTED_EDGE('',*,*,#2603,.T.);
#3473=ORIENTED_EDGE('',*,*,#2604,.T.);
#3474=ORIENTED_EDGE('',*,*,#2591,.F.);
#3475=ORIENTED_EDGE('',*,*,#2592,.F.);
#3476=ORIENTED_EDGE('',*,*,#2605,.T.);
#3477=ORIENTED_EDGE('',*,*,#2590,.F.);
#3478=ORIENTED_EDGE('',*,*,#2605,.F.);
#3479=ORIENTED_EDGE('',*,*,#2606,.T.);
#3480=ORIENTED_EDGE('',*,*,#2607,.T.);
#3481=ORIENTED_EDGE('',*,*,#2608,.T.);
#3482=ORIENTED_EDGE('',*,*,#2609,.T.);
#3483=ORIENTED_EDGE('',*,*,#2610,.T.);
#3484=ORIENTED_EDGE('',*,*,#2611,.T.);
#3485=ORIENTED_EDGE('',*,*,#2612,.T.);
#3486=ORIENTED_EDGE('',*,*,#2613,.T.);
#3487=ORIENTED_EDGE('',*,*,#2614,.T.);
#3488=ORIENTED_EDGE('',*,*,#2615,.T.);
#3489=ORIENTED_EDGE('',*,*,#2616,.T.);
#3490=ORIENTED_EDGE('',*,*,#2617,.T.);
#3491=ORIENTED_EDGE('',*,*,#2618,.T.);
#3492=ORIENTED_EDGE('',*,*,#2619,.T.);
#3493=ORIENTED_EDGE('',*,*,#2620,.F.);
#3494=ORIENTED_EDGE('',*,*,#2595,.T.);
#3495=ORIENTED_EDGE('',*,*,#2620,.T.);
#3496=ORIENTED_EDGE('',*,*,#2621,.T.);
#3497=ORIENTED_EDGE('',*,*,#2622,.F.);
#3498=ORIENTED_EDGE('',*,*,#2596,.T.);
#3499=ORIENTED_EDGE('',*,*,#2622,.T.);
#3500=ORIENTED_EDGE('',*,*,#2623,.T.);
#3501=ORIENTED_EDGE('',*,*,#2624,.F.);
#3502=ORIENTED_EDGE('',*,*,#2597,.T.);
#3503=ORIENTED_EDGE('',*,*,#2624,.T.);
#3504=ORIENTED_EDGE('',*,*,#2625,.T.);
#3505=ORIENTED_EDGE('',*,*,#2626,.F.);
#3506=ORIENTED_EDGE('',*,*,#2598,.T.);
#3507=ORIENTED_EDGE('',*,*,#2626,.T.);
#3508=ORIENTED_EDGE('',*,*,#2627,.T.);
#3509=ORIENTED_EDGE('',*,*,#2628,.F.);
#3510=ORIENTED_EDGE('',*,*,#2599,.F.);
#3511=ORIENTED_EDGE('',*,*,#2628,.T.);
#3512=ORIENTED_EDGE('',*,*,#2629,.T.);
#3513=ORIENTED_EDGE('',*,*,#2630,.F.);
#3514=ORIENTED_EDGE('',*,*,#2600,.T.);
#3515=ORIENTED_EDGE('',*,*,#2630,.T.);
#3516=ORIENTED_EDGE('',*,*,#2631,.T.);
#3517=ORIENTED_EDGE('',*,*,#2632,.F.);
#3518=ORIENTED_EDGE('',*,*,#2601,.F.);
#3519=ORIENTED_EDGE('',*,*,#2632,.T.);
#3520=ORIENTED_EDGE('',*,*,#2633,.T.);
#3521=ORIENTED_EDGE('',*,*,#2634,.F.);
#3522=ORIENTED_EDGE('',*,*,#2602,.F.);
#3523=ORIENTED_EDGE('',*,*,#2634,.T.);
#3524=ORIENTED_EDGE('',*,*,#2635,.T.);
#3525=ORIENTED_EDGE('',*,*,#2636,.F.);
#3526=ORIENTED_EDGE('',*,*,#2603,.F.);
#3527=ORIENTED_EDGE('',*,*,#2636,.T.);
#3528=ORIENTED_EDGE('',*,*,#2637,.T.);
#3529=ORIENTED_EDGE('',*,*,#2638,.F.);
#3530=ORIENTED_EDGE('',*,*,#2604,.F.);
#3531=ORIENTED_EDGE('',*,*,#2638,.T.);
#3532=ORIENTED_EDGE('',*,*,#2639,.T.);
#3533=ORIENTED_EDGE('',*,*,#2640,.F.);
#3534=ORIENTED_EDGE('',*,*,#2593,.T.);
#3535=ORIENTED_EDGE('',*,*,#2640,.T.);
#3536=ORIENTED_EDGE('',*,*,#2641,.T.);
#3537=ORIENTED_EDGE('',*,*,#2618,.F.);
#3538=ORIENTED_EDGE('',*,*,#2594,.F.);
#3539=ORIENTED_EDGE('',*,*,#2642,.F.);
#3540=ORIENTED_EDGE('',*,*,#2631,.F.);
#3541=ORIENTED_EDGE('',*,*,#2643,.F.);
#3542=ORIENTED_EDGE('',*,*,#2613,.F.);
#3543=ORIENTED_EDGE('',*,*,#2643,.T.);
#3544=ORIENTED_EDGE('',*,*,#2629,.F.);
#3545=ORIENTED_EDGE('',*,*,#2644,.F.);
#3546=ORIENTED_EDGE('',*,*,#2614,.F.);
#3547=ORIENTED_EDGE('',*,*,#2642,.T.);
#3548=ORIENTED_EDGE('',*,*,#2612,.F.);
#3549=ORIENTED_EDGE('',*,*,#2645,.F.);
#3550=ORIENTED_EDGE('',*,*,#2633,.F.);
#3551=ORIENTED_EDGE('',*,*,#2644,.T.);
#3552=ORIENTED_EDGE('',*,*,#2627,.F.);
#3553=ORIENTED_EDGE('',*,*,#2646,.F.);
#3554=ORIENTED_EDGE('',*,*,#2615,.F.);
#3555=ORIENTED_EDGE('',*,*,#2645,.T.);
#3556=ORIENTED_EDGE('',*,*,#2611,.F.);
#3557=ORIENTED_EDGE('',*,*,#2647,.F.);
#3558=ORIENTED_EDGE('',*,*,#2635,.F.);
#3559=ORIENTED_EDGE('',*,*,#2646,.T.);
#3560=ORIENTED_EDGE('',*,*,#2625,.F.);
#3561=ORIENTED_EDGE('',*,*,#2648,.F.);
#3562=ORIENTED_EDGE('',*,*,#2616,.F.);
#3563=ORIENTED_EDGE('',*,*,#2647,.T.);
#3564=ORIENTED_EDGE('',*,*,#2610,.F.);
#3565=ORIENTED_EDGE('',*,*,#2649,.F.);
#3566=ORIENTED_EDGE('',*,*,#2637,.F.);
#3567=ORIENTED_EDGE('',*,*,#2648,.T.);
#3568=ORIENTED_EDGE('',*,*,#2623,.F.);
#3569=ORIENTED_EDGE('',*,*,#2650,.F.);
#3570=ORIENTED_EDGE('',*,*,#2617,.F.);
#3571=ORIENTED_EDGE('',*,*,#2649,.T.);
#3572=ORIENTED_EDGE('',*,*,#2609,.F.);
#3573=ORIENTED_EDGE('',*,*,#2651,.F.);
#3574=ORIENTED_EDGE('',*,*,#2639,.F.);
#3575=ORIENTED_EDGE('',*,*,#2650,.T.);
#3576=ORIENTED_EDGE('',*,*,#2621,.F.);
#3577=ORIENTED_EDGE('',*,*,#2652,.F.);
#3578=ORIENTED_EDGE('',*,*,#2606,.F.);
#3579=ORIENTED_EDGE('',*,*,#2651,.T.);
#3580=ORIENTED_EDGE('',*,*,#2608,.F.);
#3581=ORIENTED_EDGE('',*,*,#2653,.F.);
#3582=ORIENTED_EDGE('',*,*,#2641,.F.);
#3583=ORIENTED_EDGE('',*,*,#2652,.T.);
#3584=ORIENTED_EDGE('',*,*,#2619,.F.);
#3585=ORIENTED_EDGE('',*,*,#2653,.T.);
#3586=ORIENTED_EDGE('',*,*,#2607,.F.);
#3587=ORIENTED_EDGE('',*,*,#2654,.F.);
#3588=ORIENTED_EDGE('',*,*,#2655,.T.);
#3589=ORIENTED_EDGE('',*,*,#2656,.T.);
#3590=ORIENTED_EDGE('',*,*,#2657,.T.);
#3591=ORIENTED_EDGE('',*,*,#2658,.F.);
#3592=ORIENTED_EDGE('',*,*,#2659,.F.);
#3593=ORIENTED_EDGE('',*,*,#2660,.F.);
#3594=ORIENTED_EDGE('',*,*,#2661,.F.);
#3595=ORIENTED_EDGE('',*,*,#2662,.F.);
#3596=ORIENTED_EDGE('',*,*,#2663,.T.);
#3597=ORIENTED_EDGE('',*,*,#2664,.F.);
#3598=ORIENTED_EDGE('',*,*,#2665,.T.);
#3599=ORIENTED_EDGE('',*,*,#2666,.T.);
#3600=ORIENTED_EDGE('',*,*,#2667,.T.);
#3601=ORIENTED_EDGE('',*,*,#2657,.F.);
#3602=ORIENTED_EDGE('',*,*,#2668,.T.);
#3603=ORIENTED_EDGE('',*,*,#2669,.F.);
#3604=ORIENTED_EDGE('',*,*,#2670,.F.);
#3605=ORIENTED_EDGE('',*,*,#2671,.F.);
#3606=ORIENTED_EDGE('',*,*,#2672,.F.);
#3607=ORIENTED_EDGE('',*,*,#2673,.F.);
#3608=ORIENTED_EDGE('',*,*,#2674,.F.);
#3609=ORIENTED_EDGE('',*,*,#2675,.F.);
#3610=ORIENTED_EDGE('',*,*,#2676,.F.);
#3611=ORIENTED_EDGE('',*,*,#2662,.T.);
#3612=ORIENTED_EDGE('',*,*,#2677,.T.);
#3613=ORIENTED_EDGE('',*,*,#2678,.T.);
#3614=ORIENTED_EDGE('',*,*,#2679,.T.);
#3615=ORIENTED_EDGE('',*,*,#2680,.T.);
#3616=ORIENTED_EDGE('',*,*,#2681,.T.);
#3617=ORIENTED_EDGE('',*,*,#2682,.T.);
#3618=ORIENTED_EDGE('',*,*,#2683,.F.);
#3619=ORIENTED_EDGE('',*,*,#2684,.F.);
#3620=ORIENTED_EDGE('',*,*,#2685,.T.);
#3621=ORIENTED_EDGE('',*,*,#2686,.F.);
#3622=ORIENTED_EDGE('',*,*,#2687,.T.);
#3623=ORIENTED_EDGE('',*,*,#2688,.F.);
#3624=ORIENTED_EDGE('',*,*,#2689,.T.);
#3625=ORIENTED_EDGE('',*,*,#2690,.T.);
#3626=ORIENTED_EDGE('',*,*,#2691,.T.);
#3627=ORIENTED_EDGE('',*,*,#2692,.T.);
#3628=ORIENTED_EDGE('',*,*,#2693,.T.);
#3629=ORIENTED_EDGE('',*,*,#2694,.F.);
#3630=ORIENTED_EDGE('',*,*,#2695,.F.);
#3631=ORIENTED_EDGE('',*,*,#2696,.F.);
#3632=ORIENTED_EDGE('',*,*,#2661,.T.);
#3633=ORIENTED_EDGE('',*,*,#2697,.F.);
#3634=ORIENTED_EDGE('',*,*,#2690,.F.);
#3635=ORIENTED_EDGE('',*,*,#2698,.F.);
#3636=ORIENTED_EDGE('',*,*,#2692,.F.);
#3637=ORIENTED_EDGE('',*,*,#2699,.T.);
#3638=ORIENTED_EDGE('',*,*,#2659,.T.);
#3639=ORIENTED_EDGE('',*,*,#2694,.T.);
#3640=ORIENTED_EDGE('',*,*,#2700,.T.);
#3641=ORIENTED_EDGE('',*,*,#2701,.F.);
#3642=ORIENTED_EDGE('',*,*,#2702,.F.);
#3643=ORIENTED_EDGE('',*,*,#2703,.F.);
#3644=ORIENTED_EDGE('',*,*,#2704,.T.);
#3645=ORIENTED_EDGE('',*,*,#2688,.T.);
#3646=ORIENTED_EDGE('',*,*,#2705,.T.);
#3647=ORIENTED_EDGE('',*,*,#2706,.F.);
#3648=ORIENTED_EDGE('',*,*,#2707,.T.);
#3649=ORIENTED_EDGE('',*,*,#2708,.T.);
#3650=ORIENTED_EDGE('',*,*,#2709,.F.);
#3651=ORIENTED_EDGE('',*,*,#2710,.T.);
#3652=ORIENTED_EDGE('',*,*,#2711,.T.);
#3653=ORIENTED_EDGE('',*,*,#2712,.T.);
#3654=ORIENTED_EDGE('',*,*,#2713,.T.);
#3655=ORIENTED_EDGE('',*,*,#2714,.T.);
#3656=ORIENTED_EDGE('',*,*,#2715,.T.);
#3657=ORIENTED_EDGE('',*,*,#2664,.T.);
#3658=ORIENTED_EDGE('',*,*,#2716,.F.);
#3659=ORIENTED_EDGE('',*,*,#2717,.F.);
#3660=ORIENTED_EDGE('',*,*,#2703,.T.);
#3661=ORIENTED_EDGE('',*,*,#2718,.T.);
#3662=ORIENTED_EDGE('',*,*,#2701,.T.);
#3663=ORIENTED_EDGE('',*,*,#2719,.F.);
#3664=ORIENTED_EDGE('',*,*,#2720,.F.);
#3665=ORIENTED_EDGE('',*,*,#2721,.F.);
#3666=ORIENTED_EDGE('',*,*,#2722,.F.);
#3667=ORIENTED_EDGE('',*,*,#2723,.F.);
#3668=ORIENTED_EDGE('',*,*,#2724,.F.);
#3669=ORIENTED_EDGE('',*,*,#2725,.T.);
#3670=ORIENTED_EDGE('',*,*,#2726,.F.);
#3671=ORIENTED_EDGE('',*,*,#2727,.F.);
#3672=ORIENTED_EDGE('',*,*,#2728,.T.);
#3673=ORIENTED_EDGE('',*,*,#2729,.T.);
#3674=ORIENTED_EDGE('',*,*,#2730,.F.);
#3675=ORIENTED_EDGE('',*,*,#2731,.F.);
#3676=ORIENTED_EDGE('',*,*,#2732,.F.);
#3677=ORIENTED_EDGE('',*,*,#2733,.F.);
#3678=ORIENTED_EDGE('',*,*,#2734,.T.);
#3679=ORIENTED_EDGE('',*,*,#2735,.F.);
#3680=ORIENTED_EDGE('',*,*,#2736,.F.);
#3681=ORIENTED_EDGE('',*,*,#2737,.T.);
#3682=ORIENTED_EDGE('',*,*,#2738,.T.);
#3683=ORIENTED_EDGE('',*,*,#2739,.F.);
#3684=ORIENTED_EDGE('',*,*,#2740,.F.);
#3685=ORIENTED_EDGE('',*,*,#2741,.F.);
#3686=ORIENTED_EDGE('',*,*,#2742,.T.);
#3687=ORIENTED_EDGE('',*,*,#2743,.T.);
#3688=ORIENTED_EDGE('',*,*,#2744,.F.);
#3689=ORIENTED_EDGE('',*,*,#2745,.T.);
#3690=ORIENTED_EDGE('',*,*,#2746,.T.);
#3691=ORIENTED_EDGE('',*,*,#2747,.T.);
#3692=ORIENTED_EDGE('',*,*,#2748,.T.);
#3693=ORIENTED_EDGE('',*,*,#2749,.F.);
#3694=ORIENTED_EDGE('',*,*,#2750,.F.);
#3695=ORIENTED_EDGE('',*,*,#2751,.T.);
#3696=ORIENTED_EDGE('',*,*,#2752,.T.);
#3697=ORIENTED_EDGE('',*,*,#2753,.F.);
#3698=ORIENTED_EDGE('',*,*,#2754,.T.);
#3699=ORIENTED_EDGE('',*,*,#2755,.T.);
#3700=ORIENTED_EDGE('',*,*,#2756,.T.);
#3701=ORIENTED_EDGE('',*,*,#2757,.F.);
#3702=ORIENTED_EDGE('',*,*,#2758,.F.);
#3703=ORIENTED_EDGE('',*,*,#2759,.T.);
#3704=ORIENTED_EDGE('',*,*,#2760,.T.);
#3705=ORIENTED_EDGE('',*,*,#2761,.F.);
#3706=ORIENTED_EDGE('',*,*,#2762,.T.);
#3707=ORIENTED_EDGE('',*,*,#2763,.T.);
#3708=ORIENTED_EDGE('',*,*,#2764,.T.);
#3709=ORIENTED_EDGE('',*,*,#2765,.F.);
#3710=ORIENTED_EDGE('',*,*,#2766,.F.);
#3711=ORIENTED_EDGE('',*,*,#2767,.T.);
#3712=ORIENTED_EDGE('',*,*,#2768,.T.);
#3713=ORIENTED_EDGE('',*,*,#2769,.F.);
#3714=ORIENTED_EDGE('',*,*,#2770,.T.);
#3715=ORIENTED_EDGE('',*,*,#2771,.T.);
#3716=ORIENTED_EDGE('',*,*,#2772,.T.);
#3717=ORIENTED_EDGE('',*,*,#2773,.T.);
#3718=ORIENTED_EDGE('',*,*,#2774,.F.);
#3719=ORIENTED_EDGE('',*,*,#2775,.T.);
#3720=ORIENTED_EDGE('',*,*,#2776,.T.);
#3721=ORIENTED_EDGE('',*,*,#2777,.F.);
#3722=ORIENTED_EDGE('',*,*,#2778,.F.);
#3723=ORIENTED_EDGE('',*,*,#2779,.F.);
#3724=ORIENTED_EDGE('',*,*,#2780,.F.);
#3725=ORIENTED_EDGE('',*,*,#2781,.T.);
#3726=ORIENTED_EDGE('',*,*,#2782,.F.);
#3727=ORIENTED_EDGE('',*,*,#2783,.F.);
#3728=ORIENTED_EDGE('',*,*,#2784,.T.);
#3729=ORIENTED_EDGE('',*,*,#2785,.T.);
#3730=ORIENTED_EDGE('',*,*,#2786,.F.);
#3731=ORIENTED_EDGE('',*,*,#2787,.F.);
#3732=ORIENTED_EDGE('',*,*,#2788,.F.);
#3733=ORIENTED_EDGE('',*,*,#2789,.T.);
#3734=ORIENTED_EDGE('',*,*,#2790,.F.);
#3735=ORIENTED_EDGE('',*,*,#2791,.F.);
#3736=ORIENTED_EDGE('',*,*,#2792,.F.);
#3737=ORIENTED_EDGE('',*,*,#2793,.T.);
#3738=ORIENTED_EDGE('',*,*,#2794,.F.);
#3739=ORIENTED_EDGE('',*,*,#2795,.T.);
#3740=ORIENTED_EDGE('',*,*,#2796,.F.);
#3741=ORIENTED_EDGE('',*,*,#2797,.T.);
#3742=ORIENTED_EDGE('',*,*,#2798,.T.);
#3743=ORIENTED_EDGE('',*,*,#2799,.T.);
#3744=ORIENTED_EDGE('',*,*,#2800,.T.);
#3745=ORIENTED_EDGE('',*,*,#2801,.F.);
#3746=ORIENTED_EDGE('',*,*,#2802,.T.);
#3747=ORIENTED_EDGE('',*,*,#2803,.F.);
#3748=ORIENTED_EDGE('',*,*,#2804,.F.);
#3749=ORIENTED_EDGE('',*,*,#2805,.F.);
#3750=ORIENTED_EDGE('',*,*,#2806,.T.);
#3751=ORIENTED_EDGE('',*,*,#2807,.T.);
#3752=ORIENTED_EDGE('',*,*,#2808,.T.);
#3753=ORIENTED_EDGE('',*,*,#2809,.T.);
#3754=ORIENTED_EDGE('',*,*,#2810,.T.);
#3755=ORIENTED_EDGE('',*,*,#2811,.T.);
#3756=ORIENTED_EDGE('',*,*,#2812,.T.);
#3757=ORIENTED_EDGE('',*,*,#2813,.T.);
#3758=ORIENTED_EDGE('',*,*,#2814,.T.);
#3759=ORIENTED_EDGE('',*,*,#2684,.T.);
#3760=ORIENTED_EDGE('',*,*,#2815,.F.);
#3761=ORIENTED_EDGE('',*,*,#2816,.T.);
#3762=ORIENTED_EDGE('',*,*,#2817,.T.);
#3763=ORIENTED_EDGE('',*,*,#2818,.T.);
#3764=ORIENTED_EDGE('',*,*,#2819,.T.);
#3765=ORIENTED_EDGE('',*,*,#2820,.F.);
#3766=ORIENTED_EDGE('',*,*,#2821,.T.);
#3767=ORIENTED_EDGE('',*,*,#2822,.F.);
#3768=ORIENTED_EDGE('',*,*,#2823,.F.);
#3769=ORIENTED_EDGE('',*,*,#2824,.F.);
#3770=ORIENTED_EDGE('',*,*,#2825,.F.);
#3771=ORIENTED_EDGE('',*,*,#2826,.T.);
#3772=ORIENTED_EDGE('',*,*,#2827,.T.);
#3773=ORIENTED_EDGE('',*,*,#2828,.F.);
#3774=ORIENTED_EDGE('',*,*,#2829,.T.);
#3775=ORIENTED_EDGE('',*,*,#2830,.F.);
#3776=ORIENTED_EDGE('',*,*,#2686,.T.);
#3777=ORIENTED_EDGE('',*,*,#2831,.T.);
#3778=ORIENTED_EDGE('',*,*,#2675,.T.);
#3779=ORIENTED_EDGE('',*,*,#2832,.F.);
#3780=ORIENTED_EDGE('',*,*,#2833,.F.);
#3781=ORIENTED_EDGE('',*,*,#2666,.F.);
#3782=ORIENTED_EDGE('',*,*,#2834,.F.);
#3783=ORIENTED_EDGE('',*,*,#2708,.F.);
#3784=ORIENTED_EDGE('',*,*,#2835,.F.);
#3785=ORIENTED_EDGE('',*,*,#2709,.T.);
#3786=ORIENTED_EDGE('',*,*,#2834,.T.);
#3787=ORIENTED_EDGE('',*,*,#2683,.T.);
#3788=ORIENTED_EDGE('',*,*,#2710,.F.);
#3789=ORIENTED_EDGE('',*,*,#2835,.T.);
#3790=ORIENTED_EDGE('',*,*,#2682,.F.);
#3791=ORIENTED_EDGE('',*,*,#2836,.F.);
#3792=ORIENTED_EDGE('',*,*,#2711,.F.);
#3793=ORIENTED_EDGE('',*,*,#2836,.T.);
#3794=ORIENTED_EDGE('',*,*,#2681,.F.);
#3795=ORIENTED_EDGE('',*,*,#2837,.F.);
#3796=ORIENTED_EDGE('',*,*,#2712,.F.);
#3797=ORIENTED_EDGE('',*,*,#2837,.T.);
#3798=ORIENTED_EDGE('',*,*,#2680,.F.);
#3799=ORIENTED_EDGE('',*,*,#2838,.F.);
#3800=ORIENTED_EDGE('',*,*,#2713,.F.);
#3801=ORIENTED_EDGE('',*,*,#2838,.T.);
#3802=ORIENTED_EDGE('',*,*,#2679,.F.);
#3803=ORIENTED_EDGE('',*,*,#2839,.F.);
#3804=ORIENTED_EDGE('',*,*,#2714,.F.);
#3805=ORIENTED_EDGE('',*,*,#2839,.T.);
#3806=ORIENTED_EDGE('',*,*,#2678,.F.);
#3807=ORIENTED_EDGE('',*,*,#2840,.F.);
#3808=ORIENTED_EDGE('',*,*,#2715,.F.);
#3809=ORIENTED_EDGE('',*,*,#2840,.T.);
#3810=ORIENTED_EDGE('',*,*,#2677,.F.);
#3811=ORIENTED_EDGE('',*,*,#2665,.F.);
#3812=ORIENTED_EDGE('',*,*,#2841,.F.);
#3813=ORIENTED_EDGE('',*,*,#2842,.T.);
#3814=ORIENTED_EDGE('',*,*,#2832,.T.);
#3815=ORIENTED_EDGE('',*,*,#2674,.T.);
#3816=ORIENTED_EDGE('',*,*,#2843,.F.);
#3817=ORIENTED_EDGE('',*,*,#2844,.T.);
#3818=ORIENTED_EDGE('',*,*,#2841,.T.);
#3819=ORIENTED_EDGE('',*,*,#2673,.T.);
#3820=ORIENTED_EDGE('',*,*,#2845,.F.);
#3821=ORIENTED_EDGE('',*,*,#2846,.T.);
#3822=ORIENTED_EDGE('',*,*,#2843,.T.);
#3823=ORIENTED_EDGE('',*,*,#2672,.T.);
#3824=ORIENTED_EDGE('',*,*,#2847,.F.);
#3825=ORIENTED_EDGE('',*,*,#2848,.T.);
#3826=ORIENTED_EDGE('',*,*,#2845,.T.);
#3827=ORIENTED_EDGE('',*,*,#2671,.T.);
#3828=ORIENTED_EDGE('',*,*,#2849,.F.);
#3829=ORIENTED_EDGE('',*,*,#2850,.T.);
#3830=ORIENTED_EDGE('',*,*,#2847,.T.);
#3831=ORIENTED_EDGE('',*,*,#2670,.T.);
#3832=ORIENTED_EDGE('',*,*,#2851,.F.);
#3833=ORIENTED_EDGE('',*,*,#2852,.T.);
#3834=ORIENTED_EDGE('',*,*,#2849,.T.);
#3835=ORIENTED_EDGE('',*,*,#2669,.T.);
#3836=ORIENTED_EDGE('',*,*,#2656,.F.);
#3837=ORIENTED_EDGE('',*,*,#2853,.T.);
#3838=ORIENTED_EDGE('',*,*,#2851,.T.);
#3839=ORIENTED_EDGE('',*,*,#2668,.F.);
#3840=ORIENTED_EDGE('',*,*,#2854,.F.);
#3841=ORIENTED_EDGE('',*,*,#2848,.F.);
#3842=ORIENTED_EDGE('',*,*,#2855,.F.);
#3843=ORIENTED_EDGE('',*,*,#2809,.F.);
#3844=ORIENTED_EDGE('',*,*,#2855,.T.);
#3845=ORIENTED_EDGE('',*,*,#2850,.F.);
#3846=ORIENTED_EDGE('',*,*,#2856,.F.);
#3847=ORIENTED_EDGE('',*,*,#2810,.F.);
#3848=ORIENTED_EDGE('',*,*,#2854,.T.);
#3849=ORIENTED_EDGE('',*,*,#2808,.F.);
#3850=ORIENTED_EDGE('',*,*,#2857,.F.);
#3851=ORIENTED_EDGE('',*,*,#2846,.F.);
#3852=ORIENTED_EDGE('',*,*,#2856,.T.);
#3853=ORIENTED_EDGE('',*,*,#2852,.F.);
#3854=ORIENTED_EDGE('',*,*,#2858,.F.);
#3855=ORIENTED_EDGE('',*,*,#2811,.F.);
#3856=ORIENTED_EDGE('',*,*,#2857,.T.);
#3857=ORIENTED_EDGE('',*,*,#2807,.F.);
#3858=ORIENTED_EDGE('',*,*,#2859,.F.);
#3859=ORIENTED_EDGE('',*,*,#2844,.F.);
#3860=ORIENTED_EDGE('',*,*,#2858,.T.);
#3861=ORIENTED_EDGE('',*,*,#2853,.F.);
#3862=ORIENTED_EDGE('',*,*,#2860,.F.);
#3863=ORIENTED_EDGE('',*,*,#2812,.F.);
#3864=ORIENTED_EDGE('',*,*,#2859,.T.);
#3865=ORIENTED_EDGE('',*,*,#2806,.F.);
#3866=ORIENTED_EDGE('',*,*,#2687,.F.);
#3867=ORIENTED_EDGE('',*,*,#2842,.F.);
#3868=ORIENTED_EDGE('',*,*,#2861,.F.);
#3869=ORIENTED_EDGE('',*,*,#2813,.F.);
#3870=ORIENTED_EDGE('',*,*,#2860,.T.);
#3871=ORIENTED_EDGE('',*,*,#2655,.F.);
#3872=ORIENTED_EDGE('',*,*,#2862,.T.);
#3873=ORIENTED_EDGE('',*,*,#2863,.T.);
#3874=ORIENTED_EDGE('',*,*,#2864,.F.);
#3875=ORIENTED_EDGE('',*,*,#2863,.F.);
#3876=ORIENTED_EDGE('',*,*,#2719,.T.);
#3877=ORIENTED_EDGE('',*,*,#2865,.T.);
#3878=ORIENTED_EDGE('',*,*,#2866,.F.);
#3879=ORIENTED_EDGE('',*,*,#2865,.F.);
#3880=ORIENTED_EDGE('',*,*,#2866,.T.);
#3881=ORIENTED_EDGE('',*,*,#2862,.F.);
#3882=ORIENTED_EDGE('',*,*,#2864,.T.);
#3883=ORIENTED_EDGE('',*,*,#2867,.T.);
#3884=ORIENTED_EDGE('',*,*,#2868,.T.);
#3885=ORIENTED_EDGE('',*,*,#2869,.F.);
#3886=ORIENTED_EDGE('',*,*,#2868,.F.);
#3887=ORIENTED_EDGE('',*,*,#2720,.T.);
#3888=ORIENTED_EDGE('',*,*,#2870,.T.);
#3889=ORIENTED_EDGE('',*,*,#2871,.F.);
#3890=ORIENTED_EDGE('',*,*,#2870,.F.);
#3891=ORIENTED_EDGE('',*,*,#2871,.T.);
#3892=ORIENTED_EDGE('',*,*,#2867,.F.);
#3893=ORIENTED_EDGE('',*,*,#2869,.T.);
#3894=ORIENTED_EDGE('',*,*,#2872,.T.);
#3895=ORIENTED_EDGE('',*,*,#2873,.T.);
#3896=ORIENTED_EDGE('',*,*,#2874,.F.);
#3897=ORIENTED_EDGE('',*,*,#2873,.F.);
#3898=ORIENTED_EDGE('',*,*,#2721,.T.);
#3899=ORIENTED_EDGE('',*,*,#2875,.T.);
#3900=ORIENTED_EDGE('',*,*,#2876,.F.);
#3901=ORIENTED_EDGE('',*,*,#2875,.F.);
#3902=ORIENTED_EDGE('',*,*,#2876,.T.);
#3903=ORIENTED_EDGE('',*,*,#2872,.F.);
#3904=ORIENTED_EDGE('',*,*,#2874,.T.);
#3905=ORIENTED_EDGE('',*,*,#2877,.T.);
#3906=ORIENTED_EDGE('',*,*,#2878,.T.);
#3907=ORIENTED_EDGE('',*,*,#2879,.F.);
#3908=ORIENTED_EDGE('',*,*,#2878,.F.);
#3909=ORIENTED_EDGE('',*,*,#2722,.T.);
#3910=ORIENTED_EDGE('',*,*,#2880,.T.);
#3911=ORIENTED_EDGE('',*,*,#2881,.F.);
#3912=ORIENTED_EDGE('',*,*,#2880,.F.);
#3913=ORIENTED_EDGE('',*,*,#2881,.T.);
#3914=ORIENTED_EDGE('',*,*,#2877,.F.);
#3915=ORIENTED_EDGE('',*,*,#2879,.T.);
#3916=ORIENTED_EDGE('',*,*,#2882,.T.);
#3917=ORIENTED_EDGE('',*,*,#2883,.T.);
#3918=ORIENTED_EDGE('',*,*,#2884,.F.);
#3919=ORIENTED_EDGE('',*,*,#2883,.F.);
#3920=ORIENTED_EDGE('',*,*,#2723,.T.);
#3921=ORIENTED_EDGE('',*,*,#2885,.T.);
#3922=ORIENTED_EDGE('',*,*,#2886,.F.);
#3923=ORIENTED_EDGE('',*,*,#2885,.F.);
#3924=ORIENTED_EDGE('',*,*,#2886,.T.);
#3925=ORIENTED_EDGE('',*,*,#2882,.F.);
#3926=ORIENTED_EDGE('',*,*,#2884,.T.);
#3927=ORIENTED_EDGE('',*,*,#2772,.F.);
#3928=ORIENTED_EDGE('',*,*,#2887,.F.);
#3929=ORIENTED_EDGE('',*,*,#2888,.T.);
#3930=ORIENTED_EDGE('',*,*,#2889,.T.);
#3931=ORIENTED_EDGE('',*,*,#2768,.F.);
#3932=ORIENTED_EDGE('',*,*,#2890,.F.);
#3933=ORIENTED_EDGE('',*,*,#2891,.T.);
#3934=ORIENTED_EDGE('',*,*,#2892,.T.);
#3935=ORIENTED_EDGE('',*,*,#2764,.F.);
#3936=ORIENTED_EDGE('',*,*,#2893,.F.);
#3937=ORIENTED_EDGE('',*,*,#2894,.T.);
#3938=ORIENTED_EDGE('',*,*,#2895,.T.);
#3939=ORIENTED_EDGE('',*,*,#2760,.F.);
#3940=ORIENTED_EDGE('',*,*,#2896,.F.);
#3941=ORIENTED_EDGE('',*,*,#2897,.T.);
#3942=ORIENTED_EDGE('',*,*,#2898,.T.);
#3943=ORIENTED_EDGE('',*,*,#2773,.F.);
#3944=ORIENTED_EDGE('',*,*,#2899,.T.);
#3945=ORIENTED_EDGE('',*,*,#2830,.T.);
#3946=ORIENTED_EDGE('',*,*,#2899,.F.);
#3947=ORIENTED_EDGE('',*,*,#2794,.T.);
#3948=ORIENTED_EDGE('',*,*,#2900,.T.);
#3949=ORIENTED_EDGE('',*,*,#2816,.F.);
#3950=ORIENTED_EDGE('',*,*,#2901,.F.);
#3951=ORIENTED_EDGE('',*,*,#2901,.T.);
#3952=ORIENTED_EDGE('',*,*,#2815,.T.);
#3953=ORIENTED_EDGE('',*,*,#2902,.F.);
#3954=ORIENTED_EDGE('',*,*,#2795,.F.);
#3955=ORIENTED_EDGE('',*,*,#2796,.T.);
#3956=ORIENTED_EDGE('',*,*,#2902,.T.);
#3957=ORIENTED_EDGE('',*,*,#2826,.F.);
#3958=ORIENTED_EDGE('',*,*,#2903,.F.);
#3959=ORIENTED_EDGE('',*,*,#2903,.T.);
#3960=ORIENTED_EDGE('',*,*,#2825,.T.);
#3961=ORIENTED_EDGE('',*,*,#2904,.F.);
#3962=ORIENTED_EDGE('',*,*,#2797,.F.);
#3963=ORIENTED_EDGE('',*,*,#2904,.T.);
#3964=ORIENTED_EDGE('',*,*,#2824,.T.);
#3965=ORIENTED_EDGE('',*,*,#2905,.F.);
#3966=ORIENTED_EDGE('',*,*,#2798,.F.);
#3967=ORIENTED_EDGE('',*,*,#2905,.T.);
#3968=ORIENTED_EDGE('',*,*,#2823,.T.);
#3969=ORIENTED_EDGE('',*,*,#2906,.F.);
#3970=ORIENTED_EDGE('',*,*,#2799,.F.);
#3971=ORIENTED_EDGE('',*,*,#2906,.T.);
#3972=ORIENTED_EDGE('',*,*,#2822,.T.);
#3973=ORIENTED_EDGE('',*,*,#2907,.F.);
#3974=ORIENTED_EDGE('',*,*,#2800,.F.);
#3975=ORIENTED_EDGE('',*,*,#2801,.T.);
#3976=ORIENTED_EDGE('',*,*,#2907,.T.);
#3977=ORIENTED_EDGE('',*,*,#2821,.F.);
#3978=ORIENTED_EDGE('',*,*,#2908,.F.);
#3979=ORIENTED_EDGE('',*,*,#2908,.T.);
#3980=ORIENTED_EDGE('',*,*,#2820,.T.);
#3981=ORIENTED_EDGE('',*,*,#2909,.F.);
#3982=ORIENTED_EDGE('',*,*,#2802,.F.);
#3983=ORIENTED_EDGE('',*,*,#2803,.T.);
#3984=ORIENTED_EDGE('',*,*,#2909,.T.);
#3985=ORIENTED_EDGE('',*,*,#2819,.F.);
#3986=ORIENTED_EDGE('',*,*,#2910,.F.);
#3987=ORIENTED_EDGE('',*,*,#2804,.T.);
#3988=ORIENTED_EDGE('',*,*,#2910,.T.);
#3989=ORIENTED_EDGE('',*,*,#2818,.F.);
#3990=ORIENTED_EDGE('',*,*,#2911,.F.);
#3991=ORIENTED_EDGE('',*,*,#2805,.T.);
#3992=ORIENTED_EDGE('',*,*,#2911,.T.);
#3993=ORIENTED_EDGE('',*,*,#2817,.F.);
#3994=ORIENTED_EDGE('',*,*,#2900,.F.);
#3995=ORIENTED_EDGE('',*,*,#2782,.T.);
#3996=ORIENTED_EDGE('',*,*,#2912,.F.);
#3997=ORIENTED_EDGE('',*,*,#2913,.F.);
#3998=ORIENTED_EDGE('',*,*,#2914,.T.);
#3999=ORIENTED_EDGE('',*,*,#2778,.T.);
#4000=ORIENTED_EDGE('',*,*,#2915,.T.);
#4001=ORIENTED_EDGE('',*,*,#2829,.F.);
#4002=ORIENTED_EDGE('',*,*,#2915,.F.);
#4003=ORIENTED_EDGE('',*,*,#2777,.T.);
#4004=ORIENTED_EDGE('',*,*,#2916,.F.);
#4005=ORIENTED_EDGE('',*,*,#2917,.F.);
#4006=ORIENTED_EDGE('',*,*,#2918,.T.);
#4007=ORIENTED_EDGE('',*,*,#2790,.T.);
#4008=ORIENTED_EDGE('',*,*,#2919,.F.);
#4009=ORIENTED_EDGE('',*,*,#2920,.F.);
#4010=ORIENTED_EDGE('',*,*,#2921,.T.);
#4011=ORIENTED_EDGE('',*,*,#2786,.T.);
#4012=ORIENTED_EDGE('',*,*,#2922,.F.);
#4013=ORIENTED_EDGE('',*,*,#2923,.F.);
#4014=ORIENTED_EDGE('',*,*,#2924,.T.);
#4015=ORIENTED_EDGE('',*,*,#2731,.T.);
#4016=ORIENTED_EDGE('',*,*,#2925,.T.);
#4017=ORIENTED_EDGE('',*,*,#2827,.F.);
#4018=ORIENTED_EDGE('',*,*,#2925,.F.);
#4019=ORIENTED_EDGE('',*,*,#2730,.T.);
#4020=ORIENTED_EDGE('',*,*,#2926,.F.);
#4021=ORIENTED_EDGE('',*,*,#2927,.F.);
#4022=ORIENTED_EDGE('',*,*,#2928,.T.);
#4023=ORIENTED_EDGE('',*,*,#2726,.T.);
#4024=ORIENTED_EDGE('',*,*,#2929,.F.);
#4025=ORIENTED_EDGE('',*,*,#2930,.F.);
#4026=ORIENTED_EDGE('',*,*,#2931,.T.);
#4027=ORIENTED_EDGE('',*,*,#2739,.T.);
#4028=ORIENTED_EDGE('',*,*,#2932,.F.);
#4029=ORIENTED_EDGE('',*,*,#2933,.F.);
#4030=ORIENTED_EDGE('',*,*,#2934,.T.);
#4031=ORIENTED_EDGE('',*,*,#2735,.T.);
#4032=ORIENTED_EDGE('',*,*,#2935,.F.);
#4033=ORIENTED_EDGE('',*,*,#2936,.F.);
#4034=ORIENTED_EDGE('',*,*,#2937,.T.);
#4035=ORIENTED_EDGE('',*,*,#2752,.F.);
#4036=ORIENTED_EDGE('',*,*,#2938,.F.);
#4037=ORIENTED_EDGE('',*,*,#2939,.T.);
#4038=ORIENTED_EDGE('',*,*,#2940,.T.);
#4039=ORIENTED_EDGE('',*,*,#2748,.F.);
#4040=ORIENTED_EDGE('',*,*,#2941,.T.);
#4041=ORIENTED_EDGE('',*,*,#2828,.T.);
#4042=ORIENTED_EDGE('',*,*,#2941,.F.);
#4043=ORIENTED_EDGE('',*,*,#2747,.F.);
#4044=ORIENTED_EDGE('',*,*,#2942,.F.);
#4045=ORIENTED_EDGE('',*,*,#2943,.T.);
#4046=ORIENTED_EDGE('',*,*,#2944,.T.);
#4047=ORIENTED_EDGE('',*,*,#2743,.F.);
#4048=ORIENTED_EDGE('',*,*,#2945,.F.);
#4049=ORIENTED_EDGE('',*,*,#2946,.T.);
#4050=ORIENTED_EDGE('',*,*,#2947,.T.);
#4051=ORIENTED_EDGE('',*,*,#2756,.F.);
#4052=ORIENTED_EDGE('',*,*,#2948,.F.);
#4053=ORIENTED_EDGE('',*,*,#2949,.T.);
#4054=ORIENTED_EDGE('',*,*,#2950,.T.);
#4055=ORIENTED_EDGE('',*,*,#2691,.F.);
#4056=ORIENTED_EDGE('',*,*,#2697,.T.);
#4057=ORIENTED_EDGE('',*,*,#2660,.T.);
#4058=ORIENTED_EDGE('',*,*,#2699,.F.);
#4059=ORIENTED_EDGE('',*,*,#2705,.F.);
#4060=ORIENTED_EDGE('',*,*,#2695,.T.);
#4061=ORIENTED_EDGE('',*,*,#2702,.T.);
#4062=ORIENTED_EDGE('',*,*,#2718,.F.);
#4063=ORIENTED_EDGE('',*,*,#2951,.F.);
#4064=ORIENTED_EDGE('',*,*,#2936,.T.);
#4065=ORIENTED_EDGE('',*,*,#2952,.T.);
#4066=ORIENTED_EDGE('',*,*,#2953,.F.);
#4067=ORIENTED_EDGE('',*,*,#2952,.F.);
#4068=ORIENTED_EDGE('',*,*,#2935,.T.);
#4069=ORIENTED_EDGE('',*,*,#2734,.F.);
#4070=ORIENTED_EDGE('',*,*,#2954,.F.);
#4071=ORIENTED_EDGE('',*,*,#2937,.F.);
#4072=ORIENTED_EDGE('',*,*,#2951,.T.);
#4073=ORIENTED_EDGE('',*,*,#2955,.T.);
#4074=ORIENTED_EDGE('',*,*,#2732,.T.);
#4075=ORIENTED_EDGE('',*,*,#2955,.F.);
#4076=ORIENTED_EDGE('',*,*,#2953,.T.);
#4077=ORIENTED_EDGE('',*,*,#2954,.T.);
#4078=ORIENTED_EDGE('',*,*,#2733,.T.);
#4079=ORIENTED_EDGE('',*,*,#2956,.T.);
#4080=ORIENTED_EDGE('',*,*,#2957,.F.);
#4081=ORIENTED_EDGE('',*,*,#2933,.T.);
#4082=ORIENTED_EDGE('',*,*,#2958,.T.);
#4083=ORIENTED_EDGE('',*,*,#2958,.F.);
#4084=ORIENTED_EDGE('',*,*,#2932,.T.);
#4085=ORIENTED_EDGE('',*,*,#2738,.F.);
#4086=ORIENTED_EDGE('',*,*,#2959,.F.);
#4087=ORIENTED_EDGE('',*,*,#2934,.F.);
#4088=ORIENTED_EDGE('',*,*,#2957,.T.);
#4089=ORIENTED_EDGE('',*,*,#2960,.T.);
#4090=ORIENTED_EDGE('',*,*,#2736,.T.);
#4091=ORIENTED_EDGE('',*,*,#2956,.F.);
#4092=ORIENTED_EDGE('',*,*,#2959,.T.);
#4093=ORIENTED_EDGE('',*,*,#2737,.F.);
#4094=ORIENTED_EDGE('',*,*,#2960,.F.);
#4095=ORIENTED_EDGE('',*,*,#2961,.T.);
#4096=ORIENTED_EDGE('',*,*,#2962,.F.);
#4097=ORIENTED_EDGE('',*,*,#2927,.T.);
#4098=ORIENTED_EDGE('',*,*,#2963,.T.);
#4099=ORIENTED_EDGE('',*,*,#2963,.F.);
#4100=ORIENTED_EDGE('',*,*,#2926,.T.);
#4101=ORIENTED_EDGE('',*,*,#2729,.F.);
#4102=ORIENTED_EDGE('',*,*,#2964,.F.);
#4103=ORIENTED_EDGE('',*,*,#2928,.F.);
#4104=ORIENTED_EDGE('',*,*,#2962,.T.);
#4105=ORIENTED_EDGE('',*,*,#2965,.T.);
#4106=ORIENTED_EDGE('',*,*,#2727,.T.);
#4107=ORIENTED_EDGE('',*,*,#2961,.F.);
#4108=ORIENTED_EDGE('',*,*,#2964,.T.);
#4109=ORIENTED_EDGE('',*,*,#2728,.F.);
#4110=ORIENTED_EDGE('',*,*,#2965,.F.);
#4111=ORIENTED_EDGE('',*,*,#2966,.T.);
#4112=ORIENTED_EDGE('',*,*,#2967,.F.);
#4113=ORIENTED_EDGE('',*,*,#2968,.F.);
#4114=ORIENTED_EDGE('',*,*,#2930,.T.);
#4115=ORIENTED_EDGE('',*,*,#2931,.F.);
#4116=ORIENTED_EDGE('',*,*,#2968,.T.);
#4117=ORIENTED_EDGE('',*,*,#2969,.T.);
#4118=ORIENTED_EDGE('',*,*,#2740,.T.);
#4119=ORIENTED_EDGE('',*,*,#2969,.F.);
#4120=ORIENTED_EDGE('',*,*,#2967,.T.);
#4121=ORIENTED_EDGE('',*,*,#2970,.T.);
#4122=ORIENTED_EDGE('',*,*,#2724,.T.);
#4123=ORIENTED_EDGE('',*,*,#2966,.F.);
#4124=ORIENTED_EDGE('',*,*,#2929,.T.);
#4125=ORIENTED_EDGE('',*,*,#2725,.F.);
#4126=ORIENTED_EDGE('',*,*,#2970,.F.);
#4127=ORIENTED_EDGE('',*,*,#2971,.F.);
#4128=ORIENTED_EDGE('',*,*,#2939,.F.);
#4129=ORIENTED_EDGE('',*,*,#2972,.T.);
#4130=ORIENTED_EDGE('',*,*,#2973,.F.);
#4131=ORIENTED_EDGE('',*,*,#2972,.F.);
#4132=ORIENTED_EDGE('',*,*,#2938,.T.);
#4133=ORIENTED_EDGE('',*,*,#2751,.F.);
#4134=ORIENTED_EDGE('',*,*,#2974,.F.);
#4135=ORIENTED_EDGE('',*,*,#2940,.F.);
#4136=ORIENTED_EDGE('',*,*,#2971,.T.);
#4137=ORIENTED_EDGE('',*,*,#2975,.T.);
#4138=ORIENTED_EDGE('',*,*,#2749,.T.);
#4139=ORIENTED_EDGE('',*,*,#2975,.F.);
#4140=ORIENTED_EDGE('',*,*,#2973,.T.);
#4141=ORIENTED_EDGE('',*,*,#2974,.T.);
#4142=ORIENTED_EDGE('',*,*,#2750,.T.);
#4143=ORIENTED_EDGE('',*,*,#2976,.T.);
#4144=ORIENTED_EDGE('',*,*,#2977,.F.);
#4145=ORIENTED_EDGE('',*,*,#2949,.F.);
#4146=ORIENTED_EDGE('',*,*,#2978,.T.);
#4147=ORIENTED_EDGE('',*,*,#2978,.F.);
#4148=ORIENTED_EDGE('',*,*,#2948,.T.);
#4149=ORIENTED_EDGE('',*,*,#2755,.F.);
#4150=ORIENTED_EDGE('',*,*,#2979,.F.);
#4151=ORIENTED_EDGE('',*,*,#2950,.F.);
#4152=ORIENTED_EDGE('',*,*,#2977,.T.);
#4153=ORIENTED_EDGE('',*,*,#2980,.T.);
#4154=ORIENTED_EDGE('',*,*,#2753,.T.);
#4155=ORIENTED_EDGE('',*,*,#2976,.F.);
#4156=ORIENTED_EDGE('',*,*,#2979,.T.);
#4157=ORIENTED_EDGE('',*,*,#2754,.F.);
#4158=ORIENTED_EDGE('',*,*,#2980,.F.);
#4159=ORIENTED_EDGE('',*,*,#2981,.T.);
#4160=ORIENTED_EDGE('',*,*,#2982,.F.);
#4161=ORIENTED_EDGE('',*,*,#2943,.F.);
#4162=ORIENTED_EDGE('',*,*,#2983,.T.);
#4163=ORIENTED_EDGE('',*,*,#2983,.F.);
#4164=ORIENTED_EDGE('',*,*,#2942,.T.);
#4165=ORIENTED_EDGE('',*,*,#2746,.F.);
#4166=ORIENTED_EDGE('',*,*,#2984,.F.);
#4167=ORIENTED_EDGE('',*,*,#2944,.F.);
#4168=ORIENTED_EDGE('',*,*,#2982,.T.);
#4169=ORIENTED_EDGE('',*,*,#2985,.T.);
#4170=ORIENTED_EDGE('',*,*,#2744,.T.);
#4171=ORIENTED_EDGE('',*,*,#2981,.F.);
#4172=ORIENTED_EDGE('',*,*,#2984,.T.);
#4173=ORIENTED_EDGE('',*,*,#2745,.F.);
#4174=ORIENTED_EDGE('',*,*,#2985,.F.);
#4175=ORIENTED_EDGE('',*,*,#2986,.T.);
#4176=ORIENTED_EDGE('',*,*,#2987,.F.);
#4177=ORIENTED_EDGE('',*,*,#2988,.F.);
#4178=ORIENTED_EDGE('',*,*,#2946,.F.);
#4179=ORIENTED_EDGE('',*,*,#2986,.F.);
#4180=ORIENTED_EDGE('',*,*,#2945,.T.);
#4181=ORIENTED_EDGE('',*,*,#2742,.F.);
#4182=ORIENTED_EDGE('',*,*,#2989,.F.);
#4183=ORIENTED_EDGE('',*,*,#2947,.F.);
#4184=ORIENTED_EDGE('',*,*,#2988,.T.);
#4185=ORIENTED_EDGE('',*,*,#2990,.T.);
#4186=ORIENTED_EDGE('',*,*,#2757,.T.);
#4187=ORIENTED_EDGE('',*,*,#2990,.F.);
#4188=ORIENTED_EDGE('',*,*,#2987,.T.);
#4189=ORIENTED_EDGE('',*,*,#2989,.T.);
#4190=ORIENTED_EDGE('',*,*,#2741,.T.);
#4191=ORIENTED_EDGE('',*,*,#2991,.T.);
#4192=ORIENTED_EDGE('',*,*,#2992,.F.);
#4193=ORIENTED_EDGE('',*,*,#2888,.F.);
#4194=ORIENTED_EDGE('',*,*,#2993,.T.);
#4195=ORIENTED_EDGE('',*,*,#2993,.F.);
#4196=ORIENTED_EDGE('',*,*,#2887,.T.);
#4197=ORIENTED_EDGE('',*,*,#2771,.F.);
#4198=ORIENTED_EDGE('',*,*,#2994,.F.);
#4199=ORIENTED_EDGE('',*,*,#2889,.F.);
#4200=ORIENTED_EDGE('',*,*,#2992,.T.);
#4201=ORIENTED_EDGE('',*,*,#2995,.T.);
#4202=ORIENTED_EDGE('',*,*,#2769,.T.);
#4203=ORIENTED_EDGE('',*,*,#2991,.F.);
#4204=ORIENTED_EDGE('',*,*,#2994,.T.);
#4205=ORIENTED_EDGE('',*,*,#2770,.F.);
#4206=ORIENTED_EDGE('',*,*,#2995,.F.);
#4207=ORIENTED_EDGE('',*,*,#2996,.F.);
#4208=ORIENTED_EDGE('',*,*,#2891,.F.);
#4209=ORIENTED_EDGE('',*,*,#2997,.T.);
#4210=ORIENTED_EDGE('',*,*,#2998,.F.);
#4211=ORIENTED_EDGE('',*,*,#2997,.F.);
#4212=ORIENTED_EDGE('',*,*,#2890,.T.);
#4213=ORIENTED_EDGE('',*,*,#2767,.F.);
#4214=ORIENTED_EDGE('',*,*,#2999,.F.);
#4215=ORIENTED_EDGE('',*,*,#2892,.F.);
#4216=ORIENTED_EDGE('',*,*,#2996,.T.);
#4217=ORIENTED_EDGE('',*,*,#3000,.T.);
#4218=ORIENTED_EDGE('',*,*,#2765,.T.);
#4219=ORIENTED_EDGE('',*,*,#3000,.F.);
#4220=ORIENTED_EDGE('',*,*,#2998,.T.);
#4221=ORIENTED_EDGE('',*,*,#2999,.T.);
#4222=ORIENTED_EDGE('',*,*,#2766,.T.);
#4223=ORIENTED_EDGE('',*,*,#3001,.T.);
#4224=ORIENTED_EDGE('',*,*,#3002,.T.);
#4225=ORIENTED_EDGE('',*,*,#3003,.F.);
#4226=ORIENTED_EDGE('',*,*,#2894,.F.);
#4227=ORIENTED_EDGE('',*,*,#3001,.F.);
#4228=ORIENTED_EDGE('',*,*,#2893,.T.);
#4229=ORIENTED_EDGE('',*,*,#2763,.F.);
#4230=ORIENTED_EDGE('',*,*,#3004,.F.);
#4231=ORIENTED_EDGE('',*,*,#2895,.F.);
#4232=ORIENTED_EDGE('',*,*,#3003,.T.);
#4233=ORIENTED_EDGE('',*,*,#3005,.T.);
#4234=ORIENTED_EDGE('',*,*,#2761,.T.);
#4235=ORIENTED_EDGE('',*,*,#3002,.F.);
#4236=ORIENTED_EDGE('',*,*,#3004,.T.);
#4237=ORIENTED_EDGE('',*,*,#2762,.F.);
#4238=ORIENTED_EDGE('',*,*,#3005,.F.);
#4239=ORIENTED_EDGE('',*,*,#3006,.T.);
#4240=ORIENTED_EDGE('',*,*,#3007,.F.);
#4241=ORIENTED_EDGE('',*,*,#3008,.F.);
#4242=ORIENTED_EDGE('',*,*,#2897,.F.);
#4243=ORIENTED_EDGE('',*,*,#3006,.F.);
#4244=ORIENTED_EDGE('',*,*,#2896,.T.);
#4245=ORIENTED_EDGE('',*,*,#2759,.F.);
#4246=ORIENTED_EDGE('',*,*,#3009,.F.);
#4247=ORIENTED_EDGE('',*,*,#2898,.F.);
#4248=ORIENTED_EDGE('',*,*,#3008,.T.);
#4249=ORIENTED_EDGE('',*,*,#3010,.T.);
#4250=ORIENTED_EDGE('',*,*,#2774,.T.);
#4251=ORIENTED_EDGE('',*,*,#3010,.F.);
#4252=ORIENTED_EDGE('',*,*,#3007,.T.);
#4253=ORIENTED_EDGE('',*,*,#3009,.T.);
#4254=ORIENTED_EDGE('',*,*,#2758,.T.);
#4255=ORIENTED_EDGE('',*,*,#3011,.T.);
#4256=ORIENTED_EDGE('',*,*,#3012,.T.);
#4257=ORIENTED_EDGE('',*,*,#3013,.F.);
#4258=ORIENTED_EDGE('',*,*,#2923,.T.);
#4259=ORIENTED_EDGE('',*,*,#2924,.F.);
#4260=ORIENTED_EDGE('',*,*,#3013,.T.);
#4261=ORIENTED_EDGE('',*,*,#3014,.T.);
#4262=ORIENTED_EDGE('',*,*,#2783,.T.);
#4263=ORIENTED_EDGE('',*,*,#3012,.F.);
#4264=ORIENTED_EDGE('',*,*,#3015,.T.);
#4265=ORIENTED_EDGE('',*,*,#2784,.F.);
#4266=ORIENTED_EDGE('',*,*,#3014,.F.);
#4267=ORIENTED_EDGE('',*,*,#3011,.F.);
#4268=ORIENTED_EDGE('',*,*,#2922,.T.);
#4269=ORIENTED_EDGE('',*,*,#2785,.F.);
#4270=ORIENTED_EDGE('',*,*,#3015,.F.);
#4271=ORIENTED_EDGE('',*,*,#3016,.T.);
#4272=ORIENTED_EDGE('',*,*,#3017,.F.);
#4273=ORIENTED_EDGE('',*,*,#3018,.F.);
#4274=ORIENTED_EDGE('',*,*,#2920,.T.);
#4275=ORIENTED_EDGE('',*,*,#2921,.F.);
#4276=ORIENTED_EDGE('',*,*,#3018,.T.);
#4277=ORIENTED_EDGE('',*,*,#3019,.T.);
#4278=ORIENTED_EDGE('',*,*,#2787,.T.);
#4279=ORIENTED_EDGE('',*,*,#3019,.F.);
#4280=ORIENTED_EDGE('',*,*,#3017,.T.);
#4281=ORIENTED_EDGE('',*,*,#3020,.T.);
#4282=ORIENTED_EDGE('',*,*,#2788,.T.);
#4283=ORIENTED_EDGE('',*,*,#3016,.F.);
#4284=ORIENTED_EDGE('',*,*,#2919,.T.);
#4285=ORIENTED_EDGE('',*,*,#2789,.F.);
#4286=ORIENTED_EDGE('',*,*,#3020,.F.);
#4287=ORIENTED_EDGE('',*,*,#3021,.T.);
#4288=ORIENTED_EDGE('',*,*,#3022,.F.);
#4289=ORIENTED_EDGE('',*,*,#3023,.F.);
#4290=ORIENTED_EDGE('',*,*,#2913,.T.);
#4291=ORIENTED_EDGE('',*,*,#2914,.F.);
#4292=ORIENTED_EDGE('',*,*,#3023,.T.);
#4293=ORIENTED_EDGE('',*,*,#3024,.T.);
#4294=ORIENTED_EDGE('',*,*,#2779,.T.);
#4295=ORIENTED_EDGE('',*,*,#3024,.F.);
#4296=ORIENTED_EDGE('',*,*,#3022,.T.);
#4297=ORIENTED_EDGE('',*,*,#3025,.T.);
#4298=ORIENTED_EDGE('',*,*,#2780,.T.);
#4299=ORIENTED_EDGE('',*,*,#3021,.F.);
#4300=ORIENTED_EDGE('',*,*,#2912,.T.);
#4301=ORIENTED_EDGE('',*,*,#2781,.F.);
#4302=ORIENTED_EDGE('',*,*,#3025,.F.);
#4303=ORIENTED_EDGE('',*,*,#3026,.T.);
#4304=ORIENTED_EDGE('',*,*,#3027,.T.);
#4305=ORIENTED_EDGE('',*,*,#3028,.F.);
#4306=ORIENTED_EDGE('',*,*,#2917,.T.);
#4307=ORIENTED_EDGE('',*,*,#2918,.F.);
#4308=ORIENTED_EDGE('',*,*,#3028,.T.);
#4309=ORIENTED_EDGE('',*,*,#3029,.T.);
#4310=ORIENTED_EDGE('',*,*,#2791,.T.);
#4311=ORIENTED_EDGE('',*,*,#3027,.F.);
#4312=ORIENTED_EDGE('',*,*,#3030,.T.);
#4313=ORIENTED_EDGE('',*,*,#2775,.F.);
#4314=ORIENTED_EDGE('',*,*,#3029,.F.);
#4315=ORIENTED_EDGE('',*,*,#3026,.F.);
#4316=ORIENTED_EDGE('',*,*,#2916,.T.);
#4317=ORIENTED_EDGE('',*,*,#2776,.F.);
#4318=ORIENTED_EDGE('',*,*,#3030,.F.);
#4319=ORIENTED_EDGE('',*,*,#3031,.F.);
#4320=ORIENTED_EDGE('',*,*,#3032,.T.);
#4321=ORIENTED_EDGE('',*,*,#2793,.F.);
#4322=ORIENTED_EDGE('',*,*,#3033,.T.);
#4323=ORIENTED_EDGE('',*,*,#3032,.F.);
#4324=ORIENTED_EDGE('',*,*,#3033,.F.);
#4325=ORIENTED_EDGE('',*,*,#3031,.T.);
#4326=ORIENTED_EDGE('',*,*,#3034,.T.);
#4327=ORIENTED_EDGE('',*,*,#2792,.T.);
#4328=ORIENTED_EDGE('',*,*,#3034,.F.);
#4329=ORIENTED_EDGE('',*,*,#3035,.F.);
#4330=ORIENTED_EDGE('',*,*,#2861,.T.);
#4331=ORIENTED_EDGE('',*,*,#2654,.T.);
#4332=ORIENTED_EDGE('',*,*,#2667,.F.);
#4333=ORIENTED_EDGE('',*,*,#2833,.T.);
#4334=ORIENTED_EDGE('',*,*,#2707,.F.);
#4335=ORIENTED_EDGE('',*,*,#2716,.T.);
#4336=ORIENTED_EDGE('',*,*,#2663,.F.);
#4337=ORIENTED_EDGE('',*,*,#2676,.T.);
#4338=ORIENTED_EDGE('',*,*,#2831,.F.);
#4339=ORIENTED_EDGE('',*,*,#2685,.F.);
#4340=ORIENTED_EDGE('',*,*,#3036,.T.);
#4341=ORIENTED_EDGE('',*,*,#2706,.T.);
#4342=ORIENTED_EDGE('',*,*,#2700,.F.);
#4343=ORIENTED_EDGE('',*,*,#2693,.F.);
#4344=ORIENTED_EDGE('',*,*,#2698,.T.);
#4345=ORIENTED_EDGE('',*,*,#2658,.T.);
#4346=ORIENTED_EDGE('',*,*,#2696,.T.);
#4347=ORIENTED_EDGE('',*,*,#2689,.F.);
#4348=ORIENTED_EDGE('',*,*,#2704,.F.);
#4349=ORIENTED_EDGE('',*,*,#2717,.T.);
#4350=ORIENTED_EDGE('',*,*,#3036,.F.);
#4351=ORIENTED_EDGE('',*,*,#2814,.F.);
#4352=ORIENTED_EDGE('',*,*,#3035,.T.);
#4353=ORIENTED_EDGE('',*,*,#3037,.T.);
#4354=ORIENTED_EDGE('',*,*,#3038,.T.);
#4355=ORIENTED_EDGE('',*,*,#3039,.F.);
#4356=ORIENTED_EDGE('',*,*,#3040,.F.);
#4357=ORIENTED_EDGE('',*,*,#3041,.F.);
#4358=ORIENTED_EDGE('',*,*,#3042,.F.);
#4359=ORIENTED_EDGE('',*,*,#3043,.F.);
#4360=ORIENTED_EDGE('',*,*,#3044,.T.);
#4361=ORIENTED_EDGE('',*,*,#3045,.F.);
#4362=ORIENTED_EDGE('',*,*,#3046,.F.);
#4363=ORIENTED_EDGE('',*,*,#3047,.F.);
#4364=ORIENTED_EDGE('',*,*,#3048,.T.);
#4365=ORIENTED_EDGE('',*,*,#3049,.F.);
#4366=ORIENTED_EDGE('',*,*,#3050,.T.);
#4367=ORIENTED_EDGE('',*,*,#3051,.F.);
#4368=ORIENTED_EDGE('',*,*,#3052,.F.);
#4369=ORIENTED_EDGE('',*,*,#3053,.F.);
#4370=ORIENTED_EDGE('',*,*,#3054,.T.);
#4371=ORIENTED_EDGE('',*,*,#3055,.F.);
#4372=ORIENTED_EDGE('',*,*,#3038,.F.);
#4373=ORIENTED_EDGE('',*,*,#3056,.T.);
#4374=ORIENTED_EDGE('',*,*,#3053,.T.);
#4375=ORIENTED_EDGE('',*,*,#3057,.T.);
#4376=ORIENTED_EDGE('',*,*,#3058,.F.);
#4377=ORIENTED_EDGE('',*,*,#3059,.F.);
#4378=ORIENTED_EDGE('',*,*,#3049,.T.);
#4379=ORIENTED_EDGE('',*,*,#3060,.F.);
#4380=ORIENTED_EDGE('',*,*,#3061,.T.);
#4381=ORIENTED_EDGE('',*,*,#3062,.T.);
#4382=ORIENTED_EDGE('',*,*,#3045,.T.);
#4383=ORIENTED_EDGE('',*,*,#3063,.F.);
#4384=ORIENTED_EDGE('',*,*,#3064,.T.);
#4385=ORIENTED_EDGE('',*,*,#3065,.T.);
#4386=ORIENTED_EDGE('',*,*,#3041,.T.);
#4387=ORIENTED_EDGE('',*,*,#3066,.T.);
#4388=ORIENTED_EDGE('',*,*,#3067,.F.);
#4389=ORIENTED_EDGE('',*,*,#3068,.F.);
#4390=ORIENTED_EDGE('',*,*,#3069,.T.);
#4391=ORIENTED_EDGE('',*,*,#3070,.F.);
#4392=ORIENTED_EDGE('',*,*,#3071,.T.);
#4393=ORIENTED_EDGE('',*,*,#3058,.T.);
#4394=ORIENTED_EDGE('',*,*,#3072,.F.);
#4395=ORIENTED_EDGE('',*,*,#3050,.F.);
#4396=ORIENTED_EDGE('',*,*,#3059,.T.);
#4397=ORIENTED_EDGE('',*,*,#3071,.F.);
#4398=ORIENTED_EDGE('',*,*,#3073,.F.);
#4399=ORIENTED_EDGE('',*,*,#3057,.F.);
#4400=ORIENTED_EDGE('',*,*,#3052,.T.);
#4401=ORIENTED_EDGE('',*,*,#3074,.T.);
#4402=ORIENTED_EDGE('',*,*,#3072,.T.);
#4403=ORIENTED_EDGE('',*,*,#3074,.F.);
#4404=ORIENTED_EDGE('',*,*,#3051,.T.);
#4405=ORIENTED_EDGE('',*,*,#3073,.T.);
#4406=ORIENTED_EDGE('',*,*,#3070,.T.);
#4407=ORIENTED_EDGE('',*,*,#3075,.F.);
#4408=ORIENTED_EDGE('',*,*,#3076,.T.);
#4409=ORIENTED_EDGE('',*,*,#3067,.T.);
#4410=ORIENTED_EDGE('',*,*,#3077,.F.);
#4411=ORIENTED_EDGE('',*,*,#3054,.F.);
#4412=ORIENTED_EDGE('',*,*,#3068,.T.);
#4413=ORIENTED_EDGE('',*,*,#3076,.F.);
#4414=ORIENTED_EDGE('',*,*,#3078,.F.);
#4415=ORIENTED_EDGE('',*,*,#3066,.F.);
#4416=ORIENTED_EDGE('',*,*,#3040,.T.);
#4417=ORIENTED_EDGE('',*,*,#3079,.T.);
#4418=ORIENTED_EDGE('',*,*,#3077,.T.);
#4419=ORIENTED_EDGE('',*,*,#3079,.F.);
#4420=ORIENTED_EDGE('',*,*,#3039,.T.);
#4421=ORIENTED_EDGE('',*,*,#3055,.T.);
#4422=ORIENTED_EDGE('',*,*,#3078,.T.);
#4423=ORIENTED_EDGE('',*,*,#3075,.T.);
#4424=ORIENTED_EDGE('',*,*,#3080,.F.);
#4425=ORIENTED_EDGE('',*,*,#3081,.T.);
#4426=ORIENTED_EDGE('',*,*,#3082,.T.);
#4427=ORIENTED_EDGE('',*,*,#3064,.F.);
#4428=ORIENTED_EDGE('',*,*,#3083,.T.);
#4429=ORIENTED_EDGE('',*,*,#3042,.T.);
#4430=ORIENTED_EDGE('',*,*,#3065,.F.);
#4431=ORIENTED_EDGE('',*,*,#3082,.F.);
#4432=ORIENTED_EDGE('',*,*,#3044,.F.);
#4433=ORIENTED_EDGE('',*,*,#3084,.F.);
#4434=ORIENTED_EDGE('',*,*,#3080,.T.);
#4435=ORIENTED_EDGE('',*,*,#3063,.T.);
#4436=ORIENTED_EDGE('',*,*,#3084,.T.);
#4437=ORIENTED_EDGE('',*,*,#3043,.T.);
#4438=ORIENTED_EDGE('',*,*,#3083,.F.);
#4439=ORIENTED_EDGE('',*,*,#3081,.F.);
#4440=ORIENTED_EDGE('',*,*,#3048,.F.);
#4441=ORIENTED_EDGE('',*,*,#3085,.F.);
#4442=ORIENTED_EDGE('',*,*,#3086,.T.);
#4443=ORIENTED_EDGE('',*,*,#3060,.T.);
#4444=ORIENTED_EDGE('',*,*,#3086,.F.);
#4445=ORIENTED_EDGE('',*,*,#3087,.T.);
#4446=ORIENTED_EDGE('',*,*,#3088,.T.);
#4447=ORIENTED_EDGE('',*,*,#3061,.F.);
#4448=ORIENTED_EDGE('',*,*,#3089,.T.);
#4449=ORIENTED_EDGE('',*,*,#3046,.T.);
#4450=ORIENTED_EDGE('',*,*,#3062,.F.);
#4451=ORIENTED_EDGE('',*,*,#3088,.F.);
#4452=ORIENTED_EDGE('',*,*,#3085,.T.);
#4453=ORIENTED_EDGE('',*,*,#3047,.T.);
#4454=ORIENTED_EDGE('',*,*,#3089,.F.);
#4455=ORIENTED_EDGE('',*,*,#3087,.F.);
#4456=ORIENTED_EDGE('',*,*,#3037,.F.);
#4457=ORIENTED_EDGE('',*,*,#3090,.T.);
#4458=ORIENTED_EDGE('',*,*,#3069,.F.);
#4459=ORIENTED_EDGE('',*,*,#3090,.F.);
#4460=ORIENTED_EDGE('',*,*,#3056,.F.);
#4461=PLANE('',#5011);
#4462=PLANE('',#5012);
#4463=PLANE('',#5013);
#4464=PLANE('',#5014);
#4465=PLANE('',#5015);
#4466=PLANE('',#5016);
#4467=PLANE('',#5017);
#4468=PLANE('',#5018);
#4469=PLANE('',#5019);
#4470=PLANE('',#5020);
#4471=PLANE('',#5021);
#4472=PLANE('',#5022);
#4473=PLANE('',#5028);
#4474=PLANE('',#5032);
#4475=PLANE('',#5036);
#4476=PLANE('',#5040);
#4477=PLANE('',#5044);
#4478=PLANE('',#5048);
#4479=PLANE('',#5049);
#4480=PLANE('',#5050);
#4481=PLANE('',#5051);
#4482=PLANE('',#5054);
#4483=PLANE('',#5057);
#4484=PLANE('',#5060);
#4485=PLANE('',#5063);
#4486=PLANE('',#5066);
#4487=PLANE('',#5067);
#4488=PLANE('',#5068);
#4489=PLANE('',#5069);
#4490=PLANE('',#5070);
#4491=PLANE('',#5071);
#4492=PLANE('',#5072);
#4493=PLANE('',#5073);
#4494=PLANE('',#5074);
#4495=PLANE('',#5075);
#4496=PLANE('',#5076);
#4497=PLANE('',#5077);
#4498=PLANE('',#5078);
#4499=PLANE('',#5079);
#4500=PLANE('',#5080);
#4501=PLANE('',#5081);
#4502=PLANE('',#5082);
#4503=PLANE('',#5083);
#4504=PLANE('',#5084);
#4505=PLANE('',#5085);
#4506=PLANE('',#5086);
#4507=PLANE('',#5087);
#4508=PLANE('',#5088);
#4509=PLANE('',#5089);
#4510=PLANE('',#5090);
#4511=PLANE('',#5091);
#4512=PLANE('',#5092);
#4513=PLANE('',#5093);
#4514=PLANE('',#5094);
#4515=PLANE('',#5096);
#4516=PLANE('',#5097);
#4517=PLANE('',#5098);
#4518=PLANE('',#5099);
#4519=PLANE('',#5100);
#4520=PLANE('',#5101);
#4521=PLANE('',#5102);
#4522=PLANE('',#5103);
#4523=PLANE('',#5104);
#4524=PLANE('',#5105);
#4525=PLANE('',#5106);
#4526=PLANE('',#5107);
#4527=PLANE('',#5108);
#4528=PLANE('',#5109);
#4529=PLANE('',#5110);
#4530=PLANE('',#5111);
#4531=PLANE('',#5112);
#4532=PLANE('',#5113);
#4533=PLANE('',#5114);
#4534=PLANE('',#5115);
#4535=PLANE('',#5116);
#4536=PLANE('',#5117);
#4537=PLANE('',#5118);
#4538=PLANE('',#5119);
#4539=PLANE('',#5120);
#4540=PLANE('',#5121);
#4541=PLANE('',#5122);
#4542=PLANE('',#5123);
#4543=PLANE('',#5124);
#4544=PLANE('',#5125);
#4545=PLANE('',#5126);
#4546=PLANE('',#5127);
#4547=PLANE('',#5128);
#4548=PLANE('',#5129);
#4549=PLANE('',#5130);
#4550=PLANE('',#5131);
#4551=PLANE('',#5132);
#4552=PLANE('',#5133);
#4553=PLANE('',#5134);
#4554=PLANE('',#5135);
#4555=PLANE('',#5137);
#4556=PLANE('',#5138);
#4557=PLANE('',#5139);
#4558=PLANE('',#5140);
#4559=PLANE('',#5141);
#4560=PLANE('',#5142);
#4561=PLANE('',#5143);
#4562=PLANE('',#5144);
#4563=PLANE('',#5145);
#4564=PLANE('',#5146);
#4565=PLANE('',#5147);
#4566=PLANE('',#5189);
#4567=PLANE('',#5190);
#4568=PLANE('',#5195);
#4569=PLANE('',#5196);
#4570=PLANE('',#5197);
#4571=PLANE('',#5198);
#4572=PLANE('',#5199);
#4573=PLANE('',#5200);
#4574=PLANE('',#5201);
#4575=PLANE('',#5202);
#4576=PLANE('',#5203);
#4577=PLANE('',#5204);
#4578=PLANE('',#5205);
#4579=PLANE('',#5206);
#4580=PLANE('',#5207);
#4581=PLANE('',#5208);
#4582=PLANE('',#5209);
#4583=PLANE('',#5210);
#4584=PLANE('',#5211);
#4585=PLANE('',#5212);
#4586=PLANE('',#5213);
#4587=PLANE('',#5214);
#4588=PLANE('',#5215);
#4589=PLANE('',#5216);
#4590=PLANE('',#5217);
#4591=PLANE('',#5218);
#4592=PLANE('',#5224);
#4593=PLANE('',#5225);
#4594=PLANE('',#5231);
#4595=PLANE('',#5232);
#4596=PLANE('',#5238);
#4597=PLANE('',#5239);
#4598=PLANE('',#5245);
#4599=PLANE('',#5246);
#4600=PLANE('',#5252);
#4601=PLANE('',#5253);
#4602=PLANE('',#5259);
#4603=PLANE('',#5260);
#4604=PLANE('',#5261);
#4605=PLANE('',#5262);
#4606=PLANE('',#5263);
#4607=PLANE('',#5264);
#4608=PLANE('',#5265);
#4609=PLANE('',#5266);
#4610=PLANE('',#5267);
#4611=PLANE('',#5268);
#4612=PLANE('',#5269);
#4613=PLANE('',#5270);
#4614=PLANE('',#5286);
#4615=PLANE('',#5287);
#4616=PLANE('',#5288);
#4617=PLANE('',#5290);
#4618=PLANE('',#5291);
#4619=PLANE('',#5293);
#4620=PLANE('',#5295);
#4621=PLANE('',#5296);
#4622=PLANE('',#5298);
#4623=PLANE('',#5300);
#4624=PLANE('',#5301);
#4625=PLANE('',#5303);
#4626=PLANE('',#5305);
#4627=PLANE('',#5307);
#4628=PLANE('',#5308);
#4629=PLANE('',#5310);
#4630=PLANE('',#5311);
#4631=PLANE('',#5313);
#4632=PLANE('',#5315);
#4633=PLANE('',#5316);
#4634=PLANE('',#5318);
#4635=PLANE('',#5320);
#4636=PLANE('',#5321);
#4637=PLANE('',#5323);
#4638=PLANE('',#5325);
#4639=PLANE('',#5326);
#4640=PLANE('',#5328);
#4641=PLANE('',#5330);
#4642=PLANE('',#5331);
#4643=PLANE('',#5333);
#4644=PLANE('',#5335);
#4645=PLANE('',#5336);
#4646=PLANE('',#5338);
#4647=PLANE('',#5340);
#4648=PLANE('',#5341);
#4649=PLANE('',#5343);
#4650=PLANE('',#5345);
#4651=PLANE('',#5346);
#4652=PLANE('',#5348);
#4653=PLANE('',#5350);
#4654=PLANE('',#5352);
#4655=PLANE('',#5353);
#4656=PLANE('',#5355);
#4657=PLANE('',#5357);
#4658=PLANE('',#5358);
#4659=PLANE('',#5360);
#4660=PLANE('',#5362);
#4661=PLANE('',#5363);
#4662=PLANE('',#5365);
#4663=PLANE('',#5367);
#4664=PLANE('',#5368);
#4665=PLANE('',#5369);
#4666=PLANE('',#5370);
#4667=PLANE('',#5371);
#4668=PLANE('',#5385);
#4669=PLANE('',#5386);
#4670=PLANE('',#5388);
#4671=PLANE('',#5389);
#4672=PLANE('',#5390);
#4673=PLANE('',#5391);
#4674=PLANE('',#5392);
#4675=PLANE('',#5393);
#4676=PLANE('',#5394);
#4677=PLANE('',#5395);
#4678=PLANE('',#5396);
#4679=PLANE('',#5397);
#4680=PLANE('',#5398);
#4681=PLANE('',#5399);
#4682=PLANE('',#5400);
#4683=PLANE('',#5401);
#4684=PLANE('',#5402);
#4685=PLANE('',#5403);
#4686=ADVANCED_FACE('',(#281),#4461,.F.);
#4687=ADVANCED_FACE('',(#282),#4462,.T.);
#4688=ADVANCED_FACE('',(#283),#4463,.T.);
#4689=ADVANCED_FACE('',(#284),#4464,.F.);
#4690=ADVANCED_FACE('',(#285),#4465,.F.);
#4691=ADVANCED_FACE('',(#286),#4466,.F.);
#4692=ADVANCED_FACE('',(#287),#4467,.F.);
#4693=ADVANCED_FACE('',(#288),#4468,.F.);
#4694=ADVANCED_FACE('',(#289),#4469,.F.);
#4695=ADVANCED_FACE('',(#290),#4470,.T.);
#4696=ADVANCED_FACE('',(#291),#4471,.F.);
#4697=ADVANCED_FACE('',(#292,#228,#229,#230,#231,#232,#233,#234),#4472,
 .F.);
#4698=ADVANCED_FACE('',(#293,#235),#4473,.F.);
#4699=ADVANCED_FACE('',(#294),#63,.T.);
#4700=ADVANCED_FACE('',(#295,#236),#4474,.F.);
#4701=ADVANCED_FACE('',(#296),#64,.T.);
#4702=ADVANCED_FACE('',(#297,#237),#4475,.F.);
#4703=ADVANCED_FACE('',(#298),#65,.T.);
#4704=ADVANCED_FACE('',(#299,#238),#4476,.F.);
#4705=ADVANCED_FACE('',(#300),#66,.T.);
#4706=ADVANCED_FACE('',(#301,#239),#4477,.F.);
#4707=ADVANCED_FACE('',(#302),#67,.T.);
#4708=ADVANCED_FACE('',(#303,#240),#4478,.F.);
#4709=ADVANCED_FACE('',(#304),#56,.T.);
#4710=ADVANCED_FACE('',(#305),#57,.F.);
#4711=ADVANCED_FACE('',(#306),#4479,.F.);
#4712=ADVANCED_FACE('',(#307,#241),#4480,.F.);
#4713=ADVANCED_FACE('',(#308),#58,.T.);
#4714=ADVANCED_FACE('',(#309),#59,.F.);
#4715=ADVANCED_FACE('',(#310),#4481,.F.);
#4716=ADVANCED_FACE('',(#311),#68,.T.);
#4717=ADVANCED_FACE('',(#312),#4482,.T.);
#4718=ADVANCED_FACE('',(#313),#69,.T.);
#4719=ADVANCED_FACE('',(#314),#4483,.T.);
#4720=ADVANCED_FACE('',(#315),#70,.T.);
#4721=ADVANCED_FACE('',(#316),#4484,.T.);
#4722=ADVANCED_FACE('',(#317),#71,.T.);
#4723=ADVANCED_FACE('',(#318),#4485,.T.);
#4724=ADVANCED_FACE('',(#319),#72,.T.);
#4725=ADVANCED_FACE('',(#320),#4486,.T.);
#4726=ADVANCED_FACE('',(#321),#4487,.F.);
#4727=ADVANCED_FACE('',(#322),#4488,.F.);
#4728=ADVANCED_FACE('',(#323),#4489,.F.);
#4729=ADVANCED_FACE('',(#324),#4490,.F.);
#4730=ADVANCED_FACE('',(#325),#4491,.F.);
#4731=ADVANCED_FACE('',(#326),#4492,.T.);
#4732=ADVANCED_FACE('',(#327),#4493,.F.);
#4733=ADVANCED_FACE('',(#328),#4494,.F.);
#4734=ADVANCED_FACE('',(#329),#4495,.T.);
#4735=ADVANCED_FACE('',(#330),#4496,.F.);
#4736=ADVANCED_FACE('',(#331),#4497,.F.);
#4737=ADVANCED_FACE('',(#332),#4498,.F.);
#4738=ADVANCED_FACE('',(#333),#4499,.F.);
#4739=ADVANCED_FACE('',(#334),#4500,.F.);
#4740=ADVANCED_FACE('',(#335),#4501,.F.);
#4741=ADVANCED_FACE('',(#336),#4502,.F.);
#4742=ADVANCED_FACE('',(#337),#4503,.T.);
#4743=ADVANCED_FACE('',(#338),#4504,.T.);
#4744=ADVANCED_FACE('',(#339),#4505,.T.);
#4745=ADVANCED_FACE('',(#340),#4506,.T.);
#4746=ADVANCED_FACE('',(#341),#4507,.T.);
#4747=ADVANCED_FACE('',(#342),#4508,.T.);
#4748=ADVANCED_FACE('',(#343),#4509,.T.);
#4749=ADVANCED_FACE('',(#344),#4510,.T.);
#4750=ADVANCED_FACE('',(#345),#4511,.F.);
#4751=ADVANCED_FACE('',(#346),#4512,.F.);
#4752=ADVANCED_FACE('',(#347),#4513,.F.);
#4753=ADVANCED_FACE('',(#348),#4514,.T.);
#4754=ADVANCED_FACE('',(#349),#4515,.F.);
#4755=ADVANCED_FACE('',(#350),#4516,.T.);
#4756=ADVANCED_FACE('',(#351),#4517,.F.);
#4757=ADVANCED_FACE('',(#352),#4518,.F.);
#4758=ADVANCED_FACE('',(#353),#4519,.F.);
#4759=ADVANCED_FACE('',(#354),#4520,.F.);
#4760=ADVANCED_FACE('',(#355),#4521,.T.);
#4761=ADVANCED_FACE('',(#356),#4522,.F.);
#4762=ADVANCED_FACE('',(#357),#4523,.T.);
#4763=ADVANCED_FACE('',(#358),#4524,.T.);
#4764=ADVANCED_FACE('',(#359),#4525,.T.);
#4765=ADVANCED_FACE('',(#360),#4526,.T.);
#4766=ADVANCED_FACE('',(#361),#4527,.F.);
#4767=ADVANCED_FACE('',(#362,#242),#4528,.F.);
#4768=ADVANCED_FACE('',(#363,#243),#4529,.F.);
#4769=ADVANCED_FACE('',(#364),#60,.T.);
#4770=ADVANCED_FACE('',(#365),#4530,.T.);
#4771=ADVANCED_FACE('',(#366),#4531,.T.);
#4772=ADVANCED_FACE('',(#367),#4532,.T.);
#4773=ADVANCED_FACE('',(#368),#4533,.T.);
#4774=ADVANCED_FACE('',(#369),#4534,.T.);
#4775=ADVANCED_FACE('',(#370),#4535,.F.);
#4776=ADVANCED_FACE('',(#371),#4536,.T.);
#4777=ADVANCED_FACE('',(#372),#4537,.F.);
#4778=ADVANCED_FACE('',(#373),#4538,.F.);
#4779=ADVANCED_FACE('',(#374),#4539,.F.);
#4780=ADVANCED_FACE('',(#375),#4540,.F.);
#4781=ADVANCED_FACE('',(#376),#4541,.T.);
#4782=ADVANCED_FACE('',(#377),#4542,.F.);
#4783=ADVANCED_FACE('',(#378),#4543,.T.);
#4784=ADVANCED_FACE('',(#379),#4544,.F.);
#4785=ADVANCED_FACE('',(#380),#4545,.T.);
#4786=ADVANCED_FACE('',(#381),#4546,.T.);
#4787=ADVANCED_FACE('',(#382),#4547,.T.);
#4788=ADVANCED_FACE('',(#383),#4548,.F.);
#4789=ADVANCED_FACE('',(#384),#4549,.T.);
#4790=ADVANCED_FACE('',(#385),#4550,.F.);
#4791=ADVANCED_FACE('',(#386),#4551,.F.);
#4792=ADVANCED_FACE('',(#387),#4552,.F.);
#4793=ADVANCED_FACE('',(#388),#4553,.T.);
#4794=ADVANCED_FACE('',(#389),#4554,.F.);
#4795=ADVANCED_FACE('',(#390),#4555,.F.);
#4796=ADVANCED_FACE('',(#391),#4556,.F.);
#4797=ADVANCED_FACE('',(#392),#4557,.T.);
#4798=ADVANCED_FACE('',(#393),#4558,.F.);
#4799=ADVANCED_FACE('',(#394),#4559,.T.);
#4800=ADVANCED_FACE('',(#395),#4560,.T.);
#4801=ADVANCED_FACE('',(#396),#4561,.F.);
#4802=ADVANCED_FACE('',(#397),#4562,.F.);
#4803=ADVANCED_FACE('',(#398),#4563,.T.);
#4804=ADVANCED_FACE('',(#399),#4564,.T.);
#4805=ADVANCED_FACE('',(#400,#244,#245,#246,#247,#248,#249,#250,#251,#252,
#253),#4565,.F.);
#4806=ADVANCED_FACE('',(#401,#254),#4566,.F.);
#4807=ADVANCED_FACE('',(#402,#255,#256,#257,#258,#259),#4567,.T.);
#4808=ADVANCED_FACE('',(#403),#4568,.F.);
#4809=ADVANCED_FACE('',(#404),#4569,.T.);
#4810=ADVANCED_FACE('',(#405),#4570,.F.);
#4811=ADVANCED_FACE('',(#406),#4571,.T.);
#4812=ADVANCED_FACE('',(#407),#4572,.T.);
#4813=ADVANCED_FACE('',(#408),#4573,.T.);
#4814=ADVANCED_FACE('',(#409),#4574,.T.);
#4815=ADVANCED_FACE('',(#410),#4575,.T.);
#4816=ADVANCED_FACE('',(#411),#4576,.T.);
#4817=ADVANCED_FACE('',(#412),#4577,.F.);
#4818=ADVANCED_FACE('',(#413),#4578,.F.);
#4819=ADVANCED_FACE('',(#414),#4579,.F.);
#4820=ADVANCED_FACE('',(#415),#4580,.F.);
#4821=ADVANCED_FACE('',(#416),#4581,.F.);
#4822=ADVANCED_FACE('',(#417),#4582,.F.);
#4823=ADVANCED_FACE('',(#418),#4583,.T.);
#4824=ADVANCED_FACE('',(#419),#4584,.T.);
#4825=ADVANCED_FACE('',(#420),#4585,.T.);
#4826=ADVANCED_FACE('',(#421),#4586,.T.);
#4827=ADVANCED_FACE('',(#422),#4587,.T.);
#4828=ADVANCED_FACE('',(#423),#4588,.T.);
#4829=ADVANCED_FACE('',(#424),#4589,.F.);
#4830=ADVANCED_FACE('',(#425),#4590,.T.);
#4831=ADVANCED_FACE('',(#426),#4591,.T.);
#4832=ADVANCED_FACE('',(#427),#73,.F.);
#4833=ADVANCED_FACE('',(#428),#74,.T.);
#4834=ADVANCED_FACE('',(#429,#260),#4592,.T.);
#4835=ADVANCED_FACE('',(#430),#4593,.F.);
#4836=ADVANCED_FACE('',(#431),#75,.F.);
#4837=ADVANCED_FACE('',(#432),#76,.T.);
#4838=ADVANCED_FACE('',(#433,#261),#4594,.T.);
#4839=ADVANCED_FACE('',(#434),#4595,.F.);
#4840=ADVANCED_FACE('',(#435),#77,.F.);
#4841=ADVANCED_FACE('',(#436),#78,.T.);
#4842=ADVANCED_FACE('',(#437,#262),#4596,.T.);
#4843=ADVANCED_FACE('',(#438),#4597,.F.);
#4844=ADVANCED_FACE('',(#439),#79,.F.);
#4845=ADVANCED_FACE('',(#440),#80,.T.);
#4846=ADVANCED_FACE('',(#441,#263),#4598,.T.);
#4847=ADVANCED_FACE('',(#442),#4599,.F.);
#4848=ADVANCED_FACE('',(#443),#81,.F.);
#4849=ADVANCED_FACE('',(#444),#82,.T.);
#4850=ADVANCED_FACE('',(#445,#264),#4600,.T.);
#4851=ADVANCED_FACE('',(#446),#4601,.F.);
#4852=ADVANCED_FACE('',(#447),#83,.F.);
#4853=ADVANCED_FACE('',(#448),#4602,.T.);
#4854=ADVANCED_FACE('',(#449),#4603,.F.);
#4855=ADVANCED_FACE('',(#450),#4604,.T.);
#4856=ADVANCED_FACE('',(#451),#4605,.F.);
#4857=ADVANCED_FACE('',(#452),#4606,.F.);
#4858=ADVANCED_FACE('',(#453),#4607,.F.);
#4859=ADVANCED_FACE('',(#454),#4608,.F.);
#4860=ADVANCED_FACE('',(#455),#4609,.T.);
#4861=ADVANCED_FACE('',(#456),#4610,.F.);
#4862=ADVANCED_FACE('',(#457),#4611,.T.);
#4863=ADVANCED_FACE('',(#458),#4612,.T.);
#4864=ADVANCED_FACE('',(#459),#4613,.T.);
#4865=ADVANCED_FACE('',(#460),#84,.F.);
#4866=ADVANCED_FACE('',(#461),#85,.F.);
#4867=ADVANCED_FACE('',(#462),#86,.F.);
#4868=ADVANCED_FACE('',(#463),#4614,.F.);
#4869=ADVANCED_FACE('',(#464),#4615,.T.);
#4870=ADVANCED_FACE('',(#465),#4616,.F.);
#4871=ADVANCED_FACE('',(#466),#4617,.T.);
#4872=ADVANCED_FACE('',(#467),#4618,.F.);
#4873=ADVANCED_FACE('',(#468),#87,.T.);
#4874=ADVANCED_FACE('',(#469),#4619,.F.);
#4875=ADVANCED_FACE('',(#470),#4620,.T.);
#4876=ADVANCED_FACE('',(#471),#4621,.F.);
#4877=ADVANCED_FACE('',(#472),#88,.T.);
#4878=ADVANCED_FACE('',(#473),#4622,.F.);
#4879=ADVANCED_FACE('',(#474),#4623,.T.);
#4880=ADVANCED_FACE('',(#475),#4624,.F.);
#4881=ADVANCED_FACE('',(#476),#89,.T.);
#4882=ADVANCED_FACE('',(#477),#4625,.F.);
#4883=ADVANCED_FACE('',(#478),#4626,.F.);
#4884=ADVANCED_FACE('',(#479),#90,.T.);
#4885=ADVANCED_FACE('',(#480),#4627,.T.);
#4886=ADVANCED_FACE('',(#481),#4628,.F.);
#4887=ADVANCED_FACE('',(#482),#4629,.T.);
#4888=ADVANCED_FACE('',(#483),#4630,.F.);
#4889=ADVANCED_FACE('',(#484),#91,.T.);
#4890=ADVANCED_FACE('',(#485),#4631,.F.);
#4891=ADVANCED_FACE('',(#486),#4632,.T.);
#4892=ADVANCED_FACE('',(#487),#4633,.F.);
#4893=ADVANCED_FACE('',(#488),#92,.T.);
#4894=ADVANCED_FACE('',(#489),#4634,.F.);
#4895=ADVANCED_FACE('',(#490),#4635,.T.);
#4896=ADVANCED_FACE('',(#491),#4636,.F.);
#4897=ADVANCED_FACE('',(#492),#93,.T.);
#4898=ADVANCED_FACE('',(#493),#4637,.F.);
#4899=ADVANCED_FACE('',(#494),#4638,.T.);
#4900=ADVANCED_FACE('',(#495),#4639,.F.);
#4901=ADVANCED_FACE('',(#496),#94,.T.);
#4902=ADVANCED_FACE('',(#497),#4640,.F.);
#4903=ADVANCED_FACE('',(#498),#4641,.T.);
#4904=ADVANCED_FACE('',(#499),#4642,.F.);
#4905=ADVANCED_FACE('',(#500),#95,.T.);
#4906=ADVANCED_FACE('',(#501),#4643,.F.);
#4907=ADVANCED_FACE('',(#502),#4644,.T.);
#4908=ADVANCED_FACE('',(#503),#4645,.F.);
#4909=ADVANCED_FACE('',(#504),#96,.T.);
#4910=ADVANCED_FACE('',(#505),#4646,.F.);
#4911=ADVANCED_FACE('',(#506),#4647,.T.);
#4912=ADVANCED_FACE('',(#507),#4648,.F.);
#4913=ADVANCED_FACE('',(#508),#97,.T.);
#4914=ADVANCED_FACE('',(#509),#4649,.F.);
#4915=ADVANCED_FACE('',(#510),#4650,.T.);
#4916=ADVANCED_FACE('',(#511),#4651,.F.);
#4917=ADVANCED_FACE('',(#512),#98,.T.);
#4918=ADVANCED_FACE('',(#513),#4652,.F.);
#4919=ADVANCED_FACE('',(#514),#4653,.F.);
#4920=ADVANCED_FACE('',(#515),#99,.T.);
#4921=ADVANCED_FACE('',(#516),#4654,.T.);
#4922=ADVANCED_FACE('',(#517),#4655,.F.);
#4923=ADVANCED_FACE('',(#518),#4656,.F.);
#4924=ADVANCED_FACE('',(#519),#100,.T.);
#4925=ADVANCED_FACE('',(#520),#4657,.T.);
#4926=ADVANCED_FACE('',(#521),#4658,.F.);
#4927=ADVANCED_FACE('',(#522),#4659,.F.);
#4928=ADVANCED_FACE('',(#523),#101,.T.);
#4929=ADVANCED_FACE('',(#524),#4660,.T.);
#4930=ADVANCED_FACE('',(#525),#4661,.F.);
#4931=ADVANCED_FACE('',(#526),#4662,.F.);
#4932=ADVANCED_FACE('',(#527),#102,.T.);
#4933=ADVANCED_FACE('',(#528),#4663,.T.);
#4934=ADVANCED_FACE('',(#529,#265),#4664,.F.);
#4935=ADVANCED_FACE('',(#530),#61,.T.);
#4936=ADVANCED_FACE('',(#531),#62,.F.);
#4937=ADVANCED_FACE('',(#532),#4665,.F.);
#4938=ADVANCED_FACE('',(#533),#4666,.T.);
#4939=ADVANCED_FACE('',(#534),#4667,.T.);
#4940=ADVANCED_FACE('',(#535),#103,.T.);
#4941=ADVANCED_FACE('',(#536),#4668,.F.);
#4942=ADVANCED_FACE('',(#537),#4669,.T.);
#4943=ADVANCED_FACE('',(#538),#4670,.F.);
#4944=ADVANCED_FACE('',(#539),#4671,.F.);
#4945=ADVANCED_FACE('',(#540),#4672,.T.);
#4946=ADVANCED_FACE('',(#541),#4673,.T.);
#4947=ADVANCED_FACE('',(#542),#4674,.F.);
#4948=ADVANCED_FACE('',(#543),#4675,.F.);
#4949=ADVANCED_FACE('',(#544),#4676,.T.);
#4950=ADVANCED_FACE('',(#545),#4677,.T.);
#4951=ADVANCED_FACE('',(#546),#4678,.T.);
#4952=ADVANCED_FACE('',(#547),#4679,.T.);
#4953=ADVANCED_FACE('',(#548),#4680,.F.);
#4954=ADVANCED_FACE('',(#549),#4681,.T.);
#4955=ADVANCED_FACE('',(#550),#4682,.F.);
#4956=ADVANCED_FACE('',(#551),#4683,.T.);
#4957=ADVANCED_FACE('',(#552),#4684,.T.);
#4958=ADVANCED_FACE('',(#553),#4685,.T.);
#4959=ADVANCED_FACE('',(#554),#39,.T.);
#4960=CLOSED_SHELL('',(#4686,#4687,#4688,#4689,#4690,#4691,#4692,#4693,
#4694,#4695,#4696,#4697,#4698,#4699,#4700,#4701,#4702,#4703,#4704,#4705,
#4706,#4707,#4708,#4709,#4710,#4711,#4712,#4713,#4714,#4715,#4716,#4717,
#4718,#4719,#4720,#4721,#4722,#4723,#4724,#4725,#4726,#4727,#4728,#4729,
#4730,#4731,#4732,#4733,#4734,#4735,#4736,#4737,#4738,#4739,#4740,#4741,
#4742,#4743,#4744,#4745,#4746,#4747,#4748,#4749,#4750,#4751,#4752,#4753));
#4961=CLOSED_SHELL('',(#4754,#4755,#4756,#4757,#4758,#4759,#4760,#4761,
#4762,#4763,#4764,#4765,#4766,#4767,#4768,#4769,#4770,#4771,#4772,#4773,
#4774,#4775,#4776,#4777,#4778,#4779,#4780,#4781,#4782,#4783,#4784,#4785,
#4786,#4787,#4788,#4789,#4790,#4791,#4792,#4793,#4794));
#4962=CLOSED_SHELL('',(#4795,#4796,#4797,#4798,#4799,#4800,#4801,#4802,
#4803,#4804,#4805,#4806,#4807,#4808,#4809,#4810,#4811,#4812,#4813,#4814,
#4815,#4816,#4817,#4818,#4819,#4820,#4821,#4822,#4823,#4824,#4825,#4826,
#4827,#4828,#4829,#4830,#4831,#4832,#4833,#4834,#4835,#4836,#4837,#4838,
#4839,#4840,#4841,#4842,#4843,#4844,#4845,#4846,#4847,#4848,#4849,#4850,
#4851,#4852,#4853,#4854,#4855,#4856,#4857,#4858,#4859,#4860,#4861,#4862,
#4863,#4864,#4865,#4866,#4867,#4868,#4869,#4870,#4871,#4872,#4873,#4874,
#4875,#4876,#4877,#4878,#4879,#4880,#4881,#4882,#4883,#4884,#4885,#4886,
#4887,#4888,#4889,#4890,#4891,#4892,#4893,#4894,#4895,#4896,#4897,#4898,
#4899,#4900,#4901,#4902,#4903,#4904,#4905,#4906,#4907,#4908,#4909,#4910,
#4911,#4912,#4913,#4914,#4915,#4916,#4917,#4918,#4919,#4920,#4921,#4922,
#4923,#4924,#4925,#4926,#4927,#4928,#4929,#4930,#4931,#4932,#4933,#4934,
#4935,#4936,#4937,#4938,#4939));
#4963=CLOSED_SHELL('',(#4940,#4941,#4942,#4943,#4944,#4945,#4946,#4947,
#4948,#4949,#4950,#4951,#4952,#4953,#4954,#4955,#4956,#4957,#4958,#4959));
#4964=DERIVED_UNIT_ELEMENT(#4972,1.);
#4965=DERIVED_UNIT_ELEMENT(#11045,-3.);
#4966=DERIVED_UNIT_ELEMENT(#4972,1.);
#4967=DERIVED_UNIT_ELEMENT(#11045,-3.);
#4968=DERIVED_UNIT_ELEMENT(#4972,1.);
#4969=DERIVED_UNIT_ELEMENT(#11045,-3.);
#4970=DERIVED_UNIT_ELEMENT(#4972,1.);
#4971=DERIVED_UNIT_ELEMENT(#11045,-3.);
#4972=(
MASS_UNIT()
NAMED_UNIT(*)
SI_UNIT(.KILO.,.GRAM.)
);
#4973=DERIVED_UNIT((#4964,#4965));
#4974=DERIVED_UNIT((#4966,#4967));
#4975=DERIVED_UNIT((#4968,#4969));
#4976=DERIVED_UNIT((#4970,#4971));
#4977=MEASURE_REPRESENTATION_ITEM('density measure',
POSITIVE_RATIO_MEASURE(7850.),#4973);
#4978=MEASURE_REPRESENTATION_ITEM('density measure',
POSITIVE_RATIO_MEASURE(7850.),#4974);
#4979=MEASURE_REPRESENTATION_ITEM('density measure',
POSITIVE_RATIO_MEASURE(7850.),#4975);
#4980=MEASURE_REPRESENTATION_ITEM('density measure',
POSITIVE_RATIO_MEASURE(7850.),#4976);
#4981=PROPERTY_DEFINITION_REPRESENTATION(#5001,#4989);
#4982=PROPERTY_DEFINITION_REPRESENTATION(#5002,#4990);
#4983=PROPERTY_DEFINITION_REPRESENTATION(#5003,#4991);
#4984=PROPERTY_DEFINITION_REPRESENTATION(#5004,#4992);
#4985=PROPERTY_DEFINITION_REPRESENTATION(#5005,#4993);
#4986=PROPERTY_DEFINITION_REPRESENTATION(#5006,#4994);
#4987=PROPERTY_DEFINITION_REPRESENTATION(#5007,#4995);
#4988=PROPERTY_DEFINITION_REPRESENTATION(#5008,#4996);
#4989=REPRESENTATION('material name',(#4997),#11039);
#4990=REPRESENTATION('density',(#4977),#11039);
#4991=REPRESENTATION('material name',(#4998),#11040);
#4992=REPRESENTATION('density',(#4978),#11040);
#4993=REPRESENTATION('material name',(#4999),#11041);
#4994=REPRESENTATION('density',(#4979),#11041);
#4995=REPRESENTATION('material name',(#5000),#11042);
#4996=REPRESENTATION('density',(#4980),#11042);
#4997=DESCRIPTIVE_REPRESENTATION_ITEM('Steel','Steel');
#4998=DESCRIPTIVE_REPRESENTATION_ITEM('Steel','Steel');
#4999=DESCRIPTIVE_REPRESENTATION_ITEM('Steel','Steel');
#5000=DESCRIPTIVE_REPRESENTATION_ITEM('Steel','Steel');
#5001=PROPERTY_DEFINITION('material property','material name',#11072);
#5002=PROPERTY_DEFINITION('material property','density of part',#11072);
#5003=PROPERTY_DEFINITION('material property','material name',#11073);
#5004=PROPERTY_DEFINITION('material property','density of part',#11073);
#5005=PROPERTY_DEFINITION('material property','material name',#11074);
#5006=PROPERTY_DEFINITION('material property','density of part',#11074);
#5007=PROPERTY_DEFINITION('material property','material name',#11075);
#5008=PROPERTY_DEFINITION('material property','density of part',#11075);
#5009=AXIS2_PLACEMENT_3D('',#6764,#5412,#5413);
#5010=AXIS2_PLACEMENT_3D('',#6765,#5414,#5415);
#5011=AXIS2_PLACEMENT_3D('',#6766,#5416,#5417);
#5012=AXIS2_PLACEMENT_3D('',#6783,#5426,#5427);
#5013=AXIS2_PLACEMENT_3D('',#6824,#5448,#5449);
#5014=AXIS2_PLACEMENT_3D('',#6859,#5468,#5469);
#5015=AXIS2_PLACEMENT_3D('',#6862,#5472,#5473);
#5016=AXIS2_PLACEMENT_3D('',#6868,#5477,#5478);
#5017=AXIS2_PLACEMENT_3D('',#6872,#5481,#5482);
#5018=AXIS2_PLACEMENT_3D('',#6876,#5485,#5486);
#5019=AXIS2_PLACEMENT_3D('',#6880,#5489,#5490);
#5020=AXIS2_PLACEMENT_3D('',#6882,#5492,#5493);
#5021=AXIS2_PLACEMENT_3D('',#6886,#5496,#5497);
#5022=AXIS2_PLACEMENT_3D('',#6888,#5499,#5500);
#5023=AXIS2_PLACEMENT_3D('',#7082,#5509,#5510);
#5024=AXIS2_PLACEMENT_3D('',#7084,#5511,#5512);
#5025=AXIS2_PLACEMENT_3D('',#7086,#5513,#5514);
#5026=AXIS2_PLACEMENT_3D('',#7088,#5515,#5516);
#5027=AXIS2_PLACEMENT_3D('',#7090,#5517,#5518);
#5028=AXIS2_PLACEMENT_3D('',#7091,#5519,#5520);
#5029=AXIS2_PLACEMENT_3D('',#7093,#5521,#5522);
#5030=AXIS2_PLACEMENT_3D('',#7095,#5523,#5524);
#5031=AXIS2_PLACEMENT_3D('',#7096,#5525,#5526);
#5032=AXIS2_PLACEMENT_3D('',#7098,#5528,#5529);
#5033=AXIS2_PLACEMENT_3D('',#7100,#5530,#5531);
#5034=AXIS2_PLACEMENT_3D('',#7102,#5532,#5533);
#5035=AXIS2_PLACEMENT_3D('',#7103,#5534,#5535);
#5036=AXIS2_PLACEMENT_3D('',#7105,#5537,#5538);
#5037=AXIS2_PLACEMENT_3D('',#7107,#5539,#5540);
#5038=AXIS2_PLACEMENT_3D('',#7109,#5541,#5542);
#5039=AXIS2_PLACEMENT_3D('',#7110,#5543,#5544);
#5040=AXIS2_PLACEMENT_3D('',#7112,#5546,#5547);
#5041=AXIS2_PLACEMENT_3D('',#7114,#5548,#5549);
#5042=AXIS2_PLACEMENT_3D('',#7116,#5550,#5551);
#5043=AXIS2_PLACEMENT_3D('',#7117,#5552,#5553);
#5044=AXIS2_PLACEMENT_3D('',#7119,#5555,#5556);
#5045=AXIS2_PLACEMENT_3D('',#7121,#5557,#5558);
#5046=AXIS2_PLACEMENT_3D('',#7123,#5559,#5560);
#5047=AXIS2_PLACEMENT_3D('',#7124,#5561,#5562);
#5048=AXIS2_PLACEMENT_3D('',#7126,#5564,#5565);
#5049=AXIS2_PLACEMENT_3D('',#7741,#5568,#5569);
#5050=AXIS2_PLACEMENT_3D('',#7742,#5570,#5571);
#5051=AXIS2_PLACEMENT_3D('',#8357,#5574,#5575);
#5052=AXIS2_PLACEMENT_3D('',#8358,#5576,#5577);
#5053=AXIS2_PLACEMENT_3D('',#8361,#5579,#5580);
#5054=AXIS2_PLACEMENT_3D('',#8362,#5581,#5582);
#5055=AXIS2_PLACEMENT_3D('',#8363,#5583,#5584);
#5056=AXIS2_PLACEMENT_3D('',#8366,#5586,#5587);
#5057=AXIS2_PLACEMENT_3D('',#8367,#5588,#5589);
#5058=AXIS2_PLACEMENT_3D('',#8368,#5590,#5591);
#5059=AXIS2_PLACEMENT_3D('',#8371,#5593,#5594);
#5060=AXIS2_PLACEMENT_3D('',#8372,#5595,#5596);
#5061=AXIS2_PLACEMENT_3D('',#8373,#5597,#5598);
#5062=AXIS2_PLACEMENT_3D('',#8376,#5600,#5601);
#5063=AXIS2_PLACEMENT_3D('',#8377,#5602,#5603);
#5064=AXIS2_PLACEMENT_3D('',#8378,#5604,#5605);
#5065=AXIS2_PLACEMENT_3D('',#8381,#5607,#5608);
#5066=AXIS2_PLACEMENT_3D('',#8382,#5609,#5610);
#5067=AXIS2_PLACEMENT_3D('',#8383,#5611,#5612);
#5068=AXIS2_PLACEMENT_3D('',#8386,#5615,#5616);
#5069=AXIS2_PLACEMENT_3D('',#8388,#5618,#5619);
#5070=AXIS2_PLACEMENT_3D('',#8390,#5621,#5622);
#5071=AXIS2_PLACEMENT_3D('',#8392,#5624,#5625);
#5072=AXIS2_PLACEMENT_3D('',#8394,#5627,#5628);
#5073=AXIS2_PLACEMENT_3D('',#8396,#5630,#5631);
#5074=AXIS2_PLACEMENT_3D('',#8398,#5633,#5634);
#5075=AXIS2_PLACEMENT_3D('',#8404,#5638,#5639);
#5076=AXIS2_PLACEMENT_3D('',#8421,#5648,#5649);
#5077=AXIS2_PLACEMENT_3D('',#8424,#5652,#5653);
#5078=AXIS2_PLACEMENT_3D('',#8426,#5655,#5656);
#5079=AXIS2_PLACEMENT_3D('',#8428,#5658,#5659);
#5080=AXIS2_PLACEMENT_3D('',#8430,#5661,#5662);
#5081=AXIS2_PLACEMENT_3D('',#8432,#5664,#5665);
#5082=AXIS2_PLACEMENT_3D('',#8434,#5667,#5668);
#5083=AXIS2_PLACEMENT_3D('',#8436,#5670,#5671);
#5084=AXIS2_PLACEMENT_3D('',#8437,#5672,#5673);
#5085=AXIS2_PLACEMENT_3D('',#8440,#5676,#5677);
#5086=AXIS2_PLACEMENT_3D('',#8442,#5679,#5680);
#5087=AXIS2_PLACEMENT_3D('',#8444,#5682,#5683);
#5088=AXIS2_PLACEMENT_3D('',#8446,#5685,#5686);
#5089=AXIS2_PLACEMENT_3D('',#8448,#5688,#5689);
#5090=AXIS2_PLACEMENT_3D('',#8450,#5691,#5692);
#5091=AXIS2_PLACEMENT_3D('',#8452,#5694,#5695);
#5092=AXIS2_PLACEMENT_3D('',#8453,#5696,#5697);
#5093=AXIS2_PLACEMENT_3D('',#8456,#5700,#5701);
#5094=AXIS2_PLACEMENT_3D('',#8457,#5702,#5703);
#5095=AXIS2_PLACEMENT_3D('',#8458,#5704,#5705);
#5096=AXIS2_PLACEMENT_3D('',#8459,#5706,#5707);
#5097=AXIS2_PLACEMENT_3D('',#8468,#5712,#5713);
#5098=AXIS2_PLACEMENT_3D('',#8474,#5717,#5718);
#5099=AXIS2_PLACEMENT_3D('',#8480,#5722,#5723);
#5100=AXIS2_PLACEMENT_3D('',#8486,#5727,#5728);
#5101=AXIS2_PLACEMENT_3D('',#8492,#5732,#5733);
#5102=AXIS2_PLACEMENT_3D('',#8498,#5737,#5738);
#5103=AXIS2_PLACEMENT_3D('',#8504,#5742,#5743);
#5104=AXIS2_PLACEMENT_3D('',#8510,#5747,#5748);
#5105=AXIS2_PLACEMENT_3D('',#8516,#5752,#5753);
#5106=AXIS2_PLACEMENT_3D('',#8522,#5757,#5758);
#5107=AXIS2_PLACEMENT_3D('',#8528,#5762,#5763);
#5108=AXIS2_PLACEMENT_3D('',#8531,#5766,#5767);
#5109=AXIS2_PLACEMENT_3D('',#8532,#5768,#5769);
#5110=AXIS2_PLACEMENT_3D('',#8657,#5770,#5771);
#5111=AXIS2_PLACEMENT_3D('',#9058,#5785,#5786);
#5112=AXIS2_PLACEMENT_3D('',#9083,#5799,#5800);
#5113=AXIS2_PLACEMENT_3D('',#9089,#5804,#5805);
#5114=AXIS2_PLACEMENT_3D('',#9093,#5808,#5809);
#5115=AXIS2_PLACEMENT_3D('',#9097,#5812,#5813);
#5116=AXIS2_PLACEMENT_3D('',#9101,#5816,#5817);
#5117=AXIS2_PLACEMENT_3D('',#9105,#5820,#5821);
#5118=AXIS2_PLACEMENT_3D('',#9109,#5824,#5825);
#5119=AXIS2_PLACEMENT_3D('',#9113,#5828,#5829);
#5120=AXIS2_PLACEMENT_3D('',#9117,#5832,#5833);
#5121=AXIS2_PLACEMENT_3D('',#9121,#5836,#5837);
#5122=AXIS2_PLACEMENT_3D('',#9125,#5840,#5841);
#5123=AXIS2_PLACEMENT_3D('',#9129,#5844,#5845);
#5124=AXIS2_PLACEMENT_3D('',#9131,#5847,#5848);
#5125=AXIS2_PLACEMENT_3D('',#9134,#5851,#5852);
#5126=AXIS2_PLACEMENT_3D('',#9136,#5854,#5855);
#5127=AXIS2_PLACEMENT_3D('',#9138,#5857,#5858);
#5128=AXIS2_PLACEMENT_3D('',#9140,#5860,#5861);
#5129=AXIS2_PLACEMENT_3D('',#9142,#5863,#5864);
#5130=AXIS2_PLACEMENT_3D('',#9144,#5866,#5867);
#5131=AXIS2_PLACEMENT_3D('',#9146,#5869,#5870);
#5132=AXIS2_PLACEMENT_3D('',#9148,#5872,#5873);
#5133=AXIS2_PLACEMENT_3D('',#9150,#5875,#5876);
#5134=AXIS2_PLACEMENT_3D('',#9152,#5878,#5879);
#5135=AXIS2_PLACEMENT_3D('',#9154,#5881,#5882);
#5136=AXIS2_PLACEMENT_3D('',#9155,#5883,#5884);
#5137=AXIS2_PLACEMENT_3D('',#9156,#5885,#5886);
#5138=AXIS2_PLACEMENT_3D('',#9165,#5891,#5892);
#5139=AXIS2_PLACEMENT_3D('',#9174,#5897,#5898);
#5140=AXIS2_PLACEMENT_3D('',#9183,#5903,#5904);
#5141=AXIS2_PLACEMENT_3D('',#9218,#5923,#5924);
#5142=AXIS2_PLACEMENT_3D('',#9227,#5929,#5930);
#5143=AXIS2_PLACEMENT_3D('',#9244,#5939,#5940);
#5144=AXIS2_PLACEMENT_3D('',#9247,#5943,#5944);
#5145=AXIS2_PLACEMENT_3D('',#9250,#5947,#5948);
#5146=AXIS2_PLACEMENT_3D('',#9256,#5952,#5953);
#5147=AXIS2_PLACEMENT_3D('',#9262,#5957,#5958);
#5148=AXIS2_PLACEMENT_3D('',#9287,#5972,#5973);
#5149=AXIS2_PLACEMENT_3D('',#9289,#5974,#5975);
#5150=AXIS2_PLACEMENT_3D('',#9291,#5976,#5977);
#5151=AXIS2_PLACEMENT_3D('',#9293,#5978,#5979);
#5152=AXIS2_PLACEMENT_3D('',#9295,#5980,#5981);
#5153=AXIS2_PLACEMENT_3D('',#9298,#5982,#5983);
#5154=AXIS2_PLACEMENT_3D('',#9302,#5985,#5986);
#5155=AXIS2_PLACEMENT_3D('',#9306,#5988,#5989);
#5156=AXIS2_PLACEMENT_3D('',#9310,#5991,#5992);
#5157=AXIS2_PLACEMENT_3D('',#9312,#5993,#5994);
#5158=AXIS2_PLACEMENT_3D('',#9316,#5996,#5997);
#5159=AXIS2_PLACEMENT_3D('',#9320,#5999,#6000);
#5160=AXIS2_PLACEMENT_3D('',#9324,#6002,#6003);
#5161=AXIS2_PLACEMENT_3D('',#9328,#6005,#6006);
#5162=AXIS2_PLACEMENT_3D('',#9332,#6008,#6009);
#5163=AXIS2_PLACEMENT_3D('',#9336,#6011,#6012);
#5164=AXIS2_PLACEMENT_3D('',#9340,#6014,#6015);
#5165=AXIS2_PLACEMENT_3D('',#9344,#6017,#6018);
#5166=AXIS2_PLACEMENT_3D('',#9346,#6019,#6020);
#5167=AXIS2_PLACEMENT_3D('',#9350,#6022,#6023);
#5168=AXIS2_PLACEMENT_3D('',#9354,#6025,#6026);
#5169=AXIS2_PLACEMENT_3D('',#9358,#6028,#6029);
#5170=AXIS2_PLACEMENT_3D('',#9362,#6031,#6032);
#5171=AXIS2_PLACEMENT_3D('',#9366,#6034,#6035);
#5172=AXIS2_PLACEMENT_3D('',#9370,#6037,#6038);
#5173=AXIS2_PLACEMENT_3D('',#9374,#6040,#6041);
#5174=AXIS2_PLACEMENT_3D('',#9378,#6043,#6044);
#5175=AXIS2_PLACEMENT_3D('',#9382,#6046,#6047);
#5176=AXIS2_PLACEMENT_3D('',#9386,#6049,#6050);
#5177=AXIS2_PLACEMENT_3D('',#9390,#6052,#6053);
#5178=AXIS2_PLACEMENT_3D('',#9394,#6055,#6056);
#5179=AXIS2_PLACEMENT_3D('',#9396,#6057,#6058);
#5180=AXIS2_PLACEMENT_3D('',#9400,#6060,#6061);
#5181=AXIS2_PLACEMENT_3D('',#9404,#6063,#6064);
#5182=AXIS2_PLACEMENT_3D('',#9406,#6065,#6066);
#5183=AXIS2_PLACEMENT_3D('',#9410,#6068,#6069);
#5184=AXIS2_PLACEMENT_3D('',#9414,#6071,#6072);
#5185=AXIS2_PLACEMENT_3D('',#9418,#6074,#6075);
#5186=AXIS2_PLACEMENT_3D('',#9422,#6077,#6078);
#5187=AXIS2_PLACEMENT_3D('',#9426,#6080,#6081);
#5188=AXIS2_PLACEMENT_3D('',#9430,#6083,#6084);
#5189=AXIS2_PLACEMENT_3D('',#9556,#6086,#6087);
#5190=AXIS2_PLACEMENT_3D('',#9705,#6100,#6101);
#5191=AXIS2_PLACEMENT_3D('',#9748,#6123,#6124);
#5192=AXIS2_PLACEMENT_3D('',#9750,#6125,#6126);
#5193=AXIS2_PLACEMENT_3D('',#9752,#6127,#6128);
#5194=AXIS2_PLACEMENT_3D('',#9754,#6129,#6130);
#5195=AXIS2_PLACEMENT_3D('',#9755,#6131,#6132);
#5196=AXIS2_PLACEMENT_3D('',#9758,#6135,#6136);
#5197=AXIS2_PLACEMENT_3D('',#9761,#6139,#6140);
#5198=AXIS2_PLACEMENT_3D('',#9763,#6142,#6143);
#5199=AXIS2_PLACEMENT_3D('',#9765,#6145,#6146);
#5200=AXIS2_PLACEMENT_3D('',#9767,#6148,#6149);
#5201=AXIS2_PLACEMENT_3D('',#9769,#6151,#6152);
#5202=AXIS2_PLACEMENT_3D('',#9771,#6154,#6155);
#5203=AXIS2_PLACEMENT_3D('',#9773,#6157,#6158);
#5204=AXIS2_PLACEMENT_3D('',#9774,#6159,#6160);
#5205=AXIS2_PLACEMENT_3D('',#9778,#6163,#6164);
#5206=AXIS2_PLACEMENT_3D('',#9782,#6167,#6168);
#5207=AXIS2_PLACEMENT_3D('',#9786,#6171,#6172);
#5208=AXIS2_PLACEMENT_3D('',#9790,#6175,#6176);
#5209=AXIS2_PLACEMENT_3D('',#9794,#6179,#6180);
#5210=AXIS2_PLACEMENT_3D('',#9798,#6183,#6184);
#5211=AXIS2_PLACEMENT_3D('',#9800,#6186,#6187);
#5212=AXIS2_PLACEMENT_3D('',#9803,#6190,#6191);
#5213=AXIS2_PLACEMENT_3D('',#9805,#6193,#6194);
#5214=AXIS2_PLACEMENT_3D('',#9807,#6196,#6197);
#5215=AXIS2_PLACEMENT_3D('',#9809,#6199,#6200);
#5216=AXIS2_PLACEMENT_3D('',#9811,#6202,#6203);
#5217=AXIS2_PLACEMENT_3D('',#9813,#6205,#6206);
#5218=AXIS2_PLACEMENT_3D('',#9814,#6207,#6208);
#5219=AXIS2_PLACEMENT_3D('',#9816,#6210,#6211);
#5220=AXIS2_PLACEMENT_3D('',#9818,#6212,#6213);
#5221=AXIS2_PLACEMENT_3D('',#9821,#6215,#6216);
#5222=AXIS2_PLACEMENT_3D('',#9822,#6217,#6218);
#5223=AXIS2_PLACEMENT_3D('',#9825,#6220,#6221);
#5224=AXIS2_PLACEMENT_3D('',#9826,#6222,#6223);
#5225=AXIS2_PLACEMENT_3D('',#9827,#6224,#6225);
#5226=AXIS2_PLACEMENT_3D('',#9828,#6226,#6227);
#5227=AXIS2_PLACEMENT_3D('',#9830,#6228,#6229);
#5228=AXIS2_PLACEMENT_3D('',#9833,#6231,#6232);
#5229=AXIS2_PLACEMENT_3D('',#9834,#6233,#6234);
#5230=AXIS2_PLACEMENT_3D('',#9837,#6236,#6237);
#5231=AXIS2_PLACEMENT_3D('',#9838,#6238,#6239);
#5232=AXIS2_PLACEMENT_3D('',#9839,#6240,#6241);
#5233=AXIS2_PLACEMENT_3D('',#9840,#6242,#6243);
#5234=AXIS2_PLACEMENT_3D('',#9842,#6244,#6245);
#5235=AXIS2_PLACEMENT_3D('',#9845,#6247,#6248);
#5236=AXIS2_PLACEMENT_3D('',#9846,#6249,#6250);
#5237=AXIS2_PLACEMENT_3D('',#9849,#6252,#6253);
#5238=AXIS2_PLACEMENT_3D('',#9850,#6254,#6255);
#5239=AXIS2_PLACEMENT_3D('',#9851,#6256,#6257);
#5240=AXIS2_PLACEMENT_3D('',#9852,#6258,#6259);
#5241=AXIS2_PLACEMENT_3D('',#9854,#6260,#6261);
#5242=AXIS2_PLACEMENT_3D('',#9857,#6263,#6264);
#5243=AXIS2_PLACEMENT_3D('',#9858,#6265,#6266);
#5244=AXIS2_PLACEMENT_3D('',#9861,#6268,#6269);
#5245=AXIS2_PLACEMENT_3D('',#9862,#6270,#6271);
#5246=AXIS2_PLACEMENT_3D('',#9863,#6272,#6273);
#5247=AXIS2_PLACEMENT_3D('',#9864,#6274,#6275);
#5248=AXIS2_PLACEMENT_3D('',#9866,#6276,#6277);
#5249=AXIS2_PLACEMENT_3D('',#9869,#6279,#6280);
#5250=AXIS2_PLACEMENT_3D('',#9870,#6281,#6282);
#5251=AXIS2_PLACEMENT_3D('',#9873,#6284,#6285);
#5252=AXIS2_PLACEMENT_3D('',#9874,#6286,#6287);
#5253=AXIS2_PLACEMENT_3D('',#9875,#6288,#6289);
#5254=AXIS2_PLACEMENT_3D('',#9876,#6290,#6291);
#5255=AXIS2_PLACEMENT_3D('',#9880,#6293,#6294);
#5256=AXIS2_PLACEMENT_3D('',#9885,#6297,#6298);
#5257=AXIS2_PLACEMENT_3D('',#9890,#6301,#6302);
#5258=AXIS2_PLACEMENT_3D('',#9895,#6305,#6306);
#5259=AXIS2_PLACEMENT_3D('',#9898,#6309,#6310);
#5260=AXIS2_PLACEMENT_3D('',#9901,#6313,#6314);
#5261=AXIS2_PLACEMENT_3D('',#9903,#6316,#6317);
#5262=AXIS2_PLACEMENT_3D('',#9905,#6319,#6320);
#5263=AXIS2_PLACEMENT_3D('',#9907,#6322,#6323);
#5264=AXIS2_PLACEMENT_3D('',#9909,#6325,#6326);
#5265=AXIS2_PLACEMENT_3D('',#9911,#6328,#6329);
#5266=AXIS2_PLACEMENT_3D('',#9913,#6331,#6332);
#5267=AXIS2_PLACEMENT_3D('',#9915,#6334,#6335);
#5268=AXIS2_PLACEMENT_3D('',#9917,#6337,#6338);
#5269=AXIS2_PLACEMENT_3D('',#9919,#6340,#6341);
#5270=AXIS2_PLACEMENT_3D('',#9921,#6343,#6344);
#5271=AXIS2_PLACEMENT_3D('',#9922,#6345,#6346);
#5272=AXIS2_PLACEMENT_3D('',#9926,#6348,#6349);
#5273=AXIS2_PLACEMENT_3D('',#9932,#6353,#6354);
#5274=AXIS2_PLACEMENT_3D('',#9937,#6357,#6358);
#5275=AXIS2_PLACEMENT_3D('',#9942,#6361,#6362);
#5276=AXIS2_PLACEMENT_3D('',#9944,#6364,#6365);
#5277=AXIS2_PLACEMENT_3D('',#9949,#6368,#6369);
#5278=AXIS2_PLACEMENT_3D('',#9954,#6372,#6373);
#5279=AXIS2_PLACEMENT_3D('',#9959,#6376,#6377);
#5280=AXIS2_PLACEMENT_3D('',#9964,#6380,#6381);
#5281=AXIS2_PLACEMENT_3D('',#9966,#6383,#6384);
#5282=AXIS2_PLACEMENT_3D('',#9970,#6386,#6387);
#5283=AXIS2_PLACEMENT_3D('',#9976,#6391,#6392);
#5284=AXIS2_PLACEMENT_3D('',#9981,#6395,#6396);
#5285=AXIS2_PLACEMENT_3D('',#9986,#6399,#6400);
#5286=AXIS2_PLACEMENT_3D('',#9988,#6402,#6403);
#5287=AXIS2_PLACEMENT_3D('',#9989,#6404,#6405);
#5288=AXIS2_PLACEMENT_3D('',#9990,#6406,#6407);
#5289=AXIS2_PLACEMENT_3D('',#9995,#6410,#6411);
#5290=AXIS2_PLACEMENT_3D('',#9996,#6412,#6413);
#5291=AXIS2_PLACEMENT_3D('',#9998,#6415,#6416);
#5292=AXIS2_PLACEMENT_3D('',#10000,#6418,#6419);
#5293=AXIS2_PLACEMENT_3D('',#10001,#6420,#6421);
#5294=AXIS2_PLACEMENT_3D('',#10004,#6422,#6423);
#5295=AXIS2_PLACEMENT_3D('',#10007,#6426,#6427);
#5296=AXIS2_PLACEMENT_3D('',#10009,#6429,#6430);
#5297=AXIS2_PLACEMENT_3D('',#10011,#6432,#6433);
#5298=AXIS2_PLACEMENT_3D('',#10012,#6434,#6435);
#5299=AXIS2_PLACEMENT_3D('',#10015,#6436,#6437);
#5300=AXIS2_PLACEMENT_3D('',#10018,#6440,#6441);
#5301=AXIS2_PLACEMENT_3D('',#10020,#6443,#6444);
#5302=AXIS2_PLACEMENT_3D('',#10022,#6446,#6447);
#5303=AXIS2_PLACEMENT_3D('',#10023,#6448,#6449);
#5304=AXIS2_PLACEMENT_3D('',#10027,#6451,#6452);
#5305=AXIS2_PLACEMENT_3D('',#10029,#6454,#6455);
#5306=AXIS2_PLACEMENT_3D('',#10031,#6457,#6458);
#5307=AXIS2_PLACEMENT_3D('',#10033,#6460,#6461);
#5308=AXIS2_PLACEMENT_3D('',#10034,#6462,#6463);
#5309=AXIS2_PLACEMENT_3D('',#10039,#6466,#6467);
#5310=AXIS2_PLACEMENT_3D('',#10040,#6468,#6469);
#5311=AXIS2_PLACEMENT_3D('',#10042,#6471,#6472);
#5312=AXIS2_PLACEMENT_3D('',#10044,#6474,#6475);
#5313=AXIS2_PLACEMENT_3D('',#10045,#6476,#6477);
#5314=AXIS2_PLACEMENT_3D('',#10048,#6478,#6479);
#5315=AXIS2_PLACEMENT_3D('',#10051,#6482,#6483);
#5316=AXIS2_PLACEMENT_3D('',#10053,#6485,#6486);
#5317=AXIS2_PLACEMENT_3D('',#10055,#6488,#6489);
#5318=AXIS2_PLACEMENT_3D('',#10056,#6490,#6491);
#5319=AXIS2_PLACEMENT_3D('',#10059,#6492,#6493);
#5320=AXIS2_PLACEMENT_3D('',#10062,#6496,#6497);
#5321=AXIS2_PLACEMENT_3D('',#10064,#6499,#6500);
#5322=AXIS2_PLACEMENT_3D('',#10066,#6502,#6503);
#5323=AXIS2_PLACEMENT_3D('',#10067,#6504,#6505);
#5324=AXIS2_PLACEMENT_3D('',#10071,#6507,#6508);
#5325=AXIS2_PLACEMENT_3D('',#10073,#6510,#6511);
#5326=AXIS2_PLACEMENT_3D('',#10075,#6513,#6514);
#5327=AXIS2_PLACEMENT_3D('',#10077,#6516,#6517);
#5328=AXIS2_PLACEMENT_3D('',#10078,#6518,#6519);
#5329=AXIS2_PLACEMENT_3D('',#10081,#6520,#6521);
#5330=AXIS2_PLACEMENT_3D('',#10084,#6524,#6525);
#5331=AXIS2_PLACEMENT_3D('',#10086,#6527,#6528);
#5332=AXIS2_PLACEMENT_3D('',#10088,#6530,#6531);
#5333=AXIS2_PLACEMENT_3D('',#10089,#6532,#6533);
#5334=AXIS2_PLACEMENT_3D('',#10094,#6536,#6537);
#5335=AXIS2_PLACEMENT_3D('',#10095,#6538,#6539);
#5336=AXIS2_PLACEMENT_3D('',#10097,#6541,#6542);
#5337=AXIS2_PLACEMENT_3D('',#10099,#6544,#6545);
#5338=AXIS2_PLACEMENT_3D('',#10100,#6546,#6547);
#5339=AXIS2_PLACEMENT_3D('',#10104,#6549,#6550);
#5340=AXIS2_PLACEMENT_3D('',#10106,#6552,#6553);
#5341=AXIS2_PLACEMENT_3D('',#10108,#6555,#6556);
#5342=AXIS2_PLACEMENT_3D('',#10110,#6558,#6559);
#5343=AXIS2_PLACEMENT_3D('',#10111,#6560,#6561);
#5344=AXIS2_PLACEMENT_3D('',#10115,#6563,#6564);
#5345=AXIS2_PLACEMENT_3D('',#10117,#6566,#6567);
#5346=AXIS2_PLACEMENT_3D('',#10119,#6569,#6570);
#5347=AXIS2_PLACEMENT_3D('',#10121,#6572,#6573);
#5348=AXIS2_PLACEMENT_3D('',#10122,#6574,#6575);
#5349=AXIS2_PLACEMENT_3D('',#10126,#6577,#6578);
#5350=AXIS2_PLACEMENT_3D('',#10128,#6580,#6581);
#5351=AXIS2_PLACEMENT_3D('',#10130,#6583,#6584);
#5352=AXIS2_PLACEMENT_3D('',#10132,#6586,#6587);
#5353=AXIS2_PLACEMENT_3D('',#10133,#6588,#6589);
#5354=AXIS2_PLACEMENT_3D('',#10137,#6591,#6592);
#5355=AXIS2_PLACEMENT_3D('',#10139,#6594,#6595);
#5356=AXIS2_PLACEMENT_3D('',#10141,#6597,#6598);
#5357=AXIS2_PLACEMENT_3D('',#10143,#6600,#6601);
#5358=AXIS2_PLACEMENT_3D('',#10144,#6602,#6603);
#5359=AXIS2_PLACEMENT_3D('',#10148,#6605,#6606);
#5360=AXIS2_PLACEMENT_3D('',#10150,#6608,#6609);
#5361=AXIS2_PLACEMENT_3D('',#10152,#6611,#6612);
#5362=AXIS2_PLACEMENT_3D('',#10154,#6614,#6615);
#5363=AXIS2_PLACEMENT_3D('',#10155,#6616,#6617);
#5364=AXIS2_PLACEMENT_3D('',#10159,#6619,#6620);
#5365=AXIS2_PLACEMENT_3D('',#10161,#6622,#6623);
#5366=AXIS2_PLACEMENT_3D('',#10163,#6625,#6626);
#5367=AXIS2_PLACEMENT_3D('',#10165,#6628,#6629);
#5368=AXIS2_PLACEMENT_3D('',#10166,#6630,#6631);
#5369=AXIS2_PLACEMENT_3D('',#10909,#6634,#6635);
#5370=AXIS2_PLACEMENT_3D('',#10911,#6637,#6638);
#5371=AXIS2_PLACEMENT_3D('',#10913,#6640,#6641);
#5372=AXIS2_PLACEMENT_3D('',#10914,#6642,#6643);
#5373=AXIS2_PLACEMENT_3D('',#10915,#6644,#6645);
#5374=AXIS2_PLACEMENT_3D('',#10918,#6646,#6647);
#5375=AXIS2_PLACEMENT_3D('',#10922,#6649,#6650);
#5376=AXIS2_PLACEMENT_3D('',#10926,#6652,#6653);
#5377=AXIS2_PLACEMENT_3D('',#10930,#6655,#6656);
#5378=AXIS2_PLACEMENT_3D('',#10934,#6658,#6659);
#5379=AXIS2_PLACEMENT_3D('',#10938,#6661,#6662);
#5380=AXIS2_PLACEMENT_3D('',#10942,#6664,#6665);
#5381=AXIS2_PLACEMENT_3D('',#10946,#6667,#6668);
#5382=AXIS2_PLACEMENT_3D('',#10950,#6670,#6671);
#5383=AXIS2_PLACEMENT_3D('',#10953,#6673,#6674);
#5384=AXIS2_PLACEMENT_3D('',#10954,#6675,#6676);
#5385=AXIS2_PLACEMENT_3D('',#10955,#6677,#6678);
#5386=AXIS2_PLACEMENT_3D('',#10976,#6691,#6692);
#5387=AXIS2_PLACEMENT_3D('',#10978,#6693,#6694);
#5388=AXIS2_PLACEMENT_3D('',#10979,#6695,#6696);
#5389=AXIS2_PLACEMENT_3D('',#10985,#6700,#6701);
#5390=AXIS2_PLACEMENT_3D('',#10987,#6703,#6704);
#5391=AXIS2_PLACEMENT_3D('',#10989,#6706,#6707);
#5392=AXIS2_PLACEMENT_3D('',#10990,#6708,#6709);
#5393=AXIS2_PLACEMENT_3D('',#10996,#6713,#6714);
#5394=AXIS2_PLACEMENT_3D('',#10998,#6716,#6717);
#5395=AXIS2_PLACEMENT_3D('',#11000,#6719,#6720);
#5396=AXIS2_PLACEMENT_3D('',#11001,#6721,#6722);
#5397=AXIS2_PLACEMENT_3D('',#11007,#6726,#6727);
#5398=AXIS2_PLACEMENT_3D('',#11009,#6729,#6730);
#5399=AXIS2_PLACEMENT_3D('',#11011,#6732,#6733);
#5400=AXIS2_PLACEMENT_3D('',#11012,#6734,#6735);
#5401=AXIS2_PLACEMENT_3D('',#11016,#6738,#6739);
#5402=AXIS2_PLACEMENT_3D('',#11020,#6742,#6743);
#5403=AXIS2_PLACEMENT_3D('',#11022,#6745,#6746);
#5404=AXIS2_PLACEMENT_3D('',#11023,#6747,#6748);
#5405=AXIS2_PLACEMENT_3D('',#11025,#6750,#6751);
#5406=AXIS2_PLACEMENT_3D('',#11026,#6752,#6753);
#5407=AXIS2_PLACEMENT_3D('',#11027,#6754,#6755);
#5408=AXIS2_PLACEMENT_3D('',#11028,#6756,#6757);
#5409=AXIS2_PLACEMENT_3D('',#11029,#6758,#6759);
#5410=AXIS2_PLACEMENT_3D('',#11030,#6760,#6761);
#5411=AXIS2_PLACEMENT_3D('',#11031,#6762,#6763);
#5412=DIRECTION('axis',(0.,0.,1.));
#5413=DIRECTION('refdir',(1.,0.,0.));
#5414=DIRECTION('axis',(0.,0.,1.));
#5415=DIRECTION('refdir',(1.,0.,0.));
#5416=DIRECTION('center_axis',(0.,-1.,0.));
#5417=DIRECTION('ref_axis',(0.,0.,-1.));
#5418=DIRECTION('',(1.50949372273569E-48,-1.110223024625E-16,-1.));
#5419=DIRECTION('',(-1.,-1.35963107344631E-32,1.50949372273569E-48));
#5420=DIRECTION('',(0.,0.,1.));
#5421=DIRECTION('',(-1.,0.,0.));
#5422=DIRECTION('',(0.,0.,1.));
#5423=DIRECTION('',(-1.,-1.35963107344631E-32,1.50949372273569E-48));
#5424=DIRECTION('',(1.50949372273569E-48,-1.110223024625E-16,-1.));
#5425=DIRECTION('',(-1.,-1.35963107344631E-32,1.50949372273569E-48));
#5426=DIRECTION('center_axis',(1.224646799147E-16,1.110223024625E-16,1.));
#5427=DIRECTION('ref_axis',(-1.,0.,1.224646799147E-16));
#5428=DIRECTION('',(-1.35963107344631E-32,1.,-1.110223024625E-16));
#5429=DIRECTION('',(1.,0.,-1.224646799147E-16));
#5430=DIRECTION('',(-0.707106781186547,0.707106781186548,8.09098268934664E-18));
#5431=DIRECTION('',(0.,-1.,1.110223024625E-16));
#5432=DIRECTION('',(-0.707106781186548,-0.707106781186548,1.65100228557702E-16));
#5433=DIRECTION('',(-1.,0.,1.224646799147E-16));
#5434=DIRECTION('',(-0.707106781186548,0.707106781186548,8.09098268934668E-18));
#5435=DIRECTION('',(0.,1.,-1.110223024625E-16));
#5436=DIRECTION('',(0.707106781186548,0.707106781186548,-1.65100228557702E-16));
#5437=DIRECTION('',(1.,0.,-1.224646799147E-16));
#5438=DIRECTION('',(-1.35963107344631E-32,1.,-1.110223024625E-16));
#5439=DIRECTION('',(1.,4.48772848297003E-34,-1.224646799147E-16));
#5440=DIRECTION('',(0.707106781186548,0.707106781186548,-1.65100228557702E-16));
#5441=DIRECTION('',(-2.76620237702724E-35,1.,-1.110223024625E-16));
#5442=DIRECTION('',(-0.707106781186547,0.707106781186548,8.09098268934663E-18));
#5443=DIRECTION('',(-1.,-8.43360295937018E-37,1.224646799147E-16));
#5444=DIRECTION('',(-0.707106781186548,-0.707106781186548,1.65100228557702E-16));
#5445=DIRECTION('',(2.76620237702785E-35,-1.,1.110223024625E-16));
#5446=DIRECTION('',(-0.707106781186547,0.707106781186548,8.09098268934663E-18));
#5447=DIRECTION('',(1.,4.48772848297003E-34,-1.224646799147E-16));
#5448=DIRECTION('center_axis',(0.,1.110223024625E-16,1.));
#5449=DIRECTION('ref_axis',(0.,-1.,1.110223024625E-16));
#5450=DIRECTION('',(-1.35963107344631E-32,1.,-1.110223024625E-16));
#5451=DIRECTION('',(-1.,-1.40450835827601E-32,1.55931751763628E-48));
#5452=DIRECTION('',(0.707106781186547,-0.707106781186548,7.85046229341777E-17));
#5453=DIRECTION('',(-2.76620237702783E-35,1.,-1.110223024625E-16));
#5454=DIRECTION('',(0.707106781186548,0.707106781186548,-7.85046229341776E-17));
#5455=DIRECTION('',(1.,1.3597154094759E-32,-1.50958735453755E-48));
#5456=DIRECTION('',(0.707106781186547,-0.707106781186548,7.85046229341777E-17));
#5457=DIRECTION('',(2.76620237702728E-35,-1.,1.110223024625E-16));
#5458=DIRECTION('',(-0.707106781186548,-0.707106781186548,7.85046229341776E-17));
#5459=DIRECTION('',(-1.,-1.40450835827601E-32,1.55931751763628E-48));
#5460=DIRECTION('',(-1.35963107344631E-32,1.,-1.110223024625E-16));
#5461=DIRECTION('',(-0.707106781186548,-0.707106781186548,7.85046229341776E-17));
#5462=DIRECTION('',(0.,-1.,1.110223024625E-16));
#5463=DIRECTION('',(0.707106781186548,-0.707106781186548,7.85046229341776E-17));
#5464=DIRECTION('',(1.,1.35963107344631E-32,-1.50949372273569E-48));
#5465=DIRECTION('',(0.707106781186548,0.707106781186548,-7.85046229341776E-17));
#5466=DIRECTION('',(0.,1.,-1.110223024625E-16));
#5467=DIRECTION('',(0.707106781186548,-0.707106781186548,7.85046229341776E-17));
#5468=DIRECTION('center_axis',(1.40450835827601E-32,-1.,1.110223024625E-16));
#5469=DIRECTION('ref_axis',(0.,-1.110223024625E-16,-1.));
#5470=DIRECTION('',(-1.50949372273569E-48,1.110223024625E-16,1.));
#5471=DIRECTION('',(1.224646799147E-16,1.110223024625E-16,1.));
#5472=DIRECTION('center_axis',(-0.707106781186548,0.707106781186547,0.));
#5473=DIRECTION('ref_axis',(-0.707106781186547,-0.707106781186548,0.));
#5474=DIRECTION('',(0.,0.,1.));
#5475=DIRECTION('',(0.707106781186548,0.707106781186548,0.));
#5476=DIRECTION('',(0.,0.,1.));
#5477=DIRECTION('center_axis',(0.,1.,0.));
#5478=DIRECTION('ref_axis',(0.,0.,1.));
#5479=DIRECTION('',(0.,0.,1.));
#5480=DIRECTION('',(1.,0.,0.));
#5481=DIRECTION('center_axis',(0.707106781186548,0.707106781186547,0.));
#5482=DIRECTION('ref_axis',(-0.707106781186547,0.707106781186548,0.));
#5483=DIRECTION('',(0.,0.,1.));
#5484=DIRECTION('',(0.707106781186548,-0.707106781186548,0.));
#5485=DIRECTION('center_axis',(1.,0.,0.));
#5486=DIRECTION('ref_axis',(0.,0.,-1.));
#5487=DIRECTION('',(0.,0.,1.));
#5488=DIRECTION('',(0.,-1.,0.));
#5489=DIRECTION('center_axis',(0.707106781186548,-0.707106781186548,0.));
#5490=DIRECTION('ref_axis',(0.707106781186547,0.707106781186547,0.));
#5491=DIRECTION('',(-0.707106781186548,-0.707106781186548,0.));
#5492=DIRECTION('center_axis',(0.707106781186548,0.707106781186547,0.));
#5493=DIRECTION('ref_axis',(-0.707106781186547,0.707106781186548,0.));
#5494=DIRECTION('',(0.,0.,1.));
#5495=DIRECTION('',(-0.707106781186548,0.707106781186548,0.));
#5496=DIRECTION('center_axis',(-1.,0.,0.));
#5497=DIRECTION('ref_axis',(0.,0.,1.));
#5498=DIRECTION('',(0.,1.,0.));
#5499=DIRECTION('center_axis',(0.,0.,-1.));
#5500=DIRECTION('ref_axis',(1.,0.,0.));
#5501=DIRECTION('',(0.,-1.,0.));
#5502=DIRECTION('',(-0.707106781186547,0.707106781186548,0.));
#5503=DIRECTION('',(1.,0.,0.));
#5504=DIRECTION('',(0.707106781186548,0.707106781186548,0.));
#5505=DIRECTION('',(0.,1.,0.));
#5506=DIRECTION('',(-0.707106781186548,0.707106781186548,0.));
#5507=DIRECTION('',(-1.,0.,0.));
#5508=DIRECTION('',(-0.707106781186548,-0.707106781186548,0.));
#5509=DIRECTION('center_axis',(0.,0.,1.));
#5510=DIRECTION('ref_axis',(1.,0.,0.));
#5511=DIRECTION('center_axis',(0.,0.,-1.));
#5512=DIRECTION('ref_axis',(-1.,0.,0.));
#5513=DIRECTION('center_axis',(0.,0.,-1.));
#5514=DIRECTION('ref_axis',(-1.,0.,0.));
#5515=DIRECTION('center_axis',(0.,0.,-1.));
#5516=DIRECTION('ref_axis',(-1.,0.,0.));
#5517=DIRECTION('center_axis',(0.,0.,-1.));
#5518=DIRECTION('ref_axis',(-1.,0.,0.));
#5519=DIRECTION('center_axis',(0.,0.,-1.));
#5520=DIRECTION('ref_axis',(0.,-1.,0.));
#5521=DIRECTION('center_axis',(0.,0.,-1.));
#5522=DIRECTION('ref_axis',(-1.,0.,0.));
#5523=DIRECTION('center_axis',(0.,0.,1.));
#5524=DIRECTION('ref_axis',(1.,0.,0.));
#5525=DIRECTION('center_axis',(0.,0.,-1.));
#5526=DIRECTION('ref_axis',(-1.,0.,0.));
#5527=DIRECTION('',(0.,0.,1.));
#5528=DIRECTION('center_axis',(0.,0.,-1.));
#5529=DIRECTION('ref_axis',(0.,-1.,0.));
#5530=DIRECTION('center_axis',(0.,0.,-1.));
#5531=DIRECTION('ref_axis',(-1.,0.,0.));
#5532=DIRECTION('center_axis',(0.,0.,1.));
#5533=DIRECTION('ref_axis',(1.,0.,0.));
#5534=DIRECTION('center_axis',(0.,0.,-1.));
#5535=DIRECTION('ref_axis',(-1.,0.,0.));
#5536=DIRECTION('',(0.,0.,1.));
#5537=DIRECTION('center_axis',(0.,0.,-1.));
#5538=DIRECTION('ref_axis',(0.,-1.,0.));
#5539=DIRECTION('center_axis',(0.,0.,-1.));
#5540=DIRECTION('ref_axis',(-1.,0.,0.));
#5541=DIRECTION('center_axis',(0.,0.,1.));
#5542=DIRECTION('ref_axis',(1.,0.,0.));
#5543=DIRECTION('center_axis',(0.,0.,-1.));
#5544=DIRECTION('ref_axis',(-1.,0.,0.));
#5545=DIRECTION('',(0.,0.,1.));
#5546=DIRECTION('center_axis',(0.,0.,-1.));
#5547=DIRECTION('ref_axis',(0.,-1.,0.));
#5548=DIRECTION('center_axis',(0.,0.,-1.));
#5549=DIRECTION('ref_axis',(-1.,0.,0.));
#5550=DIRECTION('center_axis',(0.,0.,1.));
#5551=DIRECTION('ref_axis',(1.,0.,0.));
#5552=DIRECTION('center_axis',(0.,0.,-1.));
#5553=DIRECTION('ref_axis',(-1.,0.,0.));
#5554=DIRECTION('',(0.,0.,1.));
#5555=DIRECTION('center_axis',(0.,0.,-1.));
#5556=DIRECTION('ref_axis',(0.,-1.,0.));
#5557=DIRECTION('center_axis',(0.,0.,-1.));
#5558=DIRECTION('ref_axis',(-1.,0.,0.));
#5559=DIRECTION('center_axis',(0.,0.,1.));
#5560=DIRECTION('ref_axis',(1.,0.,0.));
#5561=DIRECTION('center_axis',(0.,0.,-1.));
#5562=DIRECTION('ref_axis',(-1.,0.,0.));
#5563=DIRECTION('',(0.,0.,1.));
#5564=DIRECTION('center_axis',(0.,0.,-1.));
#5565=DIRECTION('ref_axis',(0.,-1.,0.));
#5566=DIRECTION('',(0.,0.,1.));
#5567=DIRECTION('',(0.,0.,-1.));
#5568=DIRECTION('center_axis',(0.,0.,-1.));
#5569=DIRECTION('ref_axis',(1.,0.,0.));
#5570=DIRECTION('center_axis',(0.,0.,-1.));
#5571=DIRECTION('ref_axis',(0.,-1.,0.));
#5572=DIRECTION('',(0.,0.,1.));
#5573=DIRECTION('',(0.,0.,-1.));
#5574=DIRECTION('center_axis',(0.,0.,-1.));
#5575=DIRECTION('ref_axis',(1.,0.,0.));
#5576=DIRECTION('center_axis',(0.,0.,-1.));
#5577=DIRECTION('ref_axis',(-1.,0.,0.));
#5578=DIRECTION('',(0.,0.,1.));
#5579=DIRECTION('center_axis',(1.224646799147E-16,1.110223024625E-16,1.));
#5580=DIRECTION('ref_axis',(1.,0.,-1.224646799147E-16));
#5581=DIRECTION('center_axis',(1.224646799147E-16,1.110223024625E-16,1.));
#5582=DIRECTION('ref_axis',(-1.,0.,1.224646799147E-16));
#5583=DIRECTION('center_axis',(0.,0.,-1.));
#5584=DIRECTION('ref_axis',(-1.,0.,0.));
#5585=DIRECTION('',(0.,0.,1.));
#5586=DIRECTION('center_axis',(1.224646799147E-16,1.110223024625E-16,1.));
#5587=DIRECTION('ref_axis',(1.,0.,-1.224646799147E-16));
#5588=DIRECTION('center_axis',(1.224646799147E-16,1.110223024625E-16,1.));
#5589=DIRECTION('ref_axis',(-1.,0.,1.224646799147E-16));
#5590=DIRECTION('center_axis',(0.,0.,-1.));
#5591=DIRECTION('ref_axis',(-1.,0.,0.));
#5592=DIRECTION('',(0.,0.,1.));
#5593=DIRECTION('center_axis',(1.224646799147E-16,1.110223024625E-16,1.));
#5594=DIRECTION('ref_axis',(1.,0.,-1.224646799147E-16));
#5595=DIRECTION('center_axis',(1.224646799147E-16,1.110223024625E-16,1.));
#5596=DIRECTION('ref_axis',(-1.,0.,1.224646799147E-16));
#5597=DIRECTION('center_axis',(0.,0.,-1.));
#5598=DIRECTION('ref_axis',(-1.,0.,0.));
#5599=DIRECTION('',(0.,0.,1.));
#5600=DIRECTION('center_axis',(1.224646799147E-16,1.110223024625E-16,1.));
#5601=DIRECTION('ref_axis',(1.,0.,-1.224646799147E-16));
#5602=DIRECTION('center_axis',(1.224646799147E-16,1.110223024625E-16,1.));
#5603=DIRECTION('ref_axis',(-1.,0.,1.224646799147E-16));
#5604=DIRECTION('center_axis',(0.,0.,-1.));
#5605=DIRECTION('ref_axis',(-1.,0.,0.));
#5606=DIRECTION('',(0.,0.,1.));
#5607=DIRECTION('center_axis',(1.224646799147E-16,1.110223024625E-16,1.));
#5608=DIRECTION('ref_axis',(1.,0.,-1.224646799147E-16));
#5609=DIRECTION('center_axis',(1.224646799147E-16,1.110223024625E-16,1.));
#5610=DIRECTION('ref_axis',(-1.,0.,1.224646799147E-16));
#5611=DIRECTION('center_axis',(1.,0.,0.));
#5612=DIRECTION('ref_axis',(0.,0.,-1.));
#5613=DIRECTION('',(0.,0.,-1.));
#5614=DIRECTION('',(0.,0.,-1.));
#5615=DIRECTION('center_axis',(0.707106781186548,-0.707106781186548,0.));
#5616=DIRECTION('ref_axis',(0.707106781186547,0.707106781186547,0.));
#5617=DIRECTION('',(0.,0.,-1.));
#5618=DIRECTION('center_axis',(0.,-1.,0.));
#5619=DIRECTION('ref_axis',(0.,0.,-1.));
#5620=DIRECTION('',(0.,0.,-1.));
#5621=DIRECTION('center_axis',(-0.707106781186548,-0.707106781186548,0.));
#5622=DIRECTION('ref_axis',(0.707106781186547,-0.707106781186547,0.));
#5623=DIRECTION('',(0.,0.,-1.));
#5624=DIRECTION('center_axis',(-1.,0.,0.));
#5625=DIRECTION('ref_axis',(0.,0.,1.));
#5626=DIRECTION('',(0.,0.,-1.));
#5627=DIRECTION('center_axis',(-0.707106781186548,-0.707106781186547,0.));
#5628=DIRECTION('ref_axis',(0.707106781186547,-0.707106781186548,0.));
#5629=DIRECTION('',(0.,0.,-1.));
#5630=DIRECTION('center_axis',(-0.707106781186548,0.707106781186548,0.));
#5631=DIRECTION('ref_axis',(-0.707106781186547,-0.707106781186547,0.));
#5632=DIRECTION('',(0.,0.,-1.));
#5633=DIRECTION('center_axis',(0.,1.,0.));
#5634=DIRECTION('ref_axis',(0.,0.,1.));
#5635=DIRECTION('',(1.97824328036662E-64,0.,-1.));
#5636=DIRECTION('',(-1.,0.,1.97824328036662E-64));
#5637=DIRECTION('',(1.97824328036662E-64,0.,-1.));
#5638=DIRECTION('center_axis',(0.,0.,-1.));
#5639=DIRECTION('ref_axis',(1.,0.,0.));
#5640=DIRECTION('',(0.707106781186548,0.707106781186548,0.));
#5641=DIRECTION('',(1.,0.,0.));
#5642=DIRECTION('',(0.707106781186548,-0.707106781186548,0.));
#5643=DIRECTION('',(0.,-1.,0.));
#5644=DIRECTION('',(-0.707106781186548,-0.707106781186548,0.));
#5645=DIRECTION('',(-1.,0.,0.));
#5646=DIRECTION('',(-0.707106781186548,0.707106781186548,0.));
#5647=DIRECTION('',(0.,1.,0.));
#5648=DIRECTION('center_axis',(1.40450835827601E-32,-1.,1.110223024625E-16));
#5649=DIRECTION('ref_axis',(0.,-1.110223024625E-16,-1.));
#5650=DIRECTION('',(-1.50949372273569E-48,1.110223024625E-16,1.));
#5651=DIRECTION('',(1.224646799147E-16,1.110223024625E-16,1.));
#5652=DIRECTION('center_axis',(0.707106781186548,-0.707106781186548,-8.09098268934667E-18));
#5653=DIRECTION('ref_axis',(0.707106781186547,0.707106781186547,0.));
#5654=DIRECTION('',(1.224646799147E-16,1.110223024625E-16,1.));
#5655=DIRECTION('center_axis',(1.,-1.35686487106928E-32,-1.224646799147E-16));
#5656=DIRECTION('ref_axis',(-1.224646799147E-16,0.,-1.));
#5657=DIRECTION('',(1.224646799147E-16,1.110223024625E-16,1.));
#5658=DIRECTION('center_axis',(0.707106781186548,0.707106781186547,-1.65100228557702E-16));
#5659=DIRECTION('ref_axis',(-0.707106781186547,0.707106781186548,1.23259516440783E-32));
#5660=DIRECTION('',(1.224646799147E-16,1.110223024625E-16,1.));
#5661=DIRECTION('center_axis',(-1.3597154094759E-32,1.,-1.110223024625E-16));
#5662=DIRECTION('ref_axis',(0.,1.110223024625E-16,1.));
#5663=DIRECTION('',(1.224646799147E-16,1.110223024625E-16,1.));
#5664=DIRECTION('center_axis',(-0.707106781186548,0.707106781186548,8.09098268934669E-18));
#5665=DIRECTION('ref_axis',(-0.707106781186547,-0.707106781186547,0.));
#5666=DIRECTION('',(1.224646799147E-16,1.110223024625E-16,1.));
#5667=DIRECTION('center_axis',(-1.,1.35686487106928E-32,1.224646799147E-16));
#5668=DIRECTION('ref_axis',(1.224646799147E-16,0.,1.));
#5669=DIRECTION('',(1.224646799147E-16,1.110223024625E-16,1.));
#5670=DIRECTION('center_axis',(0.707106781186548,0.707106781186547,-1.65100228557702E-16));
#5671=DIRECTION('ref_axis',(-0.707106781186547,0.707106781186548,1.23259516440783E-32));
#5672=DIRECTION('center_axis',(-0.5,-0.5,-0.707106781186547));
#5673=DIRECTION('ref_axis',(0.707106781186547,-0.707106781186547,0.));
#5674=DIRECTION('',(0.678598344545848,0.281084637714819,-0.678598344545847));
#5675=DIRECTION('',(0.28108463771482,0.678598344545847,-0.678598344545847));
#5676=DIRECTION('center_axis',(0.,-0.707106781186548,-0.707106781186547));
#5677=DIRECTION('ref_axis',(1.,0.,0.));
#5678=DIRECTION('',(-0.281084637714818,0.678598344545847,-0.678598344545848));
#5679=DIRECTION('center_axis',(-0.707106781186547,0.,-0.707106781186548));
#5680=DIRECTION('ref_axis',(0.,-1.,0.));
#5681=DIRECTION('',(0.678598344545848,-0.281084637714819,-0.678598344545847));
#5682=DIRECTION('center_axis',(0.5,-0.5,-0.707106781186547));
#5683=DIRECTION('ref_axis',(0.707106781186547,0.707106781186547,0.));
#5684=DIRECTION('',(-0.678598344545848,0.281084637714817,-0.678598344545847));
#5685=DIRECTION('center_axis',(-0.5,0.5,-0.707106781186547));
#5686=DIRECTION('ref_axis',(-0.707106781186547,-0.707106781186547,0.));
#5687=DIRECTION('',(-0.28108463771482,0.678598344545847,0.678598344545847));
#5688=DIRECTION('center_axis',(0.707106781186547,0.,-0.707106781186548));
#5689=DIRECTION('ref_axis',(0.,1.,0.));
#5690=DIRECTION('',(-0.678598344545848,-0.281084637714819,-0.678598344545847));
#5691=DIRECTION('center_axis',(0.,0.707106781186548,-0.707106781186547));
#5692=DIRECTION('ref_axis',(-1.,0.,0.));
#5693=DIRECTION('',(0.28108463771482,0.678598344545847,0.678598344545847));
#5694=DIRECTION('center_axis',(-0.5,-0.5,0.707106781186547));
#5695=DIRECTION('ref_axis',(-0.707106781186547,0.707106781186547,0.));
#5696=DIRECTION('center_axis',(-1.97824328036662E-64,-1.110223024625E-16,
-1.));
#5697=DIRECTION('ref_axis',(0.,1.,-1.110223024625E-16));
#5698=DIRECTION('',(-1.35963107344631E-32,1.,-1.110223024625E-16));
#5699=DIRECTION('',(-1.35963107344631E-32,1.,-1.110223024625E-16));
#5700=DIRECTION('center_axis',(1.,1.35963107344631E-32,1.97824328036662E-64));
#5701=DIRECTION('ref_axis',(-1.35963107344631E-32,1.,0.));
#5702=DIRECTION('center_axis',(1.,1.35963107344631E-32,1.97824328036662E-64));
#5703=DIRECTION('ref_axis',(-1.35963107344631E-32,1.,0.));
#5704=DIRECTION('axis',(0.,0.,1.));
#5705=DIRECTION('refdir',(1.,0.,0.));
#5706=DIRECTION('center_axis',(1.,0.,-1.224646799147E-16));
#5707=DIRECTION('ref_axis',(-1.224646799147E-16,0.,-1.));
#5708=DIRECTION('',(0.,-1.,0.));
#5709=DIRECTION('',(1.224646799147E-16,1.110223024625E-16,1.));
#5710=DIRECTION('',(0.,-1.,0.));
#5711=DIRECTION('',(1.224646799147E-16,1.110223024625E-16,1.));
#5712=DIRECTION('center_axis',(-8.67361802847033E-17,1.,-1.110223024625E-16));
#5713=DIRECTION('ref_axis',(0.,1.110223024625E-16,1.));
#5714=DIRECTION('',(1.224646799147E-16,1.110223024625E-16,1.));
#5715=DIRECTION('',(1.,8.67361802847033E-17,0.));
#5716=DIRECTION('',(1.,8.67361802847033E-17,0.));
#5717=DIRECTION('center_axis',(1.,0.,-1.224646799147E-16));
#5718=DIRECTION('ref_axis',(-1.224646799147E-16,0.,-1.));
#5719=DIRECTION('',(0.,-1.,0.));
#5720=DIRECTION('',(0.,-1.,0.));
#5721=DIRECTION('',(1.224646799147E-16,1.110223024625E-16,1.));
#5722=DIRECTION('center_axis',(-8.67361802847033E-17,1.,-1.110223024625E-16));
#5723=DIRECTION('ref_axis',(0.,1.110223024625E-16,1.));
#5724=DIRECTION('',(1.,8.67361802847033E-17,0.));
#5725=DIRECTION('',(1.,8.67361802847033E-17,0.));
#5726=DIRECTION('',(1.224646799147E-16,1.110223024625E-16,1.));
#5727=DIRECTION('center_axis',(1.,0.,-1.224646799147E-16));
#5728=DIRECTION('ref_axis',(-1.224646799147E-16,0.,-1.));
#5729=DIRECTION('',(0.,-1.,0.));
#5730=DIRECTION('',(0.,-1.,0.));
#5731=DIRECTION('',(1.224646799147E-16,1.110223024625E-16,1.));
#5732=DIRECTION('center_axis',(0.,1.,-1.110223024625E-16));
#5733=DIRECTION('ref_axis',(0.,1.110223024625E-16,1.));
#5734=DIRECTION('',(1.,0.,0.));
#5735=DIRECTION('',(1.,0.,0.));
#5736=DIRECTION('',(1.224646799147E-16,1.110223024625E-16,1.));
#5737=DIRECTION('center_axis',(1.,0.,-1.224646799147E-16));
#5738=DIRECTION('ref_axis',(-1.224646799147E-16,0.,-1.));
#5739=DIRECTION('',(1.224646799147E-16,1.110223024625E-16,1.));
#5740=DIRECTION('',(0.,-1.,0.));
#5741=DIRECTION('',(0.,-1.,0.));
#5742=DIRECTION('center_axis',(-8.67361802847032E-17,1.,-1.110223024625E-16));
#5743=DIRECTION('ref_axis',(0.,1.110223024625E-16,1.));
#5744=DIRECTION('',(1.,8.67361802847032E-17,0.));
#5745=DIRECTION('',(1.,8.67361802847032E-17,0.));
#5746=DIRECTION('',(1.224646799147E-16,1.110223024625E-16,1.));
#5747=DIRECTION('center_axis',(1.,0.,-1.224646799147E-16));
#5748=DIRECTION('ref_axis',(-1.224646799147E-16,0.,-1.));
#5749=DIRECTION('',(1.224646799147E-16,1.110223024625E-16,1.));
#5750=DIRECTION('',(0.,-1.,0.));
#5751=DIRECTION('',(0.,-1.,0.));
#5752=DIRECTION('center_axis',(-8.67361802847032E-17,1.,-1.110223024625E-16));
#5753=DIRECTION('ref_axis',(0.,1.110223024625E-16,1.));
#5754=DIRECTION('',(1.224646799147E-16,1.110223024625E-16,1.));
#5755=DIRECTION('',(1.,8.67361802847032E-17,0.));
#5756=DIRECTION('',(1.,8.67361802847032E-17,0.));
#5757=DIRECTION('center_axis',(1.,0.,-1.224646799147E-16));
#5758=DIRECTION('ref_axis',(-1.224646799147E-16,0.,-1.));
#5759=DIRECTION('',(1.224646799147E-16,1.110223024625E-16,1.));
#5760=DIRECTION('',(0.,-1.,0.));
#5761=DIRECTION('',(0.,-1.,0.));
#5762=DIRECTION('center_axis',(0.,1.,-1.110223024625E-16));
#5763=DIRECTION('ref_axis',(0.,1.110223024625E-16,1.));
#5764=DIRECTION('',(1.,0.,0.));
#5765=DIRECTION('',(1.,0.,0.));
#5766=DIRECTION('center_axis',(0.,0.,1.));
#5767=DIRECTION('ref_axis',(1.,0.,0.));
#5768=DIRECTION('center_axis',(0.,0.,1.));
#5769=DIRECTION('ref_axis',(1.,0.,0.));
#5770=DIRECTION('center_axis',(-1.224646799147E-16,-1.110223024625E-16,
-1.));
#5771=DIRECTION('ref_axis',(1.,-1.35963107344631E-32,-1.224646799147E-16));
#5772=DIRECTION('',(-1.,-8.67361802847033E-17,1.224646799147E-16));
#5773=DIRECTION('',(-1.35963107344631E-32,1.,-1.110223024625E-16));
#5774=DIRECTION('',(-1.,1.35963107344631E-32,1.224646799147E-16));
#5775=DIRECTION('',(-1.35963107344631E-32,1.,-1.110223024625E-16));
#5776=DIRECTION('',(-1.,-8.67361802847032E-17,1.224646799147E-16));
#5777=DIRECTION('',(-1.35963107344631E-32,1.,-1.110223024625E-16));
#5778=DIRECTION('',(-1.,-8.67361802847032E-17,1.224646799147E-16));
#5779=DIRECTION('',(-1.35963107344631E-32,1.,-1.110223024625E-16));
#5780=DIRECTION('',(-1.,1.35963107344631E-32,1.224646799147E-16));
#5781=DIRECTION('',(-1.35963107344631E-32,1.,-1.110223024625E-16));
#5782=DIRECTION('',(-1.,-8.67361802847033E-17,1.224646799147E-16));
#5783=DIRECTION('',(-1.35963107344631E-32,1.,-1.110223024625E-16));
#5784=DIRECTION('',(0.,-1.11022302462499E-16,-1.));
#5785=DIRECTION('center_axis',(1.224646799147E-16,1.110223024625E-16,1.));
#5786=DIRECTION('ref_axis',(1.,-1.35963107344631E-32,-1.224646799147E-16));
#5787=DIRECTION('',(-1.35963107344631E-32,1.,-1.110223024625E-16));
#5788=DIRECTION('',(-1.,1.35963107344631E-32,1.224646799147E-16));
#5789=DIRECTION('',(1.35963107344631E-32,-1.,1.110223024625E-16));
#5790=DIRECTION('',(-1.,-8.67361802847033E-17,1.224646799147E-16));
#5791=DIRECTION('',(1.35963107344631E-32,-1.,1.110223024625E-16));
#5792=DIRECTION('',(1.,8.67361802847033E-17,-1.224646799147E-16));
#5793=DIRECTION('',(1.35963107344631E-32,-1.,1.110223024625E-16));
#5794=DIRECTION('',(1.,-1.35963107344631E-32,-1.224646799147E-16));
#5795=DIRECTION('',(-1.35963107344631E-32,1.,-1.110223024625E-16));
#5796=DIRECTION('',(1.,8.67361802847032E-17,-1.224646799147E-16));
#5797=DIRECTION('',(-1.35963107344631E-32,1.,-1.110223024625E-16));
#5798=DIRECTION('',(-1.,-8.67361802847032E-17,1.224646799147E-16));
#5799=DIRECTION('center_axis',(0.,1.,-1.110223024625E-16));
#5800=DIRECTION('ref_axis',(0.,1.110223024625E-16,1.));
#5801=DIRECTION('',(1.224646799147E-16,1.110223024625E-16,1.));
#5802=DIRECTION('',(1.,-1.35963107344631E-32,-1.224646799147E-16));
#5803=DIRECTION('',(1.224646799147E-16,1.110223024625E-16,1.));
#5804=DIRECTION('center_axis',(1.,0.,-1.224646799147E-16));
#5805=DIRECTION('ref_axis',(-1.224646799147E-16,0.,-1.));
#5806=DIRECTION('',(1.35963107344631E-32,-1.,1.110223024625E-16));
#5807=DIRECTION('',(1.224646799147E-16,1.110223024625E-16,1.));
#5808=DIRECTION('center_axis',(-8.67361802847032E-17,1.,-1.110223024625E-16));
#5809=DIRECTION('ref_axis',(0.,1.110223024625E-16,1.));
#5810=DIRECTION('',(1.,8.67361802847032E-17,-1.224646799147E-16));
#5811=DIRECTION('',(1.224646799147E-16,1.110223024625E-16,1.));
#5812=DIRECTION('center_axis',(1.,0.,-1.224646799147E-16));
#5813=DIRECTION('ref_axis',(-1.224646799147E-16,0.,-1.));
#5814=DIRECTION('',(1.35963107344631E-32,-1.,1.110223024625E-16));
#5815=DIRECTION('',(1.224646799147E-16,1.110223024625E-16,1.));
#5816=DIRECTION('center_axis',(-8.67361802847032E-17,1.,-1.110223024625E-16));
#5817=DIRECTION('ref_axis',(0.,1.110223024625E-16,1.));
#5818=DIRECTION('',(-1.,-8.67361802847032E-17,1.224646799147E-16));
#5819=DIRECTION('',(1.224646799147E-16,1.110223024625E-16,1.));
#5820=DIRECTION('center_axis',(1.,0.,-1.224646799147E-16));
#5821=DIRECTION('ref_axis',(-1.224646799147E-16,0.,-1.));
#5822=DIRECTION('',(1.35963107344631E-32,-1.,1.110223024625E-16));
#5823=DIRECTION('',(1.224646799147E-16,1.110223024625E-16,1.));
#5824=DIRECTION('center_axis',(0.,1.,-1.110223024625E-16));
#5825=DIRECTION('ref_axis',(0.,1.110223024625E-16,1.));
#5826=DIRECTION('',(-1.,1.35963107344631E-32,1.224646799147E-16));
#5827=DIRECTION('',(1.224646799147E-16,1.110223024625E-16,1.));
#5828=DIRECTION('center_axis',(1.,0.,-1.224646799147E-16));
#5829=DIRECTION('ref_axis',(-1.224646799147E-16,0.,-1.));
#5830=DIRECTION('',(-1.35963107344631E-32,1.,-1.110223024625E-16));
#5831=DIRECTION('',(1.224646799147E-16,1.110223024625E-16,1.));
#5832=DIRECTION('center_axis',(-8.67361802847033E-17,1.,-1.110223024625E-16));
#5833=DIRECTION('ref_axis',(0.,1.110223024625E-16,1.));
#5834=DIRECTION('',(-1.,-8.67361802847033E-17,1.224646799147E-16));
#5835=DIRECTION('',(1.224646799147E-16,1.110223024625E-16,1.));
#5836=DIRECTION('center_axis',(1.,0.,-1.224646799147E-16));
#5837=DIRECTION('ref_axis',(-1.224646799147E-16,0.,-1.));
#5838=DIRECTION('',(-1.35963107344631E-32,1.,-1.110223024625E-16));
#5839=DIRECTION('',(1.224646799147E-16,1.110223024625E-16,1.));
#5840=DIRECTION('center_axis',(-8.67361802847033E-17,1.,-1.110223024625E-16));
#5841=DIRECTION('ref_axis',(0.,1.110223024625E-16,1.));
#5842=DIRECTION('',(1.,8.67361802847033E-17,-1.224646799147E-16));
#5843=DIRECTION('',(1.224646799147E-16,1.110223024625E-16,1.));
#5844=DIRECTION('center_axis',(1.,0.,-1.224646799147E-16));
#5845=DIRECTION('ref_axis',(-1.224646799147E-16,0.,-1.));
#5846=DIRECTION('',(-1.35963107344631E-32,1.,-1.110223024625E-16));
#5847=DIRECTION('center_axis',(8.65956056235238E-17,-0.707106781186552,
0.707106781186543));
#5848=DIRECTION('ref_axis',(1.,-1.23259516440783E-32,-1.224646799147E-16));
#5849=DIRECTION('',(0.577350269189624,0.577350269189623,0.577350269189631));
#5850=DIRECTION('',(0.577350269189624,-0.577350269189623,-0.577350269189631));
#5851=DIRECTION('center_axis',(-0.707106781186552,-7.85046229341772E-17,
-0.707106781186544));
#5852=DIRECTION('ref_axis',(-6.16297582203915E-33,1.,-1.110223024625E-16));
#5853=DIRECTION('',(0.577350269189624,-0.577350269189624,-0.57735026918963));
#5854=DIRECTION('center_axis',(-0.707106781186552,7.85046229341771E-17,
0.707106781186544));
#5855=DIRECTION('ref_axis',(8.0118685686509E-32,-1.,1.110223024625E-16));
#5856=DIRECTION('',(0.577350269189624,0.577350269189623,0.577350269189631));
#5857=DIRECTION('center_axis',(1.47927346877057E-16,-0.707106781186552,
0.707106781186544));
#5858=DIRECTION('ref_axis',(1.,8.67361802847033E-17,-1.224646799147E-16));
#5859=DIRECTION('',(0.577350269189624,-0.577350269189623,-0.57735026918963));
#5860=DIRECTION('center_axis',(1.47927346877057E-16,-0.707106781186552,
0.707106781186543));
#5861=DIRECTION('ref_axis',(1.,8.67361802847034E-17,-1.224646799147E-16));
#5862=DIRECTION('',(0.577350269189623,0.577350269189623,0.577350269189631));
#5863=DIRECTION('center_axis',(-0.707106781186551,-7.85046229341773E-17,
-0.707106781186544));
#5864=DIRECTION('ref_axis',(-1.23259516440783E-32,1.,-1.110223024625E-16));
#5865=DIRECTION('',(-0.577350269189624,-0.577350269189623,0.57735026918963));
#5866=DIRECTION('center_axis',(-0.707106781186552,7.85046229341771E-17,
0.707106781186543));
#5867=DIRECTION('ref_axis',(6.77927340424307E-32,-1.,1.110223024625E-16));
#5868=DIRECTION('',(-0.577350269189623,0.577350269189623,-0.577350269189631));
#5869=DIRECTION('center_axis',(-2.52638643699909E-17,-0.707106781186552,
-0.707106781186544));
#5870=DIRECTION('ref_axis',(-1.,-8.67361802847032E-17,1.224646799147E-16));
#5871=DIRECTION('',(-0.577350269189624,-0.577350269189623,0.57735026918963));
#5872=DIRECTION('center_axis',(-2.52638643699907E-17,-0.707106781186553,
-0.707106781186543));
#5873=DIRECTION('ref_axis',(-1.,-8.67361802847033E-17,1.224646799147E-16));
#5874=DIRECTION('',(-0.577350269189625,0.577350269189622,-0.57735026918963));
#5875=DIRECTION('center_axis',(-0.707106781186551,-7.85046229341773E-17,
-0.707106781186544));
#5876=DIRECTION('ref_axis',(-1.23259516440783E-32,1.,-1.110223024625E-16));
#5877=DIRECTION('',(-0.577350269189625,-0.577350269189623,0.57735026918963));
#5878=DIRECTION('center_axis',(-0.707106781186551,7.85046229341773E-17,
0.707106781186544));
#5879=DIRECTION('ref_axis',(6.16297582203915E-33,-1.,1.110223024625E-16));
#5880=DIRECTION('',(0.577350269189625,-0.577350269189623,0.57735026918963));
#5881=DIRECTION('center_axis',(-8.65956056235238E-17,-0.707106781186552,
-0.707106781186543));
#5882=DIRECTION('ref_axis',(-1.,1.23259516440783E-32,1.224646799147E-16));
#5883=DIRECTION('axis',(0.,0.,1.));
#5884=DIRECTION('refdir',(1.,0.,0.));
#5885=DIRECTION('center_axis',(1.35963107344631E-32,-1.,1.110223024625E-16));
#5886=DIRECTION('ref_axis',(0.,-1.110223024625E-16,-1.));
#5887=DIRECTION('',(1.50949372273569E-48,-1.110223024625E-16,-1.));
#5888=DIRECTION('',(1.,0.,-1.224646799147E-16));
#5889=DIRECTION('',(0.,-1.110223024625E-16,-1.));
#5890=DIRECTION('',(-1.,-1.35963107344631E-32,1.50949372273569E-48));
#5891=DIRECTION('center_axis',(1.224646799147E-16,1.110223024625E-16,1.));
#5892=DIRECTION('ref_axis',(1.,-1.35963107344631E-32,-1.224646799147E-16));
#5893=DIRECTION('',(-1.,0.,1.224646799147E-16));
#5894=DIRECTION('',(5.03647233108703E-13,1.,-1.11022302462562E-16));
#5895=DIRECTION('',(1.,-1.26593988547418E-33,-1.224646799147E-16));
#5896=DIRECTION('',(5.03821114425157E-13,-1.,1.11022302462438E-16));
#5897=DIRECTION('center_axis',(1.40450835827601E-32,-1.,1.110223024625E-16));
#5898=DIRECTION('ref_axis',(0.,-1.110223024625E-16,-1.));
#5899=DIRECTION('',(-1.,-1.40450835827601E-32,1.55931751763628E-48));
#5900=DIRECTION('',(-1.50949372273569E-48,1.110223024625E-16,1.));
#5901=DIRECTION('',(1.,4.48772848297003E-34,-1.224646799147E-16));
#5902=DIRECTION('',(0.,-1.110223024625E-16,-1.));
#5903=DIRECTION('center_axis',(0.,1.110223024625E-16,1.));
#5904=DIRECTION('ref_axis',(0.,-1.,1.110223024625E-16));
#5905=DIRECTION('',(-1.,-1.40450835827601E-32,1.55931751763628E-48));
#5906=DIRECTION('',(-1.35963107344631E-32,1.,-1.110223024625E-16));
#5907=DIRECTION('',(0.707106781186548,-0.707106781186548,7.85046229341776E-17));
#5908=DIRECTION('',(0.,1.,-1.110223024625E-16));
#5909=DIRECTION('',(0.707106781186548,0.707106781186548,-7.85046229341776E-17));
#5910=DIRECTION('',(1.,1.35963107344631E-32,-1.50949372273569E-48));
#5911=DIRECTION('',(0.707106781186548,-0.707106781186548,7.85046229341776E-17));
#5912=DIRECTION('',(0.,-1.,1.110223024625E-16));
#5913=DIRECTION('',(-0.707106781186548,-0.707106781186548,7.85046229341776E-17));
#5914=DIRECTION('',(-1.,-1.35963107344631E-32,1.50949372273569E-48));
#5915=DIRECTION('',(-1.35963107344631E-32,1.,-1.110223024625E-16));
#5916=DIRECTION('',(-0.707106781186548,-0.707106781186548,7.85046229341776E-17));
#5917=DIRECTION('',(2.76620237702728E-35,-1.,1.110223024625E-16));
#5918=DIRECTION('',(0.707106781186547,-0.707106781186548,7.85046229341777E-17));
#5919=DIRECTION('',(1.,1.3597154094759E-32,-1.50958735453755E-48));
#5920=DIRECTION('',(0.707106781186548,0.707106781186548,-7.85046229341776E-17));
#5921=DIRECTION('',(-2.76620237702783E-35,1.,-1.110223024625E-16));
#5922=DIRECTION('',(0.707106781186547,-0.707106781186548,7.85046229341777E-17));
#5923=DIRECTION('center_axis',(8.6595605623524E-17,0.70710678118655,0.707106781186545));
#5924=DIRECTION('ref_axis',(1.,3.69778549322349E-32,-1.224646799147E-16));
#5925=DIRECTION('',(-1.,0.,1.224646799147E-16));
#5926=DIRECTION('',(-9.61404351945825E-33,0.707106781186545,-0.70710678118655));
#5927=DIRECTION('',(1.,0.,-1.224646799147E-16));
#5928=DIRECTION('',(-0.28108463771482,0.678598344545845,-0.67859834454585));
#5929=DIRECTION('center_axis',(0.,0.,-1.));
#5930=DIRECTION('ref_axis',(0.,-1.,0.));
#5931=DIRECTION('',(5.03831687518361E-13,-1.,0.));
#5932=DIRECTION('',(1.,1.35963107344631E-32,0.));
#5933=DIRECTION('',(5.03821114425157E-13,-1.,0.));
#5934=DIRECTION('',(1.,1.23303708489889E-32,0.));
#5935=DIRECTION('',(5.03647233108703E-13,1.,0.));
#5936=DIRECTION('',(1.,1.35963107344631E-32,0.));
#5937=DIRECTION('',(5.03673647465816E-13,1.,0.));
#5938=DIRECTION('',(1.,1.09307351237107E-32,0.));
#5939=DIRECTION('center_axis',(-1.,-5.03821114425157E-13,1.22464679914756E-16));
#5940=DIRECTION('ref_axis',(5.03821114425157E-13,-1.,0.));
#5941=DIRECTION('',(-1.224646799147E-16,-1.110223024625E-16,-1.));
#5942=DIRECTION('',(1.224646799147E-16,1.110223024625E-16,1.));
#5943=DIRECTION('center_axis',(1.,-5.03647233108703E-13,-1.22464679914644E-16));
#5944=DIRECTION('ref_axis',(5.03647233108703E-13,1.,0.));
#5945=DIRECTION('',(1.224646799147E-16,1.110223024625E-16,1.));
#5946=DIRECTION('',(1.224646799147E-16,1.110223024625E-16,1.));
#5947=DIRECTION('center_axis',(1.,-5.03673647465816E-13,-1.22464679914644E-16));
#5948=DIRECTION('ref_axis',(5.03673647465816E-13,1.,0.));
#5949=DIRECTION('',(1.224646799147E-16,1.110223024625E-16,1.));
#5950=DIRECTION('',(5.03673647465816E-13,1.,-1.11022302462562E-16));
#5951=DIRECTION('',(1.224646799147E-16,1.110223024625E-16,1.));
#5952=DIRECTION('center_axis',(-1.,-5.03831687518361E-13,1.22464679914756E-16));
#5953=DIRECTION('ref_axis',(5.03831687518361E-13,-1.,0.));
#5954=DIRECTION('',(5.03831687518361E-13,-1.,1.11022302462438E-16));
#5955=DIRECTION('',(-1.224646799147E-16,-1.110223024625E-16,-1.));
#5956=DIRECTION('',(1.224646799147E-16,1.110223024625E-16,1.));
#5957=DIRECTION('center_axis',(1.224646799147E-16,1.110223024625E-16,1.));
#5958=DIRECTION('ref_axis',(1.,-1.35963107344631E-32,-1.224646799147E-16));
#5959=DIRECTION('',(-1.,0.,1.224646799147E-16));
#5960=DIRECTION('',(-1.35963107344631E-32,1.,-1.110223024625E-16));
#5961=DIRECTION('',(1.,4.48772848297003E-34,-1.224646799147E-16));
#5962=DIRECTION('',(-0.707106781186547,0.707106781186548,8.09098268934663E-18));
#5963=DIRECTION('',(2.76620237702785E-35,-1.,1.110223024625E-16));
#5964=DIRECTION('',(-0.707106781186548,-0.707106781186548,1.65100228557702E-16));
#5965=DIRECTION('',(-1.,-8.43360295937018E-37,1.224646799147E-16));
#5966=DIRECTION('',(-0.707106781186547,0.707106781186548,8.09098268934663E-18));
#5967=DIRECTION('',(-2.76620237702724E-35,1.,-1.110223024625E-16));
#5968=DIRECTION('',(0.707106781186548,0.707106781186548,-1.65100228557702E-16));
#5969=DIRECTION('',(-1.35963107344631E-32,1.,-1.110223024625E-16));
#5970=DIRECTION('',(-1.,0.,1.224646799147E-16));
#5971=DIRECTION('',(1.,-2.66557561075239E-33,-1.224646799147E-16));
#5972=DIRECTION('center_axis',(1.224646799147E-16,1.110223024625E-16,1.));
#5973=DIRECTION('ref_axis',(1.,0.,-1.224646799147E-16));
#5974=DIRECTION('center_axis',(1.224646799147E-16,1.110223024625E-16,1.));
#5975=DIRECTION('ref_axis',(1.,0.,-1.224646799147E-16));
#5976=DIRECTION('center_axis',(1.224646799147E-16,1.110223024625E-16,1.));
#5977=DIRECTION('ref_axis',(1.,0.,-1.224646799147E-16));
#5978=DIRECTION('center_axis',(1.224646799147E-16,1.110223024625E-16,1.));
#5979=DIRECTION('ref_axis',(1.,0.,-1.224646799147E-16));
#5980=DIRECTION('center_axis',(1.224646799147E-16,1.110223024625E-16,1.));
#5981=DIRECTION('ref_axis',(1.,0.,-1.224646799147E-16));
#5982=DIRECTION('center_axis',(-1.224646799147E-16,-1.110223024625E-16,
-1.));
#5983=DIRECTION('ref_axis',(-1.,0.,1.224646799147E-16));
#5984=DIRECTION('',(1.35963107344631E-32,-1.,1.110223024625E-16));
#5985=DIRECTION('center_axis',(1.224646799147E-16,1.110223024625E-16,1.));
#5986=DIRECTION('ref_axis',(1.,0.,-1.224646799147E-16));
#5987=DIRECTION('',(1.35963107344631E-32,-1.,1.110223024625E-16));
#5988=DIRECTION('center_axis',(1.224646799147E-16,1.110223024625E-16,1.));
#5989=DIRECTION('ref_axis',(-1.,0.,1.224646799147E-16));
#5990=DIRECTION('',(1.,-1.35963107344631E-32,-1.224646799147E-16));
#5991=DIRECTION('center_axis',(1.224646799147E-16,1.110223024625E-16,1.));
#5992=DIRECTION('ref_axis',(1.,0.,-1.224646799147E-16));
#5993=DIRECTION('center_axis',(1.224646799147E-16,1.110223024625E-16,1.));
#5994=DIRECTION('ref_axis',(1.,0.,-1.224646799147E-16));
#5995=DIRECTION('',(1.,-1.35963107344631E-32,-1.224646799147E-16));
#5996=DIRECTION('center_axis',(-1.224646799147E-16,-1.110223024625E-16,
-1.));
#5997=DIRECTION('ref_axis',(-1.,0.,1.224646799147E-16));
#5998=DIRECTION('',(-1.35963107344631E-32,1.,-1.110223024625E-16));
#5999=DIRECTION('center_axis',(1.224646799147E-16,1.110223024625E-16,1.));
#6000=DIRECTION('ref_axis',(1.,0.,-1.224646799147E-16));
#6001=DIRECTION('',(-1.35963107344631E-32,1.,-1.110223024625E-16));
#6002=DIRECTION('center_axis',(1.224646799147E-16,1.110223024625E-16,1.));
#6003=DIRECTION('ref_axis',(-1.,0.,1.224646799147E-16));
#6004=DIRECTION('',(-1.,1.35963107344631E-32,1.224646799147E-16));
#6005=DIRECTION('center_axis',(1.224646799147E-16,1.110223024625E-16,1.));
#6006=DIRECTION('ref_axis',(1.,0.,-1.224646799147E-16));
#6007=DIRECTION('',(-1.,1.35963107344631E-32,1.224646799147E-16));
#6008=DIRECTION('center_axis',(-1.224646799147E-16,-1.110223024625E-16,
-1.));
#6009=DIRECTION('ref_axis',(-1.,0.,1.224646799147E-16));
#6010=DIRECTION('',(1.35963107344631E-32,-1.,1.110223024625E-16));
#6011=DIRECTION('center_axis',(1.224646799147E-16,1.110223024625E-16,1.));
#6012=DIRECTION('ref_axis',(1.,0.,-1.224646799147E-16));
#6013=DIRECTION('',(1.35963107344631E-32,-1.,1.110223024625E-16));
#6014=DIRECTION('center_axis',(1.224646799147E-16,1.110223024625E-16,1.));
#6015=DIRECTION('ref_axis',(-1.,0.,1.224646799147E-16));
#6016=DIRECTION('',(1.,-1.35963107344631E-32,-1.224646799147E-16));
#6017=DIRECTION('center_axis',(1.224646799147E-16,1.110223024625E-16,1.));
#6018=DIRECTION('ref_axis',(1.,0.,-1.224646799147E-16));
#6019=DIRECTION('center_axis',(1.224646799147E-16,1.110223024625E-16,1.));
#6020=DIRECTION('ref_axis',(1.,0.,-1.224646799147E-16));
#6021=DIRECTION('',(1.,-1.35963107344631E-32,-1.224646799147E-16));
#6022=DIRECTION('center_axis',(-1.224646799147E-16,-1.110223024625E-16,
-1.));
#6023=DIRECTION('ref_axis',(-1.,0.,1.224646799147E-16));
#6024=DIRECTION('',(-1.35963107344631E-32,1.,-1.110223024625E-16));
#6025=DIRECTION('center_axis',(1.224646799147E-16,1.110223024625E-16,1.));
#6026=DIRECTION('ref_axis',(1.,0.,-1.224646799147E-16));
#6027=DIRECTION('',(-1.35963107344631E-32,1.,-1.110223024625E-16));
#6028=DIRECTION('center_axis',(1.224646799147E-16,1.110223024625E-16,1.));
#6029=DIRECTION('ref_axis',(-1.,0.,1.224646799147E-16));
#6030=DIRECTION('',(-1.,1.35963107344631E-32,1.224646799147E-16));
#6031=DIRECTION('center_axis',(1.224646799147E-16,1.110223024625E-16,1.));
#6032=DIRECTION('ref_axis',(1.,0.,-1.224646799147E-16));
#6033=DIRECTION('',(-1.,1.35963107344631E-32,1.224646799147E-16));
#6034=DIRECTION('center_axis',(-1.224646799147E-16,-1.110223024625E-16,
-1.));
#6035=DIRECTION('ref_axis',(-1.,0.,1.224646799147E-16));
#6036=DIRECTION('',(-1.35963107344631E-32,1.,-1.110223024625E-16));
#6037=DIRECTION('center_axis',(1.224646799147E-16,1.110223024625E-16,1.));
#6038=DIRECTION('ref_axis',(1.,0.,-1.224646799147E-16));
#6039=DIRECTION('',(-1.35963107344631E-32,1.,-1.110223024625E-16));
#6040=DIRECTION('center_axis',(1.224646799147E-16,1.110223024625E-16,1.));
#6041=DIRECTION('ref_axis',(-1.,0.,1.224646799147E-16));
#6042=DIRECTION('',(-1.,1.35963107344631E-32,1.224646799147E-16));
#6043=DIRECTION('center_axis',(1.224646799147E-16,1.110223024625E-16,1.));
#6044=DIRECTION('ref_axis',(1.,0.,-1.224646799147E-16));
#6045=DIRECTION('',(-1.,1.35963107344631E-32,1.224646799147E-16));
#6046=DIRECTION('center_axis',(-1.224646799147E-16,-1.110223024625E-16,
-1.));
#6047=DIRECTION('ref_axis',(-1.,0.,1.224646799147E-16));
#6048=DIRECTION('',(1.35963107344631E-32,-1.,1.110223024625E-16));
#6049=DIRECTION('center_axis',(1.224646799147E-16,1.110223024625E-16,1.));
#6050=DIRECTION('ref_axis',(1.,0.,-1.224646799147E-16));
#6051=DIRECTION('',(1.35963107344631E-32,-1.,1.110223024625E-16));
#6052=DIRECTION('center_axis',(1.224646799147E-16,1.110223024625E-16,1.));
#6053=DIRECTION('ref_axis',(-1.,0.,1.224646799147E-16));
#6054=DIRECTION('',(1.,-1.35963107344631E-32,-1.224646799147E-16));
#6055=DIRECTION('center_axis',(1.224646799147E-16,1.110223024625E-16,1.));
#6056=DIRECTION('ref_axis',(1.,0.,-1.224646799147E-16));
#6057=DIRECTION('center_axis',(1.224646799147E-16,1.110223024625E-16,1.));
#6058=DIRECTION('ref_axis',(1.,0.,-1.224646799147E-16));
#6059=DIRECTION('',(1.,-1.35963107344631E-32,-1.224646799147E-16));
#6060=DIRECTION('center_axis',(1.224646799147E-16,1.110223024625E-16,1.));
#6061=DIRECTION('ref_axis',(-1.,0.,1.224646799147E-16));
#6062=DIRECTION('',(1.,-1.35963107344631E-32,-1.224646799147E-16));
#6063=DIRECTION('center_axis',(1.224646799147E-16,1.110223024625E-16,1.));
#6064=DIRECTION('ref_axis',(1.,0.,-1.224646799147E-16));
#6065=DIRECTION('center_axis',(1.224646799147E-16,1.110223024625E-16,1.));
#6066=DIRECTION('ref_axis',(1.,0.,-1.224646799147E-16));
#6067=DIRECTION('',(1.,-1.35963107344631E-32,-1.224646799147E-16));
#6068=DIRECTION('center_axis',(-1.224646799147E-16,-1.110223024625E-16,
-1.));
#6069=DIRECTION('ref_axis',(-1.,0.,1.224646799147E-16));
#6070=DIRECTION('',(-1.35963107344631E-32,1.,-1.110223024625E-16));
#6071=DIRECTION('center_axis',(1.224646799147E-16,1.110223024625E-16,1.));
#6072=DIRECTION('ref_axis',(1.,0.,-1.224646799147E-16));
#6073=DIRECTION('',(-1.35963107344631E-32,1.,-1.110223024625E-16));
#6074=DIRECTION('center_axis',(1.224646799147E-16,1.110223024625E-16,1.));
#6075=DIRECTION('ref_axis',(-1.,0.,1.224646799147E-16));
#6076=DIRECTION('',(-1.,1.35963107344631E-32,1.224646799147E-16));
#6077=DIRECTION('center_axis',(1.224646799147E-16,1.110223024625E-16,1.));
#6078=DIRECTION('ref_axis',(1.,0.,-1.224646799147E-16));
#6079=DIRECTION('',(-1.,1.35963107344631E-32,1.224646799147E-16));
#6080=DIRECTION('center_axis',(-1.224646799147E-16,-1.110223024625E-16,
-1.));
#6081=DIRECTION('ref_axis',(-1.,0.,1.224646799147E-16));
#6082=DIRECTION('',(1.35963107344631E-32,-1.,1.110223024625E-16));
#6083=DIRECTION('center_axis',(1.224646799147E-16,1.110223024625E-16,1.));
#6084=DIRECTION('ref_axis',(1.,0.,-1.224646799147E-16));
#6085=DIRECTION('',(1.35963107344631E-32,-1.,1.110223024625E-16));
#6086=DIRECTION('center_axis',(1.224646799147E-16,1.110223024625E-16,1.));
#6087=DIRECTION('ref_axis',(1.,-1.35963107344631E-32,-1.224646799147E-16));
#6088=DIRECTION('',(-1.,1.35963107344631E-32,1.224646799147E-16));
#6089=DIRECTION('',(-1.35963107344631E-32,1.,-1.110223024625E-16));
#6090=DIRECTION('',(-1.,-8.67361802847033E-17,1.224646799147E-16));
#6091=DIRECTION('',(-1.35963107344631E-32,1.,-1.110223024625E-16));
#6092=DIRECTION('',(-1.,-8.67361802847033E-17,1.224646799147E-16));
#6093=DIRECTION('',(-1.35963107344631E-32,1.,-1.110223024625E-16));
#6094=DIRECTION('',(-1.,1.35963107344631E-32,1.224646799147E-16));
#6095=DIRECTION('',(-1.35963107344631E-32,1.,-1.110223024625E-16));
#6096=DIRECTION('',(-1.,-8.67361802847034E-17,1.224646799147E-16));
#6097=DIRECTION('',(-1.35963107344631E-32,1.,-1.110223024625E-16));
#6098=DIRECTION('',(-1.,-8.67361802847034E-17,1.224646799147E-16));
#6099=DIRECTION('',(-1.35963107344631E-32,1.,-1.110223024625E-16));
#6100=DIRECTION('center_axis',(1.224646799147E-16,1.110223024625E-16,1.));
#6101=DIRECTION('ref_axis',(-1.,0.,1.224646799147E-16));
#6102=DIRECTION('',(-0.707106781186548,-0.707106781186548,1.65100228557702E-16));
#6103=DIRECTION('',(0.,-1.,1.110223024625E-16));
#6104=DIRECTION('',(0.707106781186548,-0.707106781186548,-8.09098268934666E-18));
#6105=DIRECTION('',(1.,0.,-1.224646799147E-16));
#6106=DIRECTION('',(0.707106781186548,0.707106781186548,-1.65100228557702E-16));
#6107=DIRECTION('',(0.,1.,-1.110223024625E-16));
#6108=DIRECTION('',(-0.707106781186548,0.707106781186548,8.09098268934666E-18));
#6109=DIRECTION('',(-1.,0.,1.224646799147E-16));
#6110=DIRECTION('',(-1.,-1.35963107344631E-32,1.50949372273569E-48));
#6111=DIRECTION('',(-1.35963107344631E-32,1.,-1.110223024625E-16));
#6112=DIRECTION('',(-1.,1.35963107344631E-32,1.224646799147E-16));
#6113=DIRECTION('',(-1.35963107344631E-32,1.,-1.110223024625E-16));
#6114=DIRECTION('',(-1.,-8.67361802847034E-17,1.224646799147E-16));
#6115=DIRECTION('',(-1.35963107344631E-32,1.,-1.110223024625E-16));
#6116=DIRECTION('',(-1.,-8.67361802847034E-17,1.224646799147E-16));
#6117=DIRECTION('',(-1.35963107344631E-32,1.,-1.110223024625E-16));
#6118=DIRECTION('',(-1.,1.35963107344631E-32,1.224646799147E-16));
#6119=DIRECTION('',(-1.35963107344631E-32,1.,-1.110223024625E-16));
#6120=DIRECTION('',(-1.,-8.67361802847033E-17,1.224646799147E-16));
#6121=DIRECTION('',(-1.35963107344631E-32,1.,-1.110223024625E-16));
#6122=DIRECTION('',(-1.,-8.67361802847033E-17,1.224646799147E-16));
#6123=DIRECTION('center_axis',(-1.224646799147E-16,-1.110223024625E-16,
-1.));
#6124=DIRECTION('ref_axis',(1.,0.,-1.224646799147E-16));
#6125=DIRECTION('center_axis',(1.224646799147E-16,1.110223024625E-16,1.));
#6126=DIRECTION('ref_axis',(1.,0.,-1.224646799147E-16));
#6127=DIRECTION('center_axis',(-1.224646799147E-16,-1.110223024625E-16,
-1.));
#6128=DIRECTION('ref_axis',(1.,0.,-1.224646799147E-16));
#6129=DIRECTION('center_axis',(1.224646799147E-16,1.110223024625E-16,1.));
#6130=DIRECTION('ref_axis',(1.,0.,-1.224646799147E-16));
#6131=DIRECTION('center_axis',(1.35963107344631E-32,-1.,1.110223024625E-16));
#6132=DIRECTION('ref_axis',(0.,-1.110223024625E-16,-1.));
#6133=DIRECTION('',(1.50949372273569E-48,-1.110223024625E-16,-1.));
#6134=DIRECTION('',(0.,-1.110223024625E-16,-1.));
#6135=DIRECTION('center_axis',(1.40450835827601E-32,-1.,1.110223024625E-16));
#6136=DIRECTION('ref_axis',(0.,-1.110223024625E-16,-1.));
#6137=DIRECTION('',(-1.50949372273569E-48,1.110223024625E-16,1.));
#6138=DIRECTION('',(0.,-1.110223024625E-16,-1.));
#6139=DIRECTION('center_axis',(0.707106781186548,0.707106781186548,-7.85046229341777E-17));
#6140=DIRECTION('ref_axis',(-0.707106781186547,0.707106781186547,5.54667823983524E-32));
#6141=DIRECTION('',(0.,-1.110223024625E-16,-1.));
#6142=DIRECTION('center_axis',(-1.,-2.76620237702783E-35,3.0711015697487E-51));
#6143=DIRECTION('ref_axis',(2.76620237702783E-35,-1.,0.));
#6144=DIRECTION('',(0.,-1.110223024625E-16,-1.));
#6145=DIRECTION('center_axis',(-0.707106781186548,0.707106781186547,-7.85046229341777E-17));
#6146=DIRECTION('ref_axis',(-0.707106781186547,-0.707106781186548,5.54667823983524E-32));
#6147=DIRECTION('',(0.,-1.110223024625E-16,-1.));
#6148=DIRECTION('center_axis',(-1.3597154094759E-32,1.,-1.110223024625E-16));
#6149=DIRECTION('ref_axis',(0.,1.110223024625E-16,1.));
#6150=DIRECTION('',(0.,-1.110223024625E-16,-1.));
#6151=DIRECTION('center_axis',(0.707106781186548,0.707106781186548,-7.85046229341777E-17));
#6152=DIRECTION('ref_axis',(-0.707106781186547,0.707106781186547,5.54667823983524E-32));
#6153=DIRECTION('',(0.,-1.110223024625E-16,-1.));
#6154=DIRECTION('center_axis',(1.,2.76620237702728E-35,-3.07110156974809E-51));
#6155=DIRECTION('ref_axis',(-2.76620237702728E-35,1.,0.));
#6156=DIRECTION('',(0.,-1.110223024625E-16,-1.));
#6157=DIRECTION('center_axis',(0.707106781186548,-0.707106781186548,7.85046229341777E-17));
#6158=DIRECTION('ref_axis',(0.707106781186547,0.707106781186547,0.));
#6159=DIRECTION('center_axis',(0.707106781186548,-0.707106781186548,7.85046229341777E-17));
#6160=DIRECTION('ref_axis',(0.707106781186547,0.707106781186547,0.));
#6161=DIRECTION('',(0.,-1.110223024625E-16,-1.));
#6162=DIRECTION('',(0.707106781186548,0.707106781186548,-1.65100228557702E-16));
#6163=DIRECTION('center_axis',(1.,0.,0.));
#6164=DIRECTION('ref_axis',(0.,0.,-1.));
#6165=DIRECTION('',(0.,-1.110223024625E-16,-1.));
#6166=DIRECTION('',(0.,1.,-1.110223024625E-16));
#6167=DIRECTION('center_axis',(0.707106781186548,0.707106781186547,-7.85046229341777E-17));
#6168=DIRECTION('ref_axis',(-0.707106781186547,0.707106781186548,-5.54667823983524E-32));
#6169=DIRECTION('',(0.,-1.110223024625E-16,-1.));
#6170=DIRECTION('',(-0.707106781186548,0.707106781186548,8.09098268934666E-18));
#6171=DIRECTION('center_axis',(-1.35963107344631E-32,1.,-1.110223024625E-16));
#6172=DIRECTION('ref_axis',(0.,1.110223024625E-16,1.));
#6173=DIRECTION('',(0.,-1.110223024625E-16,-1.));
#6174=DIRECTION('',(-1.,0.,1.224646799147E-16));
#6175=DIRECTION('center_axis',(-0.707106781186548,0.707106781186547,-7.85046229341777E-17));
#6176=DIRECTION('ref_axis',(-0.707106781186547,-0.707106781186548,5.54667823983524E-32));
#6177=DIRECTION('',(0.,-1.110223024625E-16,-1.));
#6178=DIRECTION('',(-0.707106781186548,-0.707106781186548,1.65100228557702E-16));
#6179=DIRECTION('center_axis',(-1.,0.,0.));
#6180=DIRECTION('ref_axis',(0.,0.,1.));
#6181=DIRECTION('',(0.,-1.110223024625E-16,-1.));
#6182=DIRECTION('',(0.,-1.,1.110223024625E-16));
#6183=DIRECTION('center_axis',(0.707106781186548,0.707106781186547,-7.85046229341777E-17));
#6184=DIRECTION('ref_axis',(-0.707106781186547,0.707106781186548,-5.54667823983524E-32));
#6185=DIRECTION('',(0.707106781186548,-0.707106781186548,-8.09098268934666E-18));
#6186=DIRECTION('center_axis',(8.65956056235241E-17,-0.70710678118655,0.707106781186545));
#6187=DIRECTION('ref_axis',(-1.,-3.69778549322349E-32,1.224646799147E-16));
#6188=DIRECTION('',(-0.281084637714816,-0.678598344545846,-0.67859834454585));
#6189=DIRECTION('',(-0.281084637714822,0.678598344545845,0.678598344545849));
#6190=DIRECTION('center_axis',(0.500000000000001,-0.500000000000001,0.707106781186547));
#6191=DIRECTION('ref_axis',(-0.707106781186548,-0.707106781186547,5.55111512312578E-17));
#6192=DIRECTION('',(-0.678598344545847,0.281084637714818,0.678598344545848));
#6193=DIRECTION('center_axis',(-0.500000000000001,-0.500000000000001,0.707106781186546));
#6194=DIRECTION('ref_axis',(-0.707106781186548,0.707106781186548,0.));
#6195=DIRECTION('',(0.678598344545846,0.281084637714816,0.67859834454585));
#6196=DIRECTION('center_axis',(0.707106781186548,7.85046229341776E-17,0.707106781186547));
#6197=DIRECTION('ref_axis',(-1.84889274661175E-32,-1.,1.110223024625E-16));
#6198=DIRECTION('',(0.678598344545846,0.281084637714821,-0.678598344545847));
#6199=DIRECTION('center_axis',(-0.70710678118655,7.85046229341774E-17,0.707106781186545));
#6200=DIRECTION('ref_axis',(0.,1.,-1.110223024625E-16));
#6201=DIRECTION('',(0.678598344545845,-0.281084637714819,0.67859834454585));
#6202=DIRECTION('center_axis',(-0.5,-0.5,-0.707106781186547));
#6203=DIRECTION('ref_axis',(0.707106781186547,-0.707106781186547,0.));
#6204=DIRECTION('',(0.281084637714826,0.678598344545843,-0.678598344545849));
#6205=DIRECTION('center_axis',(-0.500000000000001,0.500000000000001,0.707106781186546));
#6206=DIRECTION('ref_axis',(0.707106781186547,0.707106781186548,-5.55111512312578E-17));
#6207=DIRECTION('center_axis',(8.6595605623524E-17,0.70710678118655,0.707106781186545));
#6208=DIRECTION('ref_axis',(1.,3.69778549322349E-32,-1.224646799147E-16));
#6209=DIRECTION('',(-9.61404351945825E-33,0.707106781186545,-0.70710678118655));
#6210=DIRECTION('center_axis',(1.224646799147E-16,1.110223024625E-16,1.));
#6211=DIRECTION('ref_axis',(1.,0.,-1.224646799147E-16));
#6212=DIRECTION('center_axis',(0.,0.,-1.));
#6213=DIRECTION('ref_axis',(-1.,0.,0.));
#6214=DIRECTION('',(1.224646799147E-16,1.110223024625E-16,1.));
#6215=DIRECTION('center_axis',(-1.224646799147E-16,-1.110223024625E-16,
-1.));
#6216=DIRECTION('ref_axis',(-1.,0.,1.224646799147E-16));
#6217=DIRECTION('center_axis',(1.224646799147E-16,1.110223024625E-16,1.));
#6218=DIRECTION('ref_axis',(1.,0.,-1.224646799147E-16));
#6219=DIRECTION('',(-1.224646799147E-16,-1.110223024625E-16,-1.));
#6220=DIRECTION('center_axis',(0.,0.,-1.));
#6221=DIRECTION('ref_axis',(-1.,0.,0.));
#6222=DIRECTION('center_axis',(0.,0.,-1.));
#6223=DIRECTION('ref_axis',(0.,-1.,0.));
#6224=DIRECTION('center_axis',(1.224646799147E-16,1.110223024625E-16,1.));
#6225=DIRECTION('ref_axis',(1.,-1.35963107344631E-32,-1.224646799147E-16));
#6226=DIRECTION('center_axis',(1.224646799147E-16,1.110223024625E-16,1.));
#6227=DIRECTION('ref_axis',(1.,0.,-1.224646799147E-16));
#6228=DIRECTION('center_axis',(0.,0.,-1.));
#6229=DIRECTION('ref_axis',(-1.,0.,0.));
#6230=DIRECTION('',(1.224646799147E-16,1.110223024625E-16,1.));
#6231=DIRECTION('center_axis',(-1.224646799147E-16,-1.110223024625E-16,
-1.));
#6232=DIRECTION('ref_axis',(-1.,0.,1.224646799147E-16));
#6233=DIRECTION('center_axis',(1.224646799147E-16,1.110223024625E-16,1.));
#6234=DIRECTION('ref_axis',(1.,0.,-1.224646799147E-16));
#6235=DIRECTION('',(-1.224646799147E-16,-1.110223024625E-16,-1.));
#6236=DIRECTION('center_axis',(0.,0.,-1.));
#6237=DIRECTION('ref_axis',(-1.,0.,0.));
#6238=DIRECTION('center_axis',(0.,0.,-1.));
#6239=DIRECTION('ref_axis',(0.,-1.,0.));
#6240=DIRECTION('center_axis',(1.224646799147E-16,1.110223024625E-16,1.));
#6241=DIRECTION('ref_axis',(1.,-1.35963107344631E-32,-1.224646799147E-16));
#6242=DIRECTION('center_axis',(1.224646799147E-16,1.110223024625E-16,1.));
#6243=DIRECTION('ref_axis',(1.,0.,-1.224646799147E-16));
#6244=DIRECTION('center_axis',(0.,0.,-1.));
#6245=DIRECTION('ref_axis',(-1.,0.,0.));
#6246=DIRECTION('',(1.224646799147E-16,1.110223024625E-16,1.));
#6247=DIRECTION('center_axis',(-1.224646799147E-16,-1.110223024625E-16,
-1.));
#6248=DIRECTION('ref_axis',(-1.,0.,1.224646799147E-16));
#6249=DIRECTION('center_axis',(1.224646799147E-16,1.110223024625E-16,1.));
#6250=DIRECTION('ref_axis',(1.,0.,-1.224646799147E-16));
#6251=DIRECTION('',(-1.224646799147E-16,-1.110223024625E-16,-1.));
#6252=DIRECTION('center_axis',(0.,0.,-1.));
#6253=DIRECTION('ref_axis',(-1.,0.,0.));
#6254=DIRECTION('center_axis',(0.,0.,-1.));
#6255=DIRECTION('ref_axis',(0.,-1.,0.));
#6256=DIRECTION('center_axis',(1.224646799147E-16,1.110223024625E-16,1.));
#6257=DIRECTION('ref_axis',(1.,-1.35963107344631E-32,-1.224646799147E-16));
#6258=DIRECTION('center_axis',(1.224646799147E-16,1.110223024625E-16,1.));
#6259=DIRECTION('ref_axis',(1.,0.,-1.224646799147E-16));
#6260=DIRECTION('center_axis',(0.,0.,-1.));
#6261=DIRECTION('ref_axis',(-1.,0.,0.));
#6262=DIRECTION('',(1.224646799147E-16,1.110223024625E-16,1.));
#6263=DIRECTION('center_axis',(-1.224646799147E-16,-1.110223024625E-16,
-1.));
#6264=DIRECTION('ref_axis',(-1.,0.,1.224646799147E-16));
#6265=DIRECTION('center_axis',(1.224646799147E-16,1.110223024625E-16,1.));
#6266=DIRECTION('ref_axis',(1.,0.,-1.224646799147E-16));
#6267=DIRECTION('',(-1.224646799147E-16,-1.110223024625E-16,-1.));
#6268=DIRECTION('center_axis',(0.,0.,-1.));
#6269=DIRECTION('ref_axis',(-1.,0.,0.));
#6270=DIRECTION('center_axis',(0.,0.,-1.));
#6271=DIRECTION('ref_axis',(0.,-1.,0.));
#6272=DIRECTION('center_axis',(1.224646799147E-16,1.110223024625E-16,1.));
#6273=DIRECTION('ref_axis',(1.,-1.35963107344631E-32,-1.224646799147E-16));
#6274=DIRECTION('center_axis',(1.224646799147E-16,1.110223024625E-16,1.));
#6275=DIRECTION('ref_axis',(1.,0.,-1.224646799147E-16));
#6276=DIRECTION('center_axis',(0.,0.,-1.));
#6277=DIRECTION('ref_axis',(-1.,0.,0.));
#6278=DIRECTION('',(1.224646799147E-16,1.110223024625E-16,1.));
#6279=DIRECTION('center_axis',(-1.224646799147E-16,-1.110223024625E-16,
-1.));
#6280=DIRECTION('ref_axis',(-1.,0.,1.224646799147E-16));
#6281=DIRECTION('center_axis',(1.224646799147E-16,1.110223024625E-16,1.));
#6282=DIRECTION('ref_axis',(1.,0.,-1.224646799147E-16));
#6283=DIRECTION('',(-1.224646799147E-16,-1.110223024625E-16,-1.));
#6284=DIRECTION('center_axis',(0.,0.,-1.));
#6285=DIRECTION('ref_axis',(-1.,0.,0.));
#6286=DIRECTION('center_axis',(0.,0.,-1.));
#6287=DIRECTION('ref_axis',(0.,-1.,0.));
#6288=DIRECTION('center_axis',(1.224646799147E-16,1.110223024625E-16,1.));
#6289=DIRECTION('ref_axis',(1.,-1.35963107344631E-32,-1.224646799147E-16));
#6290=DIRECTION('center_axis',(1.224646799147E-16,1.110223024625E-16,1.));
#6291=DIRECTION('ref_axis',(1.,0.,-1.224646799147E-16));
#6292=DIRECTION('',(1.224646799147E-16,1.110223024625E-16,1.));
#6293=DIRECTION('center_axis',(0.,0.,1.));
#6294=DIRECTION('ref_axis',(1.,0.,0.));
#6295=DIRECTION('',(1.224646799147E-16,1.110223024625E-16,1.));
#6296=DIRECTION('',(1.224646799147E-16,1.110223024625E-16,1.));
#6297=DIRECTION('center_axis',(0.,0.,1.));
#6298=DIRECTION('ref_axis',(1.,0.,0.));
#6299=DIRECTION('',(1.224646799147E-16,1.110223024625E-16,1.));
#6300=DIRECTION('',(1.224646799147E-16,1.110223024625E-16,1.));
#6301=DIRECTION('center_axis',(0.,0.,1.));
#6302=DIRECTION('ref_axis',(1.,0.,0.));
#6303=DIRECTION('',(1.224646799147E-16,1.110223024625E-16,1.));
#6304=DIRECTION('',(1.224646799147E-16,1.110223024625E-16,1.));
#6305=DIRECTION('center_axis',(0.,0.,1.));
#6306=DIRECTION('ref_axis',(1.,0.,0.));
#6307=DIRECTION('',(1.224646799147E-16,1.110223024625E-16,1.));
#6308=DIRECTION('',(1.224646799147E-16,1.110223024625E-16,1.));
#6309=DIRECTION('center_axis',(0.,1.,-1.110223024625E-16));
#6310=DIRECTION('ref_axis',(0.,1.110223024625E-16,1.));
#6311=DIRECTION('',(1.224646799147E-16,1.110223024625E-16,1.));
#6312=DIRECTION('',(1.224646799147E-16,1.110223024625E-16,1.));
#6313=DIRECTION('center_axis',(1.,0.,-1.224646799147E-16));
#6314=DIRECTION('ref_axis',(-1.224646799147E-16,0.,-1.));
#6315=DIRECTION('',(1.224646799147E-16,1.110223024625E-16,1.));
#6316=DIRECTION('center_axis',(-8.67361802847033E-17,1.,-1.110223024625E-16));
#6317=DIRECTION('ref_axis',(0.,1.110223024625E-16,1.));
#6318=DIRECTION('',(1.224646799147E-16,1.110223024625E-16,1.));
#6319=DIRECTION('center_axis',(1.,0.,-1.224646799147E-16));
#6320=DIRECTION('ref_axis',(-1.224646799147E-16,0.,-1.));
#6321=DIRECTION('',(1.224646799147E-16,1.110223024625E-16,1.));
#6322=DIRECTION('center_axis',(-8.67361802847033E-17,1.,-1.110223024625E-16));
#6323=DIRECTION('ref_axis',(0.,1.110223024625E-16,1.));
#6324=DIRECTION('',(1.224646799147E-16,1.110223024625E-16,1.));
#6325=DIRECTION('center_axis',(1.,0.,-1.224646799147E-16));
#6326=DIRECTION('ref_axis',(-1.224646799147E-16,0.,-1.));
#6327=DIRECTION('',(1.224646799147E-16,1.110223024625E-16,1.));
#6328=DIRECTION('center_axis',(0.,1.,-1.110223024625E-16));
#6329=DIRECTION('ref_axis',(0.,1.110223024625E-16,1.));
#6330=DIRECTION('',(1.224646799147E-16,1.110223024625E-16,1.));
#6331=DIRECTION('center_axis',(1.,0.,-1.224646799147E-16));
#6332=DIRECTION('ref_axis',(-1.224646799147E-16,0.,-1.));
#6333=DIRECTION('',(1.224646799147E-16,1.110223024625E-16,1.));
#6334=DIRECTION('center_axis',(-8.67361802847034E-17,1.,-1.110223024625E-16));
#6335=DIRECTION('ref_axis',(0.,1.110223024625E-16,1.));
#6336=DIRECTION('',(1.224646799147E-16,1.110223024625E-16,1.));
#6337=DIRECTION('center_axis',(1.,0.,-1.224646799147E-16));
#6338=DIRECTION('ref_axis',(-1.224646799147E-16,0.,-1.));
#6339=DIRECTION('',(1.224646799147E-16,1.110223024625E-16,1.));
#6340=DIRECTION('center_axis',(-8.67361802847034E-17,1.,-1.110223024625E-16));
#6341=DIRECTION('ref_axis',(0.,1.110223024625E-16,1.));
#6342=DIRECTION('',(1.224646799147E-16,1.110223024625E-16,1.));
#6343=DIRECTION('center_axis',(1.,0.,-1.224646799147E-16));
#6344=DIRECTION('ref_axis',(-1.224646799147E-16,0.,-1.));
#6345=DIRECTION('center_axis',(1.224646799147E-16,1.110223024625E-16,1.));
#6346=DIRECTION('ref_axis',(1.,0.,-1.224646799147E-16));
#6347=DIRECTION('',(1.224646799147E-16,1.110223024625E-16,1.));
#6348=DIRECTION('center_axis',(0.,0.,1.));
#6349=DIRECTION('ref_axis',(1.,0.,0.));
#6350=DIRECTION('',(1.224646799147E-16,1.110223024625E-16,1.));
#6351=DIRECTION('',(1.224646799147E-16,1.110223024625E-16,1.));
#6352=DIRECTION('',(1.224646799147E-16,1.110223024625E-16,1.));
#6353=DIRECTION('center_axis',(0.,0.,1.));
#6354=DIRECTION('ref_axis',(1.,0.,0.));
#6355=DIRECTION('',(1.224646799147E-16,1.110223024625E-16,1.));
#6356=DIRECTION('',(1.224646799147E-16,1.110223024625E-16,1.));
#6357=DIRECTION('center_axis',(0.,0.,1.));
#6358=DIRECTION('ref_axis',(1.,0.,0.));
#6359=DIRECTION('',(1.224646799147E-16,1.110223024625E-16,1.));
#6360=DIRECTION('',(1.224646799147E-16,1.110223024625E-16,1.));
#6361=DIRECTION('center_axis',(0.,0.,1.));
#6362=DIRECTION('ref_axis',(1.,0.,0.));
#6363=DIRECTION('',(1.224646799147E-16,1.110223024625E-16,1.));
#6364=DIRECTION('center_axis',(1.224646799147E-16,1.110223024625E-16,1.));
#6365=DIRECTION('ref_axis',(1.,0.,-1.224646799147E-16));
#6366=DIRECTION('',(1.224646799147E-16,1.110223024625E-16,1.));
#6367=DIRECTION('',(1.224646799147E-16,1.110223024625E-16,1.));
#6368=DIRECTION('center_axis',(0.,0.,1.));
#6369=DIRECTION('ref_axis',(1.,0.,0.));
#6370=DIRECTION('',(1.224646799147E-16,1.110223024625E-16,1.));
#6371=DIRECTION('',(1.224646799147E-16,1.110223024625E-16,1.));
#6372=DIRECTION('center_axis',(0.,0.,1.));
#6373=DIRECTION('ref_axis',(1.,0.,0.));
#6374=DIRECTION('',(1.224646799147E-16,1.110223024625E-16,1.));
#6375=DIRECTION('',(1.224646799147E-16,1.110223024625E-16,1.));
#6376=DIRECTION('center_axis',(0.,0.,1.));
#6377=DIRECTION('ref_axis',(1.,0.,0.));
#6378=DIRECTION('',(1.224646799147E-16,1.110223024625E-16,1.));
#6379=DIRECTION('',(1.224646799147E-16,1.110223024625E-16,1.));
#6380=DIRECTION('center_axis',(0.,0.,1.));
#6381=DIRECTION('ref_axis',(1.,0.,0.));
#6382=DIRECTION('',(1.224646799147E-16,1.110223024625E-16,1.));
#6383=DIRECTION('center_axis',(1.224646799147E-16,1.110223024625E-16,1.));
#6384=DIRECTION('ref_axis',(1.,0.,-1.224646799147E-16));
#6385=DIRECTION('',(1.224646799147E-16,1.110223024625E-16,1.));
#6386=DIRECTION('center_axis',(0.,0.,1.));
#6387=DIRECTION('ref_axis',(1.,0.,0.));
#6388=DIRECTION('',(1.224646799147E-16,1.110223024625E-16,1.));
#6389=DIRECTION('',(1.224646799147E-16,1.110223024625E-16,1.));
#6390=DIRECTION('',(1.224646799147E-16,1.110223024625E-16,1.));
#6391=DIRECTION('center_axis',(0.,0.,1.));
#6392=DIRECTION('ref_axis',(1.,0.,0.));
#6393=DIRECTION('',(1.224646799147E-16,1.110223024625E-16,1.));
#6394=DIRECTION('',(1.224646799147E-16,1.110223024625E-16,1.));
#6395=DIRECTION('center_axis',(0.,0.,1.));
#6396=DIRECTION('ref_axis',(1.,0.,0.));
#6397=DIRECTION('',(1.224646799147E-16,1.110223024625E-16,1.));
#6398=DIRECTION('',(1.224646799147E-16,1.110223024625E-16,1.));
#6399=DIRECTION('center_axis',(0.,0.,1.));
#6400=DIRECTION('ref_axis',(1.,0.,0.));
#6401=DIRECTION('',(1.224646799147E-16,1.110223024625E-16,1.));
#6402=DIRECTION('center_axis',(1.23303708489889E-32,-1.,1.110223024625E-16));
#6403=DIRECTION('ref_axis',(0.,-1.110223024625E-16,-1.));
#6404=DIRECTION('center_axis',(1.09307351237107E-32,-1.,1.110223024625E-16));
#6405=DIRECTION('ref_axis',(0.,-1.110223024625E-16,-1.));
#6406=DIRECTION('center_axis',(0.,0.,1.));
#6407=DIRECTION('ref_axis',(1.,0.,0.));
#6408=DIRECTION('',(-1.,0.,0.));
#6409=DIRECTION('',(2.86017786467503E-48,-1.,0.));
#6410=DIRECTION('center_axis',(0.,0.,1.));
#6411=DIRECTION('ref_axis',(1.,0.,0.));
#6412=DIRECTION('center_axis',(1.,2.86017786467503E-48,-1.224646799147E-16));
#6413=DIRECTION('ref_axis',(-1.224646799147E-16,0.,-1.));
#6414=DIRECTION('',(1.224646799147E-16,1.110223024625E-16,1.));
#6415=DIRECTION('center_axis',(0.,-1.,1.110223024625E-16));
#6416=DIRECTION('ref_axis',(0.,-1.110223024625E-16,-1.));
#6417=DIRECTION('',(1.224646799147E-16,1.110223024625E-16,1.));
#6418=DIRECTION('center_axis',(1.224646799147E-16,1.110223024625E-16,1.));
#6419=DIRECTION('ref_axis',(1.,0.,-1.224646799147E-16));
#6420=DIRECTION('center_axis',(0.,0.,1.));
#6421=DIRECTION('ref_axis',(1.,0.,0.));
#6422=DIRECTION('center_axis',(0.,0.,1.));
#6423=DIRECTION('ref_axis',(1.,0.,0.));
#6424=DIRECTION('',(2.86017786467503E-48,-1.,0.));
#6425=DIRECTION('',(1.,0.,0.));
#6426=DIRECTION('center_axis',(0.,1.,-1.110223024625E-16));
#6427=DIRECTION('ref_axis',(0.,1.110223024625E-16,1.));
#6428=DIRECTION('',(1.224646799147E-16,1.110223024625E-16,1.));
#6429=DIRECTION('center_axis',(1.,2.86017786467503E-48,-1.224646799147E-16));
#6430=DIRECTION('ref_axis',(-1.224646799147E-16,0.,-1.));
#6431=DIRECTION('',(1.224646799147E-16,1.110223024625E-16,1.));
#6432=DIRECTION('center_axis',(1.224646799147E-16,1.110223024625E-16,1.));
#6433=DIRECTION('ref_axis',(1.,0.,-1.224646799147E-16));
#6434=DIRECTION('center_axis',(0.,0.,1.));
#6435=DIRECTION('ref_axis',(1.,0.,0.));
#6436=DIRECTION('center_axis',(0.,0.,1.));
#6437=DIRECTION('ref_axis',(1.,0.,0.));
#6438=DIRECTION('',(-2.86017786467503E-48,1.,0.));
#6439=DIRECTION('',(-1.,0.,0.));
#6440=DIRECTION('center_axis',(0.,-1.,1.110223024625E-16));
#6441=DIRECTION('ref_axis',(0.,-1.110223024625E-16,-1.));
#6442=DIRECTION('',(1.224646799147E-16,1.110223024625E-16,1.));
#6443=DIRECTION('center_axis',(-1.,-2.86017786467503E-48,1.224646799147E-16));
#6444=DIRECTION('ref_axis',(1.224646799147E-16,0.,1.));
#6445=DIRECTION('',(1.224646799147E-16,1.110223024625E-16,1.));
#6446=DIRECTION('center_axis',(1.224646799147E-16,1.110223024625E-16,1.));
#6447=DIRECTION('ref_axis',(1.,0.,-1.224646799147E-16));
#6448=DIRECTION('center_axis',(0.,0.,1.));
#6449=DIRECTION('ref_axis',(1.,0.,0.));
#6450=DIRECTION('',(0.,1.,0.));
#6451=DIRECTION('center_axis',(0.,0.,1.));
#6452=DIRECTION('ref_axis',(1.,0.,0.));
#6453=DIRECTION('',(1.,2.86017786467502E-48,0.));
#6454=DIRECTION('center_axis',(-2.86017786467502E-48,1.,-1.110223024625E-16));
#6455=DIRECTION('ref_axis',(0.,1.110223024625E-16,1.));
#6456=DIRECTION('',(1.224646799147E-16,1.110223024625E-16,1.));
#6457=DIRECTION('center_axis',(1.224646799147E-16,1.110223024625E-16,1.));
#6458=DIRECTION('ref_axis',(1.,0.,-1.224646799147E-16));
#6459=DIRECTION('',(1.224646799147E-16,1.110223024625E-16,1.));
#6460=DIRECTION('center_axis',(-1.,0.,1.224646799147E-16));
#6461=DIRECTION('ref_axis',(1.224646799147E-16,0.,1.));
#6462=DIRECTION('center_axis',(0.,0.,1.));
#6463=DIRECTION('ref_axis',(1.,0.,0.));
#6464=DIRECTION('',(-1.,-2.86017786467503E-48,0.));
#6465=DIRECTION('',(0.,-1.,0.));
#6466=DIRECTION('center_axis',(0.,0.,1.));
#6467=DIRECTION('ref_axis',(1.,0.,0.));
#6468=DIRECTION('center_axis',(1.,0.,-1.224646799147E-16));
#6469=DIRECTION('ref_axis',(-1.224646799147E-16,0.,-1.));
#6470=DIRECTION('',(1.224646799147E-16,1.110223024625E-16,1.));
#6471=DIRECTION('center_axis',(2.86017786467503E-48,-1.,1.110223024625E-16));
#6472=DIRECTION('ref_axis',(0.,-1.110223024625E-16,-1.));
#6473=DIRECTION('',(1.224646799147E-16,1.110223024625E-16,1.));
#6474=DIRECTION('center_axis',(1.224646799147E-16,1.110223024625E-16,1.));
#6475=DIRECTION('ref_axis',(1.,0.,-1.224646799147E-16));
#6476=DIRECTION('center_axis',(0.,0.,1.));
#6477=DIRECTION('ref_axis',(1.,0.,0.));
#6478=DIRECTION('center_axis',(0.,0.,1.));
#6479=DIRECTION('ref_axis',(1.,0.,0.));
#6480=DIRECTION('',(2.86017786467503E-48,-1.,0.));
#6481=DIRECTION('',(1.,0.,0.));
#6482=DIRECTION('center_axis',(0.,1.,-1.110223024625E-16));
#6483=DIRECTION('ref_axis',(0.,1.110223024625E-16,1.));
#6484=DIRECTION('',(1.224646799147E-16,1.110223024625E-16,1.));
#6485=DIRECTION('center_axis',(1.,2.86017786467503E-48,-1.224646799147E-16));
#6486=DIRECTION('ref_axis',(-1.224646799147E-16,0.,-1.));
#6487=DIRECTION('',(1.224646799147E-16,1.110223024625E-16,1.));
#6488=DIRECTION('center_axis',(1.224646799147E-16,1.110223024625E-16,1.));
#6489=DIRECTION('ref_axis',(1.,0.,-1.224646799147E-16));
#6490=DIRECTION('center_axis',(0.,0.,1.));
#6491=DIRECTION('ref_axis',(1.,0.,0.));
#6492=DIRECTION('center_axis',(0.,0.,1.));
#6493=DIRECTION('ref_axis',(1.,0.,0.));
#6494=DIRECTION('',(-2.86017786467503E-48,1.,0.));
#6495=DIRECTION('',(-1.,0.,0.));
#6496=DIRECTION('center_axis',(0.,-1.,1.110223024625E-16));
#6497=DIRECTION('ref_axis',(0.,-1.110223024625E-16,-1.));
#6498=DIRECTION('',(1.224646799147E-16,1.110223024625E-16,1.));
#6499=DIRECTION('center_axis',(-1.,-2.86017786467503E-48,1.224646799147E-16));
#6500=DIRECTION('ref_axis',(1.224646799147E-16,0.,1.));
#6501=DIRECTION('',(1.224646799147E-16,1.110223024625E-16,1.));
#6502=DIRECTION('center_axis',(1.224646799147E-16,1.110223024625E-16,1.));
#6503=DIRECTION('ref_axis',(1.,0.,-1.224646799147E-16));
#6504=DIRECTION('center_axis',(0.,0.,1.));
#6505=DIRECTION('ref_axis',(1.,0.,0.));
#6506=DIRECTION('',(0.,1.,0.));
#6507=DIRECTION('center_axis',(0.,0.,1.));
#6508=DIRECTION('ref_axis',(1.,0.,0.));
#6509=DIRECTION('',(1.,2.86017786467502E-48,0.));
#6510=DIRECTION('center_axis',(-1.,0.,1.224646799147E-16));
#6511=DIRECTION('ref_axis',(1.224646799147E-16,0.,1.));
#6512=DIRECTION('',(1.224646799147E-16,1.110223024625E-16,1.));
#6513=DIRECTION('center_axis',(-2.86017786467502E-48,1.,-1.110223024625E-16));
#6514=DIRECTION('ref_axis',(0.,1.110223024625E-16,1.));
#6515=DIRECTION('',(1.224646799147E-16,1.110223024625E-16,1.));
#6516=DIRECTION('center_axis',(1.224646799147E-16,1.110223024625E-16,1.));
#6517=DIRECTION('ref_axis',(1.,0.,-1.224646799147E-16));
#6518=DIRECTION('center_axis',(0.,0.,1.));
#6519=DIRECTION('ref_axis',(1.,0.,0.));
#6520=DIRECTION('center_axis',(0.,0.,1.));
#6521=DIRECTION('ref_axis',(1.,0.,0.));
#6522=DIRECTION('',(-2.86017786467503E-48,1.,0.));
#6523=DIRECTION('',(-1.,0.,0.));
#6524=DIRECTION('center_axis',(0.,-1.,1.110223024625E-16));
#6525=DIRECTION('ref_axis',(0.,-1.110223024625E-16,-1.));
#6526=DIRECTION('',(1.224646799147E-16,1.110223024625E-16,1.));
#6527=DIRECTION('center_axis',(-1.,-2.86017786467503E-48,1.224646799147E-16));
#6528=DIRECTION('ref_axis',(1.224646799147E-16,0.,1.));
#6529=DIRECTION('',(1.224646799147E-16,1.110223024625E-16,1.));
#6530=DIRECTION('center_axis',(1.224646799147E-16,1.110223024625E-16,1.));
#6531=DIRECTION('ref_axis',(1.,0.,-1.224646799147E-16));
#6532=DIRECTION('center_axis',(0.,0.,1.));
#6533=DIRECTION('ref_axis',(1.,0.,0.));
#6534=DIRECTION('',(1.,0.,0.));
#6535=DIRECTION('',(-2.86017786467502E-48,1.,0.));
#6536=DIRECTION('center_axis',(0.,0.,1.));
#6537=DIRECTION('ref_axis',(1.,0.,0.));
#6538=DIRECTION('center_axis',(-1.,-2.86017786467502E-48,1.224646799147E-16));
#6539=DIRECTION('ref_axis',(1.224646799147E-16,0.,1.));
#6540=DIRECTION('',(1.224646799147E-16,1.110223024625E-16,1.));
#6541=DIRECTION('center_axis',(0.,1.,-1.110223024625E-16));
#6542=DIRECTION('ref_axis',(0.,1.110223024625E-16,1.));
#6543=DIRECTION('',(1.224646799147E-16,1.110223024625E-16,1.));
#6544=DIRECTION('center_axis',(1.224646799147E-16,1.110223024625E-16,1.));
#6545=DIRECTION('ref_axis',(1.,0.,-1.224646799147E-16));
#6546=DIRECTION('center_axis',(0.,0.,1.));
#6547=DIRECTION('ref_axis',(1.,0.,0.));
#6548=DIRECTION('',(1.,0.,0.));
#6549=DIRECTION('center_axis',(0.,0.,1.));
#6550=DIRECTION('ref_axis',(1.,0.,0.));
#6551=DIRECTION('',(2.86017786467503E-48,-1.,0.));
#6552=DIRECTION('center_axis',(0.,1.,-1.110223024625E-16));
#6553=DIRECTION('ref_axis',(0.,1.110223024625E-16,1.));
#6554=DIRECTION('',(1.224646799147E-16,1.110223024625E-16,1.));
#6555=DIRECTION('center_axis',(1.,2.86017786467503E-48,-1.224646799147E-16));
#6556=DIRECTION('ref_axis',(-1.224646799147E-16,0.,-1.));
#6557=DIRECTION('',(1.224646799147E-16,1.110223024625E-16,1.));
#6558=DIRECTION('center_axis',(1.224646799147E-16,1.110223024625E-16,1.));
#6559=DIRECTION('ref_axis',(1.,0.,-1.224646799147E-16));
#6560=DIRECTION('center_axis',(0.,0.,1.));
#6561=DIRECTION('ref_axis',(1.,0.,0.));
#6562=DIRECTION('',(2.86017786467503E-48,-1.,0.));
#6563=DIRECTION('center_axis',(0.,0.,1.));
#6564=DIRECTION('ref_axis',(1.,0.,0.));
#6565=DIRECTION('',(-1.,0.,0.));
#6566=DIRECTION('center_axis',(1.,2.86017786467503E-48,-1.224646799147E-16));
#6567=DIRECTION('ref_axis',(-1.224646799147E-16,0.,-1.));
#6568=DIRECTION('',(1.224646799147E-16,1.110223024625E-16,1.));
#6569=DIRECTION('center_axis',(0.,-1.,1.110223024625E-16));
#6570=DIRECTION('ref_axis',(0.,-1.110223024625E-16,-1.));
#6571=DIRECTION('',(1.224646799147E-16,1.110223024625E-16,1.));
#6572=DIRECTION('center_axis',(1.224646799147E-16,1.110223024625E-16,1.));
#6573=DIRECTION('ref_axis',(1.,0.,-1.224646799147E-16));
#6574=DIRECTION('center_axis',(0.,0.,1.));
#6575=DIRECTION('ref_axis',(1.,0.,0.));
#6576=DIRECTION('',(1.,0.,0.));
#6577=DIRECTION('center_axis',(0.,0.,1.));
#6578=DIRECTION('ref_axis',(1.,0.,0.));
#6579=DIRECTION('',(2.86017786467503E-48,-1.,0.));
#6580=DIRECTION('center_axis',(1.,2.86017786467503E-48,-1.224646799147E-16));
#6581=DIRECTION('ref_axis',(-1.224646799147E-16,0.,-1.));
#6582=DIRECTION('',(1.224646799147E-16,1.110223024625E-16,1.));
#6583=DIRECTION('center_axis',(1.224646799147E-16,1.110223024625E-16,1.));
#6584=DIRECTION('ref_axis',(1.,0.,-1.224646799147E-16));
#6585=DIRECTION('',(1.224646799147E-16,1.110223024625E-16,1.));
#6586=DIRECTION('center_axis',(0.,1.,-1.110223024625E-16));
#6587=DIRECTION('ref_axis',(0.,1.110223024625E-16,1.));
#6588=DIRECTION('center_axis',(0.,0.,1.));
#6589=DIRECTION('ref_axis',(1.,0.,0.));
#6590=DIRECTION('',(-2.86017786467502E-48,1.,0.));
#6591=DIRECTION('center_axis',(0.,0.,1.));
#6592=DIRECTION('ref_axis',(1.,0.,0.));
#6593=DIRECTION('',(1.,0.,0.));
#6594=DIRECTION('center_axis',(0.,1.,-1.110223024625E-16));
#6595=DIRECTION('ref_axis',(0.,1.110223024625E-16,1.));
#6596=DIRECTION('',(1.224646799147E-16,1.110223024625E-16,1.));
#6597=DIRECTION('center_axis',(1.224646799147E-16,1.110223024625E-16,1.));
#6598=DIRECTION('ref_axis',(1.,0.,-1.224646799147E-16));
#6599=DIRECTION('',(1.224646799147E-16,1.110223024625E-16,1.));
#6600=DIRECTION('center_axis',(-1.,-2.86017786467502E-48,1.224646799147E-16));
#6601=DIRECTION('ref_axis',(1.224646799147E-16,0.,1.));
#6602=DIRECTION('center_axis',(0.,0.,1.));
#6603=DIRECTION('ref_axis',(1.,0.,0.));
#6604=DIRECTION('',(2.86017786467503E-48,-1.,0.));
#6605=DIRECTION('center_axis',(0.,0.,1.));
#6606=DIRECTION('ref_axis',(1.,0.,0.));
#6607=DIRECTION('',(-1.,0.,0.));
#6608=DIRECTION('center_axis',(0.,-1.,1.110223024625E-16));
#6609=DIRECTION('ref_axis',(0.,-1.110223024625E-16,-1.));
#6610=DIRECTION('',(1.224646799147E-16,1.110223024625E-16,1.));
#6611=DIRECTION('center_axis',(1.224646799147E-16,1.110223024625E-16,1.));
#6612=DIRECTION('ref_axis',(1.,0.,-1.224646799147E-16));
#6613=DIRECTION('',(1.224646799147E-16,1.110223024625E-16,1.));
#6614=DIRECTION('center_axis',(1.,2.86017786467503E-48,-1.224646799147E-16));
#6615=DIRECTION('ref_axis',(-1.224646799147E-16,0.,-1.));
#6616=DIRECTION('center_axis',(0.,0.,1.));
#6617=DIRECTION('ref_axis',(1.,0.,0.));
#6618=DIRECTION('',(-1.,0.,0.));
#6619=DIRECTION('center_axis',(0.,0.,1.));
#6620=DIRECTION('ref_axis',(1.,0.,0.));
#6621=DIRECTION('',(-2.86017786467503E-48,1.,0.));
#6622=DIRECTION('center_axis',(-1.,-2.86017786467503E-48,1.224646799147E-16));
#6623=DIRECTION('ref_axis',(1.224646799147E-16,0.,1.));
#6624=DIRECTION('',(1.224646799147E-16,1.110223024625E-16,1.));
#6625=DIRECTION('center_axis',(1.224646799147E-16,1.110223024625E-16,1.));
#6626=DIRECTION('ref_axis',(1.,0.,-1.224646799147E-16));
#6627=DIRECTION('',(1.224646799147E-16,1.110223024625E-16,1.));
#6628=DIRECTION('center_axis',(0.,-1.,1.110223024625E-16));
#6629=DIRECTION('ref_axis',(0.,-1.110223024625E-16,-1.));
#6630=DIRECTION('center_axis',(0.,0.,1.));
#6631=DIRECTION('ref_axis',(1.,0.,0.));
#6632=DIRECTION('',(0.,-1.110223024625E-16,-1.));
#6633=DIRECTION('',(0.,1.11022302462496E-16,1.));
#6634=DIRECTION('center_axis',(1.,1.35963107344631E-32,1.97824328036662E-64));
#6635=DIRECTION('ref_axis',(-1.35963107344631E-32,1.,0.));
#6636=DIRECTION('',(1.50949372273569E-48,-1.110223024625E-16,-1.));
#6637=DIRECTION('center_axis',(1.,1.35963107344631E-32,1.97824328036662E-64));
#6638=DIRECTION('ref_axis',(-1.35963107344631E-32,1.,0.));
#6639=DIRECTION('',(1.50949372273569E-48,-1.110223024625E-16,-1.));
#6640=DIRECTION('center_axis',(-1.35963107344631E-32,1.,-1.110223024625E-16));
#6641=DIRECTION('ref_axis',(-1.,-1.35963107344631E-32,1.50949372273569E-48));
#6642=DIRECTION('axis',(0.,0.,1.));
#6643=DIRECTION('refdir',(1.,0.,0.));
#6644=DIRECTION('center_axis',(1.224646799147E-16,1.110223024625E-16,1.));
#6645=DIRECTION('ref_axis',(1.,0.,-1.224646799147E-16));
#6646=DIRECTION('center_axis',(0.,0.,1.));
#6647=DIRECTION('ref_axis',(1.,0.,0.));
#6648=DIRECTION('',(-1.224646799147E-16,-1.110223024625E-16,-1.));
#6649=DIRECTION('center_axis',(1.224646799147E-16,1.110223024625E-16,1.));
#6650=DIRECTION('ref_axis',(1.,0.,-1.224646799147E-16));
#6651=DIRECTION('',(1.224646799147E-16,1.110223024625E-16,1.));
#6652=DIRECTION('center_axis',(0.,0.,1.));
#6653=DIRECTION('ref_axis',(1.,0.,0.));
#6654=DIRECTION('',(1.224646799147E-16,1.110223024625E-16,1.));
#6655=DIRECTION('center_axis',(1.224646799147E-16,1.110223024625E-16,1.));
#6656=DIRECTION('ref_axis',(1.,0.,-1.224646799147E-16));
#6657=DIRECTION('',(1.224646799147E-16,1.110223024625E-16,1.));
#6658=DIRECTION('center_axis',(0.,0.,1.));
#6659=DIRECTION('ref_axis',(1.,0.,0.));
#6660=DIRECTION('',(1.224646799147E-16,1.110223024625E-16,1.));
#6661=DIRECTION('center_axis',(1.224646799147E-16,1.110223024625E-16,1.));
#6662=DIRECTION('ref_axis',(1.,0.,-1.224646799147E-16));
#6663=DIRECTION('',(1.224646799147E-16,1.110223024625E-16,1.));
#6664=DIRECTION('center_axis',(0.,0.,1.));
#6665=DIRECTION('ref_axis',(1.,0.,0.));
#6666=DIRECTION('',(1.224646799147E-16,1.110223024625E-16,1.));
#6667=DIRECTION('center_axis',(1.224646799147E-16,1.110223024625E-16,1.));
#6668=DIRECTION('ref_axis',(1.,0.,-1.224646799147E-16));
#6669=DIRECTION('',(1.224646799147E-16,1.110223024625E-16,1.));
#6670=DIRECTION('center_axis',(0.,0.,1.));
#6671=DIRECTION('ref_axis',(1.,0.,0.));
#6672=DIRECTION('',(1.224646799147E-16,1.110223024625E-16,1.));
#6673=DIRECTION('center_axis',(1.224646799147E-16,1.110223024625E-16,1.));
#6674=DIRECTION('ref_axis',(1.,0.,-1.224646799147E-16));
#6675=DIRECTION('center_axis',(0.,0.,1.));
#6676=DIRECTION('ref_axis',(1.,0.,0.));
#6677=DIRECTION('center_axis',(0.,0.,1.));
#6678=DIRECTION('ref_axis',(1.,0.,0.));
#6679=DIRECTION('',(0.,1.,0.));
#6680=DIRECTION('',(-1.,0.,0.));
#6681=DIRECTION('',(0.,1.,0.));
#6682=DIRECTION('',(-1.,0.,0.));
#6683=DIRECTION('',(0.,-1.,0.));
#6684=DIRECTION('',(-1.,0.,0.));
#6685=DIRECTION('',(0.,1.,0.));
#6686=DIRECTION('',(-1.,0.,0.));
#6687=DIRECTION('',(0.,1.,0.));
#6688=DIRECTION('',(-1.,0.,0.));
#6689=DIRECTION('',(0.,-1.,0.));
#6690=DIRECTION('',(-1.,0.,0.));
#6691=DIRECTION('center_axis',(1.224646799147E-16,1.110223024625E-16,1.));
#6692=DIRECTION('ref_axis',(1.,-1.35963107344631E-32,-1.224646799147E-16));
#6693=DIRECTION('center_axis',(1.224646799147E-16,1.110223024625E-16,1.));
#6694=DIRECTION('ref_axis',(1.,0.,-1.224646799147E-16));
#6695=DIRECTION('center_axis',(0.,-1.,0.));
#6696=DIRECTION('ref_axis',(0.,0.,-1.));
#6697=DIRECTION('',(-1.,0.,1.224646799147E-16));
#6698=DIRECTION('',(0.,0.,-1.));
#6699=DIRECTION('',(0.,0.,-1.));
#6700=DIRECTION('center_axis',(-1.,0.,0.));
#6701=DIRECTION('ref_axis',(0.,0.,1.));
#6702=DIRECTION('',(0.,1.,-1.110223024625E-16));
#6703=DIRECTION('center_axis',(-1.,0.,0.));
#6704=DIRECTION('ref_axis',(0.,0.,1.));
#6705=DIRECTION('',(0.,1.,-1.110223024625E-16));
#6706=DIRECTION('center_axis',(1.224646799147E-16,1.110223024625E-16,1.));
#6707=DIRECTION('ref_axis',(1.,-1.35963107344631E-32,-1.224646799147E-16));
#6708=DIRECTION('center_axis',(1.,0.,0.));
#6709=DIRECTION('ref_axis',(0.,0.,-1.));
#6710=DIRECTION('',(0.,-1.,1.110223024625E-16));
#6711=DIRECTION('',(0.,0.,-1.));
#6712=DIRECTION('',(0.,0.,-1.));
#6713=DIRECTION('center_axis',(0.,-1.,0.));
#6714=DIRECTION('ref_axis',(0.,0.,-1.));
#6715=DIRECTION('',(-1.,0.,1.224646799147E-16));
#6716=DIRECTION('center_axis',(0.,-1.,0.));
#6717=DIRECTION('ref_axis',(0.,0.,-1.));
#6718=DIRECTION('',(-1.,0.,1.224646799147E-16));
#6719=DIRECTION('center_axis',(1.224646799147E-16,1.110223024625E-16,1.));
#6720=DIRECTION('ref_axis',(1.,-1.35963107344631E-32,-1.224646799147E-16));
#6721=DIRECTION('center_axis',(0.,-1.,0.));
#6722=DIRECTION('ref_axis',(0.,0.,-1.));
#6723=DIRECTION('',(0.,0.,-1.));
#6724=DIRECTION('',(-1.,0.,1.224646799147E-16));
#6725=DIRECTION('',(0.,0.,-1.));
#6726=DIRECTION('center_axis',(-1.,0.,0.));
#6727=DIRECTION('ref_axis',(0.,0.,1.));
#6728=DIRECTION('',(0.,1.,-1.110223024625E-16));
#6729=DIRECTION('center_axis',(-1.,0.,0.));
#6730=DIRECTION('ref_axis',(0.,0.,1.));
#6731=DIRECTION('',(0.,1.,-1.110223024625E-16));
#6732=DIRECTION('center_axis',(1.224646799147E-16,1.110223024625E-16,1.));
#6733=DIRECTION('ref_axis',(1.,-1.35963107344631E-32,-1.224646799147E-16));
#6734=DIRECTION('center_axis',(0.,-1.,0.));
#6735=DIRECTION('ref_axis',(0.,0.,-1.));
#6736=DIRECTION('',(-1.,0.,1.224646799147E-16));
#6737=DIRECTION('',(0.,0.,-1.));
#6738=DIRECTION('center_axis',(1.,0.,0.));
#6739=DIRECTION('ref_axis',(0.,0.,-1.));
#6740=DIRECTION('',(0.,-1.,1.110223024625E-16));
#6741=DIRECTION('',(0.,0.,-1.));
#6742=DIRECTION('center_axis',(0.,-1.,0.));
#6743=DIRECTION('ref_axis',(0.,0.,-1.));
#6744=DIRECTION('',(-1.,0.,1.224646799147E-16));
#6745=DIRECTION('center_axis',(1.224646799147E-16,1.110223024625E-16,1.));
#6746=DIRECTION('ref_axis',(1.,-1.35963107344631E-32,-1.224646799147E-16));
#6747=DIRECTION('center_axis',(0.,0.,-1.));
#6748=DIRECTION('ref_axis',(-1.,0.,0.));
#6749=DIRECTION('',(-0.707106781186548,8.65956056235494E-17,0.707106781186547));
#6750=DIRECTION('',(-1.88884807051455E-64,0.,1.));
#6751=DIRECTION('',(0.999999999999999,0.,1.88884807051455E-64));
#6752=DIRECTION('',(-1.88884807051455E-64,0.,1.));
#6753=DIRECTION('',(0.999999999999999,0.,1.88884807051455E-64));
#6754=DIRECTION('',(-1.88884807051455E-64,0.,1.));
#6755=DIRECTION('',(0.999999999999999,0.,1.88884807051455E-64));
#6756=DIRECTION('',(-1.88884807051455E-64,0.,1.));
#6757=DIRECTION('',(0.999999999999999,0.,1.88884807051455E-64));
#6758=DIRECTION('',(-1.88884807051455E-64,0.,1.));
#6759=DIRECTION('',(0.999999999999999,0.,1.88884807051455E-64));
#6760=DIRECTION('',(-1.88884807051455E-64,0.,1.));
#6761=DIRECTION('',(0.999999999999999,0.,1.88884807051455E-64));
#6762=DIRECTION('',(-1.88884807051455E-64,0.,1.));
#6763=DIRECTION('',(0.999999999999999,0.,1.88884807051455E-64));
#6764=CARTESIAN_POINT('',(0.,0.,0.));
#6765=CARTESIAN_POINT('',(0.,0.,0.));
#6766=CARTESIAN_POINT('Origin',(-56.0355339059377,25.50000000001,-6.));
#6767=CARTESIAN_POINT('',(18.51940000001,25.50000000001,3.60000000001));
#6768=CARTESIAN_POINT('',(18.51940000001,25.50000000001,-1.39999999999));
#6769=CARTESIAN_POINT('',(18.51940000001,25.50000000001,7.51190000000499));
#6770=CARTESIAN_POINT('',(57.0710678118755,25.50000000001,3.60000000001001));
#6771=CARTESIAN_POINT('',(-56.0355339059378,25.50000000001,3.60000000001001));
#6772=CARTESIAN_POINT('',(57.0710678118755,25.50000000001,-3.));
#6773=CARTESIAN_POINT('',(57.0710678118755,25.50000000001,-6.));
#6774=CARTESIAN_POINT('',(-57.0710678118755,25.50000000001,-3.));
#6775=CARTESIAN_POINT('',(-57.0710678118755,25.50000000001,-3.));
#6776=CARTESIAN_POINT('',(-57.0710678118755,25.50000000001,3.60000000001001));
#6777=CARTESIAN_POINT('',(-57.0710678118755,25.50000000001,-6.));
#6778=CARTESIAN_POINT('',(-18.51940000001,25.50000000001,3.60000000001));
#6779=CARTESIAN_POINT('',(-56.0355339059378,25.50000000001,3.60000000001001));
#6780=CARTESIAN_POINT('',(-18.51940000001,25.50000000001,-1.39999999999));
#6781=CARTESIAN_POINT('',(-18.51940000001,25.50000000001,7.51190000000499));
#6782=CARTESIAN_POINT('',(1.34524571076407E-47,25.50000000001,-1.39999999999));
#6783=CARTESIAN_POINT('Origin',(15.5194,12.51164,13.4238));
#6784=CARTESIAN_POINT('',(18.51940000001,23.50000000001,13.4238));
#6785=CARTESIAN_POINT('',(18.51940000001,24.50000000001,13.4238));
#6786=CARTESIAN_POINT('',(18.51940000001,12.51164,13.4238));
#6787=CARTESIAN_POINT('',(56.2426406871293,23.50000000001,13.4238));
#6788=CARTESIAN_POINT('',(1.0408095926501E-14,23.50000000001,13.4238));
#6789=CARTESIAN_POINT('',(65.50000000001,14.2426406871293,13.4238));
#6790=CARTESIAN_POINT('',(60.8713203435697,18.8713203435697,13.4238));
#6791=CARTESIAN_POINT('',(65.50000000001,-16.2426406871293,13.4238));
#6792=CARTESIAN_POINT('',(65.50000000001,-1.,13.4238));
#6793=CARTESIAN_POINT('',(56.2426406871293,-25.50000000001,13.4238));
#6794=CARTESIAN_POINT('',(60.8713203435697,-20.8713203435697,13.4238));
#6795=CARTESIAN_POINT('',(-56.2426406871293,-25.50000000001,13.4238));
#6796=CARTESIAN_POINT('',(6.9386489745474E-15,-25.50000000001,13.4238));
#6797=CARTESIAN_POINT('',(-65.50000000001,-16.2426406871292,13.4238));
#6798=CARTESIAN_POINT('',(-60.8713203435696,-20.8713203435697,13.4238));
#6799=CARTESIAN_POINT('',(-65.50000000001,14.2426406871293,13.4238));
#6800=CARTESIAN_POINT('',(-65.50000000001,-1.,13.4238));
#6801=CARTESIAN_POINT('',(-56.2426406871293,23.50000000001,13.4238));
#6802=CARTESIAN_POINT('',(-60.8713203435697,18.8713203435697,13.4238));
#6803=CARTESIAN_POINT('',(-18.51940000001,23.50000000001,13.4238));
#6804=CARTESIAN_POINT('',(1.0408095926501E-14,23.50000000001,13.4238));
#6805=CARTESIAN_POINT('',(-18.51940000001,24.50000000001,13.4238));
#6806=CARTESIAN_POINT('',(-18.51940000001,12.51164,13.4238));
#6807=CARTESIAN_POINT('',(-56.6568542495024,24.50000000001,13.4238));
#6808=CARTESIAN_POINT('',(-36.0881271247562,24.50000000001,13.4238));
#6809=CARTESIAN_POINT('',(-66.50000000001,14.6568542495024,13.4238));
#6810=CARTESIAN_POINT('',(-61.5784271247562,19.5784271247562,13.4238));
#6811=CARTESIAN_POINT('',(-66.50000000001,-16.6568542495024,13.4238));
#6812=CARTESIAN_POINT('',(-66.50000000001,-1.,13.4238));
#6813=CARTESIAN_POINT('',(-56.6568542495024,-26.50000000001,13.4238));
#6814=CARTESIAN_POINT('',(-61.5784271247562,-21.5784271247562,13.4238));
#6815=CARTESIAN_POINT('',(56.6568542495024,-26.50000000001,13.4238));
#6816=CARTESIAN_POINT('',(6.93889390390723E-15,-26.50000000001,13.4238));
#6817=CARTESIAN_POINT('',(66.50000000001,-16.6568542495024,13.4238));
#6818=CARTESIAN_POINT('',(61.5784271247562,-21.5784271247562,13.4238));
#6819=CARTESIAN_POINT('',(66.50000000001,14.6568542495024,13.4238));
#6820=CARTESIAN_POINT('',(66.50000000001,-1.,13.4238));
#6821=CARTESIAN_POINT('',(56.6568542495024,24.50000000001,13.4238));
#6822=CARTESIAN_POINT('',(61.5784271247562,19.5784271247562,13.4238));
#6823=CARTESIAN_POINT('',(-36.0881271247562,24.50000000001,13.4238));
#6824=CARTESIAN_POINT('Origin',(4.99971798712499E-12,162.693151240538,3.60000000000998));
#6825=CARTESIAN_POINT('',(18.51940000001,24.50000000001,3.60000000001001));
#6826=CARTESIAN_POINT('',(18.51940000001,162.693151240538,3.60000000000998));
#6827=CARTESIAN_POINT('',(56.6568542495024,24.50000000001,3.60000000001001));
#6828=CARTESIAN_POINT('',(-36.0881271247563,24.50000000001,3.60000000001001));
#6829=CARTESIAN_POINT('',(66.50000000001,14.6568542495024,3.60000000001001));
#6830=CARTESIAN_POINT('',(61.5784271247562,19.5784271247562,3.60000000001001));
#6831=CARTESIAN_POINT('',(66.50000000001,-16.6568542495024,3.60000000001001));
#6832=CARTESIAN_POINT('',(66.50000000001,-1.,3.60000000001001));
#6833=CARTESIAN_POINT('',(56.6568542495024,-26.50000000001,3.60000000001001));
#6834=CARTESIAN_POINT('',(61.5784271247562,-21.5784271247562,3.60000000001001));
#6835=CARTESIAN_POINT('',(-56.6568542495024,-26.50000000001,3.60000000001001));
#6836=CARTESIAN_POINT('',(-2.46346585448005E-14,-26.50000000001,3.60000000001001));
#6837=CARTESIAN_POINT('',(-66.50000000001,-16.6568542495024,3.60000000001001));
#6838=CARTESIAN_POINT('',(-61.5784271247562,-21.5784271247561,3.60000000001001));
#6839=CARTESIAN_POINT('',(-66.50000000001,14.6568542495024,3.60000000001001));
#6840=CARTESIAN_POINT('',(-66.50000000001,-1.,3.60000000001001));
#6841=CARTESIAN_POINT('',(-56.6568542495024,24.50000000001,3.60000000001001));
#6842=CARTESIAN_POINT('',(-61.5784271247562,19.5784271247561,3.60000000001001));
#6843=CARTESIAN_POINT('',(-18.51940000001,24.50000000001,3.60000000001001));
#6844=CARTESIAN_POINT('',(-36.0881271247563,24.50000000001,3.60000000001001));
#6845=CARTESIAN_POINT('',(-18.51940000001,162.693151240538,3.60000000000998));
#6846=CARTESIAN_POINT('',(-67.50000000001,15.0710678118754,3.60000000001001));
#6847=CARTESIAN_POINT('',(-62.2855339059428,20.2855339059427,3.60000000001001));
#6848=CARTESIAN_POINT('',(-67.50000000001,-17.0710678118755,3.60000000001001));
#6849=CARTESIAN_POINT('',(-67.50000000001,-0.999999999999985,3.60000000001001));
#6850=CARTESIAN_POINT('',(-57.0710678118755,-27.50000000001,3.60000000001001));
#6851=CARTESIAN_POINT('',(-62.2855339059428,-22.2855339059427,3.60000000001001));
#6852=CARTESIAN_POINT('',(57.0710678118755,-27.50000000001,3.60000000001001));
#6853=CARTESIAN_POINT('',(-3.85126912819748E-14,-27.50000000001,3.60000000001001));
#6854=CARTESIAN_POINT('',(67.50000000001,-17.0710678118755,3.60000000001001));
#6855=CARTESIAN_POINT('',(62.2855339059427,-22.2855339059428,3.60000000001001));
#6856=CARTESIAN_POINT('',(67.50000000001,15.0710678118754,3.60000000001001));
#6857=CARTESIAN_POINT('',(67.50000000001,-1.,3.60000000001001));
#6858=CARTESIAN_POINT('',(62.2855339059427,20.2855339059427,3.60000000001001));
#6859=CARTESIAN_POINT('Origin',(-36.0881271247563,24.50000000001,-244.393821135332));
#6860=CARTESIAN_POINT('',(-18.51940000001,24.50000000001,-244.393821135332));
#6861=CARTESIAN_POINT('',(-56.6568542495024,24.50000000001,-244.393821135332));
#6862=CARTESIAN_POINT('Origin',(62.2855339059427,-22.2855339059428,-6.));
#6863=CARTESIAN_POINT('',(57.0710678118755,-27.50000000001,-3.));
#6864=CARTESIAN_POINT('',(57.0710678118755,-27.50000000001,-6.));
#6865=CARTESIAN_POINT('',(67.50000000001,-17.0710678118755,-3.));
#6866=CARTESIAN_POINT('',(67.50000000001,-17.0710678118755,-3.));
#6867=CARTESIAN_POINT('',(67.50000000001,-17.0710678118755,-6.));
#6868=CARTESIAN_POINT('Origin',(-6.93889390390723E-15,-27.50000000001,-6.));
#6869=CARTESIAN_POINT('',(-57.0710678118755,-27.50000000001,-3.));
#6870=CARTESIAN_POINT('',(-57.0710678118755,-27.50000000001,-6.));
#6871=CARTESIAN_POINT('',(57.0710678118755,-27.50000000001,-3.));
#6872=CARTESIAN_POINT('Origin',(-62.2855339059428,-22.2855339059427,-6.));
#6873=CARTESIAN_POINT('',(-67.50000000001,-17.0710678118755,-3.));
#6874=CARTESIAN_POINT('',(-67.50000000001,-17.0710678118755,-6.));
#6875=CARTESIAN_POINT('',(-57.0710678118755,-27.50000000001,-3.));
#6876=CARTESIAN_POINT('Origin',(-67.50000000001,-0.999999999999984,-6.));
#6877=CARTESIAN_POINT('',(-67.50000000001,15.0710678118754,-3.));
#6878=CARTESIAN_POINT('',(-67.50000000001,15.0710678118754,-6.));
#6879=CARTESIAN_POINT('',(-67.50000000001,-17.0710678118755,-3.));
#6880=CARTESIAN_POINT('Origin',(-62.2855339059427,20.2855339059427,-6.));
#6881=CARTESIAN_POINT('',(-67.50000000001,15.0710678118754,-3.));
#6882=CARTESIAN_POINT('Origin',(62.2855339059428,20.2855339059427,-6.));
#6883=CARTESIAN_POINT('',(67.50000000001,15.0710678118754,-3.));
#6884=CARTESIAN_POINT('',(67.50000000001,15.0710678118754,-6.));
#6885=CARTESIAN_POINT('',(62.2855339059428,20.2855339059427,-3.));
#6886=CARTESIAN_POINT('Origin',(67.50000000001,-1.,-6.));
#6887=CARTESIAN_POINT('',(67.50000000001,15.0710678118754,-3.));
#6888=CARTESIAN_POINT('Origin',(-1.38777878078145E-14,-1.,-3.));
#6889=CARTESIAN_POINT('',(65.50000000001,14.2426406871293,-3.));
#6890=CARTESIAN_POINT('',(65.50000000001,-16.2426406871293,-3.));
#6891=CARTESIAN_POINT('',(65.50000000001,-1.,-3.));
#6892=CARTESIAN_POINT('',(56.2426406871293,23.50000000001,-3.));
#6893=CARTESIAN_POINT('',(60.8713203435697,18.8713203435697,-3.));
#6894=CARTESIAN_POINT('',(-56.2426406871293,23.50000000001,-3.));
#6895=CARTESIAN_POINT('',(1.04083408558608E-14,23.50000000001,-3.));
#6896=CARTESIAN_POINT('',(-65.50000000001,14.2426406871293,-3.));
#6897=CARTESIAN_POINT('',(-60.8713203435697,18.8713203435697,-3.));
#6898=CARTESIAN_POINT('',(-65.50000000001,-16.2426406871292,-3.));
#6899=CARTESIAN_POINT('',(-65.50000000001,-1.,-3.));
#6900=CARTESIAN_POINT('',(-56.2426406871293,-25.50000000001,-3.));
#6901=CARTESIAN_POINT('',(-60.8713203435696,-20.8713203435697,-3.));
#6902=CARTESIAN_POINT('',(56.2426406871293,-25.50000000001,-3.));
#6903=CARTESIAN_POINT('',(6.93889390390723E-15,-25.50000000001,-3.));
#6904=CARTESIAN_POINT('',(60.8713203435697,-20.8713203435697,-3.));
#6905=CARTESIAN_POINT('',(48.4988,0.0106,-3.));
#6906=CARTESIAN_POINT('Ctrl Pts',(48.4988,0.0106,-3.));
#6907=CARTESIAN_POINT('Ctrl Pts',(48.4988,0.160013590464419,-3.));
#6908=CARTESIAN_POINT('Ctrl Pts',(48.4901147051749,0.458840771393204,-3.));
#6909=CARTESIAN_POINT('Ctrl Pts',(48.4383413681507,1.05287417114465,-3.));
#6910=CARTESIAN_POINT('Ctrl Pts',(48.309776101679,1.78760729279712,-3.));
#6911=CARTESIAN_POINT('Ctrl Pts',(48.0556371287763,2.64963243374681,-3.));
#6912=CARTESIAN_POINT('Ctrl Pts',(47.7039816519889,3.48560498785053,-3.));
#6913=CARTESIAN_POINT('Ctrl Pts',(47.3319857559737,4.15486111332622,-3.));
#6914=CARTESIAN_POINT('Ctrl Pts',(46.987762962381,4.67140056650021,-3.));
#6915=CARTESIAN_POINT('Ctrl Pts',(46.6154345157772,5.17089104255549,-3.));
#6916=CARTESIAN_POINT('Ctrl Pts',(46.0995450178956,5.76155099144033,-3.));
#6917=CARTESIAN_POINT('Ctrl Pts',(45.4052852100822,6.41232951475561,-3.));
#6918=CARTESIAN_POINT('Ctrl Pts',(44.7687322642365,6.90285228151749,-3.));
#6919=CARTESIAN_POINT('Ctrl Pts',(44.227389984593,7.26216691695305,-3.));
#6920=CARTESIAN_POINT('Ctrl Pts',(43.8060142083705,7.51458118250158,-3.));
#6921=CARTESIAN_POINT('Ctrl Pts',(43.3698816395143,7.74945272642489,-3.));
#6922=CARTESIAN_POINT('Ctrl Pts',(42.7698343167086,8.0383422378085,-3.));
#6923=CARTESIAN_POINT('Ctrl Pts',(41.994775371632,8.34952129084171,-3.));
#6924=CARTESIAN_POINT('Ctrl Pts',(41.0301140476518,8.6426307659711,-3.));
#6925=CARTESIAN_POINT('Ctrl Pts',(40.0382467934946,8.8538487652708,-3.));
#6926=CARTESIAN_POINT('Ctrl Pts',(39.194556987587,8.96048518232736,-3.));
#6927=CARTESIAN_POINT('Ctrl Pts',(38.5129721264956,9.00340245553165,-3.));
#6928=CARTESIAN_POINT('Ctrl Pts',(37.9988,9.01419877223419,-3.));
#6929=CARTESIAN_POINT('Ctrl Pts',(37.4846278735045,9.00340245553166,-3.));
#6930=CARTESIAN_POINT('Ctrl Pts',(36.803043012413,8.96048518232737,-3.));
#6931=CARTESIAN_POINT('Ctrl Pts',(35.9593532065055,8.8538487652708,-3.));
#6932=CARTESIAN_POINT('Ctrl Pts',(34.9674859523482,8.64263076597111,-3.));
#6933=CARTESIAN_POINT('Ctrl Pts',(34.0028246283681,8.34952129084171,-3.));
#6934=CARTESIAN_POINT('Ctrl Pts',(33.2277656832914,8.03834223780851,-3.));
#6935=CARTESIAN_POINT('Ctrl Pts',(32.6277183604857,7.7494527264249,-3.));
#6936=CARTESIAN_POINT('Ctrl Pts',(32.1915857916295,7.51458118250158,-3.));
#6937=CARTESIAN_POINT('Ctrl Pts',(31.770210015407,7.26216691695306,-3.));
#6938=CARTESIAN_POINT('Ctrl Pts',(31.2288677357635,6.9028522815175,-3.));
#6939=CARTESIAN_POINT('Ctrl Pts',(30.5923147899179,6.41232951475563,-3.));
#6940=CARTESIAN_POINT('Ctrl Pts',(29.8980549821043,5.76155099144034,-3.));
#6941=CARTESIAN_POINT('Ctrl Pts',(29.3821654842228,5.17089104255551,-3.));
#6942=CARTESIAN_POINT('Ctrl Pts',(29.0098370376191,4.67140056650023,-3.));
#6943=CARTESIAN_POINT('Ctrl Pts',(28.6656142440263,4.15486111332624,-3.));
#6944=CARTESIAN_POINT('Ctrl Pts',(28.2936183480111,3.48560498785054,-3.));
#6945=CARTESIAN_POINT('Ctrl Pts',(27.9419628712238,2.64963243374682,-3.));
#6946=CARTESIAN_POINT('Ctrl Pts',(27.687823898321,1.78760729279714,-3.));
#6947=CARTESIAN_POINT('Ctrl Pts',(27.5592586318493,1.05287417114466,-3.));
#6948=CARTESIAN_POINT('Ctrl Pts',(27.5074852948252,0.458840771393236,-3.));
#6949=CARTESIAN_POINT('Ctrl Pts',(27.4944573525874,0.0106000000000196,-3.));
#6950=CARTESIAN_POINT('Ctrl Pts',(27.5074852948252,-0.437640771393198,-3.));
#6951=CARTESIAN_POINT('Ctrl Pts',(27.5592586318493,-1.03167417114462,-3.));
#6952=CARTESIAN_POINT('Ctrl Pts',(27.687823898321,-1.76640729279711,-3.));
#6953=CARTESIAN_POINT('Ctrl Pts',(27.9419628712237,-2.62843243374679,-3.));
#6954=CARTESIAN_POINT('Ctrl Pts',(28.2936183480112,-3.46440498785051,-3.));
#6955=CARTESIAN_POINT('Ctrl Pts',(28.6656142440263,-4.1336611133262,-3.));
#6956=CARTESIAN_POINT('Ctrl Pts',(29.009837037619,-4.6502005665002,-3.));
#6957=CARTESIAN_POINT('Ctrl Pts',(29.3821654842228,-5.14969104255548,-3.));
#6958=CARTESIAN_POINT('Ctrl Pts',(29.8980549821043,-5.74035099144031,-3.));
#6959=CARTESIAN_POINT('Ctrl Pts',(30.5923147899178,-6.3911295147556,-3.));
#6960=CARTESIAN_POINT('Ctrl Pts',(31.2288677357635,-6.88165228151747,-3.));
#6961=CARTESIAN_POINT('Ctrl Pts',(31.7702100154069,-7.24096691695304,-3.));
#6962=CARTESIAN_POINT('Ctrl Pts',(32.1915857916295,-7.49338118250156,-3.));
#6963=CARTESIAN_POINT('Ctrl Pts',(32.6277183604857,-7.72825272642488,-3.));
#6964=CARTESIAN_POINT('Ctrl Pts',(33.2277656832914,-8.01714223780849,-3.));
#6965=CARTESIAN_POINT('Ctrl Pts',(34.002824628368,-8.3283212908417,-3.));
#6966=CARTESIAN_POINT('Ctrl Pts',(34.9674859523481,-8.6214307659711,-3.));
#6967=CARTESIAN_POINT('Ctrl Pts',(35.9593532065054,-8.83264876527079,-3.));
#6968=CARTESIAN_POINT('Ctrl Pts',(36.8030430124129,-8.93928518232737,-3.));
#6969=CARTESIAN_POINT('Ctrl Pts',(37.4846278735044,-8.98220245553165,-3.));
#6970=CARTESIAN_POINT('Ctrl Pts',(37.9988,-8.9929987722342,-3.));
#6971=CARTESIAN_POINT('Ctrl Pts',(38.5129721264955,-8.98220245553166,-3.));
#6972=CARTESIAN_POINT('Ctrl Pts',(39.194556987587,-8.93928518232738,-3.));
#6973=CARTESIAN_POINT('Ctrl Pts',(40.0382467934945,-8.83264876527081,-3.));
#6974=CARTESIAN_POINT('Ctrl Pts',(41.0301140476518,-8.62143076597112,-3.));
#6975=CARTESIAN_POINT('Ctrl Pts',(41.9947753716319,-8.32832129084173,-3.));
#6976=CARTESIAN_POINT('Ctrl Pts',(42.7698343167085,-8.01714223780854,-3.));
#6977=CARTESIAN_POINT('Ctrl Pts',(43.3698816395143,-7.72825272642492,-3.));
#6978=CARTESIAN_POINT('Ctrl Pts',(43.8060142083704,-7.49338118250161,-3.));
#6979=CARTESIAN_POINT('Ctrl Pts',(44.227389984593,-7.24096691695309,-3.));
#6980=CARTESIAN_POINT('Ctrl Pts',(44.7687322642365,-6.88165228151753,-3.));
#6981=CARTESIAN_POINT('Ctrl Pts',(45.4052852100821,-6.39112951475567,-3.));
#6982=CARTESIAN_POINT('Ctrl Pts',(46.0995450178956,-5.74035099144038,-3.));
#6983=CARTESIAN_POINT('Ctrl Pts',(46.6154345157772,-5.14969104255556,-3.));
#6984=CARTESIAN_POINT('Ctrl Pts',(46.9877629623809,-4.65020056650028,-3.));
#6985=CARTESIAN_POINT('Ctrl Pts',(47.3319857559737,-4.13366111332629,-3.));
#6986=CARTESIAN_POINT('Ctrl Pts',(47.7039816519889,-3.4644049878506,-3.));
#6987=CARTESIAN_POINT('Ctrl Pts',(48.0556371287763,-2.62843243374688,-3.));
#6988=CARTESIAN_POINT('Ctrl Pts',(48.3097761016789,-1.7664072927972,-3.));
#6989=CARTESIAN_POINT('Ctrl Pts',(48.4383413681507,-1.0316741711447,-3.));
#6990=CARTESIAN_POINT('Ctrl Pts',(48.4901147051748,-0.437640771393313,-3.));
#6991=CARTESIAN_POINT('Ctrl Pts',(48.4988,-0.138813590464419,-3.));
#6992=CARTESIAN_POINT('Ctrl Pts',(48.4988,0.0106,-3.));
#6993=CARTESIAN_POINT('',(-27.5012002809335,0.0111300315239204,-3.));
#6994=CARTESIAN_POINT('Ctrl Pts',(-27.5012002809335,0.0111300315239204,
-3.));
#6995=CARTESIAN_POINT('Ctrl Pts',(-27.5013588401002,0.160705170412385,-3.));
#6996=CARTESIAN_POINT('Ctrl Pts',(-27.5103592937316,0.459846243301285,-3.));
#6997=CARTESIAN_POINT('Ctrl Pts',(-27.5627514659761,1.05446829025892,-3.));
#6998=CARTESIAN_POINT('Ctrl Pts',(-27.6920683510745,1.78986576785733,-3.));
#6999=CARTESIAN_POINT('Ctrl Pts',(-27.9470706033041,2.65257443594489,-3.));
#7000=CARTESIAN_POINT('Ctrl Pts',(-28.2995494147334,3.48911595530327,-3.));
#7001=CARTESIAN_POINT('Ctrl Pts',(-28.6721971060769,4.15874790014564,-3.));
#7002=CARTESIAN_POINT('Ctrl Pts',(-29.0169208824166,4.67552658710024,-3.));
#7003=CARTESIAN_POINT('Ctrl Pts',(-29.3897330216473,5.17521280451688,-3.));
#7004=CARTESIAN_POINT('Ctrl Pts',(-29.9061942535971,5.76603510297374,-3.));
#7005=CARTESIAN_POINT('Ctrl Pts',(-30.6010861629336,6.41687362015705,-3.));
#7006=CARTESIAN_POINT('Ctrl Pts',(-31.2381185142018,6.90733112290796,-3.));
#7007=CARTESIAN_POINT('Ctrl Pts',(-31.7798139802563,7.26652270286271,-3.));
#7008=CARTESIAN_POINT('Ctrl Pts',(-32.2014388923475,7.51880886228452,-3.));
#7009=CARTESIAN_POINT('Ctrl Pts',(-32.6378042769418,7.75351610467794,-3.));
#7010=CARTESIAN_POINT('Ctrl Pts',(-33.2381391973843,8.04213785014922,-3.));
#7011=CARTESIAN_POINT('Ctrl Pts',(-34.0135100269126,8.35289464782948,-3.));
#7012=CARTESIAN_POINT('Ctrl Pts',(-34.978467347292,8.64536003135013,-3.));
#7013=CARTESIAN_POINT('Ctrl Pts',(-35.9705489737338,8.85580056011991,-3.));
#7014=CARTESIAN_POINT('Ctrl Pts',(-36.8143467559168,8.96168132413253,-3.));
#7015=CARTESIAN_POINT('Ctrl Pts',(-37.4959739014451,9.00393194530787,-3.));
#7016=CARTESIAN_POINT('Ctrl Pts',(-38.0101552489151,9.01419726884909,-3.));
#7017=CARTESIAN_POINT('Ctrl Pts',(-38.5243136770111,9.00284183969867,-3.));
#7018=CARTESIAN_POINT('Ctrl Pts',(-39.2058497140106,8.95914617879345,-3.));
#7019=CARTESIAN_POINT('Ctrl Pts',(-40.049421119341,8.85147669605206,-3.));
#7020=CARTESIAN_POINT('Ctrl Pts',(-41.0410543559057,8.63893330327703,-3.));
#7021=CARTESIAN_POINT('Ctrl Pts',(-42.0053894444318,8.34442274701611,-3.));
#7022=CARTESIAN_POINT('Ctrl Pts',(-42.7800996881136,8.03202276474574,-3.));
#7023=CARTESIAN_POINT('Ctrl Pts',(-43.3798213451725,7.74212888292655,-3.));
#7024=CARTESIAN_POINT('Ctrl Pts',(-43.8156881403799,7.50649701891068,-3.));
#7025=CARTESIAN_POINT('Ctrl Pts',(-44.2367772267133,7.25331752901731,-3.));
#7026=CARTESIAN_POINT('Ctrl Pts',(-44.7777099443106,6.89297829428569,-3.));
#7027=CARTESIAN_POINT('Ctrl Pts',(-45.4137010327034,6.40117130566913,-3.));
#7028=CARTESIAN_POINT('Ctrl Pts',(-46.1072115213439,5.74886099358124,-3.));
#7029=CARTESIAN_POINT('Ctrl Pts',(-46.622418975495,5.15694506065814,-3.));
#7030=CARTESIAN_POINT('Ctrl Pts',(-46.9941708796486,4.65646955796891,-3.));
#7031=CARTESIAN_POINT('Ctrl Pts',(-47.3377982458686,4.13896117499414,-3.));
#7032=CARTESIAN_POINT('Ctrl Pts',(-47.7090253963354,3.46854067547668,-3.));
#7033=CARTESIAN_POINT('Ctrl Pts',(-48.0597298430713,2.63125373711165,-3.));
#7034=CARTESIAN_POINT('Ctrl Pts',(-48.3129024720592,1.76800637130798,-3.));
#7035=CARTESIAN_POINT('Ctrl Pts',(-48.4406599320152,1.03233637854273,-3.));
#7036=CARTESIAN_POINT('Ctrl Pts',(-48.4917913134996,0.437604590029538,-3.));
#7037=CARTESIAN_POINT('Ctrl Pts',(-48.5043406389464,-0.0111346339679557,
-3.));
#7038=CARTESIAN_POINT('Ctrl Pts',(-48.4908399584994,-0.459846243301302,
-3.));
#7039=CARTESIAN_POINT('Ctrl Pts',(-48.4384477862548,-1.05446829025893,-3.));
#7040=CARTESIAN_POINT('Ctrl Pts',(-48.3091309011564,-1.78986576785734,-3.));
#7041=CARTESIAN_POINT('Ctrl Pts',(-48.0541286489268,-2.65257443594491,-3.));
#7042=CARTESIAN_POINT('Ctrl Pts',(-47.7016498374975,-3.48911595530328,-3.));
#7043=CARTESIAN_POINT('Ctrl Pts',(-47.3290021461541,-4.15874790014566,-3.));
#7044=CARTESIAN_POINT('Ctrl Pts',(-46.9842783698143,-4.67552658710025,-3.));
#7045=CARTESIAN_POINT('Ctrl Pts',(-46.6114662305837,-5.17521280451689,-3.));
#7046=CARTESIAN_POINT('Ctrl Pts',(-46.0950049986338,-5.76603510297374,-3.));
#7047=CARTESIAN_POINT('Ctrl Pts',(-45.4001130892974,-6.41687362015706,-3.));
#7048=CARTESIAN_POINT('Ctrl Pts',(-44.7630807380291,-6.90733112290796,-3.));
#7049=CARTESIAN_POINT('Ctrl Pts',(-44.2213852719747,-7.26652270286272,-3.));
#7050=CARTESIAN_POINT('Ctrl Pts',(-43.7997603598835,-7.51880886228452,-3.));
#7051=CARTESIAN_POINT('Ctrl Pts',(-43.3633949752892,-7.75351610467794,-3.));
#7052=CARTESIAN_POINT('Ctrl Pts',(-42.7630600548466,-8.04213785014923,-3.));
#7053=CARTESIAN_POINT('Ctrl Pts',(-41.9876892253183,-8.35289464782949,-3.));
#7054=CARTESIAN_POINT('Ctrl Pts',(-41.0227319049389,-8.64536003135013,-3.));
#7055=CARTESIAN_POINT('Ctrl Pts',(-40.0306502784971,-8.85580056011992,-3.));
#7056=CARTESIAN_POINT('Ctrl Pts',(-39.1868524963141,-8.96168132413253,-3.));
#7057=CARTESIAN_POINT('Ctrl Pts',(-38.5052253507858,-9.00393194530786,-3.));
#7058=CARTESIAN_POINT('Ctrl Pts',(-37.9910440033158,-9.01419726884908,-3.));
#7059=CARTESIAN_POINT('Ctrl Pts',(-37.4768855752197,-9.00284183969867,-3.));
#7060=CARTESIAN_POINT('Ctrl Pts',(-36.7953495382204,-8.95914617879344,-3.));
#7061=CARTESIAN_POINT('Ctrl Pts',(-35.9517781328899,-8.85147669605206,-3.));
#7062=CARTESIAN_POINT('Ctrl Pts',(-34.9601448963252,-8.63893330327701,-3.));
#7063=CARTESIAN_POINT('Ctrl Pts',(-33.9958098077991,-8.3444227470161,-3.));
#7064=CARTESIAN_POINT('Ctrl Pts',(-33.2210995641174,-8.03202276474572,-3.));
#7065=CARTESIAN_POINT('Ctrl Pts',(-32.6213779070585,-7.74212888292654,-3.));
#7066=CARTESIAN_POINT('Ctrl Pts',(-32.185511111851,-7.50649701891066,-3.));
#7067=CARTESIAN_POINT('Ctrl Pts',(-31.7644220255177,-7.25331752901729,-3.));
#7068=CARTESIAN_POINT('Ctrl Pts',(-31.2234893079203,-6.89297829428566,-3.));
#7069=CARTESIAN_POINT('Ctrl Pts',(-30.5874982195275,-6.40117130566911,-3.));
#7070=CARTESIAN_POINT('Ctrl Pts',(-29.8939877308869,-5.74886099358122,-3.));
#7071=CARTESIAN_POINT('Ctrl Pts',(-29.378780276736,-5.15694506065813,-3.));
#7072=CARTESIAN_POINT('Ctrl Pts',(-29.0070283725824,-4.65646955796889,-3.));
#7073=CARTESIAN_POINT('Ctrl Pts',(-28.6634010063624,-4.13896117499412,-3.));
#7074=CARTESIAN_POINT('Ctrl Pts',(-28.2921738558955,-3.46854067547667,-3.));
#7075=CARTESIAN_POINT('Ctrl Pts',(-27.9414694091596,-2.63125373711163,-3.));
#7076=CARTESIAN_POINT('Ctrl Pts',(-27.6882967801718,-1.76800637130796,-3.));
#7077=CARTESIAN_POINT('Ctrl Pts',(-27.5605393202157,-1.03233637854271,-3.));
#7078=CARTESIAN_POINT('Ctrl Pts',(-27.5094079387314,-0.437604590029504,
-3.));
#7079=CARTESIAN_POINT('Ctrl Pts',(-27.5010417217668,-0.138445107364544,
-3.));
#7080=CARTESIAN_POINT('Ctrl Pts',(-27.5012002809335,0.0111300315239204,
-3.));
#7081=CARTESIAN_POINT('',(-50.,12.5,-3.));
#7082=CARTESIAN_POINT('Origin',(-52.5,12.5,-3.));
#7083=CARTESIAN_POINT('',(-50.,-12.5,-3.));
#7084=CARTESIAN_POINT('Origin',(-52.5,-12.5,-3.));
#7085=CARTESIAN_POINT('',(4.,-12.5,-3.));
#7086=CARTESIAN_POINT('Origin',(0.,-12.5,-3.));
#7087=CARTESIAN_POINT('',(55.,-12.5,-3.));
#7088=CARTESIAN_POINT('Origin',(52.5,-12.5,-3.));
#7089=CARTESIAN_POINT('',(55.,12.5,-3.));
#7090=CARTESIAN_POINT('Origin',(52.5,12.5,-3.));
#7091=CARTESIAN_POINT('Origin',(3.525977875845E-16,4.407472344807E-17,0.));
#7092=CARTESIAN_POINT('',(-50.,12.5,0.));
#7093=CARTESIAN_POINT('Origin',(-52.5,12.5,0.));
#7094=CARTESIAN_POINT('',(-51.5,12.5,0.));
#7095=CARTESIAN_POINT('Origin',(-52.5,12.5,0.));
#7096=CARTESIAN_POINT('Origin',(-52.5,12.5,0.00199999999999983));
#7097=CARTESIAN_POINT('',(-50.,12.5,0.00199999999999983));
#7098=CARTESIAN_POINT('Origin',(3.525977875845E-16,4.407472344807E-17,0.));
#7099=CARTESIAN_POINT('',(-50.,-12.5,0.));
#7100=CARTESIAN_POINT('Origin',(-52.5,-12.5,0.));
#7101=CARTESIAN_POINT('',(-51.5,-12.5,0.));
#7102=CARTESIAN_POINT('Origin',(-52.5,-12.5,0.));
#7103=CARTESIAN_POINT('Origin',(-52.5,-12.5,0.00199999999999983));
#7104=CARTESIAN_POINT('',(-50.,-12.5,0.00199999999999983));
#7105=CARTESIAN_POINT('Origin',(3.525977875845E-16,4.407472344807E-17,0.));
#7106=CARTESIAN_POINT('',(4.,-12.5,0.));
#7107=CARTESIAN_POINT('Origin',(0.,-12.5,0.));
#7108=CARTESIAN_POINT('',(2.5,-12.5,0.));
#7109=CARTESIAN_POINT('Origin',(0.,-12.5,0.));
#7110=CARTESIAN_POINT('Origin',(0.,-12.5,0.00199999999999983));
#7111=CARTESIAN_POINT('',(4.,-12.5,0.00199999999999983));
#7112=CARTESIAN_POINT('Origin',(3.525977875845E-16,4.407472344807E-17,0.));
#7113=CARTESIAN_POINT('',(55.,-12.5,0.));
#7114=CARTESIAN_POINT('Origin',(52.5,-12.5,0.));
#7115=CARTESIAN_POINT('',(53.5,-12.5,0.));
#7116=CARTESIAN_POINT('Origin',(52.5,-12.5,0.));
#7117=CARTESIAN_POINT('Origin',(52.5,-12.5,0.00199999999999983));
#7118=CARTESIAN_POINT('',(55.,-12.5,0.00199999999999983));
#7119=CARTESIAN_POINT('Origin',(3.525977875845E-16,4.407472344807E-17,0.));
#7120=CARTESIAN_POINT('',(55.,12.5,0.));
#7121=CARTESIAN_POINT('Origin',(52.5,12.5,0.));
#7122=CARTESIAN_POINT('',(53.5,12.5,0.));
#7123=CARTESIAN_POINT('Origin',(52.5,12.5,0.));
#7124=CARTESIAN_POINT('Origin',(52.5,12.5,0.00199999999999983));
#7125=CARTESIAN_POINT('',(55.,12.5,0.00199999999999983));
#7126=CARTESIAN_POINT('Origin',(3.525977875845E-16,4.407472344807E-17,0.));
#7127=CARTESIAN_POINT('',(-27.5012002809335,0.0111300315239204,0.));
#7128=CARTESIAN_POINT('Ctrl Pts',(-27.5012002809335,0.0111300315239204,
-7.15742840429884E-16));
#7129=CARTESIAN_POINT('Ctrl Pts',(-27.5013588401002,0.160705170412385,-1.14561206116144E-15));
#7130=CARTESIAN_POINT('Ctrl Pts',(-27.5103592937316,0.459846243301285,-7.15742840429884E-16));
#7131=CARTESIAN_POINT('Ctrl Pts',(-27.5627514659761,1.05446829025892,-7.15742840429884E-16));
#7132=CARTESIAN_POINT('Ctrl Pts',(-27.6920683510745,1.78986576785733,-7.15742840429884E-16));
#7133=CARTESIAN_POINT('Ctrl Pts',(-27.9470706033041,2.65257443594489,-7.15742840429884E-16));
#7134=CARTESIAN_POINT('Ctrl Pts',(-28.2995494147334,3.48911595530327,-7.15742840429884E-16));
#7135=CARTESIAN_POINT('Ctrl Pts',(-28.6721971060769,4.15874790014564,-7.15742840429884E-16));
#7136=CARTESIAN_POINT('Ctrl Pts',(-29.0169208824166,4.67552658710024,-7.15742840429884E-16));
#7137=CARTESIAN_POINT('Ctrl Pts',(-29.3897330216473,5.17521280451688,-7.15742840429884E-16));
#7138=CARTESIAN_POINT('Ctrl Pts',(-29.9061942535971,5.76603510297374,-7.15742840429884E-16));
#7139=CARTESIAN_POINT('Ctrl Pts',(-30.6010861629336,6.41687362015705,-7.15742840429884E-16));
#7140=CARTESIAN_POINT('Ctrl Pts',(-31.2381185142018,6.90733112290796,-7.15742840429884E-16));
#7141=CARTESIAN_POINT('Ctrl Pts',(-31.7798139802563,7.26652270286271,-7.15742840429884E-16));
#7142=CARTESIAN_POINT('Ctrl Pts',(-32.2014388923475,7.51880886228452,-7.15742840429884E-16));
#7143=CARTESIAN_POINT('Ctrl Pts',(-32.6378042769418,7.75351610467794,-7.15742840429884E-16));
#7144=CARTESIAN_POINT('Ctrl Pts',(-33.2381391973843,8.04213785014922,-7.15742840429884E-16));
#7145=CARTESIAN_POINT('Ctrl Pts',(-34.0135100269126,8.35289464782948,-7.15742840429884E-16));
#7146=CARTESIAN_POINT('Ctrl Pts',(-34.978467347292,8.64536003135013,-7.15742840429884E-16));
#7147=CARTESIAN_POINT('Ctrl Pts',(-35.9705489737338,8.85580056011991,-7.15742840429884E-16));
#7148=CARTESIAN_POINT('Ctrl Pts',(-36.8143467559168,8.96168132413253,-7.15742840429884E-16));
#7149=CARTESIAN_POINT('Ctrl Pts',(-37.4959739014451,9.00393194530787,-7.15742840429884E-16));
#7150=CARTESIAN_POINT('Ctrl Pts',(-38.0101552489151,9.01419726884909,-7.15742840429884E-16));
#7151=CARTESIAN_POINT('Ctrl Pts',(-38.5243136770111,9.00284183969867,-7.15742840429884E-16));
#7152=CARTESIAN_POINT('Ctrl Pts',(-39.2058497140106,8.95914617879345,-7.15742840429884E-16));
#7153=CARTESIAN_POINT('Ctrl Pts',(-40.049421119341,8.85147669605206,-7.15742840429884E-16));
#7154=CARTESIAN_POINT('Ctrl Pts',(-41.0410543559057,8.63893330327703,-7.15742840429884E-16));
#7155=CARTESIAN_POINT('Ctrl Pts',(-42.0053894444318,8.34442274701611,-7.15742840429884E-16));
#7156=CARTESIAN_POINT('Ctrl Pts',(-42.7800996881136,8.03202276474574,-7.15742840429884E-16));
#7157=CARTESIAN_POINT('Ctrl Pts',(-43.3798213451725,7.74212888292655,-7.15742840429884E-16));
#7158=CARTESIAN_POINT('Ctrl Pts',(-43.8156881403799,7.50649701891068,-7.15742840429884E-16));
#7159=CARTESIAN_POINT('Ctrl Pts',(-44.2367772267133,7.25331752901731,-7.15742840429884E-16));
#7160=CARTESIAN_POINT('Ctrl Pts',(-44.7777099443106,6.89297829428569,-7.15742840429884E-16));
#7161=CARTESIAN_POINT('Ctrl Pts',(-45.4137010327034,6.40117130566913,-7.15742840429884E-16));
#7162=CARTESIAN_POINT('Ctrl Pts',(-46.1072115213439,5.74886099358124,-7.15742840429884E-16));
#7163=CARTESIAN_POINT('Ctrl Pts',(-46.622418975495,5.15694506065814,-7.15742840429884E-16));
#7164=CARTESIAN_POINT('Ctrl Pts',(-46.9941708796486,4.65646955796891,-7.15742840429884E-16));
#7165=CARTESIAN_POINT('Ctrl Pts',(-47.3377982458686,4.13896117499414,-7.15742840429884E-16));
#7166=CARTESIAN_POINT('Ctrl Pts',(-47.7090253963354,3.46854067547668,-7.15742840429884E-16));
#7167=CARTESIAN_POINT('Ctrl Pts',(-48.0597298430713,2.63125373711165,-7.15742840429884E-16));
#7168=CARTESIAN_POINT('Ctrl Pts',(-48.3129024720592,1.76800637130798,-7.15742840429884E-16));
#7169=CARTESIAN_POINT('Ctrl Pts',(-48.4406599320152,1.03233637854273,-7.15742840429884E-16));
#7170=CARTESIAN_POINT('Ctrl Pts',(-48.4917913134996,0.437604590029538,-7.15742840429884E-16));
#7171=CARTESIAN_POINT('Ctrl Pts',(-48.5043406389464,-0.0111346339679557,
-7.15742840429884E-16));
#7172=CARTESIAN_POINT('Ctrl Pts',(-48.4908399584994,-0.459846243301302,
-7.15742840429884E-16));
#7173=CARTESIAN_POINT('Ctrl Pts',(-48.4384477862548,-1.05446829025893,-7.15742840429884E-16));
#7174=CARTESIAN_POINT('Ctrl Pts',(-48.3091309011564,-1.78986576785734,-7.15742840429884E-16));
#7175=CARTESIAN_POINT('Ctrl Pts',(-48.0541286489268,-2.65257443594491,-7.15742840429884E-16));
#7176=CARTESIAN_POINT('Ctrl Pts',(-47.7016498374975,-3.48911595530328,-7.15742840429884E-16));
#7177=CARTESIAN_POINT('Ctrl Pts',(-47.3290021461541,-4.15874790014566,-7.15742840429884E-16));
#7178=CARTESIAN_POINT('Ctrl Pts',(-46.9842783698143,-4.67552658710025,-7.15742840429884E-16));
#7179=CARTESIAN_POINT('Ctrl Pts',(-46.6114662305837,-5.17521280451689,-7.15742840429884E-16));
#7180=CARTESIAN_POINT('Ctrl Pts',(-46.0950049986338,-5.76603510297374,-7.15742840429884E-16));
#7181=CARTESIAN_POINT('Ctrl Pts',(-45.4001130892974,-6.41687362015706,-7.15742840429884E-16));
#7182=CARTESIAN_POINT('Ctrl Pts',(-44.7630807380291,-6.90733112290796,-7.15742840429884E-16));
#7183=CARTESIAN_POINT('Ctrl Pts',(-44.2213852719747,-7.26652270286272,-7.15742840429884E-16));
#7184=CARTESIAN_POINT('Ctrl Pts',(-43.7997603598835,-7.51880886228452,-7.15742840429884E-16));
#7185=CARTESIAN_POINT('Ctrl Pts',(-43.3633949752892,-7.75351610467794,-7.15742840429884E-16));
#7186=CARTESIAN_POINT('Ctrl Pts',(-42.7630600548466,-8.04213785014923,-7.15742840429884E-16));
#7187=CARTESIAN_POINT('Ctrl Pts',(-41.9876892253183,-8.35289464782949,-7.15742840429884E-16));
#7188=CARTESIAN_POINT('Ctrl Pts',(-41.0227319049389,-8.64536003135013,-7.15742840429884E-16));
#7189=CARTESIAN_POINT('Ctrl Pts',(-40.0306502784971,-8.85580056011992,-7.15742840429884E-16));
#7190=CARTESIAN_POINT('Ctrl Pts',(-39.1868524963141,-8.96168132413253,-7.15742840429884E-16));
#7191=CARTESIAN_POINT('Ctrl Pts',(-38.5052253507858,-9.00393194530786,-7.15742840429884E-16));
#7192=CARTESIAN_POINT('Ctrl Pts',(-37.9910440033158,-9.01419726884908,-7.15742840429884E-16));
#7193=CARTESIAN_POINT('Ctrl Pts',(-37.4768855752197,-9.00284183969867,-7.15742840429884E-16));
#7194=CARTESIAN_POINT('Ctrl Pts',(-36.7953495382204,-8.95914617879344,-7.15742840429884E-16));
#7195=CARTESIAN_POINT('Ctrl Pts',(-35.9517781328899,-8.85147669605206,-7.15742840429884E-16));
#7196=CARTESIAN_POINT('Ctrl Pts',(-34.9601448963252,-8.63893330327701,-7.15742840429884E-16));
#7197=CARTESIAN_POINT('Ctrl Pts',(-33.9958098077991,-8.3444227470161,-7.15742840429884E-16));
#7198=CARTESIAN_POINT('Ctrl Pts',(-33.2210995641174,-8.03202276474572,-7.15742840429884E-16));
#7199=CARTESIAN_POINT('Ctrl Pts',(-32.6213779070585,-7.74212888292654,-7.15742840429884E-16));
#7200=CARTESIAN_POINT('Ctrl Pts',(-32.185511111851,-7.50649701891066,-7.15742840429884E-16));
#7201=CARTESIAN_POINT('Ctrl Pts',(-31.7644220255177,-7.25331752901729,-7.15742840429884E-16));
#7202=CARTESIAN_POINT('Ctrl Pts',(-31.2234893079203,-6.89297829428566,-7.15742840429884E-16));
#7203=CARTESIAN_POINT('Ctrl Pts',(-30.5874982195275,-6.40117130566911,-7.15742840429884E-16));
#7204=CARTESIAN_POINT('Ctrl Pts',(-29.8939877308869,-5.74886099358122,-7.15742840429884E-16));
#7205=CARTESIAN_POINT('Ctrl Pts',(-29.378780276736,-5.15694506065813,-7.15742840429884E-16));
#7206=CARTESIAN_POINT('Ctrl Pts',(-29.0070283725824,-4.65646955796889,-7.15742840429884E-16));
#7207=CARTESIAN_POINT('Ctrl Pts',(-28.6634010063624,-4.13896117499412,-7.15742840429884E-16));
#7208=CARTESIAN_POINT('Ctrl Pts',(-28.2921738558955,-3.46854067547667,-7.15742840429884E-16));
#7209=CARTESIAN_POINT('Ctrl Pts',(-27.9414694091596,-2.63125373711163,-7.15742840429884E-16));
#7210=CARTESIAN_POINT('Ctrl Pts',(-27.6882967801718,-1.76800637130796,-7.15742840429884E-16));
#7211=CARTESIAN_POINT('Ctrl Pts',(-27.5605393202157,-1.03233637854271,-7.15742840429884E-16));
#7212=CARTESIAN_POINT('Ctrl Pts',(-27.5094079387314,-0.437604590029504,
-7.15742840429884E-16));
#7213=CARTESIAN_POINT('Ctrl Pts',(-27.5010417217668,-0.138445107364544,
-7.15742840429884E-16));
#7214=CARTESIAN_POINT('Ctrl Pts',(-27.5012002809335,0.0111300315239204,
-7.15742840429884E-16));
#7215=CARTESIAN_POINT('',(-28.5011997190665,0.0100699684760798,0.));
#7216=CARTESIAN_POINT('Ctrl Pts',(-28.5011997190665,0.0100699684760798,
-7.16589873377138E-16));
#7217=CARTESIAN_POINT('Ctrl Pts',(-28.5013378027752,0.1403297972421,-1.1464590941087E-15));
#7218=CARTESIAN_POINT('Ctrl Pts',(-28.509175130043,0.400841439463511,-7.16589873377138E-16));
#7219=CARTESIAN_POINT('Ctrl Pts',(-28.5548146566763,0.918859945617541,-7.16589873377138E-16));
#7220=CARTESIAN_POINT('Ctrl Pts',(-28.6675622990351,1.56026616902148,-7.16589873377138E-16));
#7221=CARTESIAN_POINT('Ctrl Pts',(-28.8905426272006,2.31491548306664,-7.16589873377138E-16));
#7222=CARTESIAN_POINT('Ctrl Pts',(-29.2000033438438,3.0496104213528,-7.16589873377138E-16));
#7223=CARTESIAN_POINT('Ctrl Pts',(-29.528747825313,3.64054376031146,-7.16589873377138E-16));
#7224=CARTESIAN_POINT('Ctrl Pts',(-29.8341524804182,4.09841489539628,-7.16589873377138E-16));
#7225=CARTESIAN_POINT('Ctrl Pts',(-30.1653301949511,4.54233050798144,-7.16589873377138E-16));
#7226=CARTESIAN_POINT('Ctrl Pts',(-30.6259376959174,5.06940412565647,-7.16589873377138E-16));
#7227=CARTESIAN_POINT('Ctrl Pts',(-31.2490373078492,5.65315191312793,-7.16589873377138E-16));
#7228=CARTESIAN_POINT('Ctrl Pts',(-31.8231451133433,6.09526658172834,-7.16589873377138E-16));
#7229=CARTESIAN_POINT('Ctrl Pts',(-32.3130377505584,6.42012604729911,-7.16589873377138E-16));
#7230=CARTESIAN_POINT('Ctrl Pts',(-32.6951582000621,6.64878651162829,-7.16589873377138E-16));
#7231=CARTESIAN_POINT('Ctrl Pts',(-33.0914341799604,6.86194217363402,-7.16589873377138E-16));
#7232=CARTESIAN_POINT('Ctrl Pts',(-33.6376422833634,7.12455542517484,-7.16589873377138E-16));
#7233=CARTESIAN_POINT('Ctrl Pts',(-34.3448588450796,7.40805259108865,-7.16589873377138E-16));
#7234=CARTESIAN_POINT('Ctrl Pts',(-35.2274209210183,7.6755945716479,-7.16589873377138E-16));
#7235=CARTESIAN_POINT('Ctrl Pts',(-36.1366536735778,7.86849535265946,-7.16589873377138E-16));
#7236=CARTESIAN_POINT('Ctrl Pts',(-36.9110282550337,7.96568067624222,-7.16589873377138E-16));
#7237=CARTESIAN_POINT('Ctrl Pts',(-37.5368900751259,8.00447598528436,-7.16589873377138E-16));
#7238=CARTESIAN_POINT('Ctrl Pts',(-38.0090948742218,8.01390384325047,-7.16589873377138E-16));
#7239=CARTESIAN_POINT('Ctrl Pts',(-38.4812786238165,8.0034748733186,-7.16589873377138E-16));
#7240=CARTESIAN_POINT('Ctrl Pts',(-39.1070567864038,7.96335274623614,-7.16589873377138E-16));
#7241=CARTESIAN_POINT('Ctrl Pts',(-39.8812235824532,7.86452587023869,-7.16589873377138E-16));
#7242=CARTESIAN_POINT('Ctrl Pts',(-40.7900453177919,7.6696978357627,-7.16589873377138E-16));
#7243=CARTESIAN_POINT('Ctrl Pts',(-41.6720381877852,7.4002853146584,-7.16589873377138E-16));
#7244=CARTESIAN_POINT('Ctrl Pts',(-42.3786521106535,7.11528939844987,-7.16589873377138E-16));
#7245=CARTESIAN_POINT('Ctrl Pts',(-42.9243022135768,6.85151870772071,-7.16589873377138E-16));
#7246=CARTESIAN_POINT('Ctrl Pts',(-43.3201253862303,6.63752337020136,-7.16589873377138E-16));
#7247=CARTESIAN_POINT('Ctrl Pts',(-43.7017601881857,6.4080532766976,-7.16589873377138E-16));
#7248=CARTESIAN_POINT('Ctrl Pts',(-44.1909629817396,6.0821559076572,-7.16589873377138E-16));
#7249=CARTESIAN_POINT('Ctrl Pts',(-44.7641321586256,5.6388250524388,-7.16589873377138E-16));
#7250=CARTESIAN_POINT('Ctrl Pts',(-45.3859927519393,5.05375752791621,-7.16589873377138E-16));
#7251=CARTESIAN_POINT('Ctrl Pts',(-45.8454817558019,4.52570854938795,-7.16589873377138E-16));
#7252=CARTESIAN_POINT('Ctrl Pts',(-46.1757175694781,4.08109179636823,-7.16589873377138E-16));
#7253=CARTESIAN_POINT('Ctrl Pts',(-46.4801507941998,3.62257419431861,-7.16589873377138E-16));
#7254=CARTESIAN_POINT('Ctrl Pts',(-46.8076416843377,3.03094520410096,-7.16589873377138E-16));
#7255=CARTESIAN_POINT('Ctrl Pts',(-47.1155440604423,2.29559582164537,-7.16589873377138E-16));
#7256=CARTESIAN_POINT('Ctrl Pts',(-47.3369239366619,1.54047545750294,-7.16589873377138E-16));
#7257=CARTESIAN_POINT('Ctrl Pts',(-47.4483114643159,0.898831636554054,-7.16589873377138E-16));
#7258=CARTESIAN_POINT('Ctrl Pts',(-47.49285262444,0.380717533132651,-7.16589873377138E-16));
#7259=CARTESIAN_POINT('Ctrl Pts',(-47.5037801130897,-0.0100739761314274,
-7.16589873377138E-16));
#7260=CARTESIAN_POINT('Ctrl Pts',(-47.492024122188,-0.400841439463513,-7.16589873377138E-16));
#7261=CARTESIAN_POINT('Ctrl Pts',(-47.4463845955546,-0.918859945617561,
-7.16589873377138E-16));
#7262=CARTESIAN_POINT('Ctrl Pts',(-47.3336369531959,-1.56026616902148,-7.16589873377138E-16));
#7263=CARTESIAN_POINT('Ctrl Pts',(-47.1106566250304,-2.31491548306665,-7.16589873377138E-16));
#7264=CARTESIAN_POINT('Ctrl Pts',(-46.8011959083872,-3.04961042135281,-7.16589873377138E-16));
#7265=CARTESIAN_POINT('Ctrl Pts',(-46.472451426918,-3.64054376031146,-7.16589873377138E-16));
#7266=CARTESIAN_POINT('Ctrl Pts',(-46.1670467718127,-4.09841489539629,-7.16589873377138E-16));
#7267=CARTESIAN_POINT('Ctrl Pts',(-45.8358690572798,-4.54233050798145,-7.16589873377138E-16));
#7268=CARTESIAN_POINT('Ctrl Pts',(-45.3752615563135,-5.06940412565648,-7.16589873377138E-16));
#7269=CARTESIAN_POINT('Ctrl Pts',(-44.7521619443817,-5.65315191312794,-7.16589873377138E-16));
#7270=CARTESIAN_POINT('Ctrl Pts',(-44.1780541388876,-6.09526658172835,-7.16589873377138E-16));
#7271=CARTESIAN_POINT('Ctrl Pts',(-43.6881615016726,-6.42012604729911,-7.16589873377138E-16));
#7272=CARTESIAN_POINT('Ctrl Pts',(-43.3060410521688,-6.6487865116283,-7.16589873377138E-16));
#7273=CARTESIAN_POINT('Ctrl Pts',(-42.9097650722706,-6.86194217363402,-7.16589873377138E-16));
#7274=CARTESIAN_POINT('Ctrl Pts',(-42.3635569688676,-7.12455542517484,-7.16589873377138E-16));
#7275=CARTESIAN_POINT('Ctrl Pts',(-41.6563404071513,-7.40805259108866,-7.16589873377138E-16));
#7276=CARTESIAN_POINT('Ctrl Pts',(-40.7737783312127,-7.6755945716479,-7.16589873377138E-16));
#7277=CARTESIAN_POINT('Ctrl Pts',(-39.8645455786531,-7.86849535265946,-7.16589873377138E-16));
#7278=CARTESIAN_POINT('Ctrl Pts',(-39.0901709971973,-7.96568067624222,-7.16589873377138E-16));
#7279=CARTESIAN_POINT('Ctrl Pts',(-38.4643091771051,-8.00447598528436,-7.16589873377138E-16));
#7280=CARTESIAN_POINT('Ctrl Pts',(-37.9921043780091,-8.01390384325046,-7.16589873377138E-16));
#7281=CARTESIAN_POINT('Ctrl Pts',(-37.5199206284145,-8.00347487331859,-7.16589873377138E-16));
#7282=CARTESIAN_POINT('Ctrl Pts',(-36.8941424658271,-7.96335274623613,-7.16589873377138E-16));
#7283=CARTESIAN_POINT('Ctrl Pts',(-36.1199756697777,-7.86452587023868,-7.16589873377138E-16));
#7284=CARTESIAN_POINT('Ctrl Pts',(-35.211153934439,-7.66969783576269,-7.16589873377138E-16));
#7285=CARTESIAN_POINT('Ctrl Pts',(-34.3291610644457,-7.40028531465838,-7.16589873377138E-16));
#7286=CARTESIAN_POINT('Ctrl Pts',(-33.6225471415774,-7.11528939844985,-7.16589873377138E-16));
#7287=CARTESIAN_POINT('Ctrl Pts',(-33.0768970386542,-6.8515187077207,-7.16589873377138E-16));
#7288=CARTESIAN_POINT('Ctrl Pts',(-32.6810738660007,-6.63752337020134,-7.16589873377138E-16));
#7289=CARTESIAN_POINT('Ctrl Pts',(-32.2994390640454,-6.40805327669758,-7.16589873377138E-16));
#7290=CARTESIAN_POINT('Ctrl Pts',(-31.8102362704914,-6.08215590765719,-7.16589873377138E-16));
#7291=CARTESIAN_POINT('Ctrl Pts',(-31.2370670936054,-5.63882505243878,-7.16589873377138E-16));
#7292=CARTESIAN_POINT('Ctrl Pts',(-30.6152065002916,-5.05375752791619,-7.16589873377138E-16));
#7293=CARTESIAN_POINT('Ctrl Pts',(-30.155717496429,-4.52570854938792,-7.16589873377138E-16));
#7294=CARTESIAN_POINT('Ctrl Pts',(-29.8254816827528,-4.08109179636823,-7.16589873377138E-16));
#7295=CARTESIAN_POINT('Ctrl Pts',(-29.5210484580311,-3.62257419431859,-7.16589873377138E-16));
#7296=CARTESIAN_POINT('Ctrl Pts',(-29.1935575678932,-3.03094520410095,-7.16589873377138E-16));
#7297=CARTESIAN_POINT('Ctrl Pts',(-28.8856551917887,-2.29559582164534,-7.16589873377138E-16));
#7298=CARTESIAN_POINT('Ctrl Pts',(-28.664275315569,-1.54047545750292,-7.16589873377138E-16));
#7299=CARTESIAN_POINT('Ctrl Pts',(-28.552887787915,-0.898831636554044,-7.16589873377138E-16));
#7300=CARTESIAN_POINT('Ctrl Pts',(-28.508346627791,-0.380717533132611,-7.16589873377138E-16));
#7301=CARTESIAN_POINT('Ctrl Pts',(-28.5010616353578,-0.120189860289941,
-7.16589873377138E-16));
#7302=CARTESIAN_POINT('Ctrl Pts',(-28.5011997190665,0.0100699684760798,
-7.16589873377138E-16));
#7303=CARTESIAN_POINT('Ctrl Pts',(-28.5011997190665,0.0100699684760798,
-7.16589873377138E-16));
#7304=CARTESIAN_POINT('Ctrl Pts',(-28.5011997190665,0.0100699684760798,
-3.6));
#7305=CARTESIAN_POINT('Ctrl Pts',(-28.5013378027752,0.1403297972421,-1.1464590941087E-15));
#7306=CARTESIAN_POINT('Ctrl Pts',(-28.5013378027752,0.1403297972421,-3.6));
#7307=CARTESIAN_POINT('Ctrl Pts',(-28.509175130043,0.400841439463511,-7.16589873377138E-16));
#7308=CARTESIAN_POINT('Ctrl Pts',(-28.509175130043,0.400841439463511,-3.6));
#7309=CARTESIAN_POINT('Ctrl Pts',(-28.5548146566763,0.918859945617541,-7.16589873377138E-16));
#7310=CARTESIAN_POINT('Ctrl Pts',(-28.5548146566763,0.918859945617541,-3.6));
#7311=CARTESIAN_POINT('Ctrl Pts',(-28.6675622990351,1.56026616902148,-7.16589873377138E-16));
#7312=CARTESIAN_POINT('Ctrl Pts',(-28.6675622990351,1.56026616902148,-3.6));
#7313=CARTESIAN_POINT('Ctrl Pts',(-28.8905426272006,2.31491548306664,-7.16589873377138E-16));
#7314=CARTESIAN_POINT('Ctrl Pts',(-28.8905426272006,2.31491548306664,-3.6));
#7315=CARTESIAN_POINT('Ctrl Pts',(-29.2000033438438,3.0496104213528,-7.16589873377138E-16));
#7316=CARTESIAN_POINT('Ctrl Pts',(-29.2000033438438,3.0496104213528,-3.6));
#7317=CARTESIAN_POINT('Ctrl Pts',(-29.528747825313,3.64054376031146,-7.16589873377138E-16));
#7318=CARTESIAN_POINT('Ctrl Pts',(-29.528747825313,3.64054376031146,-3.6));
#7319=CARTESIAN_POINT('Ctrl Pts',(-29.8341524804182,4.09841489539628,-7.16589873377138E-16));
#7320=CARTESIAN_POINT('Ctrl Pts',(-29.8341524804182,4.09841489539628,-3.6));
#7321=CARTESIAN_POINT('Ctrl Pts',(-30.1653301949511,4.54233050798144,-7.16589873377138E-16));
#7322=CARTESIAN_POINT('Ctrl Pts',(-30.1653301949511,4.54233050798144,-3.6));
#7323=CARTESIAN_POINT('Ctrl Pts',(-30.6259376959174,5.06940412565647,-7.16589873377138E-16));
#7324=CARTESIAN_POINT('Ctrl Pts',(-30.6259376959174,5.06940412565647,-3.6));
#7325=CARTESIAN_POINT('Ctrl Pts',(-31.2490373078492,5.65315191312793,-7.16589873377138E-16));
#7326=CARTESIAN_POINT('Ctrl Pts',(-31.2490373078492,5.65315191312793,-3.6));
#7327=CARTESIAN_POINT('Ctrl Pts',(-31.8231451133433,6.09526658172834,-7.16589873377138E-16));
#7328=CARTESIAN_POINT('Ctrl Pts',(-31.8231451133433,6.09526658172834,-3.6));
#7329=CARTESIAN_POINT('Ctrl Pts',(-32.3130377505584,6.42012604729911,-7.16589873377138E-16));
#7330=CARTESIAN_POINT('Ctrl Pts',(-32.3130377505584,6.42012604729911,-3.6));
#7331=CARTESIAN_POINT('Ctrl Pts',(-32.6951582000621,6.64878651162829,-7.16589873377138E-16));
#7332=CARTESIAN_POINT('Ctrl Pts',(-32.6951582000621,6.64878651162829,-3.6));
#7333=CARTESIAN_POINT('Ctrl Pts',(-33.0914341799604,6.86194217363402,-7.16589873377138E-16));
#7334=CARTESIAN_POINT('Ctrl Pts',(-33.0914341799604,6.86194217363402,-3.6));
#7335=CARTESIAN_POINT('Ctrl Pts',(-33.6376422833634,7.12455542517484,-7.16589873377138E-16));
#7336=CARTESIAN_POINT('Ctrl Pts',(-33.6376422833634,7.12455542517484,-3.6));
#7337=CARTESIAN_POINT('Ctrl Pts',(-34.3448588450796,7.40805259108865,-7.16589873377138E-16));
#7338=CARTESIAN_POINT('Ctrl Pts',(-34.3448588450796,7.40805259108865,-3.6));
#7339=CARTESIAN_POINT('Ctrl Pts',(-35.2274209210183,7.6755945716479,-7.16589873377138E-16));
#7340=CARTESIAN_POINT('Ctrl Pts',(-35.2274209210183,7.6755945716479,-3.6));
#7341=CARTESIAN_POINT('Ctrl Pts',(-36.1366536735778,7.86849535265946,-7.16589873377138E-16));
#7342=CARTESIAN_POINT('Ctrl Pts',(-36.1366536735778,7.86849535265946,-3.6));
#7343=CARTESIAN_POINT('Ctrl Pts',(-36.9110282550337,7.96568067624222,-7.16589873377138E-16));
#7344=CARTESIAN_POINT('Ctrl Pts',(-36.9110282550337,7.96568067624222,-3.6));
#7345=CARTESIAN_POINT('Ctrl Pts',(-37.5368900751259,8.00447598528436,-7.16589873377138E-16));
#7346=CARTESIAN_POINT('Ctrl Pts',(-37.5368900751259,8.00447598528436,-3.6));
#7347=CARTESIAN_POINT('Ctrl Pts',(-38.0090948742218,8.01390384325047,-7.16589873377138E-16));
#7348=CARTESIAN_POINT('Ctrl Pts',(-38.0090948742218,8.01390384325047,-3.6));
#7349=CARTESIAN_POINT('Ctrl Pts',(-38.4812786238165,8.0034748733186,-7.16589873377138E-16));
#7350=CARTESIAN_POINT('Ctrl Pts',(-38.4812786238165,8.0034748733186,-3.6));
#7351=CARTESIAN_POINT('Ctrl Pts',(-39.1070567864038,7.96335274623614,-7.16589873377138E-16));
#7352=CARTESIAN_POINT('Ctrl Pts',(-39.1070567864038,7.96335274623614,-3.6));
#7353=CARTESIAN_POINT('Ctrl Pts',(-39.8812235824532,7.86452587023869,-7.16589873377138E-16));
#7354=CARTESIAN_POINT('Ctrl Pts',(-39.8812235824532,7.86452587023869,-3.6));
#7355=CARTESIAN_POINT('Ctrl Pts',(-40.7900453177919,7.6696978357627,-7.16589873377138E-16));
#7356=CARTESIAN_POINT('Ctrl Pts',(-40.7900453177919,7.6696978357627,-3.6));
#7357=CARTESIAN_POINT('Ctrl Pts',(-41.6720381877852,7.4002853146584,-7.16589873377138E-16));
#7358=CARTESIAN_POINT('Ctrl Pts',(-41.6720381877852,7.4002853146584,-3.6));
#7359=CARTESIAN_POINT('Ctrl Pts',(-42.3786521106535,7.11528939844987,-7.16589873377138E-16));
#7360=CARTESIAN_POINT('Ctrl Pts',(-42.3786521106535,7.11528939844987,-3.6));
#7361=CARTESIAN_POINT('Ctrl Pts',(-42.9243022135768,6.85151870772071,-7.16589873377138E-16));
#7362=CARTESIAN_POINT('Ctrl Pts',(-42.9243022135768,6.85151870772071,-3.6));
#7363=CARTESIAN_POINT('Ctrl Pts',(-43.3201253862303,6.63752337020136,-7.16589873377138E-16));
#7364=CARTESIAN_POINT('Ctrl Pts',(-43.3201253862303,6.63752337020136,-3.6));
#7365=CARTESIAN_POINT('Ctrl Pts',(-43.7017601881857,6.4080532766976,-7.16589873377138E-16));
#7366=CARTESIAN_POINT('Ctrl Pts',(-43.7017601881857,6.4080532766976,-3.6));
#7367=CARTESIAN_POINT('Ctrl Pts',(-44.1909629817396,6.0821559076572,-7.16589873377138E-16));
#7368=CARTESIAN_POINT('Ctrl Pts',(-44.1909629817396,6.0821559076572,-3.6));
#7369=CARTESIAN_POINT('Ctrl Pts',(-44.7641321586256,5.6388250524388,-7.16589873377138E-16));
#7370=CARTESIAN_POINT('Ctrl Pts',(-44.7641321586256,5.6388250524388,-3.6));
#7371=CARTESIAN_POINT('Ctrl Pts',(-45.3859927519393,5.05375752791621,-7.16589873377138E-16));
#7372=CARTESIAN_POINT('Ctrl Pts',(-45.3859927519393,5.05375752791621,-3.6));
#7373=CARTESIAN_POINT('Ctrl Pts',(-45.8454817558019,4.52570854938795,-7.16589873377138E-16));
#7374=CARTESIAN_POINT('Ctrl Pts',(-45.8454817558019,4.52570854938795,-3.6));
#7375=CARTESIAN_POINT('Ctrl Pts',(-46.1757175694781,4.08109179636823,-7.16589873377138E-16));
#7376=CARTESIAN_POINT('Ctrl Pts',(-46.1757175694781,4.08109179636823,-3.6));
#7377=CARTESIAN_POINT('Ctrl Pts',(-46.4801507941998,3.62257419431861,-7.16589873377138E-16));
#7378=CARTESIAN_POINT('Ctrl Pts',(-46.4801507941998,3.62257419431861,-3.6));
#7379=CARTESIAN_POINT('Ctrl Pts',(-46.8076416843377,3.03094520410096,-7.16589873377138E-16));
#7380=CARTESIAN_POINT('Ctrl Pts',(-46.8076416843377,3.03094520410096,-3.6));
#7381=CARTESIAN_POINT('Ctrl Pts',(-47.1155440604423,2.29559582164537,-7.16589873377138E-16));
#7382=CARTESIAN_POINT('Ctrl Pts',(-47.1155440604423,2.29559582164537,-3.6));
#7383=CARTESIAN_POINT('Ctrl Pts',(-47.3369239366619,1.54047545750294,-7.16589873377138E-16));
#7384=CARTESIAN_POINT('Ctrl Pts',(-47.3369239366619,1.54047545750294,-3.6));
#7385=CARTESIAN_POINT('Ctrl Pts',(-47.4483114643159,0.898831636554054,-7.16589873377138E-16));
#7386=CARTESIAN_POINT('Ctrl Pts',(-47.4483114643159,0.898831636554054,-3.6));
#7387=CARTESIAN_POINT('Ctrl Pts',(-47.49285262444,0.380717533132651,-7.16589873377138E-16));
#7388=CARTESIAN_POINT('Ctrl Pts',(-47.49285262444,0.380717533132651,-3.6));
#7389=CARTESIAN_POINT('Ctrl Pts',(-47.5037801130897,-0.0100739761314274,
-7.16589873377138E-16));
#7390=CARTESIAN_POINT('Ctrl Pts',(-47.5037801130897,-0.0100739761314274,
-3.6));
#7391=CARTESIAN_POINT('Ctrl Pts',(-47.492024122188,-0.400841439463513,-7.16589873377138E-16));
#7392=CARTESIAN_POINT('Ctrl Pts',(-47.492024122188,-0.400841439463513,-3.6));
#7393=CARTESIAN_POINT('Ctrl Pts',(-47.4463845955546,-0.918859945617561,
-7.16589873377138E-16));
#7394=CARTESIAN_POINT('Ctrl Pts',(-47.4463845955546,-0.918859945617561,
-3.6));
#7395=CARTESIAN_POINT('Ctrl Pts',(-47.3336369531959,-1.56026616902148,-7.16589873377138E-16));
#7396=CARTESIAN_POINT('Ctrl Pts',(-47.3336369531959,-1.56026616902148,-3.6));
#7397=CARTESIAN_POINT('Ctrl Pts',(-47.1106566250304,-2.31491548306665,-7.16589873377138E-16));
#7398=CARTESIAN_POINT('Ctrl Pts',(-47.1106566250304,-2.31491548306665,-3.6));
#7399=CARTESIAN_POINT('Ctrl Pts',(-46.8011959083872,-3.04961042135281,-7.16589873377138E-16));
#7400=CARTESIAN_POINT('Ctrl Pts',(-46.8011959083872,-3.04961042135281,-3.6));
#7401=CARTESIAN_POINT('Ctrl Pts',(-46.472451426918,-3.64054376031146,-7.16589873377138E-16));
#7402=CARTESIAN_POINT('Ctrl Pts',(-46.472451426918,-3.64054376031146,-3.6));
#7403=CARTESIAN_POINT('Ctrl Pts',(-46.1670467718127,-4.09841489539629,-7.16589873377138E-16));
#7404=CARTESIAN_POINT('Ctrl Pts',(-46.1670467718127,-4.09841489539629,-3.6));
#7405=CARTESIAN_POINT('Ctrl Pts',(-45.8358690572798,-4.54233050798145,-7.16589873377138E-16));
#7406=CARTESIAN_POINT('Ctrl Pts',(-45.8358690572798,-4.54233050798145,-3.6));
#7407=CARTESIAN_POINT('Ctrl Pts',(-45.3752615563135,-5.06940412565648,-7.16589873377138E-16));
#7408=CARTESIAN_POINT('Ctrl Pts',(-45.3752615563135,-5.06940412565648,-3.6));
#7409=CARTESIAN_POINT('Ctrl Pts',(-44.7521619443817,-5.65315191312794,-7.16589873377138E-16));
#7410=CARTESIAN_POINT('Ctrl Pts',(-44.7521619443817,-5.65315191312794,-3.6));
#7411=CARTESIAN_POINT('Ctrl Pts',(-44.1780541388876,-6.09526658172835,-7.16589873377138E-16));
#7412=CARTESIAN_POINT('Ctrl Pts',(-44.1780541388876,-6.09526658172835,-3.6));
#7413=CARTESIAN_POINT('Ctrl Pts',(-43.6881615016726,-6.42012604729911,-7.16589873377138E-16));
#7414=CARTESIAN_POINT('Ctrl Pts',(-43.6881615016726,-6.42012604729911,-3.6));
#7415=CARTESIAN_POINT('Ctrl Pts',(-43.3060410521688,-6.6487865116283,-7.16589873377138E-16));
#7416=CARTESIAN_POINT('Ctrl Pts',(-43.3060410521688,-6.6487865116283,-3.6));
#7417=CARTESIAN_POINT('Ctrl Pts',(-42.9097650722706,-6.86194217363402,-7.16589873377138E-16));
#7418=CARTESIAN_POINT('Ctrl Pts',(-42.9097650722706,-6.86194217363402,-3.6));
#7419=CARTESIAN_POINT('Ctrl Pts',(-42.3635569688676,-7.12455542517484,-7.16589873377138E-16));
#7420=CARTESIAN_POINT('Ctrl Pts',(-42.3635569688676,-7.12455542517484,-3.6));
#7421=CARTESIAN_POINT('Ctrl Pts',(-41.6563404071513,-7.40805259108866,-7.16589873377138E-16));
#7422=CARTESIAN_POINT('Ctrl Pts',(-41.6563404071513,-7.40805259108866,-3.6));
#7423=CARTESIAN_POINT('Ctrl Pts',(-40.7737783312127,-7.6755945716479,-7.16589873377138E-16));
#7424=CARTESIAN_POINT('Ctrl Pts',(-40.7737783312127,-7.6755945716479,-3.6));
#7425=CARTESIAN_POINT('Ctrl Pts',(-39.8645455786531,-7.86849535265946,-7.16589873377138E-16));
#7426=CARTESIAN_POINT('Ctrl Pts',(-39.8645455786531,-7.86849535265946,-3.6));
#7427=CARTESIAN_POINT('Ctrl Pts',(-39.0901709971973,-7.96568067624222,-7.16589873377138E-16));
#7428=CARTESIAN_POINT('Ctrl Pts',(-39.0901709971973,-7.96568067624222,-3.6));
#7429=CARTESIAN_POINT('Ctrl Pts',(-38.4643091771051,-8.00447598528436,-7.16589873377138E-16));
#7430=CARTESIAN_POINT('Ctrl Pts',(-38.4643091771051,-8.00447598528436,-3.6));
#7431=CARTESIAN_POINT('Ctrl Pts',(-37.9921043780091,-8.01390384325046,-7.16589873377138E-16));
#7432=CARTESIAN_POINT('Ctrl Pts',(-37.9921043780091,-8.01390384325046,-3.6));
#7433=CARTESIAN_POINT('Ctrl Pts',(-37.5199206284145,-8.00347487331859,-7.16589873377138E-16));
#7434=CARTESIAN_POINT('Ctrl Pts',(-37.5199206284145,-8.00347487331859,-3.6));
#7435=CARTESIAN_POINT('Ctrl Pts',(-36.8941424658271,-7.96335274623613,-7.16589873377138E-16));
#7436=CARTESIAN_POINT('Ctrl Pts',(-36.8941424658271,-7.96335274623613,-3.6));
#7437=CARTESIAN_POINT('Ctrl Pts',(-36.1199756697777,-7.86452587023868,-7.16589873377138E-16));
#7438=CARTESIAN_POINT('Ctrl Pts',(-36.1199756697777,-7.86452587023868,-3.6));
#7439=CARTESIAN_POINT('Ctrl Pts',(-35.211153934439,-7.66969783576269,-7.16589873377138E-16));
#7440=CARTESIAN_POINT('Ctrl Pts',(-35.211153934439,-7.66969783576269,-3.6));
#7441=CARTESIAN_POINT('Ctrl Pts',(-34.3291610644457,-7.40028531465838,-7.16589873377138E-16));
#7442=CARTESIAN_POINT('Ctrl Pts',(-34.3291610644457,-7.40028531465838,-3.6));
#7443=CARTESIAN_POINT('Ctrl Pts',(-33.6225471415774,-7.11528939844985,-7.16589873377138E-16));
#7444=CARTESIAN_POINT('Ctrl Pts',(-33.6225471415774,-7.11528939844985,-3.6));
#7445=CARTESIAN_POINT('Ctrl Pts',(-33.0768970386542,-6.8515187077207,-7.16589873377138E-16));
#7446=CARTESIAN_POINT('Ctrl Pts',(-33.0768970386542,-6.8515187077207,-3.6));
#7447=CARTESIAN_POINT('Ctrl Pts',(-32.6810738660007,-6.63752337020134,-7.16589873377138E-16));
#7448=CARTESIAN_POINT('Ctrl Pts',(-32.6810738660007,-6.63752337020134,-3.6));
#7449=CARTESIAN_POINT('Ctrl Pts',(-32.2994390640454,-6.40805327669758,-7.16589873377138E-16));
#7450=CARTESIAN_POINT('Ctrl Pts',(-32.2994390640454,-6.40805327669758,-3.6));
#7451=CARTESIAN_POINT('Ctrl Pts',(-31.8102362704914,-6.08215590765719,-7.16589873377138E-16));
#7452=CARTESIAN_POINT('Ctrl Pts',(-31.8102362704914,-6.08215590765719,-3.6));
#7453=CARTESIAN_POINT('Ctrl Pts',(-31.2370670936054,-5.63882505243878,-7.16589873377138E-16));
#7454=CARTESIAN_POINT('Ctrl Pts',(-31.2370670936054,-5.63882505243878,-3.6));
#7455=CARTESIAN_POINT('Ctrl Pts',(-30.6152065002916,-5.05375752791619,-7.16589873377138E-16));
#7456=CARTESIAN_POINT('Ctrl Pts',(-30.6152065002916,-5.05375752791619,-3.6));
#7457=CARTESIAN_POINT('Ctrl Pts',(-30.155717496429,-4.52570854938792,-7.16589873377138E-16));
#7458=CARTESIAN_POINT('Ctrl Pts',(-30.155717496429,-4.52570854938792,-3.6));
#7459=CARTESIAN_POINT('Ctrl Pts',(-29.8254816827528,-4.08109179636823,-7.16589873377138E-16));
#7460=CARTESIAN_POINT('Ctrl Pts',(-29.8254816827528,-4.08109179636823,-3.6));
#7461=CARTESIAN_POINT('Ctrl Pts',(-29.5210484580311,-3.62257419431859,-7.16589873377138E-16));
#7462=CARTESIAN_POINT('Ctrl Pts',(-29.5210484580311,-3.62257419431859,-3.6));
#7463=CARTESIAN_POINT('Ctrl Pts',(-29.1935575678932,-3.03094520410095,-7.16589873377138E-16));
#7464=CARTESIAN_POINT('Ctrl Pts',(-29.1935575678932,-3.03094520410095,-3.6));
#7465=CARTESIAN_POINT('Ctrl Pts',(-28.8856551917887,-2.29559582164534,-7.16589873377138E-16));
#7466=CARTESIAN_POINT('Ctrl Pts',(-28.8856551917887,-2.29559582164534,-3.6));
#7467=CARTESIAN_POINT('Ctrl Pts',(-28.664275315569,-1.54047545750292,-7.16589873377138E-16));
#7468=CARTESIAN_POINT('Ctrl Pts',(-28.664275315569,-1.54047545750292,-3.6));
#7469=CARTESIAN_POINT('Ctrl Pts',(-28.552887787915,-0.898831636554044,-7.16589873377138E-16));
#7470=CARTESIAN_POINT('Ctrl Pts',(-28.552887787915,-0.898831636554044,-3.6));
#7471=CARTESIAN_POINT('Ctrl Pts',(-28.508346627791,-0.380717533132611,-7.16589873377138E-16));
#7472=CARTESIAN_POINT('Ctrl Pts',(-28.508346627791,-0.380717533132611,-3.6));
#7473=CARTESIAN_POINT('Ctrl Pts',(-28.5010616353578,-0.120189860289941,
-7.16589873377138E-16));
#7474=CARTESIAN_POINT('Ctrl Pts',(-28.5010616353578,-0.120189860289941,
-3.6));
#7475=CARTESIAN_POINT('Ctrl Pts',(-28.5011997190665,0.0100699684760798,
-7.16589873377138E-16));
#7476=CARTESIAN_POINT('Ctrl Pts',(-28.5011997190665,0.0100699684760798,
-3.6));
#7477=CARTESIAN_POINT('',(-28.5011997190665,0.0100699684760798,-3.));
#7478=CARTESIAN_POINT('Ctrl Pts',(-28.5011997190665,0.0100699684760798,
-3.));
#7479=CARTESIAN_POINT('Ctrl Pts',(-28.5013378027752,0.1403297972421,-3.));
#7480=CARTESIAN_POINT('Ctrl Pts',(-28.509175130043,0.400841439463511,-3.));
#7481=CARTESIAN_POINT('Ctrl Pts',(-28.5548146566763,0.918859945617541,-3.));
#7482=CARTESIAN_POINT('Ctrl Pts',(-28.6675622990351,1.56026616902148,-3.));
#7483=CARTESIAN_POINT('Ctrl Pts',(-28.8905426272006,2.31491548306664,-3.));
#7484=CARTESIAN_POINT('Ctrl Pts',(-29.2000033438438,3.0496104213528,-3.));
#7485=CARTESIAN_POINT('Ctrl Pts',(-29.528747825313,3.64054376031146,-3.));
#7486=CARTESIAN_POINT('Ctrl Pts',(-29.8341524804182,4.09841489539628,-3.));
#7487=CARTESIAN_POINT('Ctrl Pts',(-30.1653301949511,4.54233050798144,-3.));
#7488=CARTESIAN_POINT('Ctrl Pts',(-30.6259376959174,5.06940412565647,-3.));
#7489=CARTESIAN_POINT('Ctrl Pts',(-31.2490373078492,5.65315191312793,-3.));
#7490=CARTESIAN_POINT('Ctrl Pts',(-31.8231451133433,6.09526658172834,-3.));
#7491=CARTESIAN_POINT('Ctrl Pts',(-32.3130377505584,6.42012604729911,-3.));
#7492=CARTESIAN_POINT('Ctrl Pts',(-32.6951582000621,6.64878651162829,-3.));
#7493=CARTESIAN_POINT('Ctrl Pts',(-33.0914341799604,6.86194217363402,-3.));
#7494=CARTESIAN_POINT('Ctrl Pts',(-33.6376422833634,7.12455542517484,-3.));
#7495=CARTESIAN_POINT('Ctrl Pts',(-34.3448588450796,7.40805259108865,-3.));
#7496=CARTESIAN_POINT('Ctrl Pts',(-35.2274209210183,7.6755945716479,-3.));
#7497=CARTESIAN_POINT('Ctrl Pts',(-36.1366536735778,7.86849535265946,-3.));
#7498=CARTESIAN_POINT('Ctrl Pts',(-36.9110282550337,7.96568067624222,-3.));
#7499=CARTESIAN_POINT('Ctrl Pts',(-37.5368900751259,8.00447598528436,-3.));
#7500=CARTESIAN_POINT('Ctrl Pts',(-38.0090948742218,8.01390384325047,-3.));
#7501=CARTESIAN_POINT('Ctrl Pts',(-38.4812786238165,8.0034748733186,-3.));
#7502=CARTESIAN_POINT('Ctrl Pts',(-39.1070567864038,7.96335274623614,-3.));
#7503=CARTESIAN_POINT('Ctrl Pts',(-39.8812235824532,7.86452587023869,-3.));
#7504=CARTESIAN_POINT('Ctrl Pts',(-40.7900453177919,7.6696978357627,-3.));
#7505=CARTESIAN_POINT('Ctrl Pts',(-41.6720381877852,7.4002853146584,-3.));
#7506=CARTESIAN_POINT('Ctrl Pts',(-42.3786521106535,7.11528939844987,-3.));
#7507=CARTESIAN_POINT('Ctrl Pts',(-42.9243022135768,6.85151870772071,-3.));
#7508=CARTESIAN_POINT('Ctrl Pts',(-43.3201253862303,6.63752337020136,-3.));
#7509=CARTESIAN_POINT('Ctrl Pts',(-43.7017601881857,6.4080532766976,-3.));
#7510=CARTESIAN_POINT('Ctrl Pts',(-44.1909629817396,6.0821559076572,-3.));
#7511=CARTESIAN_POINT('Ctrl Pts',(-44.7641321586256,5.6388250524388,-3.));
#7512=CARTESIAN_POINT('Ctrl Pts',(-45.3859927519393,5.05375752791621,-3.));
#7513=CARTESIAN_POINT('Ctrl Pts',(-45.8454817558019,4.52570854938795,-3.));
#7514=CARTESIAN_POINT('Ctrl Pts',(-46.1757175694781,4.08109179636823,-3.));
#7515=CARTESIAN_POINT('Ctrl Pts',(-46.4801507941998,3.62257419431861,-3.));
#7516=CARTESIAN_POINT('Ctrl Pts',(-46.8076416843377,3.03094520410096,-3.));
#7517=CARTESIAN_POINT('Ctrl Pts',(-47.1155440604423,2.29559582164537,-3.));
#7518=CARTESIAN_POINT('Ctrl Pts',(-47.3369239366619,1.54047545750294,-3.));
#7519=CARTESIAN_POINT('Ctrl Pts',(-47.4483114643159,0.898831636554054,-3.));
#7520=CARTESIAN_POINT('Ctrl Pts',(-47.49285262444,0.380717533132651,-3.));
#7521=CARTESIAN_POINT('Ctrl Pts',(-47.5037801130897,-0.0100739761314274,
-3.));
#7522=CARTESIAN_POINT('Ctrl Pts',(-47.492024122188,-0.400841439463513,-3.));
#7523=CARTESIAN_POINT('Ctrl Pts',(-47.4463845955546,-0.918859945617561,
-3.));
#7524=CARTESIAN_POINT('Ctrl Pts',(-47.3336369531959,-1.56026616902148,-3.));
#7525=CARTESIAN_POINT('Ctrl Pts',(-47.1106566250304,-2.31491548306665,-3.));
#7526=CARTESIAN_POINT('Ctrl Pts',(-46.8011959083872,-3.04961042135281,-3.));
#7527=CARTESIAN_POINT('Ctrl Pts',(-46.472451426918,-3.64054376031146,-3.));
#7528=CARTESIAN_POINT('Ctrl Pts',(-46.1670467718127,-4.09841489539629,-3.));
#7529=CARTESIAN_POINT('Ctrl Pts',(-45.8358690572798,-4.54233050798145,-3.));
#7530=CARTESIAN_POINT('Ctrl Pts',(-45.3752615563135,-5.06940412565648,-3.));
#7531=CARTESIAN_POINT('Ctrl Pts',(-44.7521619443817,-5.65315191312794,-3.));
#7532=CARTESIAN_POINT('Ctrl Pts',(-44.1780541388876,-6.09526658172835,-3.));
#7533=CARTESIAN_POINT('Ctrl Pts',(-43.6881615016726,-6.42012604729911,-3.));
#7534=CARTESIAN_POINT('Ctrl Pts',(-43.3060410521688,-6.6487865116283,-3.));
#7535=CARTESIAN_POINT('Ctrl Pts',(-42.9097650722706,-6.86194217363402,-3.));
#7536=CARTESIAN_POINT('Ctrl Pts',(-42.3635569688676,-7.12455542517484,-3.));
#7537=CARTESIAN_POINT('Ctrl Pts',(-41.6563404071513,-7.40805259108866,-3.));
#7538=CARTESIAN_POINT('Ctrl Pts',(-40.7737783312127,-7.6755945716479,-3.));
#7539=CARTESIAN_POINT('Ctrl Pts',(-39.8645455786531,-7.86849535265946,-3.));
#7540=CARTESIAN_POINT('Ctrl Pts',(-39.0901709971973,-7.96568067624222,-3.));
#7541=CARTESIAN_POINT('Ctrl Pts',(-38.4643091771051,-8.00447598528436,-3.));
#7542=CARTESIAN_POINT('Ctrl Pts',(-37.9921043780091,-8.01390384325046,-3.));
#7543=CARTESIAN_POINT('Ctrl Pts',(-37.5199206284145,-8.00347487331859,-3.));
#7544=CARTESIAN_POINT('Ctrl Pts',(-36.8941424658271,-7.96335274623613,-3.));
#7545=CARTESIAN_POINT('Ctrl Pts',(-36.1199756697777,-7.86452587023868,-3.));
#7546=CARTESIAN_POINT('Ctrl Pts',(-35.211153934439,-7.66969783576269,-3.));
#7547=CARTESIAN_POINT('Ctrl Pts',(-34.3291610644457,-7.40028531465838,-3.));
#7548=CARTESIAN_POINT('Ctrl Pts',(-33.6225471415774,-7.11528939844985,-3.));
#7549=CARTESIAN_POINT('Ctrl Pts',(-33.0768970386542,-6.8515187077207,-3.));
#7550=CARTESIAN_POINT('Ctrl Pts',(-32.6810738660007,-6.63752337020134,-3.));
#7551=CARTESIAN_POINT('Ctrl Pts',(-32.2994390640454,-6.40805327669758,-3.));
#7552=CARTESIAN_POINT('Ctrl Pts',(-31.8102362704914,-6.08215590765719,-3.));
#7553=CARTESIAN_POINT('Ctrl Pts',(-31.2370670936054,-5.63882505243878,-3.));
#7554=CARTESIAN_POINT('Ctrl Pts',(-30.6152065002916,-5.05375752791619,-3.));
#7555=CARTESIAN_POINT('Ctrl Pts',(-30.155717496429,-4.52570854938792,-3.));
#7556=CARTESIAN_POINT('Ctrl Pts',(-29.8254816827528,-4.08109179636823,-3.));
#7557=CARTESIAN_POINT('Ctrl Pts',(-29.5210484580311,-3.62257419431859,-3.));
#7558=CARTESIAN_POINT('Ctrl Pts',(-29.1935575678932,-3.03094520410095,-3.));
#7559=CARTESIAN_POINT('Ctrl Pts',(-28.8856551917887,-2.29559582164534,-3.));
#7560=CARTESIAN_POINT('Ctrl Pts',(-28.664275315569,-1.54047545750292,-3.));
#7561=CARTESIAN_POINT('Ctrl Pts',(-28.552887787915,-0.898831636554044,-3.));
#7562=CARTESIAN_POINT('Ctrl Pts',(-28.508346627791,-0.380717533132611,-3.));
#7563=CARTESIAN_POINT('Ctrl Pts',(-28.5010616353578,-0.120189860289941,
-3.));
#7564=CARTESIAN_POINT('Ctrl Pts',(-28.5011997190665,0.0100699684760798,
-3.));
#7565=CARTESIAN_POINT('',(-28.5011997190665,0.0100699684760798,-7.16589873377138E-16));
#7566=CARTESIAN_POINT('Ctrl Pts',(-27.5012002809335,0.0111300315239204,
-7.15742840429884E-16));
#7567=CARTESIAN_POINT('Ctrl Pts',(-27.5012002809335,0.0111300315239204,
-3.6));
#7568=CARTESIAN_POINT('Ctrl Pts',(-27.5013588401002,0.160705170412385,-1.14561206116144E-15));
#7569=CARTESIAN_POINT('Ctrl Pts',(-27.5013588401002,0.160705170412385,-3.6));
#7570=CARTESIAN_POINT('Ctrl Pts',(-27.5103592937316,0.459846243301285,-7.15742840429884E-16));
#7571=CARTESIAN_POINT('Ctrl Pts',(-27.5103592937316,0.459846243301285,-3.6));
#7572=CARTESIAN_POINT('Ctrl Pts',(-27.5627514659761,1.05446829025892,-7.15742840429884E-16));
#7573=CARTESIAN_POINT('Ctrl Pts',(-27.5627514659761,1.05446829025892,-3.6));
#7574=CARTESIAN_POINT('Ctrl Pts',(-27.6920683510745,1.78986576785733,-7.15742840429884E-16));
#7575=CARTESIAN_POINT('Ctrl Pts',(-27.6920683510745,1.78986576785733,-3.6));
#7576=CARTESIAN_POINT('Ctrl Pts',(-27.9470706033041,2.65257443594489,-7.15742840429884E-16));
#7577=CARTESIAN_POINT('Ctrl Pts',(-27.9470706033041,2.65257443594489,-3.6));
#7578=CARTESIAN_POINT('Ctrl Pts',(-28.2995494147334,3.48911595530327,-7.15742840429884E-16));
#7579=CARTESIAN_POINT('Ctrl Pts',(-28.2995494147334,3.48911595530327,-3.6));
#7580=CARTESIAN_POINT('Ctrl Pts',(-28.6721971060769,4.15874790014564,-7.15742840429884E-16));
#7581=CARTESIAN_POINT('Ctrl Pts',(-28.6721971060769,4.15874790014564,-3.6));
#7582=CARTESIAN_POINT('Ctrl Pts',(-29.0169208824166,4.67552658710024,-7.15742840429884E-16));
#7583=CARTESIAN_POINT('Ctrl Pts',(-29.0169208824166,4.67552658710024,-3.6));
#7584=CARTESIAN_POINT('Ctrl Pts',(-29.3897330216473,5.17521280451688,-7.15742840429884E-16));
#7585=CARTESIAN_POINT('Ctrl Pts',(-29.3897330216473,5.17521280451688,-3.6));
#7586=CARTESIAN_POINT('Ctrl Pts',(-29.9061942535971,5.76603510297374,-7.15742840429884E-16));
#7587=CARTESIAN_POINT('Ctrl Pts',(-29.9061942535971,5.76603510297374,-3.6));
#7588=CARTESIAN_POINT('Ctrl Pts',(-30.6010861629336,6.41687362015705,-7.15742840429884E-16));
#7589=CARTESIAN_POINT('Ctrl Pts',(-30.6010861629336,6.41687362015705,-3.6));
#7590=CARTESIAN_POINT('Ctrl Pts',(-31.2381185142018,6.90733112290796,-7.15742840429884E-16));
#7591=CARTESIAN_POINT('Ctrl Pts',(-31.2381185142018,6.90733112290796,-3.6));
#7592=CARTESIAN_POINT('Ctrl Pts',(-31.7798139802563,7.26652270286271,-7.15742840429884E-16));
#7593=CARTESIAN_POINT('Ctrl Pts',(-31.7798139802563,7.26652270286271,-3.6));
#7594=CARTESIAN_POINT('Ctrl Pts',(-32.2014388923475,7.51880886228452,-7.15742840429884E-16));
#7595=CARTESIAN_POINT('Ctrl Pts',(-32.2014388923475,7.51880886228452,-3.6));
#7596=CARTESIAN_POINT('Ctrl Pts',(-32.6378042769418,7.75351610467794,-7.15742840429884E-16));
#7597=CARTESIAN_POINT('Ctrl Pts',(-32.6378042769418,7.75351610467794,-3.6));
#7598=CARTESIAN_POINT('Ctrl Pts',(-33.2381391973843,8.04213785014922,-7.15742840429884E-16));
#7599=CARTESIAN_POINT('Ctrl Pts',(-33.2381391973843,8.04213785014922,-3.6));
#7600=CARTESIAN_POINT('Ctrl Pts',(-34.0135100269126,8.35289464782948,-7.15742840429884E-16));
#7601=CARTESIAN_POINT('Ctrl Pts',(-34.0135100269126,8.35289464782948,-3.6));
#7602=CARTESIAN_POINT('Ctrl Pts',(-34.978467347292,8.64536003135013,-7.15742840429884E-16));
#7603=CARTESIAN_POINT('Ctrl Pts',(-34.978467347292,8.64536003135013,-3.6));
#7604=CARTESIAN_POINT('Ctrl Pts',(-35.9705489737338,8.85580056011991,-7.15742840429884E-16));
#7605=CARTESIAN_POINT('Ctrl Pts',(-35.9705489737338,8.85580056011991,-3.6));
#7606=CARTESIAN_POINT('Ctrl Pts',(-36.8143467559168,8.96168132413253,-7.15742840429884E-16));
#7607=CARTESIAN_POINT('Ctrl Pts',(-36.8143467559168,8.96168132413253,-3.6));
#7608=CARTESIAN_POINT('Ctrl Pts',(-37.4959739014451,9.00393194530787,-7.15742840429884E-16));
#7609=CARTESIAN_POINT('Ctrl Pts',(-37.4959739014451,9.00393194530787,-3.6));
#7610=CARTESIAN_POINT('Ctrl Pts',(-38.0101552489151,9.01419726884909,-7.15742840429884E-16));
#7611=CARTESIAN_POINT('Ctrl Pts',(-38.0101552489151,9.01419726884909,-3.6));
#7612=CARTESIAN_POINT('Ctrl Pts',(-38.5243136770111,9.00284183969867,-7.15742840429884E-16));
#7613=CARTESIAN_POINT('Ctrl Pts',(-38.5243136770111,9.00284183969867,-3.6));
#7614=CARTESIAN_POINT('Ctrl Pts',(-39.2058497140106,8.95914617879345,-7.15742840429884E-16));
#7615=CARTESIAN_POINT('Ctrl Pts',(-39.2058497140106,8.95914617879345,-3.6));
#7616=CARTESIAN_POINT('Ctrl Pts',(-40.049421119341,8.85147669605206,-7.15742840429884E-16));
#7617=CARTESIAN_POINT('Ctrl Pts',(-40.049421119341,8.85147669605206,-3.6));
#7618=CARTESIAN_POINT('Ctrl Pts',(-41.0410543559057,8.63893330327703,-7.15742840429884E-16));
#7619=CARTESIAN_POINT('Ctrl Pts',(-41.0410543559057,8.63893330327703,-3.6));
#7620=CARTESIAN_POINT('Ctrl Pts',(-42.0053894444318,8.34442274701611,-7.15742840429884E-16));
#7621=CARTESIAN_POINT('Ctrl Pts',(-42.0053894444318,8.34442274701611,-3.6));
#7622=CARTESIAN_POINT('Ctrl Pts',(-42.7800996881136,8.03202276474574,-7.15742840429884E-16));
#7623=CARTESIAN_POINT('Ctrl Pts',(-42.7800996881136,8.03202276474574,-3.6));
#7624=CARTESIAN_POINT('Ctrl Pts',(-43.3798213451725,7.74212888292655,-7.15742840429884E-16));
#7625=CARTESIAN_POINT('Ctrl Pts',(-43.3798213451725,7.74212888292655,-3.6));
#7626=CARTESIAN_POINT('Ctrl Pts',(-43.8156881403799,7.50649701891068,-7.15742840429884E-16));
#7627=CARTESIAN_POINT('Ctrl Pts',(-43.8156881403799,7.50649701891068,-3.6));
#7628=CARTESIAN_POINT('Ctrl Pts',(-44.2367772267133,7.25331752901731,-7.15742840429884E-16));
#7629=CARTESIAN_POINT('Ctrl Pts',(-44.2367772267133,7.25331752901731,-3.6));
#7630=CARTESIAN_POINT('Ctrl Pts',(-44.7777099443106,6.89297829428569,-7.15742840429884E-16));
#7631=CARTESIAN_POINT('Ctrl Pts',(-44.7777099443106,6.89297829428569,-3.6));
#7632=CARTESIAN_POINT('Ctrl Pts',(-45.4137010327034,6.40117130566913,-7.15742840429884E-16));
#7633=CARTESIAN_POINT('Ctrl Pts',(-45.4137010327034,6.40117130566913,-3.6));
#7634=CARTESIAN_POINT('Ctrl Pts',(-46.1072115213439,5.74886099358124,-7.15742840429884E-16));
#7635=CARTESIAN_POINT('Ctrl Pts',(-46.1072115213439,5.74886099358124,-3.6));
#7636=CARTESIAN_POINT('Ctrl Pts',(-46.622418975495,5.15694506065814,-7.15742840429884E-16));
#7637=CARTESIAN_POINT('Ctrl Pts',(-46.622418975495,5.15694506065814,-3.6));
#7638=CARTESIAN_POINT('Ctrl Pts',(-46.9941708796486,4.65646955796891,-7.15742840429884E-16));
#7639=CARTESIAN_POINT('Ctrl Pts',(-46.9941708796486,4.65646955796891,-3.6));
#7640=CARTESIAN_POINT('Ctrl Pts',(-47.3377982458686,4.13896117499414,-7.15742840429884E-16));
#7641=CARTESIAN_POINT('Ctrl Pts',(-47.3377982458686,4.13896117499414,-3.6));
#7642=CARTESIAN_POINT('Ctrl Pts',(-47.7090253963354,3.46854067547668,-7.15742840429884E-16));
#7643=CARTESIAN_POINT('Ctrl Pts',(-47.7090253963354,3.46854067547668,-3.6));
#7644=CARTESIAN_POINT('Ctrl Pts',(-48.0597298430713,2.63125373711165,-7.15742840429884E-16));
#7645=CARTESIAN_POINT('Ctrl Pts',(-48.0597298430713,2.63125373711165,-3.6));
#7646=CARTESIAN_POINT('Ctrl Pts',(-48.3129024720592,1.76800637130798,-7.15742840429884E-16));
#7647=CARTESIAN_POINT('Ctrl Pts',(-48.3129024720592,1.76800637130798,-3.6));
#7648=CARTESIAN_POINT('Ctrl Pts',(-48.4406599320152,1.03233637854273,-7.15742840429884E-16));
#7649=CARTESIAN_POINT('Ctrl Pts',(-48.4406599320152,1.03233637854273,-3.6));
#7650=CARTESIAN_POINT('Ctrl Pts',(-48.4917913134996,0.437604590029538,-7.15742840429884E-16));
#7651=CARTESIAN_POINT('Ctrl Pts',(-48.4917913134996,0.437604590029538,-3.6));
#7652=CARTESIAN_POINT('Ctrl Pts',(-48.5043406389464,-0.0111346339679557,
-7.15742840429884E-16));
#7653=CARTESIAN_POINT('Ctrl Pts',(-48.5043406389464,-0.0111346339679557,
-3.6));
#7654=CARTESIAN_POINT('Ctrl Pts',(-48.4908399584994,-0.459846243301302,
-7.15742840429884E-16));
#7655=CARTESIAN_POINT('Ctrl Pts',(-48.4908399584994,-0.459846243301302,
-3.6));
#7656=CARTESIAN_POINT('Ctrl Pts',(-48.4384477862548,-1.05446829025893,-7.15742840429884E-16));
#7657=CARTESIAN_POINT('Ctrl Pts',(-48.4384477862548,-1.05446829025893,-3.6));
#7658=CARTESIAN_POINT('Ctrl Pts',(-48.3091309011564,-1.78986576785734,-7.15742840429884E-16));
#7659=CARTESIAN_POINT('Ctrl Pts',(-48.3091309011564,-1.78986576785734,-3.6));
#7660=CARTESIAN_POINT('Ctrl Pts',(-48.0541286489268,-2.65257443594491,-7.15742840429884E-16));
#7661=CARTESIAN_POINT('Ctrl Pts',(-48.0541286489268,-2.65257443594491,-3.6));
#7662=CARTESIAN_POINT('Ctrl Pts',(-47.7016498374975,-3.48911595530328,-7.15742840429884E-16));
#7663=CARTESIAN_POINT('Ctrl Pts',(-47.7016498374975,-3.48911595530328,-3.6));
#7664=CARTESIAN_POINT('Ctrl Pts',(-47.3290021461541,-4.15874790014566,-7.15742840429884E-16));
#7665=CARTESIAN_POINT('Ctrl Pts',(-47.3290021461541,-4.15874790014566,-3.6));
#7666=CARTESIAN_POINT('Ctrl Pts',(-46.9842783698143,-4.67552658710025,-7.15742840429884E-16));
#7667=CARTESIAN_POINT('Ctrl Pts',(-46.9842783698143,-4.67552658710025,-3.6));
#7668=CARTESIAN_POINT('Ctrl Pts',(-46.6114662305837,-5.17521280451689,-7.15742840429884E-16));
#7669=CARTESIAN_POINT('Ctrl Pts',(-46.6114662305837,-5.17521280451689,-3.6));
#7670=CARTESIAN_POINT('Ctrl Pts',(-46.0950049986338,-5.76603510297374,-7.15742840429884E-16));
#7671=CARTESIAN_POINT('Ctrl Pts',(-46.0950049986338,-5.76603510297374,-3.6));
#7672=CARTESIAN_POINT('Ctrl Pts',(-45.4001130892974,-6.41687362015706,-7.15742840429884E-16));
#7673=CARTESIAN_POINT('Ctrl Pts',(-45.4001130892974,-6.41687362015706,-3.6));
#7674=CARTESIAN_POINT('Ctrl Pts',(-44.7630807380291,-6.90733112290796,-7.15742840429884E-16));
#7675=CARTESIAN_POINT('Ctrl Pts',(-44.7630807380291,-6.90733112290796,-3.6));
#7676=CARTESIAN_POINT('Ctrl Pts',(-44.2213852719747,-7.26652270286272,-7.15742840429884E-16));
#7677=CARTESIAN_POINT('Ctrl Pts',(-44.2213852719747,-7.26652270286272,-3.6));
#7678=CARTESIAN_POINT('Ctrl Pts',(-43.7997603598835,-7.51880886228452,-7.15742840429884E-16));
#7679=CARTESIAN_POINT('Ctrl Pts',(-43.7997603598835,-7.51880886228452,-3.6));
#7680=CARTESIAN_POINT('Ctrl Pts',(-43.3633949752892,-7.75351610467794,-7.15742840429884E-16));
#7681=CARTESIAN_POINT('Ctrl Pts',(-43.3633949752892,-7.75351610467794,-3.6));
#7682=CARTESIAN_POINT('Ctrl Pts',(-42.7630600548466,-8.04213785014923,-7.15742840429884E-16));
#7683=CARTESIAN_POINT('Ctrl Pts',(-42.7630600548466,-8.04213785014923,-3.6));
#7684=CARTESIAN_POINT('Ctrl Pts',(-41.9876892253183,-8.35289464782949,-7.15742840429884E-16));
#7685=CARTESIAN_POINT('Ctrl Pts',(-41.9876892253183,-8.35289464782949,-3.6));
#7686=CARTESIAN_POINT('Ctrl Pts',(-41.0227319049389,-8.64536003135013,-7.15742840429884E-16));
#7687=CARTESIAN_POINT('Ctrl Pts',(-41.0227319049389,-8.64536003135013,-3.6));
#7688=CARTESIAN_POINT('Ctrl Pts',(-40.0306502784971,-8.85580056011992,-7.15742840429884E-16));
#7689=CARTESIAN_POINT('Ctrl Pts',(-40.0306502784971,-8.85580056011992,-3.6));
#7690=CARTESIAN_POINT('Ctrl Pts',(-39.1868524963141,-8.96168132413253,-7.15742840429884E-16));
#7691=CARTESIAN_POINT('Ctrl Pts',(-39.1868524963141,-8.96168132413253,-3.6));
#7692=CARTESIAN_POINT('Ctrl Pts',(-38.5052253507858,-9.00393194530786,-7.15742840429884E-16));
#7693=CARTESIAN_POINT('Ctrl Pts',(-38.5052253507858,-9.00393194530786,-3.6));
#7694=CARTESIAN_POINT('Ctrl Pts',(-37.9910440033158,-9.01419726884908,-7.15742840429884E-16));
#7695=CARTESIAN_POINT('Ctrl Pts',(-37.9910440033158,-9.01419726884908,-3.6));
#7696=CARTESIAN_POINT('Ctrl Pts',(-37.4768855752197,-9.00284183969867,-7.15742840429884E-16));
#7697=CARTESIAN_POINT('Ctrl Pts',(-37.4768855752197,-9.00284183969867,-3.6));
#7698=CARTESIAN_POINT('Ctrl Pts',(-36.7953495382204,-8.95914617879344,-7.15742840429884E-16));
#7699=CARTESIAN_POINT('Ctrl Pts',(-36.7953495382204,-8.95914617879344,-3.6));
#7700=CARTESIAN_POINT('Ctrl Pts',(-35.9517781328899,-8.85147669605206,-7.15742840429884E-16));
#7701=CARTESIAN_POINT('Ctrl Pts',(-35.9517781328899,-8.85147669605206,-3.6));
#7702=CARTESIAN_POINT('Ctrl Pts',(-34.9601448963252,-8.63893330327701,-7.15742840429884E-16));
#7703=CARTESIAN_POINT('Ctrl Pts',(-34.9601448963252,-8.63893330327701,-3.6));
#7704=CARTESIAN_POINT('Ctrl Pts',(-33.9958098077991,-8.3444227470161,-7.15742840429884E-16));
#7705=CARTESIAN_POINT('Ctrl Pts',(-33.9958098077991,-8.3444227470161,-3.6));
#7706=CARTESIAN_POINT('Ctrl Pts',(-33.2210995641174,-8.03202276474572,-7.15742840429884E-16));
#7707=CARTESIAN_POINT('Ctrl Pts',(-33.2210995641174,-8.03202276474572,-3.6));
#7708=CARTESIAN_POINT('Ctrl Pts',(-32.6213779070585,-7.74212888292654,-7.15742840429884E-16));
#7709=CARTESIAN_POINT('Ctrl Pts',(-32.6213779070585,-7.74212888292654,-3.6));
#7710=CARTESIAN_POINT('Ctrl Pts',(-32.185511111851,-7.50649701891066,-7.15742840429884E-16));
#7711=CARTESIAN_POINT('Ctrl Pts',(-32.185511111851,-7.50649701891066,-3.6));
#7712=CARTESIAN_POINT('Ctrl Pts',(-31.7644220255177,-7.25331752901729,-7.15742840429884E-16));
#7713=CARTESIAN_POINT('Ctrl Pts',(-31.7644220255177,-7.25331752901729,-3.6));
#7714=CARTESIAN_POINT('Ctrl Pts',(-31.2234893079203,-6.89297829428566,-7.15742840429884E-16));
#7715=CARTESIAN_POINT('Ctrl Pts',(-31.2234893079203,-6.89297829428566,-3.6));
#7716=CARTESIAN_POINT('Ctrl Pts',(-30.5874982195275,-6.40117130566911,-7.15742840429884E-16));
#7717=CARTESIAN_POINT('Ctrl Pts',(-30.5874982195275,-6.40117130566911,-3.6));
#7718=CARTESIAN_POINT('Ctrl Pts',(-29.8939877308869,-5.74886099358122,-7.15742840429884E-16));
#7719=CARTESIAN_POINT('Ctrl Pts',(-29.8939877308869,-5.74886099358122,-3.6));
#7720=CARTESIAN_POINT('Ctrl Pts',(-29.378780276736,-5.15694506065813,-7.15742840429884E-16));
#7721=CARTESIAN_POINT('Ctrl Pts',(-29.378780276736,-5.15694506065813,-3.6));
#7722=CARTESIAN_POINT('Ctrl Pts',(-29.0070283725824,-4.65646955796889,-7.15742840429884E-16));
#7723=CARTESIAN_POINT('Ctrl Pts',(-29.0070283725824,-4.65646955796889,-3.6));
#7724=CARTESIAN_POINT('Ctrl Pts',(-28.6634010063624,-4.13896117499412,-7.15742840429884E-16));
#7725=CARTESIAN_POINT('Ctrl Pts',(-28.6634010063624,-4.13896117499412,-3.6));
#7726=CARTESIAN_POINT('Ctrl Pts',(-28.2921738558955,-3.46854067547667,-7.15742840429884E-16));
#7727=CARTESIAN_POINT('Ctrl Pts',(-28.2921738558955,-3.46854067547667,-3.6));
#7728=CARTESIAN_POINT('Ctrl Pts',(-27.9414694091596,-2.63125373711163,-7.15742840429884E-16));
#7729=CARTESIAN_POINT('Ctrl Pts',(-27.9414694091596,-2.63125373711163,-3.6));
#7730=CARTESIAN_POINT('Ctrl Pts',(-27.6882967801718,-1.76800637130796,-7.15742840429884E-16));
#7731=CARTESIAN_POINT('Ctrl Pts',(-27.6882967801718,-1.76800637130796,-3.6));
#7732=CARTESIAN_POINT('Ctrl Pts',(-27.5605393202157,-1.03233637854271,-7.15742840429884E-16));
#7733=CARTESIAN_POINT('Ctrl Pts',(-27.5605393202157,-1.03233637854271,-3.6));
#7734=CARTESIAN_POINT('Ctrl Pts',(-27.5094079387314,-0.437604590029504,
-7.15742840429884E-16));
#7735=CARTESIAN_POINT('Ctrl Pts',(-27.5094079387314,-0.437604590029504,
-3.6));
#7736=CARTESIAN_POINT('Ctrl Pts',(-27.5010417217668,-0.138445107364544,
-7.15742840429884E-16));
#7737=CARTESIAN_POINT('Ctrl Pts',(-27.5010417217668,-0.138445107364544,
-3.6));
#7738=CARTESIAN_POINT('Ctrl Pts',(-27.5012002809335,0.0111300315239204,
-7.15742840429884E-16));
#7739=CARTESIAN_POINT('Ctrl Pts',(-27.5012002809335,0.0111300315239204,
-3.6));
#7740=CARTESIAN_POINT('',(-27.5012002809335,0.0111300315239204,-7.15742840429884E-16));
#7741=CARTESIAN_POINT('Origin',(-1.38777878078145E-14,-1.,-3.));
#7742=CARTESIAN_POINT('Origin',(3.525977875845E-16,4.407472344807E-17,0.));
#7743=CARTESIAN_POINT('',(48.4988,0.0106,0.));
#7744=CARTESIAN_POINT('Ctrl Pts',(48.4988,0.0106,-7.17436906324392E-16));
#7745=CARTESIAN_POINT('Ctrl Pts',(48.4988,0.160013590464419,-1.14730612705595E-15));
#7746=CARTESIAN_POINT('Ctrl Pts',(48.4901147051749,0.458840771393204,-7.17436906324392E-16));
#7747=CARTESIAN_POINT('Ctrl Pts',(48.4383413681507,1.05287417114465,-7.17436906324392E-16));
#7748=CARTESIAN_POINT('Ctrl Pts',(48.309776101679,1.78760729279712,-7.17436906324392E-16));
#7749=CARTESIAN_POINT('Ctrl Pts',(48.0556371287763,2.64963243374681,-7.17436906324392E-16));
#7750=CARTESIAN_POINT('Ctrl Pts',(47.7039816519889,3.48560498785053,-7.17436906324392E-16));
#7751=CARTESIAN_POINT('Ctrl Pts',(47.3319857559737,4.15486111332622,-7.17436906324392E-16));
#7752=CARTESIAN_POINT('Ctrl Pts',(46.987762962381,4.67140056650021,-7.17436906324392E-16));
#7753=CARTESIAN_POINT('Ctrl Pts',(46.6154345157772,5.17089104255549,-7.17436906324392E-16));
#7754=CARTESIAN_POINT('Ctrl Pts',(46.0995450178956,5.76155099144033,-7.17436906324392E-16));
#7755=CARTESIAN_POINT('Ctrl Pts',(45.4052852100822,6.41232951475561,-7.17436906324392E-16));
#7756=CARTESIAN_POINT('Ctrl Pts',(44.7687322642365,6.90285228151749,-7.17436906324392E-16));
#7757=CARTESIAN_POINT('Ctrl Pts',(44.227389984593,7.26216691695305,-7.17436906324392E-16));
#7758=CARTESIAN_POINT('Ctrl Pts',(43.8060142083705,7.51458118250158,-7.17436906324392E-16));
#7759=CARTESIAN_POINT('Ctrl Pts',(43.3698816395143,7.74945272642489,-7.17436906324392E-16));
#7760=CARTESIAN_POINT('Ctrl Pts',(42.7698343167086,8.0383422378085,-7.17436906324392E-16));
#7761=CARTESIAN_POINT('Ctrl Pts',(41.994775371632,8.34952129084171,-7.17436906324392E-16));
#7762=CARTESIAN_POINT('Ctrl Pts',(41.0301140476518,8.6426307659711,-7.17436906324392E-16));
#7763=CARTESIAN_POINT('Ctrl Pts',(40.0382467934946,8.8538487652708,-7.17436906324392E-16));
#7764=CARTESIAN_POINT('Ctrl Pts',(39.194556987587,8.96048518232736,-7.17436906324392E-16));
#7765=CARTESIAN_POINT('Ctrl Pts',(38.5129721264956,9.00340245553165,-7.17436906324392E-16));
#7766=CARTESIAN_POINT('Ctrl Pts',(37.9988,9.01419877223419,-7.17436906324392E-16));
#7767=CARTESIAN_POINT('Ctrl Pts',(37.4846278735045,9.00340245553166,-7.17436906324392E-16));
#7768=CARTESIAN_POINT('Ctrl Pts',(36.803043012413,8.96048518232737,-7.17436906324392E-16));
#7769=CARTESIAN_POINT('Ctrl Pts',(35.9593532065055,8.8538487652708,-7.17436906324392E-16));
#7770=CARTESIAN_POINT('Ctrl Pts',(34.9674859523482,8.64263076597111,-7.17436906324392E-16));
#7771=CARTESIAN_POINT('Ctrl Pts',(34.0028246283681,8.34952129084171,-7.17436906324392E-16));
#7772=CARTESIAN_POINT('Ctrl Pts',(33.2277656832914,8.03834223780851,-7.17436906324392E-16));
#7773=CARTESIAN_POINT('Ctrl Pts',(32.6277183604857,7.7494527264249,-7.17436906324392E-16));
#7774=CARTESIAN_POINT('Ctrl Pts',(32.1915857916295,7.51458118250158,-7.17436906324392E-16));
#7775=CARTESIAN_POINT('Ctrl Pts',(31.770210015407,7.26216691695306,-7.17436906324392E-16));
#7776=CARTESIAN_POINT('Ctrl Pts',(31.2288677357635,6.9028522815175,-7.17436906324392E-16));
#7777=CARTESIAN_POINT('Ctrl Pts',(30.5923147899179,6.41232951475563,-7.17436906324392E-16));
#7778=CARTESIAN_POINT('Ctrl Pts',(29.8980549821043,5.76155099144034,-7.17436906324392E-16));
#7779=CARTESIAN_POINT('Ctrl Pts',(29.3821654842228,5.17089104255551,-7.17436906324392E-16));
#7780=CARTESIAN_POINT('Ctrl Pts',(29.0098370376191,4.67140056650023,-7.17436906324392E-16));
#7781=CARTESIAN_POINT('Ctrl Pts',(28.6656142440263,4.15486111332624,-7.17436906324392E-16));
#7782=CARTESIAN_POINT('Ctrl Pts',(28.2936183480111,3.48560498785054,-7.17436906324392E-16));
#7783=CARTESIAN_POINT('Ctrl Pts',(27.9419628712238,2.64963243374682,-7.17436906324392E-16));
#7784=CARTESIAN_POINT('Ctrl Pts',(27.687823898321,1.78760729279714,-7.17436906324392E-16));
#7785=CARTESIAN_POINT('Ctrl Pts',(27.5592586318493,1.05287417114466,-7.17436906324392E-16));
#7786=CARTESIAN_POINT('Ctrl Pts',(27.5074852948252,0.458840771393236,-7.17436906324392E-16));
#7787=CARTESIAN_POINT('Ctrl Pts',(27.4944573525874,0.0106000000000196,-7.17436906324392E-16));
#7788=CARTESIAN_POINT('Ctrl Pts',(27.5074852948252,-0.437640771393198,-7.17436906324392E-16));
#7789=CARTESIAN_POINT('Ctrl Pts',(27.5592586318493,-1.03167417114462,-7.17436906324392E-16));
#7790=CARTESIAN_POINT('Ctrl Pts',(27.687823898321,-1.76640729279711,-7.17436906324392E-16));
#7791=CARTESIAN_POINT('Ctrl Pts',(27.9419628712237,-2.62843243374679,-7.17436906324392E-16));
#7792=CARTESIAN_POINT('Ctrl Pts',(28.2936183480112,-3.46440498785051,-7.17436906324392E-16));
#7793=CARTESIAN_POINT('Ctrl Pts',(28.6656142440263,-4.1336611133262,-7.17436906324392E-16));
#7794=CARTESIAN_POINT('Ctrl Pts',(29.009837037619,-4.6502005665002,-7.17436906324392E-16));
#7795=CARTESIAN_POINT('Ctrl Pts',(29.3821654842228,-5.14969104255548,-7.17436906324392E-16));
#7796=CARTESIAN_POINT('Ctrl Pts',(29.8980549821043,-5.74035099144031,-7.17436906324392E-16));
#7797=CARTESIAN_POINT('Ctrl Pts',(30.5923147899178,-6.3911295147556,-7.17436906324392E-16));
#7798=CARTESIAN_POINT('Ctrl Pts',(31.2288677357635,-6.88165228151747,-7.17436906324392E-16));
#7799=CARTESIAN_POINT('Ctrl Pts',(31.7702100154069,-7.24096691695304,-7.17436906324392E-16));
#7800=CARTESIAN_POINT('Ctrl Pts',(32.1915857916295,-7.49338118250156,-7.17436906324392E-16));
#7801=CARTESIAN_POINT('Ctrl Pts',(32.6277183604857,-7.72825272642488,-7.17436906324392E-16));
#7802=CARTESIAN_POINT('Ctrl Pts',(33.2277656832914,-8.01714223780849,-7.17436906324392E-16));
#7803=CARTESIAN_POINT('Ctrl Pts',(34.002824628368,-8.3283212908417,-7.17436906324392E-16));
#7804=CARTESIAN_POINT('Ctrl Pts',(34.9674859523481,-8.6214307659711,-7.17436906324392E-16));
#7805=CARTESIAN_POINT('Ctrl Pts',(35.9593532065054,-8.83264876527079,-7.17436906324392E-16));
#7806=CARTESIAN_POINT('Ctrl Pts',(36.8030430124129,-8.93928518232737,-7.17436906324392E-16));
#7807=CARTESIAN_POINT('Ctrl Pts',(37.4846278735044,-8.98220245553165,-7.17436906324392E-16));
#7808=CARTESIAN_POINT('Ctrl Pts',(37.9988,-8.9929987722342,-7.17436906324392E-16));
#7809=CARTESIAN_POINT('Ctrl Pts',(38.5129721264955,-8.98220245553166,-7.17436906324392E-16));
#7810=CARTESIAN_POINT('Ctrl Pts',(39.194556987587,-8.93928518232738,-7.17436906324392E-16));
#7811=CARTESIAN_POINT('Ctrl Pts',(40.0382467934945,-8.83264876527081,-7.17436906324392E-16));
#7812=CARTESIAN_POINT('Ctrl Pts',(41.0301140476518,-8.62143076597112,-7.17436906324392E-16));
#7813=CARTESIAN_POINT('Ctrl Pts',(41.9947753716319,-8.32832129084173,-7.17436906324392E-16));
#7814=CARTESIAN_POINT('Ctrl Pts',(42.7698343167085,-8.01714223780854,-7.17436906324392E-16));
#7815=CARTESIAN_POINT('Ctrl Pts',(43.3698816395143,-7.72825272642492,-7.17436906324392E-16));
#7816=CARTESIAN_POINT('Ctrl Pts',(43.8060142083704,-7.49338118250161,-7.17436906324392E-16));
#7817=CARTESIAN_POINT('Ctrl Pts',(44.227389984593,-7.24096691695309,-7.17436906324392E-16));
#7818=CARTESIAN_POINT('Ctrl Pts',(44.7687322642365,-6.88165228151753,-7.17436906324392E-16));
#7819=CARTESIAN_POINT('Ctrl Pts',(45.4052852100821,-6.39112951475567,-7.17436906324392E-16));
#7820=CARTESIAN_POINT('Ctrl Pts',(46.0995450178956,-5.74035099144038,-7.17436906324392E-16));
#7821=CARTESIAN_POINT('Ctrl Pts',(46.6154345157772,-5.14969104255556,-7.17436906324392E-16));
#7822=CARTESIAN_POINT('Ctrl Pts',(46.9877629623809,-4.65020056650028,-7.17436906324392E-16));
#7823=CARTESIAN_POINT('Ctrl Pts',(47.3319857559737,-4.13366111332629,-7.17436906324392E-16));
#7824=CARTESIAN_POINT('Ctrl Pts',(47.7039816519889,-3.4644049878506,-7.17436906324392E-16));
#7825=CARTESIAN_POINT('Ctrl Pts',(48.0556371287763,-2.62843243374688,-7.17436906324392E-16));
#7826=CARTESIAN_POINT('Ctrl Pts',(48.3097761016789,-1.7664072927972,-7.17436906324392E-16));
#7827=CARTESIAN_POINT('Ctrl Pts',(48.4383413681507,-1.0316741711447,-7.17436906324392E-16));
#7828=CARTESIAN_POINT('Ctrl Pts',(48.4901147051748,-0.437640771393313,-7.17436906324392E-16));
#7829=CARTESIAN_POINT('Ctrl Pts',(48.4988,-0.138813590464419,-7.17436906324392E-16));
#7830=CARTESIAN_POINT('Ctrl Pts',(48.4988,0.0106,-7.17436906324392E-16));
#7831=CARTESIAN_POINT('',(47.4988,0.0106,0.));
#7832=CARTESIAN_POINT('Ctrl Pts',(47.4988,0.0106,-7.17436906324392E-16));
#7833=CARTESIAN_POINT('Ctrl Pts',(47.4988,0.140673035219996,-1.14730612705595E-15));
#7834=CARTESIAN_POINT('Ctrl Pts',(47.4912398243411,0.400819105659944,-7.17436906324392E-16));
#7835=CARTESIAN_POINT('Ctrl Pts',(47.4461552260246,0.918143772138948,-7.17436906324392E-16));
#7836=CARTESIAN_POINT('Ctrl Pts',(47.3341012888143,1.55875522836056,-7.17436906324392E-16));
#7837=CARTESIAN_POINT('Ctrl Pts',(47.1119441233392,2.31257900809627,-7.17436906324392E-16));
#7838=CARTESIAN_POINT('Ctrl Pts',(46.803286781213,3.04658607769543,-7.17436906324392E-16));
#7839=CARTESIAN_POINT('Ctrl Pts',(46.4751855385156,3.63706724821712,-7.17436906324392E-16));
#7840=CARTESIAN_POINT('Ctrl Pts',(46.1702748486359,4.09465158609407,-7.17436906324392E-16));
#7841=CARTESIAN_POINT('Ctrl Pts',(45.8395723012981,4.53833261821335,-7.17436906324392E-16));
#7842=CARTESIAN_POINT('Ctrl Pts',(45.3795206107545,5.06521022493653,-7.17436906324392E-16));
#7843=CARTESIAN_POINT('Ctrl Pts',(44.7570200621038,5.64887520674463,-7.17436906324392E-16));
#7844=CARTESIAN_POINT('Ctrl Pts',(44.1833501383081,6.09104497350815,-7.17436906324392E-16));
#7845=CARTESIAN_POINT('Ctrl Pts',(43.6937687167746,6.41602128735811,-7.17436906324392E-16));
#7846=CARTESIAN_POINT('Ctrl Pts',(43.3118616410508,6.64480537724636,-7.17436906324392E-16));
#7847=CARTESIAN_POINT('Ctrl Pts',(42.9157785796771,6.85812028299223,-7.17436906324392E-16));
#7848=CARTESIAN_POINT('Ctrl Pts',(42.369799706149,7.12099286017978,-7.17436906324392E-16));
#7849=CARTESIAN_POINT('Ctrl Pts',(41.6628138942315,7.40489704806457,-7.17436906324392E-16));
#7850=CARTESIAN_POINT('Ctrl Pts',(40.7804406496611,7.67305325251831,-7.17436906324392E-16));
#7851=CARTESIAN_POINT('Ctrl Pts',(39.8713090973622,7.86668702919875,-7.17436906324392E-16));
#7852=CARTESIAN_POINT('Ctrl Pts',(39.0969464771183,7.96457692115287,-7.17436906324392E-16));
#7853=CARTESIAN_POINT('Ctrl Pts',(38.4710512579166,8.0039888948707,-7.17436906324392E-16));
#7854=CARTESIAN_POINT('Ctrl Pts',(37.9988,8.01390555256467,-7.17436906324392E-16));
#7855=CARTESIAN_POINT('Ctrl Pts',(37.5265487420834,8.0039888948707,-7.17436906324392E-16));
#7856=CARTESIAN_POINT('Ctrl Pts',(36.9006535228817,7.96457692115287,-7.17436906324392E-16));
#7857=CARTESIAN_POINT('Ctrl Pts',(36.1262909026378,7.86668702919876,-7.17436906324392E-16));
#7858=CARTESIAN_POINT('Ctrl Pts',(35.2171593503389,7.67305325251831,-7.17436906324392E-16));
#7859=CARTESIAN_POINT('Ctrl Pts',(34.3347861057685,7.40489704806458,-7.17436906324392E-16));
#7860=CARTESIAN_POINT('Ctrl Pts',(33.6278002938511,7.12099286017979,-7.17436906324392E-16));
#7861=CARTESIAN_POINT('Ctrl Pts',(33.081821420323,6.85812028299223,-7.17436906324392E-16));
#7862=CARTESIAN_POINT('Ctrl Pts',(32.6857383589493,6.64480537724637,-7.17436906324392E-16));
#7863=CARTESIAN_POINT('Ctrl Pts',(32.3038312832254,6.41602128735811,-7.17436906324392E-16));
#7864=CARTESIAN_POINT('Ctrl Pts',(31.8142498616919,6.09104497350816,-7.17436906324392E-16));
#7865=CARTESIAN_POINT('Ctrl Pts',(31.2405799378963,5.64887520674464,-7.17436906324392E-16));
#7866=CARTESIAN_POINT('Ctrl Pts',(30.6180793892455,5.06521022493653,-7.17436906324392E-16));
#7867=CARTESIAN_POINT('Ctrl Pts',(30.158027698702,4.53833261821336,-7.17436906324392E-16));
#7868=CARTESIAN_POINT('Ctrl Pts',(29.8273251513641,4.09465158609408,-7.17436906324392E-16));
#7869=CARTESIAN_POINT('Ctrl Pts',(29.5224144614844,3.63706724821714,-7.17436906324392E-16));
#7870=CARTESIAN_POINT('Ctrl Pts',(29.194313218787,3.04658607769545,-7.17436906324392E-16));
#7871=CARTESIAN_POINT('Ctrl Pts',(28.8856558766608,2.3125790080963,-7.17436906324392E-16));
#7872=CARTESIAN_POINT('Ctrl Pts',(28.6634987111858,1.55875522836058,-7.17436906324392E-16));
#7873=CARTESIAN_POINT('Ctrl Pts',(28.5514447739754,0.918143772138971,-7.17436906324392E-16));
#7874=CARTESIAN_POINT('Ctrl Pts',(28.5063601756588,0.400819105659962,-7.17436906324392E-16));
#7875=CARTESIAN_POINT('Ctrl Pts',(28.4950199121706,0.0106000000000164,-7.17436906324392E-16));
#7876=CARTESIAN_POINT('Ctrl Pts',(28.5063601756588,-0.379619105659926,-7.17436906324392E-16));
#7877=CARTESIAN_POINT('Ctrl Pts',(28.5514447739754,-0.896943772138936,-7.17436906324392E-16));
#7878=CARTESIAN_POINT('Ctrl Pts',(28.6634987111858,-1.53755522836054,-7.17436906324392E-16));
#7879=CARTESIAN_POINT('Ctrl Pts',(28.8856558766608,-2.29137900809628,-7.17436906324392E-16));
#7880=CARTESIAN_POINT('Ctrl Pts',(29.194313218787,-3.02538607769541,-7.17436906324392E-16));
#7881=CARTESIAN_POINT('Ctrl Pts',(29.5224144614843,-3.61586724821711,-7.17436906324392E-16));
#7882=CARTESIAN_POINT('Ctrl Pts',(29.8273251513641,-4.07345158609405,-7.17436906324392E-16));
#7883=CARTESIAN_POINT('Ctrl Pts',(30.1580276987019,-4.51713261821334,-7.17436906324392E-16));
#7884=CARTESIAN_POINT('Ctrl Pts',(30.6180793892455,-5.04401022493651,-7.17436906324392E-16));
#7885=CARTESIAN_POINT('Ctrl Pts',(31.2405799378962,-5.62767520674462,-7.17436906324392E-16));
#7886=CARTESIAN_POINT('Ctrl Pts',(31.8142498616917,-6.06984497350814,-7.17436906324392E-16));
#7887=CARTESIAN_POINT('Ctrl Pts',(32.3038312832254,-6.39482128735809,-7.17436906324392E-16));
#7888=CARTESIAN_POINT('Ctrl Pts',(32.6857383589493,-6.62360537724635,-7.17436906324392E-16));
#7889=CARTESIAN_POINT('Ctrl Pts',(33.0818214203229,-6.83692028299222,-7.17436906324392E-16));
#7890=CARTESIAN_POINT('Ctrl Pts',(33.627800293851,-7.09979286017977,-7.17436906324392E-16));
#7891=CARTESIAN_POINT('Ctrl Pts',(34.3347861057684,-7.38369704806456,-7.17436906324392E-16));
#7892=CARTESIAN_POINT('Ctrl Pts',(35.2171593503389,-7.6518532525183,-7.17436906324392E-16));
#7893=CARTESIAN_POINT('Ctrl Pts',(36.1262909026377,-7.84548702919875,-7.17436906324392E-16));
#7894=CARTESIAN_POINT('Ctrl Pts',(36.9006535228816,-7.94337692115287,-7.17436906324392E-16));
#7895=CARTESIAN_POINT('Ctrl Pts',(37.5265487420834,-7.9827888948707,-7.17436906324392E-16));
#7896=CARTESIAN_POINT('Ctrl Pts',(37.9988,-7.99270555256467,-7.17436906324392E-16));
#7897=CARTESIAN_POINT('Ctrl Pts',(38.4710512579165,-7.98278889487071,-7.17436906324392E-16));
#7898=CARTESIAN_POINT('Ctrl Pts',(39.0969464771182,-7.94337692115288,-7.17436906324392E-16));
#7899=CARTESIAN_POINT('Ctrl Pts',(39.8713090973622,-7.84548702919877,-7.17436906324392E-16));
#7900=CARTESIAN_POINT('Ctrl Pts',(40.7804406496611,-7.65185325251833,-7.17436906324392E-16));
#7901=CARTESIAN_POINT('Ctrl Pts',(41.6628138942315,-7.38369704806459,-7.17436906324392E-16));
#7902=CARTESIAN_POINT('Ctrl Pts',(42.3697997061489,-7.09979286017981,-7.17436906324392E-16));
#7903=CARTESIAN_POINT('Ctrl Pts',(42.9157785796771,-6.83692028299226,-7.17436906324392E-16));
#7904=CARTESIAN_POINT('Ctrl Pts',(43.3118616410507,-6.62360537724639,-7.17436906324392E-16));
#7905=CARTESIAN_POINT('Ctrl Pts',(43.6937687167746,-6.39482128735814,-7.17436906324392E-16));
#7906=CARTESIAN_POINT('Ctrl Pts',(44.1833501383081,-6.06984497350819,-7.17436906324392E-16));
#7907=CARTESIAN_POINT('Ctrl Pts',(44.7570200621037,-5.62767520674468,-7.17436906324392E-16));
#7908=CARTESIAN_POINT('Ctrl Pts',(45.3795206107545,-5.04401022493657,-7.17436906324392E-16));
#7909=CARTESIAN_POINT('Ctrl Pts',(45.839572301298,-4.51713261821341,-7.17436906324392E-16));
#7910=CARTESIAN_POINT('Ctrl Pts',(46.1702748486359,-4.07345158609412,-7.17436906324392E-16));
#7911=CARTESIAN_POINT('Ctrl Pts',(46.4751855385156,-3.61586724821719,-7.17436906324392E-16));
#7912=CARTESIAN_POINT('Ctrl Pts',(46.803286781213,-3.02538607769549,-7.17436906324392E-16));
#7913=CARTESIAN_POINT('Ctrl Pts',(47.1119441233392,-2.29137900809636,-7.17436906324392E-16));
#7914=CARTESIAN_POINT('Ctrl Pts',(47.3341012888142,-1.53755522836064,-7.17436906324392E-16));
#7915=CARTESIAN_POINT('Ctrl Pts',(47.4461552260246,-0.896943772139006,-7.17436906324392E-16));
#7916=CARTESIAN_POINT('Ctrl Pts',(47.4912398243411,-0.379619105660034,-7.17436906324392E-16));
#7917=CARTESIAN_POINT('Ctrl Pts',(47.4988,-0.119473035219996,-7.17436906324392E-16));
#7918=CARTESIAN_POINT('Ctrl Pts',(47.4988,0.0106,-7.17436906324392E-16));
#7919=CARTESIAN_POINT('Ctrl Pts',(47.4988,0.0106,-7.17436906324392E-16));
#7920=CARTESIAN_POINT('Ctrl Pts',(47.4988,0.0106,-3.6));
#7921=CARTESIAN_POINT('Ctrl Pts',(47.4988,0.140673035219996,-1.14730612705595E-15));
#7922=CARTESIAN_POINT('Ctrl Pts',(47.4988,0.140673035219996,-3.6));
#7923=CARTESIAN_POINT('Ctrl Pts',(47.4912398243411,0.400819105659944,-7.17436906324392E-16));
#7924=CARTESIAN_POINT('Ctrl Pts',(47.4912398243411,0.400819105659944,-3.6));
#7925=CARTESIAN_POINT('Ctrl Pts',(47.4461552260246,0.918143772138948,-7.17436906324392E-16));
#7926=CARTESIAN_POINT('Ctrl Pts',(47.4461552260246,0.918143772138948,-3.6));
#7927=CARTESIAN_POINT('Ctrl Pts',(47.3341012888143,1.55875522836056,-7.17436906324392E-16));
#7928=CARTESIAN_POINT('Ctrl Pts',(47.3341012888143,1.55875522836056,-3.6));
#7929=CARTESIAN_POINT('Ctrl Pts',(47.1119441233392,2.31257900809627,-7.17436906324392E-16));
#7930=CARTESIAN_POINT('Ctrl Pts',(47.1119441233392,2.31257900809627,-3.6));
#7931=CARTESIAN_POINT('Ctrl Pts',(46.803286781213,3.04658607769543,-7.17436906324392E-16));
#7932=CARTESIAN_POINT('Ctrl Pts',(46.803286781213,3.04658607769543,-3.6));
#7933=CARTESIAN_POINT('Ctrl Pts',(46.4751855385156,3.63706724821712,-7.17436906324392E-16));
#7934=CARTESIAN_POINT('Ctrl Pts',(46.4751855385156,3.63706724821712,-3.6));
#7935=CARTESIAN_POINT('Ctrl Pts',(46.1702748486359,4.09465158609407,-7.17436906324392E-16));
#7936=CARTESIAN_POINT('Ctrl Pts',(46.1702748486359,4.09465158609407,-3.6));
#7937=CARTESIAN_POINT('Ctrl Pts',(45.8395723012981,4.53833261821335,-7.17436906324392E-16));
#7938=CARTESIAN_POINT('Ctrl Pts',(45.8395723012981,4.53833261821335,-3.6));
#7939=CARTESIAN_POINT('Ctrl Pts',(45.3795206107545,5.06521022493653,-7.17436906324392E-16));
#7940=CARTESIAN_POINT('Ctrl Pts',(45.3795206107545,5.06521022493653,-3.6));
#7941=CARTESIAN_POINT('Ctrl Pts',(44.7570200621038,5.64887520674463,-7.17436906324392E-16));
#7942=CARTESIAN_POINT('Ctrl Pts',(44.7570200621038,5.64887520674463,-3.6));
#7943=CARTESIAN_POINT('Ctrl Pts',(44.1833501383081,6.09104497350815,-7.17436906324392E-16));
#7944=CARTESIAN_POINT('Ctrl Pts',(44.1833501383081,6.09104497350815,-3.6));
#7945=CARTESIAN_POINT('Ctrl Pts',(43.6937687167746,6.41602128735811,-7.17436906324392E-16));
#7946=CARTESIAN_POINT('Ctrl Pts',(43.6937687167746,6.41602128735811,-3.6));
#7947=CARTESIAN_POINT('Ctrl Pts',(43.3118616410508,6.64480537724636,-7.17436906324392E-16));
#7948=CARTESIAN_POINT('Ctrl Pts',(43.3118616410508,6.64480537724636,-3.6));
#7949=CARTESIAN_POINT('Ctrl Pts',(42.9157785796771,6.85812028299223,-7.17436906324392E-16));
#7950=CARTESIAN_POINT('Ctrl Pts',(42.9157785796771,6.85812028299223,-3.6));
#7951=CARTESIAN_POINT('Ctrl Pts',(42.369799706149,7.12099286017978,-7.17436906324392E-16));
#7952=CARTESIAN_POINT('Ctrl Pts',(42.369799706149,7.12099286017978,-3.6));
#7953=CARTESIAN_POINT('Ctrl Pts',(41.6628138942315,7.40489704806457,-7.17436906324392E-16));
#7954=CARTESIAN_POINT('Ctrl Pts',(41.6628138942315,7.40489704806457,-3.6));
#7955=CARTESIAN_POINT('Ctrl Pts',(40.7804406496611,7.67305325251831,-7.17436906324392E-16));
#7956=CARTESIAN_POINT('Ctrl Pts',(40.7804406496611,7.67305325251831,-3.6));
#7957=CARTESIAN_POINT('Ctrl Pts',(39.8713090973622,7.86668702919875,-7.17436906324392E-16));
#7958=CARTESIAN_POINT('Ctrl Pts',(39.8713090973622,7.86668702919875,-3.6));
#7959=CARTESIAN_POINT('Ctrl Pts',(39.0969464771183,7.96457692115287,-7.17436906324392E-16));
#7960=CARTESIAN_POINT('Ctrl Pts',(39.0969464771183,7.96457692115287,-3.6));
#7961=CARTESIAN_POINT('Ctrl Pts',(38.4710512579166,8.0039888948707,-7.17436906324392E-16));
#7962=CARTESIAN_POINT('Ctrl Pts',(38.4710512579166,8.0039888948707,-3.6));
#7963=CARTESIAN_POINT('Ctrl Pts',(37.9988,8.01390555256467,-7.17436906324392E-16));
#7964=CARTESIAN_POINT('Ctrl Pts',(37.9988,8.01390555256467,-3.6));
#7965=CARTESIAN_POINT('Ctrl Pts',(37.5265487420834,8.0039888948707,-7.17436906324392E-16));
#7966=CARTESIAN_POINT('Ctrl Pts',(37.5265487420834,8.0039888948707,-3.6));
#7967=CARTESIAN_POINT('Ctrl Pts',(36.9006535228817,7.96457692115287,-7.17436906324392E-16));
#7968=CARTESIAN_POINT('Ctrl Pts',(36.9006535228817,7.96457692115287,-3.6));
#7969=CARTESIAN_POINT('Ctrl Pts',(36.1262909026378,7.86668702919876,-7.17436906324392E-16));
#7970=CARTESIAN_POINT('Ctrl Pts',(36.1262909026378,7.86668702919876,-3.6));
#7971=CARTESIAN_POINT('Ctrl Pts',(35.2171593503389,7.67305325251831,-7.17436906324392E-16));
#7972=CARTESIAN_POINT('Ctrl Pts',(35.2171593503389,7.67305325251831,-3.6));
#7973=CARTESIAN_POINT('Ctrl Pts',(34.3347861057685,7.40489704806458,-7.17436906324392E-16));
#7974=CARTESIAN_POINT('Ctrl Pts',(34.3347861057685,7.40489704806458,-3.6));
#7975=CARTESIAN_POINT('Ctrl Pts',(33.6278002938511,7.12099286017979,-7.17436906324392E-16));
#7976=CARTESIAN_POINT('Ctrl Pts',(33.6278002938511,7.12099286017979,-3.6));
#7977=CARTESIAN_POINT('Ctrl Pts',(33.081821420323,6.85812028299223,-7.17436906324392E-16));
#7978=CARTESIAN_POINT('Ctrl Pts',(33.081821420323,6.85812028299223,-3.6));
#7979=CARTESIAN_POINT('Ctrl Pts',(32.6857383589493,6.64480537724637,-7.17436906324392E-16));
#7980=CARTESIAN_POINT('Ctrl Pts',(32.6857383589493,6.64480537724637,-3.6));
#7981=CARTESIAN_POINT('Ctrl Pts',(32.3038312832254,6.41602128735811,-7.17436906324392E-16));
#7982=CARTESIAN_POINT('Ctrl Pts',(32.3038312832254,6.41602128735811,-3.6));
#7983=CARTESIAN_POINT('Ctrl Pts',(31.8142498616919,6.09104497350816,-7.17436906324392E-16));
#7984=CARTESIAN_POINT('Ctrl Pts',(31.8142498616919,6.09104497350816,-3.6));
#7985=CARTESIAN_POINT('Ctrl Pts',(31.2405799378963,5.64887520674464,-7.17436906324392E-16));
#7986=CARTESIAN_POINT('Ctrl Pts',(31.2405799378963,5.64887520674464,-3.6));
#7987=CARTESIAN_POINT('Ctrl Pts',(30.6180793892455,5.06521022493653,-7.17436906324392E-16));
#7988=CARTESIAN_POINT('Ctrl Pts',(30.6180793892455,5.06521022493653,-3.6));
#7989=CARTESIAN_POINT('Ctrl Pts',(30.158027698702,4.53833261821336,-7.17436906324392E-16));
#7990=CARTESIAN_POINT('Ctrl Pts',(30.158027698702,4.53833261821336,-3.6));
#7991=CARTESIAN_POINT('Ctrl Pts',(29.8273251513641,4.09465158609408,-7.17436906324392E-16));
#7992=CARTESIAN_POINT('Ctrl Pts',(29.8273251513641,4.09465158609408,-3.6));
#7993=CARTESIAN_POINT('Ctrl Pts',(29.5224144614844,3.63706724821714,-7.17436906324392E-16));
#7994=CARTESIAN_POINT('Ctrl Pts',(29.5224144614844,3.63706724821714,-3.6));
#7995=CARTESIAN_POINT('Ctrl Pts',(29.194313218787,3.04658607769545,-7.17436906324392E-16));
#7996=CARTESIAN_POINT('Ctrl Pts',(29.194313218787,3.04658607769545,-3.6));
#7997=CARTESIAN_POINT('Ctrl Pts',(28.8856558766608,2.3125790080963,-7.17436906324392E-16));
#7998=CARTESIAN_POINT('Ctrl Pts',(28.8856558766608,2.3125790080963,-3.6));
#7999=CARTESIAN_POINT('Ctrl Pts',(28.6634987111858,1.55875522836058,-7.17436906324392E-16));
#8000=CARTESIAN_POINT('Ctrl Pts',(28.6634987111858,1.55875522836058,-3.6));
#8001=CARTESIAN_POINT('Ctrl Pts',(28.5514447739754,0.918143772138971,-7.17436906324392E-16));
#8002=CARTESIAN_POINT('Ctrl Pts',(28.5514447739754,0.918143772138971,-3.6));
#8003=CARTESIAN_POINT('Ctrl Pts',(28.5063601756588,0.400819105659962,-7.17436906324392E-16));
#8004=CARTESIAN_POINT('Ctrl Pts',(28.5063601756588,0.400819105659962,-3.6));
#8005=CARTESIAN_POINT('Ctrl Pts',(28.4950199121706,0.0106000000000164,-7.17436906324392E-16));
#8006=CARTESIAN_POINT('Ctrl Pts',(28.4950199121706,0.0106000000000164,-3.6));
#8007=CARTESIAN_POINT('Ctrl Pts',(28.5063601756588,-0.379619105659926,-7.17436906324392E-16));
#8008=CARTESIAN_POINT('Ctrl Pts',(28.5063601756588,-0.379619105659926,-3.6));
#8009=CARTESIAN_POINT('Ctrl Pts',(28.5514447739754,-0.896943772138936,-7.17436906324392E-16));
#8010=CARTESIAN_POINT('Ctrl Pts',(28.5514447739754,-0.896943772138936,-3.6));
#8011=CARTESIAN_POINT('Ctrl Pts',(28.6634987111858,-1.53755522836054,-7.17436906324392E-16));
#8012=CARTESIAN_POINT('Ctrl Pts',(28.6634987111858,-1.53755522836054,-3.6));
#8013=CARTESIAN_POINT('Ctrl Pts',(28.8856558766608,-2.29137900809628,-7.17436906324392E-16));
#8014=CARTESIAN_POINT('Ctrl Pts',(28.8856558766608,-2.29137900809628,-3.6));
#8015=CARTESIAN_POINT('Ctrl Pts',(29.194313218787,-3.02538607769541,-7.17436906324392E-16));
#8016=CARTESIAN_POINT('Ctrl Pts',(29.194313218787,-3.02538607769541,-3.6));
#8017=CARTESIAN_POINT('Ctrl Pts',(29.5224144614843,-3.61586724821711,-7.17436906324392E-16));
#8018=CARTESIAN_POINT('Ctrl Pts',(29.5224144614843,-3.61586724821711,-3.6));
#8019=CARTESIAN_POINT('Ctrl Pts',(29.8273251513641,-4.07345158609405,-7.17436906324392E-16));
#8020=CARTESIAN_POINT('Ctrl Pts',(29.8273251513641,-4.07345158609405,-3.6));
#8021=CARTESIAN_POINT('Ctrl Pts',(30.1580276987019,-4.51713261821334,-7.17436906324392E-16));
#8022=CARTESIAN_POINT('Ctrl Pts',(30.1580276987019,-4.51713261821334,-3.6));
#8023=CARTESIAN_POINT('Ctrl Pts',(30.6180793892455,-5.04401022493651,-7.17436906324392E-16));
#8024=CARTESIAN_POINT('Ctrl Pts',(30.6180793892455,-5.04401022493651,-3.6));
#8025=CARTESIAN_POINT('Ctrl Pts',(31.2405799378962,-5.62767520674462,-7.17436906324392E-16));
#8026=CARTESIAN_POINT('Ctrl Pts',(31.2405799378962,-5.62767520674462,-3.6));
#8027=CARTESIAN_POINT('Ctrl Pts',(31.8142498616917,-6.06984497350814,-7.17436906324392E-16));
#8028=CARTESIAN_POINT('Ctrl Pts',(31.8142498616917,-6.06984497350814,-3.6));
#8029=CARTESIAN_POINT('Ctrl Pts',(32.3038312832254,-6.39482128735809,-7.17436906324392E-16));
#8030=CARTESIAN_POINT('Ctrl Pts',(32.3038312832254,-6.39482128735809,-3.6));
#8031=CARTESIAN_POINT('Ctrl Pts',(32.6857383589493,-6.62360537724635,-7.17436906324392E-16));
#8032=CARTESIAN_POINT('Ctrl Pts',(32.6857383589493,-6.62360537724635,-3.6));
#8033=CARTESIAN_POINT('Ctrl Pts',(33.0818214203229,-6.83692028299222,-7.17436906324392E-16));
#8034=CARTESIAN_POINT('Ctrl Pts',(33.0818214203229,-6.83692028299222,-3.6));
#8035=CARTESIAN_POINT('Ctrl Pts',(33.627800293851,-7.09979286017977,-7.17436906324392E-16));
#8036=CARTESIAN_POINT('Ctrl Pts',(33.627800293851,-7.09979286017977,-3.6));
#8037=CARTESIAN_POINT('Ctrl Pts',(34.3347861057684,-7.38369704806456,-7.17436906324392E-16));
#8038=CARTESIAN_POINT('Ctrl Pts',(34.3347861057684,-7.38369704806456,-3.6));
#8039=CARTESIAN_POINT('Ctrl Pts',(35.2171593503389,-7.6518532525183,-7.17436906324392E-16));
#8040=CARTESIAN_POINT('Ctrl Pts',(35.2171593503389,-7.6518532525183,-3.6));
#8041=CARTESIAN_POINT('Ctrl Pts',(36.1262909026377,-7.84548702919875,-7.17436906324392E-16));
#8042=CARTESIAN_POINT('Ctrl Pts',(36.1262909026377,-7.84548702919875,-3.6));
#8043=CARTESIAN_POINT('Ctrl Pts',(36.9006535228816,-7.94337692115287,-7.17436906324392E-16));
#8044=CARTESIAN_POINT('Ctrl Pts',(36.9006535228816,-7.94337692115287,-3.6));
#8045=CARTESIAN_POINT('Ctrl Pts',(37.5265487420834,-7.9827888948707,-7.17436906324392E-16));
#8046=CARTESIAN_POINT('Ctrl Pts',(37.5265487420834,-7.9827888948707,-3.6));
#8047=CARTESIAN_POINT('Ctrl Pts',(37.9988,-7.99270555256467,-7.17436906324392E-16));
#8048=CARTESIAN_POINT('Ctrl Pts',(37.9988,-7.99270555256467,-3.6));
#8049=CARTESIAN_POINT('Ctrl Pts',(38.4710512579165,-7.98278889487071,-7.17436906324392E-16));
#8050=CARTESIAN_POINT('Ctrl Pts',(38.4710512579165,-7.98278889487071,-3.6));
#8051=CARTESIAN_POINT('Ctrl Pts',(39.0969464771182,-7.94337692115288,-7.17436906324392E-16));
#8052=CARTESIAN_POINT('Ctrl Pts',(39.0969464771182,-7.94337692115288,-3.6));
#8053=CARTESIAN_POINT('Ctrl Pts',(39.8713090973622,-7.84548702919877,-7.17436906324392E-16));
#8054=CARTESIAN_POINT('Ctrl Pts',(39.8713090973622,-7.84548702919877,-3.6));
#8055=CARTESIAN_POINT('Ctrl Pts',(40.7804406496611,-7.65185325251833,-7.17436906324392E-16));
#8056=CARTESIAN_POINT('Ctrl Pts',(40.7804406496611,-7.65185325251833,-3.6));
#8057=CARTESIAN_POINT('Ctrl Pts',(41.6628138942315,-7.38369704806459,-7.17436906324392E-16));
#8058=CARTESIAN_POINT('Ctrl Pts',(41.6628138942315,-7.38369704806459,-3.6));
#8059=CARTESIAN_POINT('Ctrl Pts',(42.3697997061489,-7.09979286017981,-7.17436906324392E-16));
#8060=CARTESIAN_POINT('Ctrl Pts',(42.3697997061489,-7.09979286017981,-3.6));
#8061=CARTESIAN_POINT('Ctrl Pts',(42.9157785796771,-6.83692028299226,-7.17436906324392E-16));
#8062=CARTESIAN_POINT('Ctrl Pts',(42.9157785796771,-6.83692028299226,-3.6));
#8063=CARTESIAN_POINT('Ctrl Pts',(43.3118616410507,-6.62360537724639,-7.17436906324392E-16));
#8064=CARTESIAN_POINT('Ctrl Pts',(43.3118616410507,-6.62360537724639,-3.6));
#8065=CARTESIAN_POINT('Ctrl Pts',(43.6937687167746,-6.39482128735814,-7.17436906324392E-16));
#8066=CARTESIAN_POINT('Ctrl Pts',(43.6937687167746,-6.39482128735814,-3.6));
#8067=CARTESIAN_POINT('Ctrl Pts',(44.1833501383081,-6.06984497350819,-7.17436906324392E-16));
#8068=CARTESIAN_POINT('Ctrl Pts',(44.1833501383081,-6.06984497350819,-3.6));
#8069=CARTESIAN_POINT('Ctrl Pts',(44.7570200621037,-5.62767520674468,-7.17436906324392E-16));
#8070=CARTESIAN_POINT('Ctrl Pts',(44.7570200621037,-5.62767520674468,-3.6));
#8071=CARTESIAN_POINT('Ctrl Pts',(45.3795206107545,-5.04401022493657,-7.17436906324392E-16));
#8072=CARTESIAN_POINT('Ctrl Pts',(45.3795206107545,-5.04401022493657,-3.6));
#8073=CARTESIAN_POINT('Ctrl Pts',(45.839572301298,-4.51713261821341,-7.17436906324392E-16));
#8074=CARTESIAN_POINT('Ctrl Pts',(45.839572301298,-4.51713261821341,-3.6));
#8075=CARTESIAN_POINT('Ctrl Pts',(46.1702748486359,-4.07345158609412,-7.17436906324392E-16));
#8076=CARTESIAN_POINT('Ctrl Pts',(46.1702748486359,-4.07345158609412,-3.6));
#8077=CARTESIAN_POINT('Ctrl Pts',(46.4751855385156,-3.61586724821719,-7.17436906324392E-16));
#8078=CARTESIAN_POINT('Ctrl Pts',(46.4751855385156,-3.61586724821719,-3.6));
#8079=CARTESIAN_POINT('Ctrl Pts',(46.803286781213,-3.02538607769549,-7.17436906324392E-16));
#8080=CARTESIAN_POINT('Ctrl Pts',(46.803286781213,-3.02538607769549,-3.6));
#8081=CARTESIAN_POINT('Ctrl Pts',(47.1119441233392,-2.29137900809636,-7.17436906324392E-16));
#8082=CARTESIAN_POINT('Ctrl Pts',(47.1119441233392,-2.29137900809636,-3.6));
#8083=CARTESIAN_POINT('Ctrl Pts',(47.3341012888142,-1.53755522836064,-7.17436906324392E-16));
#8084=CARTESIAN_POINT('Ctrl Pts',(47.3341012888142,-1.53755522836064,-3.6));
#8085=CARTESIAN_POINT('Ctrl Pts',(47.4461552260246,-0.896943772139006,-7.17436906324392E-16));
#8086=CARTESIAN_POINT('Ctrl Pts',(47.4461552260246,-0.896943772139006,-3.6));
#8087=CARTESIAN_POINT('Ctrl Pts',(47.4912398243411,-0.379619105660034,-7.17436906324392E-16));
#8088=CARTESIAN_POINT('Ctrl Pts',(47.4912398243411,-0.379619105660034,-3.6));
#8089=CARTESIAN_POINT('Ctrl Pts',(47.4988,-0.119473035219996,-7.17436906324392E-16));
#8090=CARTESIAN_POINT('Ctrl Pts',(47.4988,-0.119473035219996,-3.6));
#8091=CARTESIAN_POINT('Ctrl Pts',(47.4988,0.0106,-7.17436906324392E-16));
#8092=CARTESIAN_POINT('Ctrl Pts',(47.4988,0.0106,-3.6));
#8093=CARTESIAN_POINT('',(47.4988,0.0106,-3.));
#8094=CARTESIAN_POINT('Ctrl Pts',(47.4988,0.0106,-3.));
#8095=CARTESIAN_POINT('Ctrl Pts',(47.4988,0.140673035219996,-3.));
#8096=CARTESIAN_POINT('Ctrl Pts',(47.4912398243411,0.400819105659944,-3.));
#8097=CARTESIAN_POINT('Ctrl Pts',(47.4461552260246,0.918143772138948,-3.));
#8098=CARTESIAN_POINT('Ctrl Pts',(47.3341012888143,1.55875522836056,-3.));
#8099=CARTESIAN_POINT('Ctrl Pts',(47.1119441233392,2.31257900809627,-3.));
#8100=CARTESIAN_POINT('Ctrl Pts',(46.803286781213,3.04658607769543,-3.));
#8101=CARTESIAN_POINT('Ctrl Pts',(46.4751855385156,3.63706724821712,-3.));
#8102=CARTESIAN_POINT('Ctrl Pts',(46.1702748486359,4.09465158609407,-3.));
#8103=CARTESIAN_POINT('Ctrl Pts',(45.8395723012981,4.53833261821335,-3.));
#8104=CARTESIAN_POINT('Ctrl Pts',(45.3795206107545,5.06521022493653,-3.));
#8105=CARTESIAN_POINT('Ctrl Pts',(44.7570200621038,5.64887520674463,-3.));
#8106=CARTESIAN_POINT('Ctrl Pts',(44.1833501383081,6.09104497350815,-3.));
#8107=CARTESIAN_POINT('Ctrl Pts',(43.6937687167746,6.41602128735811,-3.));
#8108=CARTESIAN_POINT('Ctrl Pts',(43.3118616410508,6.64480537724636,-3.));
#8109=CARTESIAN_POINT('Ctrl Pts',(42.9157785796771,6.85812028299223,-3.));
#8110=CARTESIAN_POINT('Ctrl Pts',(42.369799706149,7.12099286017978,-3.));
#8111=CARTESIAN_POINT('Ctrl Pts',(41.6628138942315,7.40489704806457,-3.));
#8112=CARTESIAN_POINT('Ctrl Pts',(40.7804406496611,7.67305325251831,-3.));
#8113=CARTESIAN_POINT('Ctrl Pts',(39.8713090973622,7.86668702919875,-3.));
#8114=CARTESIAN_POINT('Ctrl Pts',(39.0969464771183,7.96457692115287,-3.));
#8115=CARTESIAN_POINT('Ctrl Pts',(38.4710512579166,8.0039888948707,-3.));
#8116=CARTESIAN_POINT('Ctrl Pts',(37.9988,8.01390555256467,-3.));
#8117=CARTESIAN_POINT('Ctrl Pts',(37.5265487420834,8.0039888948707,-3.));
#8118=CARTESIAN_POINT('Ctrl Pts',(36.9006535228817,7.96457692115287,-3.));
#8119=CARTESIAN_POINT('Ctrl Pts',(36.1262909026378,7.86668702919876,-3.));
#8120=CARTESIAN_POINT('Ctrl Pts',(35.2171593503389,7.67305325251831,-3.));
#8121=CARTESIAN_POINT('Ctrl Pts',(34.3347861057685,7.40489704806458,-3.));
#8122=CARTESIAN_POINT('Ctrl Pts',(33.6278002938511,7.12099286017979,-3.));
#8123=CARTESIAN_POINT('Ctrl Pts',(33.081821420323,6.85812028299223,-3.));
#8124=CARTESIAN_POINT('Ctrl Pts',(32.6857383589493,6.64480537724637,-3.));
#8125=CARTESIAN_POINT('Ctrl Pts',(32.3038312832254,6.41602128735811,-3.));
#8126=CARTESIAN_POINT('Ctrl Pts',(31.8142498616919,6.09104497350816,-3.));
#8127=CARTESIAN_POINT('Ctrl Pts',(31.2405799378963,5.64887520674464,-3.));
#8128=CARTESIAN_POINT('Ctrl Pts',(30.6180793892455,5.06521022493653,-3.));
#8129=CARTESIAN_POINT('Ctrl Pts',(30.158027698702,4.53833261821336,-3.));
#8130=CARTESIAN_POINT('Ctrl Pts',(29.8273251513641,4.09465158609408,-3.));
#8131=CARTESIAN_POINT('Ctrl Pts',(29.5224144614844,3.63706724821714,-3.));
#8132=CARTESIAN_POINT('Ctrl Pts',(29.194313218787,3.04658607769545,-3.));
#8133=CARTESIAN_POINT('Ctrl Pts',(28.8856558766608,2.3125790080963,-3.));
#8134=CARTESIAN_POINT('Ctrl Pts',(28.6634987111858,1.55875522836058,-3.));
#8135=CARTESIAN_POINT('Ctrl Pts',(28.5514447739754,0.918143772138971,-3.));
#8136=CARTESIAN_POINT('Ctrl Pts',(28.5063601756588,0.400819105659962,-3.));
#8137=CARTESIAN_POINT('Ctrl Pts',(28.4950199121706,0.0106000000000164,-3.));
#8138=CARTESIAN_POINT('Ctrl Pts',(28.5063601756588,-0.379619105659926,-3.));
#8139=CARTESIAN_POINT('Ctrl Pts',(28.5514447739754,-0.896943772138936,-3.));
#8140=CARTESIAN_POINT('Ctrl Pts',(28.6634987111858,-1.53755522836054,-3.));
#8141=CARTESIAN_POINT('Ctrl Pts',(28.8856558766608,-2.29137900809628,-3.));
#8142=CARTESIAN_POINT('Ctrl Pts',(29.194313218787,-3.02538607769541,-3.));
#8143=CARTESIAN_POINT('Ctrl Pts',(29.5224144614843,-3.61586724821711,-3.));
#8144=CARTESIAN_POINT('Ctrl Pts',(29.8273251513641,-4.07345158609405,-3.));
#8145=CARTESIAN_POINT('Ctrl Pts',(30.1580276987019,-4.51713261821334,-3.));
#8146=CARTESIAN_POINT('Ctrl Pts',(30.6180793892455,-5.04401022493651,-3.));
#8147=CARTESIAN_POINT('Ctrl Pts',(31.2405799378962,-5.62767520674462,-3.));
#8148=CARTESIAN_POINT('Ctrl Pts',(31.8142498616917,-6.06984497350814,-3.));
#8149=CARTESIAN_POINT('Ctrl Pts',(32.3038312832254,-6.39482128735809,-3.));
#8150=CARTESIAN_POINT('Ctrl Pts',(32.6857383589493,-6.62360537724635,-3.));
#8151=CARTESIAN_POINT('Ctrl Pts',(33.0818214203229,-6.83692028299222,-3.));
#8152=CARTESIAN_POINT('Ctrl Pts',(33.627800293851,-7.09979286017977,-3.));
#8153=CARTESIAN_POINT('Ctrl Pts',(34.3347861057684,-7.38369704806456,-3.));
#8154=CARTESIAN_POINT('Ctrl Pts',(35.2171593503389,-7.6518532525183,-3.));
#8155=CARTESIAN_POINT('Ctrl Pts',(36.1262909026377,-7.84548702919875,-3.));
#8156=CARTESIAN_POINT('Ctrl Pts',(36.9006535228816,-7.94337692115287,-3.));
#8157=CARTESIAN_POINT('Ctrl Pts',(37.5265487420834,-7.9827888948707,-3.));
#8158=CARTESIAN_POINT('Ctrl Pts',(37.9988,-7.99270555256467,-3.));
#8159=CARTESIAN_POINT('Ctrl Pts',(38.4710512579165,-7.98278889487071,-3.));
#8160=CARTESIAN_POINT('Ctrl Pts',(39.0969464771182,-7.94337692115288,-3.));
#8161=CARTESIAN_POINT('Ctrl Pts',(39.8713090973622,-7.84548702919877,-3.));
#8162=CARTESIAN_POINT('Ctrl Pts',(40.7804406496611,-7.65185325251833,-3.));
#8163=CARTESIAN_POINT('Ctrl Pts',(41.6628138942315,-7.38369704806459,-3.));
#8164=CARTESIAN_POINT('Ctrl Pts',(42.3697997061489,-7.09979286017981,-3.));
#8165=CARTESIAN_POINT('Ctrl Pts',(42.9157785796771,-6.83692028299226,-3.));
#8166=CARTESIAN_POINT('Ctrl Pts',(43.3118616410507,-6.62360537724639,-3.));
#8167=CARTESIAN_POINT('Ctrl Pts',(43.6937687167746,-6.39482128735814,-3.));
#8168=CARTESIAN_POINT('Ctrl Pts',(44.1833501383081,-6.06984497350819,-3.));
#8169=CARTESIAN_POINT('Ctrl Pts',(44.7570200621037,-5.62767520674468,-3.));
#8170=CARTESIAN_POINT('Ctrl Pts',(45.3795206107545,-5.04401022493657,-3.));
#8171=CARTESIAN_POINT('Ctrl Pts',(45.839572301298,-4.51713261821341,-3.));
#8172=CARTESIAN_POINT('Ctrl Pts',(46.1702748486359,-4.07345158609412,-3.));
#8173=CARTESIAN_POINT('Ctrl Pts',(46.4751855385156,-3.61586724821719,-3.));
#8174=CARTESIAN_POINT('Ctrl Pts',(46.803286781213,-3.02538607769549,-3.));
#8175=CARTESIAN_POINT('Ctrl Pts',(47.1119441233392,-2.29137900809636,-3.));
#8176=CARTESIAN_POINT('Ctrl Pts',(47.3341012888142,-1.53755522836064,-3.));
#8177=CARTESIAN_POINT('Ctrl Pts',(47.4461552260246,-0.896943772139006,-3.));
#8178=CARTESIAN_POINT('Ctrl Pts',(47.4912398243411,-0.379619105660034,-3.));
#8179=CARTESIAN_POINT('Ctrl Pts',(47.4988,-0.119473035219996,-3.));
#8180=CARTESIAN_POINT('Ctrl Pts',(47.4988,0.0106,-3.));
#8181=CARTESIAN_POINT('',(47.4988,0.0106,-7.17436906324392E-16));
#8182=CARTESIAN_POINT('Ctrl Pts',(48.4988,0.0106,-7.17436906324392E-16));
#8183=CARTESIAN_POINT('Ctrl Pts',(48.4988,0.0106,-3.6));
#8184=CARTESIAN_POINT('Ctrl Pts',(48.4988,0.160013590464419,-1.14730612705595E-15));
#8185=CARTESIAN_POINT('Ctrl Pts',(48.4988,0.160013590464419,-3.6));
#8186=CARTESIAN_POINT('Ctrl Pts',(48.4901147051749,0.458840771393204,-7.17436906324392E-16));
#8187=CARTESIAN_POINT('Ctrl Pts',(48.4901147051749,0.458840771393204,-3.6));
#8188=CARTESIAN_POINT('Ctrl Pts',(48.4383413681507,1.05287417114465,-7.17436906324392E-16));
#8189=CARTESIAN_POINT('Ctrl Pts',(48.4383413681507,1.05287417114465,-3.6));
#8190=CARTESIAN_POINT('Ctrl Pts',(48.309776101679,1.78760729279712,-7.17436906324392E-16));
#8191=CARTESIAN_POINT('Ctrl Pts',(48.309776101679,1.78760729279712,-3.6));
#8192=CARTESIAN_POINT('Ctrl Pts',(48.0556371287763,2.64963243374681,-7.17436906324392E-16));
#8193=CARTESIAN_POINT('Ctrl Pts',(48.0556371287763,2.64963243374681,-3.6));
#8194=CARTESIAN_POINT('Ctrl Pts',(47.7039816519889,3.48560498785053,-7.17436906324392E-16));
#8195=CARTESIAN_POINT('Ctrl Pts',(47.7039816519889,3.48560498785053,-3.6));
#8196=CARTESIAN_POINT('Ctrl Pts',(47.3319857559737,4.15486111332622,-7.17436906324392E-16));
#8197=CARTESIAN_POINT('Ctrl Pts',(47.3319857559737,4.15486111332622,-3.6));
#8198=CARTESIAN_POINT('Ctrl Pts',(46.987762962381,4.67140056650021,-7.17436906324392E-16));
#8199=CARTESIAN_POINT('Ctrl Pts',(46.987762962381,4.67140056650021,-3.6));
#8200=CARTESIAN_POINT('Ctrl Pts',(46.6154345157772,5.17089104255549,-7.17436906324392E-16));
#8201=CARTESIAN_POINT('Ctrl Pts',(46.6154345157772,5.17089104255549,-3.6));
#8202=CARTESIAN_POINT('Ctrl Pts',(46.0995450178956,5.76155099144033,-7.17436906324392E-16));
#8203=CARTESIAN_POINT('Ctrl Pts',(46.0995450178956,5.76155099144033,-3.6));
#8204=CARTESIAN_POINT('Ctrl Pts',(45.4052852100822,6.41232951475561,-7.17436906324392E-16));
#8205=CARTESIAN_POINT('Ctrl Pts',(45.4052852100822,6.41232951475561,-3.6));
#8206=CARTESIAN_POINT('Ctrl Pts',(44.7687322642365,6.90285228151749,-7.17436906324392E-16));
#8207=CARTESIAN_POINT('Ctrl Pts',(44.7687322642365,6.90285228151749,-3.6));
#8208=CARTESIAN_POINT('Ctrl Pts',(44.227389984593,7.26216691695305,-7.17436906324392E-16));
#8209=CARTESIAN_POINT('Ctrl Pts',(44.227389984593,7.26216691695305,-3.6));
#8210=CARTESIAN_POINT('Ctrl Pts',(43.8060142083705,7.51458118250158,-7.17436906324392E-16));
#8211=CARTESIAN_POINT('Ctrl Pts',(43.8060142083705,7.51458118250158,-3.6));
#8212=CARTESIAN_POINT('Ctrl Pts',(43.3698816395143,7.74945272642489,-7.17436906324392E-16));
#8213=CARTESIAN_POINT('Ctrl Pts',(43.3698816395143,7.74945272642489,-3.6));
#8214=CARTESIAN_POINT('Ctrl Pts',(42.7698343167086,8.0383422378085,-7.17436906324392E-16));
#8215=CARTESIAN_POINT('Ctrl Pts',(42.7698343167086,8.0383422378085,-3.6));
#8216=CARTESIAN_POINT('Ctrl Pts',(41.994775371632,8.34952129084171,-7.17436906324392E-16));
#8217=CARTESIAN_POINT('Ctrl Pts',(41.994775371632,8.34952129084171,-3.6));
#8218=CARTESIAN_POINT('Ctrl Pts',(41.0301140476518,8.6426307659711,-7.17436906324392E-16));
#8219=CARTESIAN_POINT('Ctrl Pts',(41.0301140476518,8.6426307659711,-3.6));
#8220=CARTESIAN_POINT('Ctrl Pts',(40.0382467934946,8.8538487652708,-7.17436906324392E-16));
#8221=CARTESIAN_POINT('Ctrl Pts',(40.0382467934946,8.8538487652708,-3.6));
#8222=CARTESIAN_POINT('Ctrl Pts',(39.194556987587,8.96048518232736,-7.17436906324392E-16));
#8223=CARTESIAN_POINT('Ctrl Pts',(39.194556987587,8.96048518232736,-3.6));
#8224=CARTESIAN_POINT('Ctrl Pts',(38.5129721264956,9.00340245553165,-7.17436906324392E-16));
#8225=CARTESIAN_POINT('Ctrl Pts',(38.5129721264956,9.00340245553165,-3.6));
#8226=CARTESIAN_POINT('Ctrl Pts',(37.9988,9.01419877223419,-7.17436906324392E-16));
#8227=CARTESIAN_POINT('Ctrl Pts',(37.9988,9.01419877223419,-3.6));
#8228=CARTESIAN_POINT('Ctrl Pts',(37.4846278735045,9.00340245553166,-7.17436906324392E-16));
#8229=CARTESIAN_POINT('Ctrl Pts',(37.4846278735045,9.00340245553166,-3.6));
#8230=CARTESIAN_POINT('Ctrl Pts',(36.803043012413,8.96048518232737,-7.17436906324392E-16));
#8231=CARTESIAN_POINT('Ctrl Pts',(36.803043012413,8.96048518232737,-3.6));
#8232=CARTESIAN_POINT('Ctrl Pts',(35.9593532065055,8.8538487652708,-7.17436906324392E-16));
#8233=CARTESIAN_POINT('Ctrl Pts',(35.9593532065055,8.8538487652708,-3.6));
#8234=CARTESIAN_POINT('Ctrl Pts',(34.9674859523482,8.64263076597111,-7.17436906324392E-16));
#8235=CARTESIAN_POINT('Ctrl Pts',(34.9674859523482,8.64263076597111,-3.6));
#8236=CARTESIAN_POINT('Ctrl Pts',(34.0028246283681,8.34952129084171,-7.17436906324392E-16));
#8237=CARTESIAN_POINT('Ctrl Pts',(34.0028246283681,8.34952129084171,-3.6));
#8238=CARTESIAN_POINT('Ctrl Pts',(33.2277656832914,8.03834223780851,-7.17436906324392E-16));
#8239=CARTESIAN_POINT('Ctrl Pts',(33.2277656832914,8.03834223780851,-3.6));
#8240=CARTESIAN_POINT('Ctrl Pts',(32.6277183604857,7.7494527264249,-7.17436906324392E-16));
#8241=CARTESIAN_POINT('Ctrl Pts',(32.6277183604857,7.7494527264249,-3.6));
#8242=CARTESIAN_POINT('Ctrl Pts',(32.1915857916295,7.51458118250158,-7.17436906324392E-16));
#8243=CARTESIAN_POINT('Ctrl Pts',(32.1915857916295,7.51458118250158,-3.6));
#8244=CARTESIAN_POINT('Ctrl Pts',(31.770210015407,7.26216691695306,-7.17436906324392E-16));
#8245=CARTESIAN_POINT('Ctrl Pts',(31.770210015407,7.26216691695306,-3.6));
#8246=CARTESIAN_POINT('Ctrl Pts',(31.2288677357635,6.9028522815175,-7.17436906324392E-16));
#8247=CARTESIAN_POINT('Ctrl Pts',(31.2288677357635,6.9028522815175,-3.6));
#8248=CARTESIAN_POINT('Ctrl Pts',(30.5923147899179,6.41232951475563,-7.17436906324392E-16));
#8249=CARTESIAN_POINT('Ctrl Pts',(30.5923147899179,6.41232951475563,-3.6));
#8250=CARTESIAN_POINT('Ctrl Pts',(29.8980549821043,5.76155099144034,-7.17436906324392E-16));
#8251=CARTESIAN_POINT('Ctrl Pts',(29.8980549821043,5.76155099144034,-3.6));
#8252=CARTESIAN_POINT('Ctrl Pts',(29.3821654842228,5.17089104255551,-7.17436906324392E-16));
#8253=CARTESIAN_POINT('Ctrl Pts',(29.3821654842228,5.17089104255551,-3.6));
#8254=CARTESIAN_POINT('Ctrl Pts',(29.0098370376191,4.67140056650023,-7.17436906324392E-16));
#8255=CARTESIAN_POINT('Ctrl Pts',(29.0098370376191,4.67140056650023,-3.6));
#8256=CARTESIAN_POINT('Ctrl Pts',(28.6656142440263,4.15486111332624,-7.17436906324392E-16));
#8257=CARTESIAN_POINT('Ctrl Pts',(28.6656142440263,4.15486111332624,-3.6));
#8258=CARTESIAN_POINT('Ctrl Pts',(28.2936183480111,3.48560498785054,-7.17436906324392E-16));
#8259=CARTESIAN_POINT('Ctrl Pts',(28.2936183480111,3.48560498785054,-3.6));
#8260=CARTESIAN_POINT('Ctrl Pts',(27.9419628712238,2.64963243374682,-7.17436906324392E-16));
#8261=CARTESIAN_POINT('Ctrl Pts',(27.9419628712238,2.64963243374682,-3.6));
#8262=CARTESIAN_POINT('Ctrl Pts',(27.687823898321,1.78760729279714,-7.17436906324392E-16));
#8263=CARTESIAN_POINT('Ctrl Pts',(27.687823898321,1.78760729279714,-3.6));
#8264=CARTESIAN_POINT('Ctrl Pts',(27.5592586318493,1.05287417114466,-7.17436906324392E-16));
#8265=CARTESIAN_POINT('Ctrl Pts',(27.5592586318493,1.05287417114466,-3.6));
#8266=CARTESIAN_POINT('Ctrl Pts',(27.5074852948252,0.458840771393236,-7.17436906324392E-16));
#8267=CARTESIAN_POINT('Ctrl Pts',(27.5074852948252,0.458840771393236,-3.6));
#8268=CARTESIAN_POINT('Ctrl Pts',(27.4944573525874,0.0106000000000196,-7.17436906324392E-16));
#8269=CARTESIAN_POINT('Ctrl Pts',(27.4944573525874,0.0106000000000196,-3.6));
#8270=CARTESIAN_POINT('Ctrl Pts',(27.5074852948252,-0.437640771393198,-7.17436906324392E-16));
#8271=CARTESIAN_POINT('Ctrl Pts',(27.5074852948252,-0.437640771393198,-3.6));
#8272=CARTESIAN_POINT('Ctrl Pts',(27.5592586318493,-1.03167417114462,-7.17436906324392E-16));
#8273=CARTESIAN_POINT('Ctrl Pts',(27.5592586318493,-1.03167417114462,-3.6));
#8274=CARTESIAN_POINT('Ctrl Pts',(27.687823898321,-1.76640729279711,-7.17436906324392E-16));
#8275=CARTESIAN_POINT('Ctrl Pts',(27.687823898321,-1.76640729279711,-3.6));
#8276=CARTESIAN_POINT('Ctrl Pts',(27.9419628712237,-2.62843243374679,-7.17436906324392E-16));
#8277=CARTESIAN_POINT('Ctrl Pts',(27.9419628712237,-2.62843243374679,-3.6));
#8278=CARTESIAN_POINT('Ctrl Pts',(28.2936183480112,-3.46440498785051,-7.17436906324392E-16));
#8279=CARTESIAN_POINT('Ctrl Pts',(28.2936183480112,-3.46440498785051,-3.6));
#8280=CARTESIAN_POINT('Ctrl Pts',(28.6656142440263,-4.1336611133262,-7.17436906324392E-16));
#8281=CARTESIAN_POINT('Ctrl Pts',(28.6656142440263,-4.1336611133262,-3.6));
#8282=CARTESIAN_POINT('Ctrl Pts',(29.009837037619,-4.6502005665002,-7.17436906324392E-16));
#8283=CARTESIAN_POINT('Ctrl Pts',(29.009837037619,-4.6502005665002,-3.6));
#8284=CARTESIAN_POINT('Ctrl Pts',(29.3821654842228,-5.14969104255548,-7.17436906324392E-16));
#8285=CARTESIAN_POINT('Ctrl Pts',(29.3821654842228,-5.14969104255548,-3.6));
#8286=CARTESIAN_POINT('Ctrl Pts',(29.8980549821043,-5.74035099144031,-7.17436906324392E-16));
#8287=CARTESIAN_POINT('Ctrl Pts',(29.8980549821043,-5.74035099144031,-3.6));
#8288=CARTESIAN_POINT('Ctrl Pts',(30.5923147899178,-6.3911295147556,-7.17436906324392E-16));
#8289=CARTESIAN_POINT('Ctrl Pts',(30.5923147899178,-6.3911295147556,-3.6));
#8290=CARTESIAN_POINT('Ctrl Pts',(31.2288677357635,-6.88165228151747,-7.17436906324392E-16));
#8291=CARTESIAN_POINT('Ctrl Pts',(31.2288677357635,-6.88165228151747,-3.6));
#8292=CARTESIAN_POINT('Ctrl Pts',(31.7702100154069,-7.24096691695304,-7.17436906324392E-16));
#8293=CARTESIAN_POINT('Ctrl Pts',(31.7702100154069,-7.24096691695304,-3.6));
#8294=CARTESIAN_POINT('Ctrl Pts',(32.1915857916295,-7.49338118250156,-7.17436906324392E-16));
#8295=CARTESIAN_POINT('Ctrl Pts',(32.1915857916295,-7.49338118250156,-3.6));
#8296=CARTESIAN_POINT('Ctrl Pts',(32.6277183604857,-7.72825272642488,-7.17436906324392E-16));
#8297=CARTESIAN_POINT('Ctrl Pts',(32.6277183604857,-7.72825272642488,-3.6));
#8298=CARTESIAN_POINT('Ctrl Pts',(33.2277656832914,-8.01714223780849,-7.17436906324392E-16));
#8299=CARTESIAN_POINT('Ctrl Pts',(33.2277656832914,-8.01714223780849,-3.6));
#8300=CARTESIAN_POINT('Ctrl Pts',(34.002824628368,-8.3283212908417,-7.17436906324392E-16));
#8301=CARTESIAN_POINT('Ctrl Pts',(34.002824628368,-8.3283212908417,-3.6));
#8302=CARTESIAN_POINT('Ctrl Pts',(34.9674859523481,-8.6214307659711,-7.17436906324392E-16));
#8303=CARTESIAN_POINT('Ctrl Pts',(34.9674859523481,-8.6214307659711,-3.6));
#8304=CARTESIAN_POINT('Ctrl Pts',(35.9593532065054,-8.83264876527079,-7.17436906324392E-16));
#8305=CARTESIAN_POINT('Ctrl Pts',(35.9593532065054,-8.83264876527079,-3.6));
#8306=CARTESIAN_POINT('Ctrl Pts',(36.8030430124129,-8.93928518232737,-7.17436906324392E-16));
#8307=CARTESIAN_POINT('Ctrl Pts',(36.8030430124129,-8.93928518232737,-3.6));
#8308=CARTESIAN_POINT('Ctrl Pts',(37.4846278735044,-8.98220245553165,-7.17436906324392E-16));
#8309=CARTESIAN_POINT('Ctrl Pts',(37.4846278735044,-8.98220245553165,-3.6));
#8310=CARTESIAN_POINT('Ctrl Pts',(37.9988,-8.9929987722342,-7.17436906324392E-16));
#8311=CARTESIAN_POINT('Ctrl Pts',(37.9988,-8.9929987722342,-3.6));
#8312=CARTESIAN_POINT('Ctrl Pts',(38.5129721264955,-8.98220245553166,-7.17436906324392E-16));
#8313=CARTESIAN_POINT('Ctrl Pts',(38.5129721264955,-8.98220245553166,-3.6));
#8314=CARTESIAN_POINT('Ctrl Pts',(39.194556987587,-8.93928518232738,-7.17436906324392E-16));
#8315=CARTESIAN_POINT('Ctrl Pts',(39.194556987587,-8.93928518232738,-3.6));
#8316=CARTESIAN_POINT('Ctrl Pts',(40.0382467934945,-8.83264876527081,-7.17436906324392E-16));
#8317=CARTESIAN_POINT('Ctrl Pts',(40.0382467934945,-8.83264876527081,-3.6));
#8318=CARTESIAN_POINT('Ctrl Pts',(41.0301140476518,-8.62143076597112,-7.17436906324392E-16));
#8319=CARTESIAN_POINT('Ctrl Pts',(41.0301140476518,-8.62143076597112,-3.6));
#8320=CARTESIAN_POINT('Ctrl Pts',(41.9947753716319,-8.32832129084173,-7.17436906324392E-16));
#8321=CARTESIAN_POINT('Ctrl Pts',(41.9947753716319,-8.32832129084173,-3.6));
#8322=CARTESIAN_POINT('Ctrl Pts',(42.7698343167085,-8.01714223780854,-7.17436906324392E-16));
#8323=CARTESIAN_POINT('Ctrl Pts',(42.7698343167085,-8.01714223780854,-3.6));
#8324=CARTESIAN_POINT('Ctrl Pts',(43.3698816395143,-7.72825272642492,-7.17436906324392E-16));
#8325=CARTESIAN_POINT('Ctrl Pts',(43.3698816395143,-7.72825272642492,-3.6));
#8326=CARTESIAN_POINT('Ctrl Pts',(43.8060142083704,-7.49338118250161,-7.17436906324392E-16));
#8327=CARTESIAN_POINT('Ctrl Pts',(43.8060142083704,-7.49338118250161,-3.6));
#8328=CARTESIAN_POINT('Ctrl Pts',(44.227389984593,-7.24096691695309,-7.17436906324392E-16));
#8329=CARTESIAN_POINT('Ctrl Pts',(44.227389984593,-7.24096691695309,-3.6));
#8330=CARTESIAN_POINT('Ctrl Pts',(44.7687322642365,-6.88165228151753,-7.17436906324392E-16));
#8331=CARTESIAN_POINT('Ctrl Pts',(44.7687322642365,-6.88165228151753,-3.6));
#8332=CARTESIAN_POINT('Ctrl Pts',(45.4052852100821,-6.39112951475567,-7.17436906324392E-16));
#8333=CARTESIAN_POINT('Ctrl Pts',(45.4052852100821,-6.39112951475567,-3.6));
#8334=CARTESIAN_POINT('Ctrl Pts',(46.0995450178956,-5.74035099144038,-7.17436906324392E-16));
#8335=CARTESIAN_POINT('Ctrl Pts',(46.0995450178956,-5.74035099144038,-3.6));
#8336=CARTESIAN_POINT('Ctrl Pts',(46.6154345157772,-5.14969104255556,-7.17436906324392E-16));
#8337=CARTESIAN_POINT('Ctrl Pts',(46.6154345157772,-5.14969104255556,-3.6));
#8338=CARTESIAN_POINT('Ctrl Pts',(46.9877629623809,-4.65020056650028,-7.17436906324392E-16));
#8339=CARTESIAN_POINT('Ctrl Pts',(46.9877629623809,-4.65020056650028,-3.6));
#8340=CARTESIAN_POINT('Ctrl Pts',(47.3319857559737,-4.13366111332629,-7.17436906324392E-16));
#8341=CARTESIAN_POINT('Ctrl Pts',(47.3319857559737,-4.13366111332629,-3.6));
#8342=CARTESIAN_POINT('Ctrl Pts',(47.7039816519889,-3.4644049878506,-7.17436906324392E-16));
#8343=CARTESIAN_POINT('Ctrl Pts',(47.7039816519889,-3.4644049878506,-3.6));
#8344=CARTESIAN_POINT('Ctrl Pts',(48.0556371287763,-2.62843243374688,-7.17436906324392E-16));
#8345=CARTESIAN_POINT('Ctrl Pts',(48.0556371287763,-2.62843243374688,-3.6));
#8346=CARTESIAN_POINT('Ctrl Pts',(48.3097761016789,-1.7664072927972,-7.17436906324392E-16));
#8347=CARTESIAN_POINT('Ctrl Pts',(48.3097761016789,-1.7664072927972,-3.6));
#8348=CARTESIAN_POINT('Ctrl Pts',(48.4383413681507,-1.0316741711447,-7.17436906324392E-16));
#8349=CARTESIAN_POINT('Ctrl Pts',(48.4383413681507,-1.0316741711447,-3.6));
#8350=CARTESIAN_POINT('Ctrl Pts',(48.4901147051748,-0.437640771393313,-7.17436906324392E-16));
#8351=CARTESIAN_POINT('Ctrl Pts',(48.4901147051748,-0.437640771393313,-3.6));
#8352=CARTESIAN_POINT('Ctrl Pts',(48.4988,-0.138813590464419,-7.17436906324392E-16));
#8353=CARTESIAN_POINT('Ctrl Pts',(48.4988,-0.138813590464419,-3.6));
#8354=CARTESIAN_POINT('Ctrl Pts',(48.4988,0.0106,-7.17436906324392E-16));
#8355=CARTESIAN_POINT('Ctrl Pts',(48.4988,0.0106,-3.6));
#8356=CARTESIAN_POINT('',(48.4988,0.0106,-7.17436906324392E-16));
#8357=CARTESIAN_POINT('Origin',(-1.38777878078145E-14,-1.,-3.));
#8358=CARTESIAN_POINT('Origin',(0.,-12.5,13.4258));
#8359=CARTESIAN_POINT('',(2.5,-12.5,13.4238));
#8360=CARTESIAN_POINT('',(2.5,-12.5,13.4258));
#8361=CARTESIAN_POINT('Origin',(0.,-12.5,13.4238));
#8362=CARTESIAN_POINT('Origin',(15.5194,12.51164,13.4238));
#8363=CARTESIAN_POINT('Origin',(-52.5,-12.5,13.4258));
#8364=CARTESIAN_POINT('',(-51.5,-12.5,13.4238));
#8365=CARTESIAN_POINT('',(-51.5,-12.5,13.4258));
#8366=CARTESIAN_POINT('Origin',(-52.5,-12.5,13.4238));
#8367=CARTESIAN_POINT('Origin',(15.5194,12.51164,13.4238));
#8368=CARTESIAN_POINT('Origin',(-52.5,12.5,13.4258));
#8369=CARTESIAN_POINT('',(-51.5,12.5,13.4238));
#8370=CARTESIAN_POINT('',(-51.5,12.5,13.4258));
#8371=CARTESIAN_POINT('Origin',(-52.5,12.5,13.4238));
#8372=CARTESIAN_POINT('Origin',(15.5194,12.51164,13.4238));
#8373=CARTESIAN_POINT('Origin',(52.5,12.5,13.4258));
#8374=CARTESIAN_POINT('',(53.5,12.5,13.4238));
#8375=CARTESIAN_POINT('',(53.5,12.5,13.4258));
#8376=CARTESIAN_POINT('Origin',(52.5,12.5,13.4238));
#8377=CARTESIAN_POINT('Origin',(15.5194,12.51164,13.4238));
#8378=CARTESIAN_POINT('Origin',(52.5,-12.5,13.4258));
#8379=CARTESIAN_POINT('',(53.5,-12.5,13.4238));
#8380=CARTESIAN_POINT('',(53.5,-12.5,13.4258));
#8381=CARTESIAN_POINT('Origin',(52.5,-12.5,13.4238));
#8382=CARTESIAN_POINT('Origin',(15.5194,12.51164,13.4238));
#8383=CARTESIAN_POINT('Origin',(65.50000000001,-1.,13.4258));
#8384=CARTESIAN_POINT('',(65.50000000001,14.2426406871293,13.4258));
#8385=CARTESIAN_POINT('',(65.50000000001,-16.2426406871293,13.4258));
#8386=CARTESIAN_POINT('Origin',(60.8713203435697,-20.8713203435697,13.4258));
#8387=CARTESIAN_POINT('',(56.2426406871293,-25.50000000001,13.4258));
#8388=CARTESIAN_POINT('Origin',(6.93889390390723E-15,-25.50000000001,13.4258));
#8389=CARTESIAN_POINT('',(-56.2426406871293,-25.50000000001,13.4258));
#8390=CARTESIAN_POINT('Origin',(-60.8713203435696,-20.8713203435697,13.4258));
#8391=CARTESIAN_POINT('',(-65.50000000001,-16.2426406871292,13.4258));
#8392=CARTESIAN_POINT('Origin',(-65.50000000001,-1.,13.4258));
#8393=CARTESIAN_POINT('',(-65.50000000001,14.2426406871293,13.4258));
#8394=CARTESIAN_POINT('Origin',(60.8713203435697,18.8713203435697,13.4258));
#8395=CARTESIAN_POINT('',(56.2426406871293,23.50000000001,13.4258));
#8396=CARTESIAN_POINT('Origin',(-60.8713203435697,18.8713203435697,13.4258));
#8397=CARTESIAN_POINT('',(-56.2426406871293,23.50000000001,13.4258));
#8398=CARTESIAN_POINT('Origin',(1.04083408558608E-14,23.50000000001,13.4258));
#8399=CARTESIAN_POINT('',(18.51940000001,23.50000000001,-1.39999999999));
#8400=CARTESIAN_POINT('',(18.51940000001,23.50000000001,13.4258));
#8401=CARTESIAN_POINT('',(-18.51940000001,23.50000000001,-1.39999999999));
#8402=CARTESIAN_POINT('',(1.04083408558608E-14,23.50000000001,-1.39999999999));
#8403=CARTESIAN_POINT('',(-18.51940000001,23.50000000001,13.4258));
#8404=CARTESIAN_POINT('Origin',(-1.38777878078145E-14,-1.,-6.));
#8405=CARTESIAN_POINT('',(-64.50000000001,13.8284271247562,-6.));
#8406=CARTESIAN_POINT('',(-55.8284271247562,22.50000000001,-6.));
#8407=CARTESIAN_POINT('',(-54.9497474683158,23.3786796564504,-6.));
#8408=CARTESIAN_POINT('',(55.8284271247562,22.50000000001,-6.));
#8409=CARTESIAN_POINT('',(57.0710678118755,22.50000000001,-6.));
#8410=CARTESIAN_POINT('',(64.50000000001,13.8284271247562,-6.));
#8411=CARTESIAN_POINT('',(39.6642135623831,38.6642135623831,-6.));
#8412=CARTESIAN_POINT('',(64.50000000001,-15.8284271247562,-6.));
#8413=CARTESIAN_POINT('',(64.50000000001,-17.0710678118755,-6.));
#8414=CARTESIAN_POINT('',(55.8284271247562,-24.50000000001,-6.));
#8415=CARTESIAN_POINT('',(54.9497474683158,-25.3786796564504,-6.));
#8416=CARTESIAN_POINT('',(-55.8284271247562,-24.50000000001,-6.));
#8417=CARTESIAN_POINT('',(-57.0710678118755,-24.50000000001,-6.));
#8418=CARTESIAN_POINT('',(-64.50000000001,-15.8284271247562,-6.));
#8419=CARTESIAN_POINT('',(-65.3786796564504,-14.9497474683158,-6.));
#8420=CARTESIAN_POINT('',(-64.50000000001,15.0710678118754,-6.));
#8421=CARTESIAN_POINT('Origin',(-36.0881271247563,24.50000000001,-244.393821135332));
#8422=CARTESIAN_POINT('',(18.51940000001,24.50000000001,-244.393821135332));
#8423=CARTESIAN_POINT('',(56.6568542495024,24.50000000001,-244.393821135332));
#8424=CARTESIAN_POINT('Origin',(-61.5784271247562,19.5784271247561,-244.393821135332));
#8425=CARTESIAN_POINT('',(-66.50000000001,14.6568542495023,-244.393821135332));
#8426=CARTESIAN_POINT('Origin',(-66.50000000001,-1.00000000000003,-244.393821135332));
#8427=CARTESIAN_POINT('',(-66.50000000001,-16.6568542495024,-244.393821135332));
#8428=CARTESIAN_POINT('Origin',(-61.5784271247562,-21.5784271247562,-244.393821135332));
#8429=CARTESIAN_POINT('',(-56.6568542495024,-26.5000000000101,-244.393821135332));
#8430=CARTESIAN_POINT('Origin',(-2.46346585448005E-14,-26.5000000000101,
-244.393821135332));
#8431=CARTESIAN_POINT('',(56.6568542495024,-26.5000000000101,-244.393821135332));
#8432=CARTESIAN_POINT('Origin',(61.5784271247562,-21.5784271247562,-244.393821135332));
#8433=CARTESIAN_POINT('',(66.50000000001,-16.6568542495024,-244.393821135332));
#8434=CARTESIAN_POINT('Origin',(66.50000000001,-1.00000000000003,-244.393821135332));
#8435=CARTESIAN_POINT('',(66.50000000001,14.6568542495024,-244.393821135332));
#8436=CARTESIAN_POINT('Origin',(61.5784271247562,19.5784271247561,-244.393821135332));
#8437=CARTESIAN_POINT('Origin',(-39.6642135623831,-40.6642135623831,-6.));
#8438=CARTESIAN_POINT('',(-57.8004933756883,-13.0534006197538,-12.6995066243217));
#8439=CARTESIAN_POINT('',(-51.4175027335715,-13.8510865122095,-16.6489134878005));
#8440=CARTESIAN_POINT('Origin',(-1.38777878078145E-14,-24.50000000001,-6.));
#8441=CARTESIAN_POINT('',(57.6345354668761,-28.8603312546709,-1.63966874533905));
#8442=CARTESIAN_POINT('Origin',(-64.50000000001,-1.,-6.));
#8443=CARTESIAN_POINT('',(-61.6715728752619,12.6568542495016,-8.82842712474808));
#8444=CARTESIAN_POINT('Origin',(39.6642135623831,-40.6642135623831,-6.));
#8445=CARTESIAN_POINT('',(61.6715728752619,-14.6568542495016,-8.82842712474807));
#8446=CARTESIAN_POINT('Origin',(-39.6642135623831,38.6642135623831,-6.));
#8447=CARTESIAN_POINT('',(-51.4175027335715,11.8510865122095,-16.6489134878005));
#8448=CARTESIAN_POINT('Origin',(64.50000000001,-1.,-6.));
#8449=CARTESIAN_POINT('',(61.6715728752619,12.6568542495016,-8.82842712474809));
#8450=CARTESIAN_POINT('Origin',(-1.38777878078145E-14,22.50000000001,-6.));
#8451=CARTESIAN_POINT('',(51.4175027335715,11.8510865122095,-16.6489134878005));
#8452=CARTESIAN_POINT('Origin',(62.2855339059428,20.2855339059427,-3.));
#8453=CARTESIAN_POINT('Origin',(4.07889322033892E-32,22.50000000001,-1.39999999999));
#8454=CARTESIAN_POINT('',(18.51940000001,22.50000000001,-1.39999999999));
#8455=CARTESIAN_POINT('',(-18.51940000001,22.50000000001,-1.39999999999));
#8456=CARTESIAN_POINT('Origin',(18.51940000001,22.50000000001,7.51190000000499));
#8457=CARTESIAN_POINT('Origin',(-18.51940000001,22.50000000001,7.51190000000499));
#8458=CARTESIAN_POINT('',(0.,0.,0.));
#8459=CARTESIAN_POINT('Origin',(-42.7,8.9553,-242.393821135332));
#8460=CARTESIAN_POINT('',(-42.7,13.2,8.95));
#8461=CARTESIAN_POINT('',(-42.7,4.7106,8.95));
#8462=CARTESIAN_POINT('',(-42.7,8.9553,8.95));
#8463=CARTESIAN_POINT('',(-42.7,13.2,6.95));
#8464=CARTESIAN_POINT('',(-42.7,13.2,-242.393821135332));
#8465=CARTESIAN_POINT('',(-42.7,4.7106,6.95));
#8466=CARTESIAN_POINT('',(-42.7,8.9553,6.95));
#8467=CARTESIAN_POINT('',(-42.7,4.7106,-242.393821135332));
#8468=CARTESIAN_POINT('Origin',(-47.6999996261155,4.7106,-242.393821135332));
#8469=CARTESIAN_POINT('',(-52.699999252231,4.7106,6.95));
#8470=CARTESIAN_POINT('',(-52.699999252231,4.7106,8.95));
#8471=CARTESIAN_POINT('',(-52.699999252231,4.7106,-242.393821135332));
#8472=CARTESIAN_POINT('',(-47.6999996261155,4.7106,8.95));
#8473=CARTESIAN_POINT('',(-47.6999996261155,4.7106,6.95));
#8474=CARTESIAN_POINT('Origin',(-52.699999252231,-2.26629960503927E-14,
-242.393821135332));
#8475=CARTESIAN_POINT('',(-52.699999252231,-4.7106,8.95));
#8476=CARTESIAN_POINT('',(-52.699999252231,-2.26629960503927E-14,8.95));
#8477=CARTESIAN_POINT('',(-52.699999252231,-4.7106,6.95));
#8478=CARTESIAN_POINT('',(-52.699999252231,-2.26629960503927E-14,6.95));
#8479=CARTESIAN_POINT('',(-52.699999252231,-4.7106,-242.393821135332));
#8480=CARTESIAN_POINT('Origin',(-47.6999996261155,-4.7106,-242.393821135332));
#8481=CARTESIAN_POINT('',(-42.7,-4.7106,8.95));
#8482=CARTESIAN_POINT('',(-47.6999996261155,-4.7106,8.95));
#8483=CARTESIAN_POINT('',(-42.7,-4.7106,6.95));
#8484=CARTESIAN_POINT('',(-47.6999996261155,-4.7106,6.95));
#8485=CARTESIAN_POINT('',(-42.7,-4.7106,-242.393821135332));
#8486=CARTESIAN_POINT('Origin',(-42.7,-8.9553,-242.393821135332));
#8487=CARTESIAN_POINT('',(-42.7,-13.2,8.95));
#8488=CARTESIAN_POINT('',(-42.7,-8.9553,8.95));
#8489=CARTESIAN_POINT('',(-42.7,-13.2,6.95));
#8490=CARTESIAN_POINT('',(-42.7,-8.9553,6.95));
#8491=CARTESIAN_POINT('',(-42.7,-13.2,-242.393821135332));
#8492=CARTESIAN_POINT('Origin',(-38.0005996261155,-13.2,-242.393821135332));
#8493=CARTESIAN_POINT('',(-33.301199252231,-13.2,8.95));
#8494=CARTESIAN_POINT('',(-38.0005996261155,-13.2,8.95));
#8495=CARTESIAN_POINT('',(-33.301199252231,-13.2,6.95));
#8496=CARTESIAN_POINT('',(-38.0005996261155,-13.2,6.95));
#8497=CARTESIAN_POINT('',(-33.301199252231,-13.2,-242.393821135332));
#8498=CARTESIAN_POINT('Origin',(-33.301199252231,-8.9553,-242.393821135332));
#8499=CARTESIAN_POINT('',(-33.301199252231,-4.7106,6.95));
#8500=CARTESIAN_POINT('',(-33.301199252231,-4.7106,8.95));
#8501=CARTESIAN_POINT('',(-33.301199252231,-4.7106,-242.393821135332));
#8502=CARTESIAN_POINT('',(-33.301199252231,-8.9553,8.95));
#8503=CARTESIAN_POINT('',(-33.301199252231,-8.9553,6.95));
#8504=CARTESIAN_POINT('Origin',(-28.3011996261155,-4.7106,-242.393821135332));
#8505=CARTESIAN_POINT('',(-23.3012,-4.7106,8.95));
#8506=CARTESIAN_POINT('',(-28.3011996261155,-4.7106,8.95));
#8507=CARTESIAN_POINT('',(-23.3012,-4.7106,6.95));
#8508=CARTESIAN_POINT('',(-28.3011996261155,-4.7106,6.95));
#8509=CARTESIAN_POINT('',(-23.3012,-4.7106,-242.393821135332));
#8510=CARTESIAN_POINT('Origin',(-23.3012,-2.00609108364275E-14,-242.393821135332));
#8511=CARTESIAN_POINT('',(-23.3012,4.7106,6.95));
#8512=CARTESIAN_POINT('',(-23.3012,4.7106,8.95));
#8513=CARTESIAN_POINT('',(-23.3012,4.7106,-242.393821135332));
#8514=CARTESIAN_POINT('',(-23.3012,-2.00609108364275E-14,8.95));
#8515=CARTESIAN_POINT('',(-23.3012,-2.00609108364275E-14,6.95));
#8516=CARTESIAN_POINT('Origin',(-28.3011996261155,4.7106,-242.393821135332));
#8517=CARTESIAN_POINT('',(-33.301199252231,4.7106,6.95));
#8518=CARTESIAN_POINT('',(-33.301199252231,4.7106,8.95));
#8519=CARTESIAN_POINT('',(-33.301199252231,4.7106,-242.393821135332));
#8520=CARTESIAN_POINT('',(-28.3011996261155,4.7106,8.95));
#8521=CARTESIAN_POINT('',(-28.3011996261155,4.7106,6.95));
#8522=CARTESIAN_POINT('Origin',(-33.301199252231,8.9553,-242.393821135332));
#8523=CARTESIAN_POINT('',(-33.301199252231,13.2,6.95));
#8524=CARTESIAN_POINT('',(-33.301199252231,13.2,8.95));
#8525=CARTESIAN_POINT('',(-33.301199252231,13.2,-242.393821135332));
#8526=CARTESIAN_POINT('',(-33.301199252231,8.9553,8.95));
#8527=CARTESIAN_POINT('',(-33.301199252231,8.9553,6.95));
#8528=CARTESIAN_POINT('Origin',(-38.0005996261155,13.2,-242.393821135332));
#8529=CARTESIAN_POINT('',(-38.0005996261155,13.2,8.95));
#8530=CARTESIAN_POINT('',(-38.0005996261155,13.2,6.95));
#8531=CARTESIAN_POINT('Origin',(-38.0012,8.5106,6.95));
#8532=CARTESIAN_POINT('Origin',(-38.0012,8.5106,8.95));
#8533=CARTESIAN_POINT('',(-21.971466962514,2.51874571546857E-15,8.95));
#8534=CARTESIAN_POINT('Ctrl Pts',(-21.9714669625141,2.5187457154685E-15,
8.94999999999932));
#8535=CARTESIAN_POINT('Ctrl Pts',(-21.9714669625141,0.116855024150347,8.94999999999932));
#8536=CARTESIAN_POINT('Ctrl Pts',(-21.9747219959463,0.350565072451047,8.94999999999932));
#8537=CARTESIAN_POINT('Ctrl Pts',(-21.9941903217926,0.816807217842247,8.94999999999932));
#8538=CARTESIAN_POINT('Ctrl Pts',(-22.0427080261783,1.39748228712987,8.94999999999932));
#8539=CARTESIAN_POINT('Ctrl Pts',(-22.1392513918834,2.08951303481841,8.94999999999932));
#8540=CARTESIAN_POINT('Ctrl Pts',(-22.3185811683275,3.00428098051622,8.94999999999932));
#8541=CARTESIAN_POINT('Ctrl Pts',(-22.6367061581275,4.12977587625618,8.94999999999932));
#8542=CARTESIAN_POINT('Ctrl Pts',(-23.0776565003821,5.22319277632811,8.94999999999932));
#8543=CARTESIAN_POINT('Ctrl Pts',(-23.5026387931835,6.07380299870342,8.94999999999932));
#8544=CARTESIAN_POINT('Ctrl Pts',(-23.7980345793855,6.59435900435032,8.94999999999932));
#8545=CARTESIAN_POINT('Ctrl Pts',(-24.0520450637219,7.00356903938936,8.94999999999932));
#8546=CARTESIAN_POINT('Ctrl Pts',(-24.3177509323116,7.4076702390815,8.94999999999932));
#8547=CARTESIAN_POINT('Ctrl Pts',(-24.6698187134337,7.90024575013938,8.94999999999932));
#8548=CARTESIAN_POINT('Ctrl Pts',(-25.1235666535459,8.47097073845156,8.94999999999932));
#8549=CARTESIAN_POINT('Ctrl Pts',(-25.7687668957421,9.20336453883087,8.94999999999932));
#8550=CARTESIAN_POINT('Ctrl Pts',(-26.6481996396516,10.0631624336469,8.94999999999932));
#8551=CARTESIAN_POINT('Ctrl Pts',(-27.6181499162574,10.8427220286005,8.94999999999932));
#8552=CARTESIAN_POINT('Ctrl Pts',(-28.4443743607249,11.4146501773286,8.94999999999932));
#8553=CARTESIAN_POINT('Ctrl Pts',(-29.088216865217,11.8168677578539,8.94999999999932));
#8554=CARTESIAN_POINT('Ctrl Pts',(-29.6438996849683,12.1289535423924,8.94999999999932));
#8555=CARTESIAN_POINT('Ctrl Pts',(-30.0997709547202,12.3644838573858,8.94999999999932));
#8556=CARTESIAN_POINT('Ctrl Pts',(-30.5614075640446,12.5896479953507,8.94999999999932));
#8557=CARTESIAN_POINT('Ctrl Pts',(-31.1486538394319,12.8514968365393,8.94999999999932));
#8558=CARTESIAN_POINT('Ctrl Pts',(-32.108239958927,13.2282160797818,8.94999999999932));
#8559=CARTESIAN_POINT('Ctrl Pts',(-33.3417392917726,13.6190897181728,8.94999999999932));
#8560=CARTESIAN_POINT('Ctrl Pts',(-34.6114264913418,13.9010867846972,8.94999999999932));
#8561=CARTESIAN_POINT('Ctrl Pts',(-35.643389429266,14.0600509374591,8.94999999999932));
#8562=CARTESIAN_POINT('Ctrl Pts',(-36.4240798656143,14.1456303652363,8.94999999999932));
#8563=CARTESIAN_POINT('Ctrl Pts',(-37.0791469123414,14.1886381017627,8.94999999999932));
#8564=CARTESIAN_POINT('Ctrl Pts',(-37.6051225201764,14.2058955395116,8.94999999999932));
#8565=CARTESIAN_POINT('Ctrl Pts',(-38.0005996261155,14.2102235818344,8.94999999999932));
#8566=CARTESIAN_POINT('Ctrl Pts',(-38.3960767320547,14.2058955395116,8.94999999999932));
#8567=CARTESIAN_POINT('Ctrl Pts',(-38.9220523398895,14.1886381017627,8.94999999999932));
#8568=CARTESIAN_POINT('Ctrl Pts',(-39.5771193866168,14.1456303652363,8.94999999999932));
#8569=CARTESIAN_POINT('Ctrl Pts',(-40.357809822965,14.0600509374591,8.94999999999932));
#8570=CARTESIAN_POINT('Ctrl Pts',(-41.3897727608892,13.9010867846972,8.94999999999932));
#8571=CARTESIAN_POINT('Ctrl Pts',(-42.6594599604584,13.6190897181729,8.94999999999932));
#8572=CARTESIAN_POINT('Ctrl Pts',(-43.8929592933041,13.2282160797818,8.94999999999932));
#8573=CARTESIAN_POINT('Ctrl Pts',(-44.8525454127991,12.8514968365393,8.94999999999932));
#8574=CARTESIAN_POINT('Ctrl Pts',(-45.4397916881864,12.5896479953507,8.94999999999932));
#8575=CARTESIAN_POINT('Ctrl Pts',(-45.9014282975109,12.3644838573858,8.94999999999932));
#8576=CARTESIAN_POINT('Ctrl Pts',(-46.3572995672628,12.1289535423924,8.94999999999932));
#8577=CARTESIAN_POINT('Ctrl Pts',(-46.9129823870141,11.8168677578539,8.94999999999932));
#8578=CARTESIAN_POINT('Ctrl Pts',(-47.5568248915062,11.4146501773286,8.94999999999932));
#8579=CARTESIAN_POINT('Ctrl Pts',(-48.3830493359736,10.8427220286005,8.94999999999932));
#8580=CARTESIAN_POINT('Ctrl Pts',(-49.3529996125794,10.0631624336469,8.94999999999932));
#8581=CARTESIAN_POINT('Ctrl Pts',(-50.2324323564889,9.20336453883084,8.94999999999932));
#8582=CARTESIAN_POINT('Ctrl Pts',(-50.8776325986852,8.47097073845156,8.94999999999932));
#8583=CARTESIAN_POINT('Ctrl Pts',(-51.3313805387974,7.90024575013937,8.94999999999932));
#8584=CARTESIAN_POINT('Ctrl Pts',(-51.6834483199194,7.40767023908149,8.94999999999932));
#8585=CARTESIAN_POINT('Ctrl Pts',(-51.9491541885092,7.00356903938934,8.94999999999932));
#8586=CARTESIAN_POINT('Ctrl Pts',(-52.2031646728456,6.59435900435031,8.94999999999932));
#8587=CARTESIAN_POINT('Ctrl Pts',(-52.4985604590476,6.07380299870341,8.94999999999932));
#8588=CARTESIAN_POINT('Ctrl Pts',(-52.9235427518489,5.22319277632808,8.94999999999932));
#8589=CARTESIAN_POINT('Ctrl Pts',(-53.3644930941035,4.12977587625618,8.94999999999932));
#8590=CARTESIAN_POINT('Ctrl Pts',(-53.6826180839035,3.00428098051621,8.94999999999932));
#8591=CARTESIAN_POINT('Ctrl Pts',(-53.8619478603476,2.0895130348184,8.94999999999932));
#8592=CARTESIAN_POINT('Ctrl Pts',(-53.9584912260527,1.39748228712989,8.94999999999932));
#8593=CARTESIAN_POINT('Ctrl Pts',(-54.0070089304383,0.816807217842202,8.94999999999932));
#8594=CARTESIAN_POINT('Ctrl Pts',(-54.0264772562848,0.350565072451053,8.94999999999932));
#8595=CARTESIAN_POINT('Ctrl Pts',(-54.031359806433,5.5401450070616E-15,
8.94999999999932));
#8596=CARTESIAN_POINT('Ctrl Pts',(-54.0264772562848,-0.350565072451036,
8.94999999999932));
#8597=CARTESIAN_POINT('Ctrl Pts',(-54.0070089304384,-0.816807217842213,
8.94999999999932));
#8598=CARTESIAN_POINT('Ctrl Pts',(-53.9584912260527,-1.39748228712986,8.94999999999932));
#8599=CARTESIAN_POINT('Ctrl Pts',(-53.8619478603476,-2.08951303481839,8.94999999999932));
#8600=CARTESIAN_POINT('Ctrl Pts',(-53.6826180839035,-3.00428098051621,8.94999999999932));
#8601=CARTESIAN_POINT('Ctrl Pts',(-53.3644930941035,-4.12977587625615,8.94999999999932));
#8602=CARTESIAN_POINT('Ctrl Pts',(-52.9235427518489,-5.2231927763281,8.94999999999932));
#8603=CARTESIAN_POINT('Ctrl Pts',(-52.4985604590476,-6.07380299870338,8.94999999999932));
#8604=CARTESIAN_POINT('Ctrl Pts',(-52.2031646728456,-6.59435900435031,8.94999999999932));
#8605=CARTESIAN_POINT('Ctrl Pts',(-51.9491541885092,-7.00356903938933,8.94999999999932));
#8606=CARTESIAN_POINT('Ctrl Pts',(-51.6834483199194,-7.40767023908148,8.94999999999932));
#8607=CARTESIAN_POINT('Ctrl Pts',(-51.3313805387974,-7.90024575013937,8.94999999999932));
#8608=CARTESIAN_POINT('Ctrl Pts',(-50.8776325986852,-8.47097073845153,8.94999999999932));
#8609=CARTESIAN_POINT('Ctrl Pts',(-50.2324323564889,-9.20336453883084,8.94999999999932));
#8610=CARTESIAN_POINT('Ctrl Pts',(-49.3529996125794,-10.0631624336469,8.94999999999932));
#8611=CARTESIAN_POINT('Ctrl Pts',(-48.3830493359736,-10.8427220286005,8.94999999999932));
#8612=CARTESIAN_POINT('Ctrl Pts',(-47.5568248915062,-11.4146501773286,8.94999999999932));
#8613=CARTESIAN_POINT('Ctrl Pts',(-46.9129823870141,-11.8168677578539,8.94999999999932));
#8614=CARTESIAN_POINT('Ctrl Pts',(-46.3572995672627,-12.1289535423924,8.94999999999932));
#8615=CARTESIAN_POINT('Ctrl Pts',(-45.9014282975108,-12.3644838573858,8.94999999999932));
#8616=CARTESIAN_POINT('Ctrl Pts',(-45.4397916881865,-12.5896479953507,8.94999999999932));
#8617=CARTESIAN_POINT('Ctrl Pts',(-44.8525454127991,-12.8514968365393,8.94999999999932));
#8618=CARTESIAN_POINT('Ctrl Pts',(-43.8929592933041,-13.2282160797818,8.94999999999932));
#8619=CARTESIAN_POINT('Ctrl Pts',(-42.6594599604584,-13.6190897181729,8.94999999999932));
#8620=CARTESIAN_POINT('Ctrl Pts',(-41.3897727608892,-13.9010867846972,8.94999999999932));
#8621=CARTESIAN_POINT('Ctrl Pts',(-40.357809822965,-14.0600509374591,8.94999999999932));
#8622=CARTESIAN_POINT('Ctrl Pts',(-39.5771193866167,-14.1456303652363,8.94999999999932));
#8623=CARTESIAN_POINT('Ctrl Pts',(-38.9220523398896,-14.1886381017627,8.94999999999932));
#8624=CARTESIAN_POINT('Ctrl Pts',(-38.3960767320547,-14.2058955395116,8.94999999999932));
#8625=CARTESIAN_POINT('Ctrl Pts',(-38.0005996261155,-14.2102235818345,8.94999999999932));
#8626=CARTESIAN_POINT('Ctrl Pts',(-37.6051225201764,-14.2058955395115,8.94999999999932));
#8627=CARTESIAN_POINT('Ctrl Pts',(-37.0791469123414,-14.1886381017627,8.94999999999932));
#8628=CARTESIAN_POINT('Ctrl Pts',(-36.4240798656143,-14.1456303652363,8.94999999999932));
#8629=CARTESIAN_POINT('Ctrl Pts',(-35.643389429266,-14.0600509374591,8.94999999999932));
#8630=CARTESIAN_POINT('Ctrl Pts',(-34.6114264913418,-13.9010867846972,8.94999999999932));
#8631=CARTESIAN_POINT('Ctrl Pts',(-33.3417392917725,-13.6190897181728,8.94999999999932));
#8632=CARTESIAN_POINT('Ctrl Pts',(-32.1082399589269,-13.2282160797818,8.94999999999932));
#8633=CARTESIAN_POINT('Ctrl Pts',(-31.1486538394319,-12.8514968365393,8.94999999999932));
#8634=CARTESIAN_POINT('Ctrl Pts',(-30.5614075640446,-12.5896479953507,8.94999999999932));
#8635=CARTESIAN_POINT('Ctrl Pts',(-30.0997709547202,-12.3644838573858,8.94999999999932));
#8636=CARTESIAN_POINT('Ctrl Pts',(-29.6438996849683,-12.1289535423924,8.94999999999932));
#8637=CARTESIAN_POINT('Ctrl Pts',(-29.088216865217,-11.8168677578539,8.94999999999932));
#8638=CARTESIAN_POINT('Ctrl Pts',(-28.4443743607248,-11.4146501773286,8.94999999999932));
#8639=CARTESIAN_POINT('Ctrl Pts',(-27.6181499162574,-10.8427220286005,8.94999999999932));
#8640=CARTESIAN_POINT('Ctrl Pts',(-26.6481996396516,-10.0631624336469,8.94999999999932));
#8641=CARTESIAN_POINT('Ctrl Pts',(-25.7687668957421,-9.20336453883084,8.94999999999932));
#8642=CARTESIAN_POINT('Ctrl Pts',(-25.1235666535459,-8.47097073845153,8.94999999999932));
#8643=CARTESIAN_POINT('Ctrl Pts',(-24.6698187134337,-7.90024575013936,8.94999999999932));
#8644=CARTESIAN_POINT('Ctrl Pts',(-24.3177509323116,-7.40767023908148,8.94999999999932));
#8645=CARTESIAN_POINT('Ctrl Pts',(-24.0520450637219,-7.00356903938932,8.94999999999932));
#8646=CARTESIAN_POINT('Ctrl Pts',(-23.7980345793855,-6.5943590043503,8.94999999999932));
#8647=CARTESIAN_POINT('Ctrl Pts',(-23.5026387931835,-6.07380299870338,8.94999999999932));
#8648=CARTESIAN_POINT('Ctrl Pts',(-23.0776565003821,-5.22319277632808,8.94999999999932));
#8649=CARTESIAN_POINT('Ctrl Pts',(-22.6367061581275,-4.12977587625616,8.94999999999932));
#8650=CARTESIAN_POINT('Ctrl Pts',(-22.3185811683275,-3.0042809805162,8.94999999999932));
#8651=CARTESIAN_POINT('Ctrl Pts',(-22.1392513918834,-2.08951303481839,8.94999999999932));
#8652=CARTESIAN_POINT('Ctrl Pts',(-22.0427080261783,-1.39748228712986,8.94999999999932));
#8653=CARTESIAN_POINT('Ctrl Pts',(-21.9941903217927,-0.816807217842217,
8.94999999999932));
#8654=CARTESIAN_POINT('Ctrl Pts',(-21.9747219959462,-0.350565072451023,
8.94999999999932));
#8655=CARTESIAN_POINT('Ctrl Pts',(-21.971466962514,-0.116855024150342,8.94999999999932));
#8656=CARTESIAN_POINT('Ctrl Pts',(-21.9714669625141,2.5187457154685E-15,
8.94999999999932));
#8657=CARTESIAN_POINT('Origin',(-38.001426293869,6.69451161172653E-15,13.4238));
#8658=CARTESIAN_POINT('',(-23.0012073928788,5.010596857146,13.4238));
#8659=CARTESIAN_POINT('',(-21.9714669625141,-6.94822133342654E-15,13.4238));
#8660=CARTESIAN_POINT('Ctrl Pts',(-23.0012073928807,5.01059685715028,13.4238));
#8661=CARTESIAN_POINT('Ctrl Pts',(-23.0615316358769,5.1524964865912,13.4238));
#8662=CARTESIAN_POINT('Ctrl Pts',(-23.2207368900891,5.50957092470665,13.4238));
#8663=CARTESIAN_POINT('Ctrl Pts',(-23.5026387931835,6.07380299870341,13.4238));
#8664=CARTESIAN_POINT('Ctrl Pts',(-23.7980345793854,6.59435900435032,13.4238));
#8665=CARTESIAN_POINT('Ctrl Pts',(-24.0520450637219,7.00356903938936,13.4238));
#8666=CARTESIAN_POINT('Ctrl Pts',(-24.3177509323117,7.4076702390815,13.4238));
#8667=CARTESIAN_POINT('Ctrl Pts',(-24.6698187134336,7.90024575013938,13.4238));
#8668=CARTESIAN_POINT('Ctrl Pts',(-25.1235666535459,8.47097073845156,13.4238));
#8669=CARTESIAN_POINT('Ctrl Pts',(-25.7687668957421,9.20336453883087,13.4238));
#8670=CARTESIAN_POINT('Ctrl Pts',(-26.6481996396516,10.0631624336469,13.4238));
#8671=CARTESIAN_POINT('Ctrl Pts',(-27.6181499162574,10.8427220286005,13.4238));
#8672=CARTESIAN_POINT('Ctrl Pts',(-28.4443743607248,11.4146501773286,13.4238));
#8673=CARTESIAN_POINT('Ctrl Pts',(-29.088216865217,11.8168677578539,13.4238));
#8674=CARTESIAN_POINT('Ctrl Pts',(-29.6438996849683,12.1289535423924,13.4238));
#8675=CARTESIAN_POINT('Ctrl Pts',(-30.0997709547202,12.3644838573858,13.4238));
#8676=CARTESIAN_POINT('Ctrl Pts',(-30.5614075640446,12.5896479953508,13.4238));
#8677=CARTESIAN_POINT('Ctrl Pts',(-31.1486538394319,12.8514968365393,13.4238));
#8678=CARTESIAN_POINT('Ctrl Pts',(-32.1082399589269,13.2282160797819,13.4238));
#8679=CARTESIAN_POINT('Ctrl Pts',(-33.3417392917725,13.6190897181729,13.4238));
#8680=CARTESIAN_POINT('Ctrl Pts',(-34.6114264913417,13.9010867846972,13.4238));
#8681=CARTESIAN_POINT('Ctrl Pts',(-35.643389429266,14.0600509374592,13.4238));
#8682=CARTESIAN_POINT('Ctrl Pts',(-36.4240798656143,14.1456303652363,13.4238));
#8683=CARTESIAN_POINT('Ctrl Pts',(-37.0791469123414,14.1886381017627,13.4238));
#8684=CARTESIAN_POINT('Ctrl Pts',(-37.6051225201763,14.2058955395116,13.4238));
#8685=CARTESIAN_POINT('Ctrl Pts',(-38.0005996261155,14.2102235818345,13.4238));
#8686=CARTESIAN_POINT('Ctrl Pts',(-38.3960767320547,14.2058955395116,13.4238));
#8687=CARTESIAN_POINT('Ctrl Pts',(-38.9220523398896,14.1886381017627,13.4238));
#8688=CARTESIAN_POINT('Ctrl Pts',(-39.5771193866167,14.1456303652363,13.4238));
#8689=CARTESIAN_POINT('Ctrl Pts',(-40.357809822965,14.0600509374592,13.4238));
#8690=CARTESIAN_POINT('Ctrl Pts',(-41.3897727608892,13.9010867846972,13.4238));
#8691=CARTESIAN_POINT('Ctrl Pts',(-42.6594599604585,13.6190897181729,13.4238));
#8692=CARTESIAN_POINT('Ctrl Pts',(-43.8929592933041,13.2282160797818,13.4238));
#8693=CARTESIAN_POINT('Ctrl Pts',(-44.8525454127991,12.8514968365393,13.4238));
#8694=CARTESIAN_POINT('Ctrl Pts',(-45.4397916881864,12.5896479953507,13.4238));
#8695=CARTESIAN_POINT('Ctrl Pts',(-45.9014282975108,12.3644838573858,13.4238));
#8696=CARTESIAN_POINT('Ctrl Pts',(-46.3572995672627,12.1289535423924,13.4238));
#8697=CARTESIAN_POINT('Ctrl Pts',(-46.912982387014,11.8168677578539,13.4238));
#8698=CARTESIAN_POINT('Ctrl Pts',(-47.5568248915062,11.4146501773286,13.4238));
#8699=CARTESIAN_POINT('Ctrl Pts',(-48.3830493359736,10.8427220286005,13.4238));
#8700=CARTESIAN_POINT('Ctrl Pts',(-49.3529996125793,10.0631624336469,13.4238));
#8701=CARTESIAN_POINT('Ctrl Pts',(-50.2324323564889,9.20336453883084,13.4238));
#8702=CARTESIAN_POINT('Ctrl Pts',(-50.8776325986851,8.47097073845156,13.4238));
#8703=CARTESIAN_POINT('Ctrl Pts',(-51.3313805387973,7.90024575013937,13.4238));
#8704=CARTESIAN_POINT('Ctrl Pts',(-51.6834483199194,7.40767023908149,13.4238));
#8705=CARTESIAN_POINT('Ctrl Pts',(-51.9491541885091,7.00356903938934,13.4238));
#8706=CARTESIAN_POINT('Ctrl Pts',(-52.2031646728455,6.59435900435031,13.4238));
#8707=CARTESIAN_POINT('Ctrl Pts',(-52.4985604590475,6.07380299870341,13.4238));
#8708=CARTESIAN_POINT('Ctrl Pts',(-52.9235427518489,5.22319277632808,13.4238));
#8709=CARTESIAN_POINT('Ctrl Pts',(-53.3644930941034,4.12977587625618,13.4238));
#8710=CARTESIAN_POINT('Ctrl Pts',(-53.6826180839035,3.00428098051621,13.4238));
#8711=CARTESIAN_POINT('Ctrl Pts',(-53.8619478603476,2.0895130348184,13.4238));
#8712=CARTESIAN_POINT('Ctrl Pts',(-53.9584912260527,1.39748228712989,13.4238));
#8713=CARTESIAN_POINT('Ctrl Pts',(-54.0070089304383,0.816807217842202,13.4238));
#8714=CARTESIAN_POINT('Ctrl Pts',(-54.0264772562848,0.350565072451054,13.4238));
#8715=CARTESIAN_POINT('Ctrl Pts',(-54.031359806433,6.03683658381842E-15,
13.4238));
#8716=CARTESIAN_POINT('Ctrl Pts',(-54.0264772562848,-0.350565072451036,
13.4238));
#8717=CARTESIAN_POINT('Ctrl Pts',(-54.0070089304383,-0.816807217842212,
13.4238));
#8718=CARTESIAN_POINT('Ctrl Pts',(-53.9584912260527,-1.39748228712986,13.4238));
#8719=CARTESIAN_POINT('Ctrl Pts',(-53.8619478603476,-2.08951303481839,13.4238));
#8720=CARTESIAN_POINT('Ctrl Pts',(-53.6826180839035,-3.0042809805162,13.4238));
#8721=CARTESIAN_POINT('Ctrl Pts',(-53.3644930941034,-4.12977587625615,13.4238));
#8722=CARTESIAN_POINT('Ctrl Pts',(-52.9235427518489,-5.2231927763281,13.4238));
#8723=CARTESIAN_POINT('Ctrl Pts',(-52.4985604590476,-6.07380299870338,13.4238));
#8724=CARTESIAN_POINT('Ctrl Pts',(-52.2031646728455,-6.59435900435031,13.4238));
#8725=CARTESIAN_POINT('Ctrl Pts',(-51.9491541885091,-7.00356903938933,13.4238));
#8726=CARTESIAN_POINT('Ctrl Pts',(-51.6834483199194,-7.40767023908148,13.4238));
#8727=CARTESIAN_POINT('Ctrl Pts',(-51.3313805387973,-7.90024575013937,13.4238));
#8728=CARTESIAN_POINT('Ctrl Pts',(-50.8776325986851,-8.47097073845153,13.4238));
#8729=CARTESIAN_POINT('Ctrl Pts',(-50.2324323564889,-9.20336453883084,13.4238));
#8730=CARTESIAN_POINT('Ctrl Pts',(-49.3529996125793,-10.0631624336469,13.4238));
#8731=CARTESIAN_POINT('Ctrl Pts',(-48.3830493359736,-10.8427220286005,13.4238));
#8732=CARTESIAN_POINT('Ctrl Pts',(-47.5568248915061,-11.4146501773286,13.4238));
#8733=CARTESIAN_POINT('Ctrl Pts',(-46.912982387014,-11.8168677578539,13.4238));
#8734=CARTESIAN_POINT('Ctrl Pts',(-46.3572995672627,-12.1289535423924,13.4238));
#8735=CARTESIAN_POINT('Ctrl Pts',(-45.9014282975108,-12.3644838573858,13.4238));
#8736=CARTESIAN_POINT('Ctrl Pts',(-45.4397916881864,-12.5896479953507,13.4238));
#8737=CARTESIAN_POINT('Ctrl Pts',(-44.8525454127991,-12.8514968365393,13.4238));
#8738=CARTESIAN_POINT('Ctrl Pts',(-43.892959293304,-13.2282160797818,13.4238));
#8739=CARTESIAN_POINT('Ctrl Pts',(-42.6594599604584,-13.6190897181728,13.4238));
#8740=CARTESIAN_POINT('Ctrl Pts',(-41.3897727608893,-13.9010867846972,13.4238));
#8741=CARTESIAN_POINT('Ctrl Pts',(-40.3578098229649,-14.0600509374591,13.4238));
#8742=CARTESIAN_POINT('Ctrl Pts',(-39.5771193866167,-14.1456303652363,13.4238));
#8743=CARTESIAN_POINT('Ctrl Pts',(-38.9220523398896,-14.1886381017627,13.4238));
#8744=CARTESIAN_POINT('Ctrl Pts',(-38.3960767320546,-14.2058955395115,13.4238));
#8745=CARTESIAN_POINT('Ctrl Pts',(-38.0005996261155,-14.2102235818344,13.4238));
#8746=CARTESIAN_POINT('Ctrl Pts',(-37.6051225201763,-14.2058955395115,13.4238));
#8747=CARTESIAN_POINT('Ctrl Pts',(-37.0791469123413,-14.1886381017627,13.4238));
#8748=CARTESIAN_POINT('Ctrl Pts',(-36.4240798656143,-14.1456303652363,13.4238));
#8749=CARTESIAN_POINT('Ctrl Pts',(-35.643389429266,-14.0600509374591,13.4238));
#8750=CARTESIAN_POINT('Ctrl Pts',(-34.6114264913417,-13.9010867846972,13.4238));
#8751=CARTESIAN_POINT('Ctrl Pts',(-33.3417392917725,-13.6190897181728,13.4238));
#8752=CARTESIAN_POINT('Ctrl Pts',(-32.1082399589269,-13.2282160797818,13.4238));
#8753=CARTESIAN_POINT('Ctrl Pts',(-31.1486538394318,-12.8514968365393,13.4238));
#8754=CARTESIAN_POINT('Ctrl Pts',(-30.5614075640446,-12.5896479953507,13.4238));
#8755=CARTESIAN_POINT('Ctrl Pts',(-30.0997709547202,-12.3644838573858,13.4238));
#8756=CARTESIAN_POINT('Ctrl Pts',(-29.6438996849683,-12.1289535423924,13.4238));
#8757=CARTESIAN_POINT('Ctrl Pts',(-29.088216865217,-11.8168677578539,13.4238));
#8758=CARTESIAN_POINT('Ctrl Pts',(-28.4443743607248,-11.4146501773286,13.4238));
#8759=CARTESIAN_POINT('Ctrl Pts',(-27.6181499162574,-10.8427220286005,13.4238));
#8760=CARTESIAN_POINT('Ctrl Pts',(-26.6481996396516,-10.0631624336468,13.4238));
#8761=CARTESIAN_POINT('Ctrl Pts',(-25.7687668957421,-9.20336453883084,13.4238));
#8762=CARTESIAN_POINT('Ctrl Pts',(-25.1235666535459,-8.47097073845153,13.4238));
#8763=CARTESIAN_POINT('Ctrl Pts',(-24.6698187134336,-7.90024575013936,13.4238));
#8764=CARTESIAN_POINT('Ctrl Pts',(-24.3177509323117,-7.40767023908148,13.4238));
#8765=CARTESIAN_POINT('Ctrl Pts',(-24.0520450637219,-7.00356903938932,13.4238));
#8766=CARTESIAN_POINT('Ctrl Pts',(-23.7980345793854,-6.59435900435031,13.4238));
#8767=CARTESIAN_POINT('Ctrl Pts',(-23.5026387931835,-6.07380299870338,13.4238));
#8768=CARTESIAN_POINT('Ctrl Pts',(-23.0776565003821,-5.22319277632808,13.4238));
#8769=CARTESIAN_POINT('Ctrl Pts',(-22.6367061581275,-4.12977587625615,13.4238));
#8770=CARTESIAN_POINT('Ctrl Pts',(-22.3185811683275,-3.0042809805162,13.4238));
#8771=CARTESIAN_POINT('Ctrl Pts',(-22.1392513918834,-2.0895130348184,13.4238));
#8772=CARTESIAN_POINT('Ctrl Pts',(-22.0427080261783,-1.39748228712986,13.4238));
#8773=CARTESIAN_POINT('Ctrl Pts',(-21.9941903217927,-0.816807217842216,
13.4238));
#8774=CARTESIAN_POINT('Ctrl Pts',(-21.9747219959463,-0.350565072451022,
13.4238));
#8775=CARTESIAN_POINT('Ctrl Pts',(-21.971466962514,-0.116855024150342,13.4238));
#8776=CARTESIAN_POINT('Ctrl Pts',(-21.971466962514,3.01543729222531E-15,
13.4238));
#8777=CARTESIAN_POINT('Ctrl Pts',(-21.971466962514,3.01543729222531E-15,
13.4238));
#8778=CARTESIAN_POINT('Ctrl Pts',(-21.971466962514,0.116855024150348,13.4238));
#8779=CARTESIAN_POINT('Ctrl Pts',(-21.9747219959463,0.350565072451047,13.4238));
#8780=CARTESIAN_POINT('Ctrl Pts',(-21.9941903217927,0.816807217842247,13.4238));
#8781=CARTESIAN_POINT('Ctrl Pts',(-22.0427080261783,1.39748228712987,13.4238));
#8782=CARTESIAN_POINT('Ctrl Pts',(-22.1392513918834,2.08951303481842,13.4238));
#8783=CARTESIAN_POINT('Ctrl Pts',(-22.3185811683275,3.00428098051622,13.4238));
#8784=CARTESIAN_POINT('Ctrl Pts',(-22.5951396333301,3.98271760358632,13.4238));
#8785=CARTESIAN_POINT('Ctrl Pts',(-22.8768575570945,4.71809097986618,13.4238));
#8786=CARTESIAN_POINT('Ctrl Pts',(-23.0012073928807,5.01059685715028,13.4238));
#8787=CARTESIAN_POINT('',(-42.7,4.7106,13.4238));
#8788=CARTESIAN_POINT('',(-52.699999252231,4.7106,13.4238));
#8789=CARTESIAN_POINT('',(-47.6999996261155,4.7106,13.4238));
#8790=CARTESIAN_POINT('',(-42.7,13.2,13.4238));
#8791=CARTESIAN_POINT('',(-42.7,8.9553,13.4238));
#8792=CARTESIAN_POINT('',(-33.3011992522309,13.2,13.4238));
#8793=CARTESIAN_POINT('',(-38.0005996261155,13.2,13.4238));
#8794=CARTESIAN_POINT('',(-33.3011992522309,4.7106,13.4238));
#8795=CARTESIAN_POINT('',(-33.3011992522309,8.9553,13.4238));
#8796=CARTESIAN_POINT('',(-23.3012,4.7106,13.4238));
#8797=CARTESIAN_POINT('',(-28.3011996261155,4.7106,13.4238));
#8798=CARTESIAN_POINT('',(-23.3012,-4.7106,13.4238));
#8799=CARTESIAN_POINT('',(-23.3012,8.34055047249654E-15,13.4238));
#8800=CARTESIAN_POINT('',(-33.301199252231,-4.7106,13.4238));
#8801=CARTESIAN_POINT('',(-28.3011996261155,-4.7106,13.4238));
#8802=CARTESIAN_POINT('',(-33.3011992522309,-13.2,13.4238));
#8803=CARTESIAN_POINT('',(-33.3011992522309,-8.9553,13.4238));
#8804=CARTESIAN_POINT('',(-42.7,-13.2,13.4238));
#8805=CARTESIAN_POINT('',(-38.0005996261155,-13.2,13.4238));
#8806=CARTESIAN_POINT('',(-42.7,-4.7106,13.4238));
#8807=CARTESIAN_POINT('',(-42.7,-8.9553,13.4238));
#8808=CARTESIAN_POINT('',(-52.699999252231,-4.7106,13.4238));
#8809=CARTESIAN_POINT('',(-47.6999996261155,-4.7106,13.4238));
#8810=CARTESIAN_POINT('',(-52.699999252231,5.73846525853132E-15,13.4238));
#8811=CARTESIAN_POINT('Ctrl Pts',(-21.9714669625141,2.5187457154685E-15,
8.94999999999932));
#8812=CARTESIAN_POINT('Ctrl Pts',(-21.9714669625141,3.1147756075766E-15,
14.3185599999995));
#8813=CARTESIAN_POINT('Ctrl Pts',(-21.9714669625141,0.116855024150347,8.94999999999932));
#8814=CARTESIAN_POINT('Ctrl Pts',(-21.9714669625141,0.116855024150348,14.3185599999995));
#8815=CARTESIAN_POINT('Ctrl Pts',(-21.9747219959463,0.350565072451047,8.94999999999932));
#8816=CARTESIAN_POINT('Ctrl Pts',(-21.9747219959463,0.350565072451048,14.3185599999995));
#8817=CARTESIAN_POINT('Ctrl Pts',(-21.9941903217926,0.816807217842247,8.94999999999932));
#8818=CARTESIAN_POINT('Ctrl Pts',(-21.9941903217926,0.816807217842248,14.3185599999995));
#8819=CARTESIAN_POINT('Ctrl Pts',(-22.0427080261783,1.39748228712987,8.94999999999932));
#8820=CARTESIAN_POINT('Ctrl Pts',(-22.0427080261783,1.39748228712987,14.3185599999995));
#8821=CARTESIAN_POINT('Ctrl Pts',(-22.1392513918834,2.08951303481841,8.94999999999932));
#8822=CARTESIAN_POINT('Ctrl Pts',(-22.1392513918834,2.08951303481841,14.3185599999995));
#8823=CARTESIAN_POINT('Ctrl Pts',(-22.3185811683275,3.00428098051622,8.94999999999932));
#8824=CARTESIAN_POINT('Ctrl Pts',(-22.3185811683275,3.00428098051622,14.3185599999995));
#8825=CARTESIAN_POINT('Ctrl Pts',(-22.6367061581275,4.12977587625618,8.94999999999932));
#8826=CARTESIAN_POINT('Ctrl Pts',(-22.6367061581275,4.12977587625618,14.3185599999995));
#8827=CARTESIAN_POINT('Ctrl Pts',(-23.0776565003821,5.22319277632811,8.94999999999932));
#8828=CARTESIAN_POINT('Ctrl Pts',(-23.0776565003821,5.22319277632811,14.3185599999995));
#8829=CARTESIAN_POINT('Ctrl Pts',(-23.5026387931835,6.07380299870342,8.94999999999932));
#8830=CARTESIAN_POINT('Ctrl Pts',(-23.5026387931835,6.07380299870342,14.3185599999995));
#8831=CARTESIAN_POINT('Ctrl Pts',(-23.7980345793855,6.59435900435032,8.94999999999932));
#8832=CARTESIAN_POINT('Ctrl Pts',(-23.7980345793855,6.59435900435032,14.3185599999995));
#8833=CARTESIAN_POINT('Ctrl Pts',(-24.0520450637219,7.00356903938936,8.94999999999932));
#8834=CARTESIAN_POINT('Ctrl Pts',(-24.0520450637219,7.00356903938936,14.3185599999995));
#8835=CARTESIAN_POINT('Ctrl Pts',(-24.3177509323116,7.4076702390815,8.94999999999932));
#8836=CARTESIAN_POINT('Ctrl Pts',(-24.3177509323116,7.4076702390815,14.3185599999995));
#8837=CARTESIAN_POINT('Ctrl Pts',(-24.6698187134337,7.90024575013938,8.94999999999932));
#8838=CARTESIAN_POINT('Ctrl Pts',(-24.6698187134337,7.90024575013938,14.3185599999995));
#8839=CARTESIAN_POINT('Ctrl Pts',(-25.1235666535459,8.47097073845156,8.94999999999932));
#8840=CARTESIAN_POINT('Ctrl Pts',(-25.1235666535459,8.47097073845156,14.3185599999995));
#8841=CARTESIAN_POINT('Ctrl Pts',(-25.7687668957421,9.20336453883087,8.94999999999932));
#8842=CARTESIAN_POINT('Ctrl Pts',(-25.7687668957421,9.20336453883087,14.3185599999995));
#8843=CARTESIAN_POINT('Ctrl Pts',(-26.6481996396516,10.0631624336469,8.94999999999932));
#8844=CARTESIAN_POINT('Ctrl Pts',(-26.6481996396516,10.0631624336469,14.3185599999995));
#8845=CARTESIAN_POINT('Ctrl Pts',(-27.6181499162574,10.8427220286005,8.94999999999932));
#8846=CARTESIAN_POINT('Ctrl Pts',(-27.6181499162574,10.8427220286005,14.3185599999995));
#8847=CARTESIAN_POINT('Ctrl Pts',(-28.4443743607249,11.4146501773286,8.94999999999932));
#8848=CARTESIAN_POINT('Ctrl Pts',(-28.4443743607249,11.4146501773286,14.3185599999995));
#8849=CARTESIAN_POINT('Ctrl Pts',(-29.088216865217,11.8168677578539,8.94999999999932));
#8850=CARTESIAN_POINT('Ctrl Pts',(-29.088216865217,11.8168677578539,14.3185599999995));
#8851=CARTESIAN_POINT('Ctrl Pts',(-29.6438996849683,12.1289535423924,8.94999999999932));
#8852=CARTESIAN_POINT('Ctrl Pts',(-29.6438996849683,12.1289535423924,14.3185599999995));
#8853=CARTESIAN_POINT('Ctrl Pts',(-30.0997709547202,12.3644838573858,8.94999999999932));
#8854=CARTESIAN_POINT('Ctrl Pts',(-30.0997709547202,12.3644838573858,14.3185599999995));
#8855=CARTESIAN_POINT('Ctrl Pts',(-30.5614075640446,12.5896479953507,8.94999999999932));
#8856=CARTESIAN_POINT('Ctrl Pts',(-30.5614075640446,12.5896479953507,14.3185599999995));
#8857=CARTESIAN_POINT('Ctrl Pts',(-31.1486538394319,12.8514968365393,8.94999999999932));
#8858=CARTESIAN_POINT('Ctrl Pts',(-31.1486538394319,12.8514968365393,14.3185599999995));
#8859=CARTESIAN_POINT('Ctrl Pts',(-32.108239958927,13.2282160797818,8.94999999999932));
#8860=CARTESIAN_POINT('Ctrl Pts',(-32.108239958927,13.2282160797818,14.3185599999995));
#8861=CARTESIAN_POINT('Ctrl Pts',(-33.3417392917726,13.6190897181728,8.94999999999932));
#8862=CARTESIAN_POINT('Ctrl Pts',(-33.3417392917726,13.6190897181728,14.3185599999995));
#8863=CARTESIAN_POINT('Ctrl Pts',(-34.6114264913418,13.9010867846972,8.94999999999932));
#8864=CARTESIAN_POINT('Ctrl Pts',(-34.6114264913418,13.9010867846972,14.3185599999995));
#8865=CARTESIAN_POINT('Ctrl Pts',(-35.643389429266,14.0600509374591,8.94999999999932));
#8866=CARTESIAN_POINT('Ctrl Pts',(-35.643389429266,14.0600509374591,14.3185599999995));
#8867=CARTESIAN_POINT('Ctrl Pts',(-36.4240798656143,14.1456303652363,8.94999999999932));
#8868=CARTESIAN_POINT('Ctrl Pts',(-36.4240798656143,14.1456303652363,14.3185599999995));
#8869=CARTESIAN_POINT('Ctrl Pts',(-37.0791469123414,14.1886381017627,8.94999999999932));
#8870=CARTESIAN_POINT('Ctrl Pts',(-37.0791469123414,14.1886381017627,14.3185599999995));
#8871=CARTESIAN_POINT('Ctrl Pts',(-37.6051225201764,14.2058955395116,8.94999999999932));
#8872=CARTESIAN_POINT('Ctrl Pts',(-37.6051225201764,14.2058955395116,14.3185599999995));
#8873=CARTESIAN_POINT('Ctrl Pts',(-38.0005996261155,14.2102235818344,8.94999999999932));
#8874=CARTESIAN_POINT('Ctrl Pts',(-38.0005996261155,14.2102235818344,14.3185599999995));
#8875=CARTESIAN_POINT('Ctrl Pts',(-38.3960767320547,14.2058955395116,8.94999999999932));
#8876=CARTESIAN_POINT('Ctrl Pts',(-38.3960767320547,14.2058955395116,14.3185599999995));
#8877=CARTESIAN_POINT('Ctrl Pts',(-38.9220523398895,14.1886381017627,8.94999999999932));
#8878=CARTESIAN_POINT('Ctrl Pts',(-38.9220523398895,14.1886381017627,14.3185599999995));
#8879=CARTESIAN_POINT('Ctrl Pts',(-39.5771193866168,14.1456303652363,8.94999999999932));
#8880=CARTESIAN_POINT('Ctrl Pts',(-39.5771193866168,14.1456303652363,14.3185599999995));
#8881=CARTESIAN_POINT('Ctrl Pts',(-40.357809822965,14.0600509374591,8.94999999999932));
#8882=CARTESIAN_POINT('Ctrl Pts',(-40.357809822965,14.0600509374591,14.3185599999995));
#8883=CARTESIAN_POINT('Ctrl Pts',(-41.3897727608892,13.9010867846972,8.94999999999932));
#8884=CARTESIAN_POINT('Ctrl Pts',(-41.3897727608892,13.9010867846972,14.3185599999995));
#8885=CARTESIAN_POINT('Ctrl Pts',(-42.6594599604584,13.6190897181729,8.94999999999932));
#8886=CARTESIAN_POINT('Ctrl Pts',(-42.6594599604584,13.6190897181729,14.3185599999995));
#8887=CARTESIAN_POINT('Ctrl Pts',(-43.8929592933041,13.2282160797818,8.94999999999932));
#8888=CARTESIAN_POINT('Ctrl Pts',(-43.8929592933041,13.2282160797818,14.3185599999995));
#8889=CARTESIAN_POINT('Ctrl Pts',(-44.8525454127991,12.8514968365393,8.94999999999932));
#8890=CARTESIAN_POINT('Ctrl Pts',(-44.8525454127991,12.8514968365393,14.3185599999995));
#8891=CARTESIAN_POINT('Ctrl Pts',(-45.4397916881864,12.5896479953507,8.94999999999932));
#8892=CARTESIAN_POINT('Ctrl Pts',(-45.4397916881864,12.5896479953507,14.3185599999995));
#8893=CARTESIAN_POINT('Ctrl Pts',(-45.9014282975109,12.3644838573858,8.94999999999932));
#8894=CARTESIAN_POINT('Ctrl Pts',(-45.9014282975109,12.3644838573858,14.3185599999995));
#8895=CARTESIAN_POINT('Ctrl Pts',(-46.3572995672628,12.1289535423924,8.94999999999932));
#8896=CARTESIAN_POINT('Ctrl Pts',(-46.3572995672628,12.1289535423924,14.3185599999995));
#8897=CARTESIAN_POINT('Ctrl Pts',(-46.9129823870141,11.8168677578539,8.94999999999932));
#8898=CARTESIAN_POINT('Ctrl Pts',(-46.9129823870141,11.8168677578539,14.3185599999995));
#8899=CARTESIAN_POINT('Ctrl Pts',(-47.5568248915062,11.4146501773286,8.94999999999932));
#8900=CARTESIAN_POINT('Ctrl Pts',(-47.5568248915062,11.4146501773286,14.3185599999995));
#8901=CARTESIAN_POINT('Ctrl Pts',(-48.3830493359736,10.8427220286005,8.94999999999932));
#8902=CARTESIAN_POINT('Ctrl Pts',(-48.3830493359736,10.8427220286005,14.3185599999995));
#8903=CARTESIAN_POINT('Ctrl Pts',(-49.3529996125794,10.0631624336469,8.94999999999932));
#8904=CARTESIAN_POINT('Ctrl Pts',(-49.3529996125794,10.0631624336469,14.3185599999995));
#8905=CARTESIAN_POINT('Ctrl Pts',(-50.2324323564889,9.20336453883084,8.94999999999932));
#8906=CARTESIAN_POINT('Ctrl Pts',(-50.2324323564889,9.20336453883084,14.3185599999995));
#8907=CARTESIAN_POINT('Ctrl Pts',(-50.8776325986852,8.47097073845156,8.94999999999932));
#8908=CARTESIAN_POINT('Ctrl Pts',(-50.8776325986852,8.47097073845156,14.3185599999995));
#8909=CARTESIAN_POINT('Ctrl Pts',(-51.3313805387974,7.90024575013937,8.94999999999932));
#8910=CARTESIAN_POINT('Ctrl Pts',(-51.3313805387974,7.90024575013937,14.3185599999995));
#8911=CARTESIAN_POINT('Ctrl Pts',(-51.6834483199194,7.40767023908149,8.94999999999932));
#8912=CARTESIAN_POINT('Ctrl Pts',(-51.6834483199194,7.40767023908149,14.3185599999995));
#8913=CARTESIAN_POINT('Ctrl Pts',(-51.9491541885092,7.00356903938934,8.94999999999932));
#8914=CARTESIAN_POINT('Ctrl Pts',(-51.9491541885092,7.00356903938934,14.3185599999995));
#8915=CARTESIAN_POINT('Ctrl Pts',(-52.2031646728456,6.59435900435031,8.94999999999932));
#8916=CARTESIAN_POINT('Ctrl Pts',(-52.2031646728456,6.59435900435031,14.3185599999995));
#8917=CARTESIAN_POINT('Ctrl Pts',(-52.4985604590476,6.07380299870341,8.94999999999932));
#8918=CARTESIAN_POINT('Ctrl Pts',(-52.4985604590476,6.07380299870341,14.3185599999995));
#8919=CARTESIAN_POINT('Ctrl Pts',(-52.9235427518489,5.22319277632808,8.94999999999932));
#8920=CARTESIAN_POINT('Ctrl Pts',(-52.9235427518489,5.22319277632808,14.3185599999995));
#8921=CARTESIAN_POINT('Ctrl Pts',(-53.3644930941035,4.12977587625618,8.94999999999932));
#8922=CARTESIAN_POINT('Ctrl Pts',(-53.3644930941035,4.12977587625618,14.3185599999995));
#8923=CARTESIAN_POINT('Ctrl Pts',(-53.6826180839035,3.00428098051621,8.94999999999932));
#8924=CARTESIAN_POINT('Ctrl Pts',(-53.6826180839035,3.00428098051621,14.3185599999995));
#8925=CARTESIAN_POINT('Ctrl Pts',(-53.8619478603476,2.0895130348184,8.94999999999932));
#8926=CARTESIAN_POINT('Ctrl Pts',(-53.8619478603476,2.0895130348184,14.3185599999995));
#8927=CARTESIAN_POINT('Ctrl Pts',(-53.9584912260527,1.39748228712989,8.94999999999932));
#8928=CARTESIAN_POINT('Ctrl Pts',(-53.9584912260527,1.39748228712989,14.3185599999995));
#8929=CARTESIAN_POINT('Ctrl Pts',(-54.0070089304383,0.816807217842202,8.94999999999932));
#8930=CARTESIAN_POINT('Ctrl Pts',(-54.0070089304383,0.816807217842203,14.3185599999995));
#8931=CARTESIAN_POINT('Ctrl Pts',(-54.0264772562848,0.350565072451053,8.94999999999932));
#8932=CARTESIAN_POINT('Ctrl Pts',(-54.0264772562848,0.350565072451054,14.3185599999995));
#8933=CARTESIAN_POINT('Ctrl Pts',(-54.031359806433,5.5401450070616E-15,
8.94999999999932));
#8934=CARTESIAN_POINT('Ctrl Pts',(-54.031359806433,6.1361748991697E-15,
14.3185599999995));
#8935=CARTESIAN_POINT('Ctrl Pts',(-54.0264772562848,-0.350565072451036,
8.94999999999932));
#8936=CARTESIAN_POINT('Ctrl Pts',(-54.0264772562848,-0.350565072451035,
14.3185599999995));
#8937=CARTESIAN_POINT('Ctrl Pts',(-54.0070089304384,-0.816807217842213,
8.94999999999932));
#8938=CARTESIAN_POINT('Ctrl Pts',(-54.0070089304384,-0.816807217842212,
14.3185599999995));
#8939=CARTESIAN_POINT('Ctrl Pts',(-53.9584912260527,-1.39748228712986,8.94999999999932));
#8940=CARTESIAN_POINT('Ctrl Pts',(-53.9584912260527,-1.39748228712986,14.3185599999995));
#8941=CARTESIAN_POINT('Ctrl Pts',(-53.8619478603476,-2.08951303481839,8.94999999999932));
#8942=CARTESIAN_POINT('Ctrl Pts',(-53.8619478603476,-2.08951303481839,14.3185599999995));
#8943=CARTESIAN_POINT('Ctrl Pts',(-53.6826180839035,-3.00428098051621,8.94999999999932));
#8944=CARTESIAN_POINT('Ctrl Pts',(-53.6826180839035,-3.00428098051621,14.3185599999995));
#8945=CARTESIAN_POINT('Ctrl Pts',(-53.3644930941035,-4.12977587625615,8.94999999999932));
#8946=CARTESIAN_POINT('Ctrl Pts',(-53.3644930941035,-4.12977587625615,14.3185599999995));
#8947=CARTESIAN_POINT('Ctrl Pts',(-52.9235427518489,-5.2231927763281,8.94999999999932));
#8948=CARTESIAN_POINT('Ctrl Pts',(-52.9235427518489,-5.2231927763281,14.3185599999995));
#8949=CARTESIAN_POINT('Ctrl Pts',(-52.4985604590476,-6.07380299870338,8.94999999999932));
#8950=CARTESIAN_POINT('Ctrl Pts',(-52.4985604590476,-6.07380299870338,14.3185599999995));
#8951=CARTESIAN_POINT('Ctrl Pts',(-52.2031646728456,-6.59435900435031,8.94999999999932));
#8952=CARTESIAN_POINT('Ctrl Pts',(-52.2031646728456,-6.59435900435031,14.3185599999995));
#8953=CARTESIAN_POINT('Ctrl Pts',(-51.9491541885092,-7.00356903938933,8.94999999999932));
#8954=CARTESIAN_POINT('Ctrl Pts',(-51.9491541885092,-7.00356903938933,14.3185599999995));
#8955=CARTESIAN_POINT('Ctrl Pts',(-51.6834483199194,-7.40767023908148,8.94999999999932));
#8956=CARTESIAN_POINT('Ctrl Pts',(-51.6834483199194,-7.40767023908148,14.3185599999995));
#8957=CARTESIAN_POINT('Ctrl Pts',(-51.3313805387974,-7.90024575013937,8.94999999999932));
#8958=CARTESIAN_POINT('Ctrl Pts',(-51.3313805387974,-7.90024575013937,14.3185599999995));
#8959=CARTESIAN_POINT('Ctrl Pts',(-50.8776325986852,-8.47097073845153,8.94999999999932));
#8960=CARTESIAN_POINT('Ctrl Pts',(-50.8776325986852,-8.47097073845153,14.3185599999995));
#8961=CARTESIAN_POINT('Ctrl Pts',(-50.2324323564889,-9.20336453883084,8.94999999999932));
#8962=CARTESIAN_POINT('Ctrl Pts',(-50.2324323564889,-9.20336453883084,14.3185599999995));
#8963=CARTESIAN_POINT('Ctrl Pts',(-49.3529996125794,-10.0631624336469,8.94999999999932));
#8964=CARTESIAN_POINT('Ctrl Pts',(-49.3529996125794,-10.0631624336469,14.3185599999995));
#8965=CARTESIAN_POINT('Ctrl Pts',(-48.3830493359736,-10.8427220286005,8.94999999999932));
#8966=CARTESIAN_POINT('Ctrl Pts',(-48.3830493359736,-10.8427220286005,14.3185599999995));
#8967=CARTESIAN_POINT('Ctrl Pts',(-47.5568248915062,-11.4146501773286,8.94999999999932));
#8968=CARTESIAN_POINT('Ctrl Pts',(-47.5568248915062,-11.4146501773286,14.3185599999995));
#8969=CARTESIAN_POINT('Ctrl Pts',(-46.9129823870141,-11.8168677578539,8.94999999999932));
#8970=CARTESIAN_POINT('Ctrl Pts',(-46.9129823870141,-11.8168677578539,14.3185599999995));
#8971=CARTESIAN_POINT('Ctrl Pts',(-46.3572995672627,-12.1289535423924,8.94999999999932));
#8972=CARTESIAN_POINT('Ctrl Pts',(-46.3572995672627,-12.1289535423924,14.3185599999995));
#8973=CARTESIAN_POINT('Ctrl Pts',(-45.9014282975108,-12.3644838573858,8.94999999999932));
#8974=CARTESIAN_POINT('Ctrl Pts',(-45.9014282975108,-12.3644838573858,14.3185599999995));
#8975=CARTESIAN_POINT('Ctrl Pts',(-45.4397916881865,-12.5896479953507,8.94999999999932));
#8976=CARTESIAN_POINT('Ctrl Pts',(-45.4397916881865,-12.5896479953507,14.3185599999995));
#8977=CARTESIAN_POINT('Ctrl Pts',(-44.8525454127991,-12.8514968365393,8.94999999999932));
#8978=CARTESIAN_POINT('Ctrl Pts',(-44.8525454127991,-12.8514968365393,14.3185599999995));
#8979=CARTESIAN_POINT('Ctrl Pts',(-43.8929592933041,-13.2282160797818,8.94999999999932));
#8980=CARTESIAN_POINT('Ctrl Pts',(-43.8929592933041,-13.2282160797818,14.3185599999995));
#8981=CARTESIAN_POINT('Ctrl Pts',(-42.6594599604584,-13.6190897181729,8.94999999999932));
#8982=CARTESIAN_POINT('Ctrl Pts',(-42.6594599604584,-13.6190897181729,14.3185599999995));
#8983=CARTESIAN_POINT('Ctrl Pts',(-41.3897727608892,-13.9010867846972,8.94999999999932));
#8984=CARTESIAN_POINT('Ctrl Pts',(-41.3897727608892,-13.9010867846972,14.3185599999995));
#8985=CARTESIAN_POINT('Ctrl Pts',(-40.357809822965,-14.0600509374591,8.94999999999932));
#8986=CARTESIAN_POINT('Ctrl Pts',(-40.357809822965,-14.0600509374591,14.3185599999995));
#8987=CARTESIAN_POINT('Ctrl Pts',(-39.5771193866167,-14.1456303652363,8.94999999999932));
#8988=CARTESIAN_POINT('Ctrl Pts',(-39.5771193866167,-14.1456303652363,14.3185599999995));
#8989=CARTESIAN_POINT('Ctrl Pts',(-38.9220523398896,-14.1886381017627,8.94999999999932));
#8990=CARTESIAN_POINT('Ctrl Pts',(-38.9220523398896,-14.1886381017627,14.3185599999995));
#8991=CARTESIAN_POINT('Ctrl Pts',(-38.3960767320547,-14.2058955395116,8.94999999999932));
#8992=CARTESIAN_POINT('Ctrl Pts',(-38.3960767320547,-14.2058955395116,14.3185599999995));
#8993=CARTESIAN_POINT('Ctrl Pts',(-38.0005996261155,-14.2102235818345,8.94999999999932));
#8994=CARTESIAN_POINT('Ctrl Pts',(-38.0005996261155,-14.2102235818345,14.3185599999995));
#8995=CARTESIAN_POINT('Ctrl Pts',(-37.6051225201764,-14.2058955395115,8.94999999999932));
#8996=CARTESIAN_POINT('Ctrl Pts',(-37.6051225201764,-14.2058955395115,14.3185599999995));
#8997=CARTESIAN_POINT('Ctrl Pts',(-37.0791469123414,-14.1886381017627,8.94999999999932));
#8998=CARTESIAN_POINT('Ctrl Pts',(-37.0791469123414,-14.1886381017627,14.3185599999995));
#8999=CARTESIAN_POINT('Ctrl Pts',(-36.4240798656143,-14.1456303652363,8.94999999999932));
#9000=CARTESIAN_POINT('Ctrl Pts',(-36.4240798656143,-14.1456303652363,14.3185599999995));
#9001=CARTESIAN_POINT('Ctrl Pts',(-35.643389429266,-14.0600509374591,8.94999999999932));
#9002=CARTESIAN_POINT('Ctrl Pts',(-35.643389429266,-14.0600509374591,14.3185599999995));
#9003=CARTESIAN_POINT('Ctrl Pts',(-34.6114264913418,-13.9010867846972,8.94999999999932));
#9004=CARTESIAN_POINT('Ctrl Pts',(-34.6114264913418,-13.9010867846972,14.3185599999995));
#9005=CARTESIAN_POINT('Ctrl Pts',(-33.3417392917725,-13.6190897181728,8.94999999999932));
#9006=CARTESIAN_POINT('Ctrl Pts',(-33.3417392917725,-13.6190897181728,14.3185599999995));
#9007=CARTESIAN_POINT('Ctrl Pts',(-32.1082399589269,-13.2282160797818,8.94999999999932));
#9008=CARTESIAN_POINT('Ctrl Pts',(-32.1082399589269,-13.2282160797818,14.3185599999995));
#9009=CARTESIAN_POINT('Ctrl Pts',(-31.1486538394319,-12.8514968365393,8.94999999999932));
#9010=CARTESIAN_POINT('Ctrl Pts',(-31.1486538394319,-12.8514968365393,14.3185599999995));
#9011=CARTESIAN_POINT('Ctrl Pts',(-30.5614075640446,-12.5896479953507,8.94999999999932));
#9012=CARTESIAN_POINT('Ctrl Pts',(-30.5614075640446,-12.5896479953507,14.3185599999995));
#9013=CARTESIAN_POINT('Ctrl Pts',(-30.0997709547202,-12.3644838573858,8.94999999999932));
#9014=CARTESIAN_POINT('Ctrl Pts',(-30.0997709547202,-12.3644838573858,14.3185599999995));
#9015=CARTESIAN_POINT('Ctrl Pts',(-29.6438996849683,-12.1289535423924,8.94999999999932));
#9016=CARTESIAN_POINT('Ctrl Pts',(-29.6438996849683,-12.1289535423924,14.3185599999995));
#9017=CARTESIAN_POINT('Ctrl Pts',(-29.088216865217,-11.8168677578539,8.94999999999932));
#9018=CARTESIAN_POINT('Ctrl Pts',(-29.088216865217,-11.8168677578539,14.3185599999995));
#9019=CARTESIAN_POINT('Ctrl Pts',(-28.4443743607248,-11.4146501773286,8.94999999999932));
#9020=CARTESIAN_POINT('Ctrl Pts',(-28.4443743607248,-11.4146501773286,14.3185599999995));
#9021=CARTESIAN_POINT('Ctrl Pts',(-27.6181499162574,-10.8427220286005,8.94999999999932));
#9022=CARTESIAN_POINT('Ctrl Pts',(-27.6181499162574,-10.8427220286005,14.3185599999995));
#9023=CARTESIAN_POINT('Ctrl Pts',(-26.6481996396516,-10.0631624336469,8.94999999999932));
#9024=CARTESIAN_POINT('Ctrl Pts',(-26.6481996396516,-10.0631624336469,14.3185599999995));
#9025=CARTESIAN_POINT('Ctrl Pts',(-25.7687668957421,-9.20336453883084,8.94999999999932));
#9026=CARTESIAN_POINT('Ctrl Pts',(-25.7687668957421,-9.20336453883084,14.3185599999995));
#9027=CARTESIAN_POINT('Ctrl Pts',(-25.1235666535459,-8.47097073845153,8.94999999999932));
#9028=CARTESIAN_POINT('Ctrl Pts',(-25.1235666535459,-8.47097073845153,14.3185599999995));
#9029=CARTESIAN_POINT('Ctrl Pts',(-24.6698187134337,-7.90024575013936,8.94999999999932));
#9030=CARTESIAN_POINT('Ctrl Pts',(-24.6698187134337,-7.90024575013936,14.3185599999995));
#9031=CARTESIAN_POINT('Ctrl Pts',(-24.3177509323116,-7.40767023908148,8.94999999999932));
#9032=CARTESIAN_POINT('Ctrl Pts',(-24.3177509323116,-7.40767023908148,14.3185599999995));
#9033=CARTESIAN_POINT('Ctrl Pts',(-24.0520450637219,-7.00356903938932,8.94999999999932));
#9034=CARTESIAN_POINT('Ctrl Pts',(-24.0520450637219,-7.00356903938932,14.3185599999995));
#9035=CARTESIAN_POINT('Ctrl Pts',(-23.7980345793855,-6.5943590043503,8.94999999999932));
#9036=CARTESIAN_POINT('Ctrl Pts',(-23.7980345793855,-6.5943590043503,14.3185599999995));
#9037=CARTESIAN_POINT('Ctrl Pts',(-23.5026387931835,-6.07380299870338,8.94999999999932));
#9038=CARTESIAN_POINT('Ctrl Pts',(-23.5026387931835,-6.07380299870338,14.3185599999995));
#9039=CARTESIAN_POINT('Ctrl Pts',(-23.0776565003821,-5.22319277632808,8.94999999999932));
#9040=CARTESIAN_POINT('Ctrl Pts',(-23.0776565003821,-5.22319277632808,14.3185599999995));
#9041=CARTESIAN_POINT('Ctrl Pts',(-22.6367061581275,-4.12977587625616,8.94999999999932));
#9042=CARTESIAN_POINT('Ctrl Pts',(-22.6367061581275,-4.12977587625616,14.3185599999995));
#9043=CARTESIAN_POINT('Ctrl Pts',(-22.3185811683275,-3.0042809805162,8.94999999999932));
#9044=CARTESIAN_POINT('Ctrl Pts',(-22.3185811683275,-3.0042809805162,14.3185599999995));
#9045=CARTESIAN_POINT('Ctrl Pts',(-22.1392513918834,-2.08951303481839,8.94999999999932));
#9046=CARTESIAN_POINT('Ctrl Pts',(-22.1392513918834,-2.08951303481839,14.3185599999995));
#9047=CARTESIAN_POINT('Ctrl Pts',(-22.0427080261783,-1.39748228712986,8.94999999999932));
#9048=CARTESIAN_POINT('Ctrl Pts',(-22.0427080261783,-1.39748228712986,14.3185599999995));
#9049=CARTESIAN_POINT('Ctrl Pts',(-21.9941903217927,-0.816807217842217,
8.94999999999932));
#9050=CARTESIAN_POINT('Ctrl Pts',(-21.9941903217927,-0.816807217842216,
14.3185599999995));
#9051=CARTESIAN_POINT('Ctrl Pts',(-21.9747219959462,-0.350565072451023,
8.94999999999932));
#9052=CARTESIAN_POINT('Ctrl Pts',(-21.9747219959462,-0.350565072451022,
14.3185599999995));
#9053=CARTESIAN_POINT('Ctrl Pts',(-21.971466962514,-0.116855024150342,8.94999999999932));
#9054=CARTESIAN_POINT('Ctrl Pts',(-21.971466962514,-0.116855024150341,14.3185599999995));
#9055=CARTESIAN_POINT('Ctrl Pts',(-21.9714669625141,2.5187457154685E-15,
8.94999999999932));
#9056=CARTESIAN_POINT('Ctrl Pts',(-21.9714669625141,3.1147756075766E-15,
14.3185599999995));
#9057=CARTESIAN_POINT('',(-21.9714669625141,2.51874571546849E-15,8.94999999999932));
#9058=CARTESIAN_POINT('Origin',(2.74612348947125E-15,-1.,22.4238));
#9059=CARTESIAN_POINT('',(-34.3011992522309,3.7106,22.4238));
#9060=CARTESIAN_POINT('',(-34.3011992522309,12.2,22.4238));
#9061=CARTESIAN_POINT('',(-34.3011992522309,-1.,22.4238));
#9062=CARTESIAN_POINT('',(-41.7,12.2,22.4238));
#9063=CARTESIAN_POINT('',(2.74612348947125E-15,12.2,22.4238));
#9064=CARTESIAN_POINT('',(-41.7,3.7106,22.4238));
#9065=CARTESIAN_POINT('',(-41.7,4.7106,22.4238));
#9066=CARTESIAN_POINT('',(-51.699999252231,3.7106,22.4238));
#9067=CARTESIAN_POINT('',(2.33754403862212E-15,3.7106,22.4238));
#9068=CARTESIAN_POINT('',(-51.699999252231,-3.7106,22.4238));
#9069=CARTESIAN_POINT('',(-51.699999252231,-4.7106,22.4238));
#9070=CARTESIAN_POINT('',(-41.7,-3.7106,22.4238));
#9071=CARTESIAN_POINT('',(-42.7,-3.7106,22.4238));
#9072=CARTESIAN_POINT('',(-41.7,-12.2,22.4238));
#9073=CARTESIAN_POINT('',(-41.7,-13.2,22.4238));
#9074=CARTESIAN_POINT('',(-34.3011992522309,-12.2,22.4238));
#9075=CARTESIAN_POINT('',(-33.3011992522309,-12.2,22.4238));
#9076=CARTESIAN_POINT('',(-34.3011992522309,-3.7106,22.4238));
#9077=CARTESIAN_POINT('',(-34.3011992522309,-1.,22.4238));
#9078=CARTESIAN_POINT('',(-24.3012,-3.7106,22.4238));
#9079=CARTESIAN_POINT('',(-23.3012,-3.7106,22.4238));
#9080=CARTESIAN_POINT('',(-24.3012,3.7106,22.4238));
#9081=CARTESIAN_POINT('',(-24.3012,-1.,22.4238));
#9082=CARTESIAN_POINT('',(2.33754403862212E-15,3.7106,22.4238));
#9083=CARTESIAN_POINT('Origin',(-38.0005996261155,13.2,-242.393821135332));
#9084=CARTESIAN_POINT('',(-42.7,13.2,21.4238));
#9085=CARTESIAN_POINT('',(-42.7,13.2,-242.393821135332));
#9086=CARTESIAN_POINT('',(-33.3011992522309,13.2,21.4238));
#9087=CARTESIAN_POINT('',(-38.0005996261155,13.2,21.4238));
#9088=CARTESIAN_POINT('',(-33.301199252231,13.2,-242.393821135332));
#9089=CARTESIAN_POINT('Origin',(-33.301199252231,8.9553,-242.393821135332));
#9090=CARTESIAN_POINT('',(-33.3011992522309,4.7106,21.4238));
#9091=CARTESIAN_POINT('',(-33.3011992522309,8.9553,21.4238));
#9092=CARTESIAN_POINT('',(-33.301199252231,4.7106,-242.393821135332));
#9093=CARTESIAN_POINT('Origin',(-28.3011996261155,4.7106,-242.393821135332));
#9094=CARTESIAN_POINT('',(-23.3012,4.7106,21.4238));
#9095=CARTESIAN_POINT('',(-28.3011996261155,4.7106,21.4238));
#9096=CARTESIAN_POINT('',(-23.3012,4.7106,-242.393821135332));
#9097=CARTESIAN_POINT('Origin',(-23.3012,-2.00609108364275E-14,-242.393821135332));
#9098=CARTESIAN_POINT('',(-23.3012,-4.7106,21.4238));
#9099=CARTESIAN_POINT('',(-23.3012,9.22872889219653E-15,21.4238));
#9100=CARTESIAN_POINT('',(-23.3012,-4.7106,-242.393821135332));
#9101=CARTESIAN_POINT('Origin',(-28.3011996261155,-4.7106,-242.393821135332));
#9102=CARTESIAN_POINT('',(-33.3011992522309,-4.7106,21.4238));
#9103=CARTESIAN_POINT('',(-33.3011992522309,-4.7106,21.4238));
#9104=CARTESIAN_POINT('',(-33.301199252231,-4.7106,-242.393821135332));
#9105=CARTESIAN_POINT('Origin',(-33.301199252231,-8.9553,-242.393821135332));
#9106=CARTESIAN_POINT('',(-33.3011992522309,-13.2,21.4238));
#9107=CARTESIAN_POINT('',(-33.3011992522309,-8.9553,21.4238));
#9108=CARTESIAN_POINT('',(-33.301199252231,-13.2,-242.393821135332));
#9109=CARTESIAN_POINT('Origin',(-38.0005996261155,-13.2,-242.393821135332));
#9110=CARTESIAN_POINT('',(-42.7,-13.2,21.4238));
#9111=CARTESIAN_POINT('',(-42.7,-13.2,21.4238));
#9112=CARTESIAN_POINT('',(-42.7,-13.2,-242.393821135332));
#9113=CARTESIAN_POINT('Origin',(-42.7,-8.9553,-242.393821135332));
#9114=CARTESIAN_POINT('',(-42.7,-4.7106,21.4238));
#9115=CARTESIAN_POINT('',(-42.7,-4.7106,21.4238));
#9116=CARTESIAN_POINT('',(-42.7,-4.7106,-242.393821135332));
#9117=CARTESIAN_POINT('Origin',(-47.6999996261155,-4.7106,-242.393821135332));
#9118=CARTESIAN_POINT('',(-52.699999252231,-4.7106,21.4238));
#9119=CARTESIAN_POINT('',(-52.699999252231,-4.7106,21.4238));
#9120=CARTESIAN_POINT('',(-52.699999252231,-4.7106,-242.393821135332));
#9121=CARTESIAN_POINT('Origin',(-52.699999252231,-2.26629960503927E-14,
-242.393821135332));
#9122=CARTESIAN_POINT('',(-52.699999252231,4.7106,21.4238));
#9123=CARTESIAN_POINT('',(-52.699999252231,4.7106,21.4238));
#9124=CARTESIAN_POINT('',(-52.699999252231,4.7106,-242.393821135332));
#9125=CARTESIAN_POINT('Origin',(-47.6999996261155,4.7106,-242.393821135332));
#9126=CARTESIAN_POINT('',(-42.7,4.7106,21.4238));
#9127=CARTESIAN_POINT('',(-47.6999996261155,4.7106,21.4238));
#9128=CARTESIAN_POINT('',(-42.7,4.7106,-242.393821135332));
#9129=CARTESIAN_POINT('Origin',(-42.7,8.9553,-242.393821135332));
#9130=CARTESIAN_POINT('',(-42.7,13.2,21.4238));
#9131=CARTESIAN_POINT('Origin',(-38.0005996261155,-13.2,21.4238));
#9132=CARTESIAN_POINT('',(-41.2851,-11.7851,22.8387));
#9133=CARTESIAN_POINT('',(-34.8676660435258,-11.6335332087052,22.9902667912949));
#9134=CARTESIAN_POINT('Origin',(-34.3011992522309,-1.,22.4238));
#9135=CARTESIAN_POINT('',(-31.6345327101925,-6.37726654203847,19.7571334579615));
#9136=CARTESIAN_POINT('Origin',(-42.7,-8.9553,21.4238));
#9137=CARTESIAN_POINT('',(-44.1149,-6.1255,20.0089));
#9138=CARTESIAN_POINT('Origin',(-28.3011996261155,-4.7106,21.4238));
#9139=CARTESIAN_POINT('',(-24.9678665420385,-3.0439334579615,23.0904665420385));
#9140=CARTESIAN_POINT('Origin',(-47.6999996261155,-4.7106,21.4238));
#9141=CARTESIAN_POINT('',(-51.129799252231,-3.1404,22.994));
#9142=CARTESIAN_POINT('Origin',(-24.3012,-1.,22.4238));
#9143=CARTESIAN_POINT('',(-25.8714,2.1404,23.994));
#9144=CARTESIAN_POINT('Origin',(-52.699999252231,6.62664367823132E-15,21.4238));
#9145=CARTESIAN_POINT('',(-34.4666661681542,-13.5227330840768,39.6571330840771));
#9146=CARTESIAN_POINT('Origin',(2.33754403862212E-15,3.7106,22.4238));
#9147=CARTESIAN_POINT('',(-35.8713992522309,2.1404,23.994));
#9148=CARTESIAN_POINT('Origin',(2.33754403862212E-15,3.7106,22.4238));
#9149=CARTESIAN_POINT('',(-27.8,-10.1894,36.3238));
#9150=CARTESIAN_POINT('Origin',(-34.3011992522309,-1.,22.4238));
#9151=CARTESIAN_POINT('',(-38.701199252231,7.8,26.8238));
#9152=CARTESIAN_POINT('Origin',(-42.7,8.9553,21.4238));
#9153=CARTESIAN_POINT('',(-41.2851,11.7851,22.8387));
#9154=CARTESIAN_POINT('Origin',(2.74612348947125E-15,12.2,22.4238));
#9155=CARTESIAN_POINT('',(0.,0.,0.));
#9156=CARTESIAN_POINT('Origin',(-56.0355339059378,25.50000000001,266.417621135342));
#9157=CARTESIAN_POINT('',(18.51940000001,25.50000000001,13.4238));
#9158=CARTESIAN_POINT('',(18.51940000001,25.50000000001,3.60000000001));
#9159=CARTESIAN_POINT('',(18.51940000001,25.50000000001,7.51190000000499));
#9160=CARTESIAN_POINT('',(57.0710678118755,25.50000000001,13.4238));
#9161=CARTESIAN_POINT('',(57.0710678118755,25.50000000001,13.4238));
#9162=CARTESIAN_POINT('',(57.0710678118755,25.50000000001,3.60000000001001));
#9163=CARTESIAN_POINT('',(57.0710678118755,25.50000000001,266.417621135342));
#9164=CARTESIAN_POINT('',(-56.0355339059378,25.50000000001,3.60000000001001));
#9165=CARTESIAN_POINT('Origin',(-1.22338464375755E-14,-1.,13.4238));
#9166=CARTESIAN_POINT('',(15.6194000000049,22.50000000001,13.4238));
#9167=CARTESIAN_POINT('',(-15.6194000000095,22.50000000001,13.4238));
#9168=CARTESIAN_POINT('',(-1.22338464375755E-14,22.50000000001,13.4238));
#9169=CARTESIAN_POINT('',(15.6194,3.54704,13.4238));
#9170=CARTESIAN_POINT('',(15.6194000000049,13.523520000005,13.4238));
#9171=CARTESIAN_POINT('',(-15.6194,3.54704,13.4238));
#9172=CARTESIAN_POINT('',(3.46944695195361E-15,3.54704,13.4238));
#9173=CARTESIAN_POINT('',(-15.6194000000049,13.523520000005,13.4238));
#9174=CARTESIAN_POINT('Origin',(-36.0881271247563,24.5000000000101,266.417621135342));
#9175=CARTESIAN_POINT('',(-18.51940000001,24.50000000001,3.60000000001));
#9176=CARTESIAN_POINT('',(-56.6568542495024,24.50000000001,3.60000000001001));
#9177=CARTESIAN_POINT('',(-36.0881271247563,24.50000000001,3.60000000001001));
#9178=CARTESIAN_POINT('',(-18.51940000001,24.50000000001,13.4238));
#9179=CARTESIAN_POINT('',(-18.51940000001,24.5000000000101,266.417621135342));
#9180=CARTESIAN_POINT('',(-56.6568542495024,24.50000000001,13.4238));
#9181=CARTESIAN_POINT('',(-36.0881271247562,24.50000000001,13.4238));
#9182=CARTESIAN_POINT('',(-56.6568542495024,24.50000000001,266.417621135342));
#9183=CARTESIAN_POINT('Origin',(4.99971798712499E-12,162.693151240538,3.60000000000998));
#9184=CARTESIAN_POINT('',(56.6568542495024,24.50000000001,3.60000000001001));
#9185=CARTESIAN_POINT('',(18.51940000001,24.50000000001,3.60000000001));
#9186=CARTESIAN_POINT('',(-36.0881271247563,24.50000000001,3.60000000001001));
#9187=CARTESIAN_POINT('',(18.51940000001,162.693151240538,3.60000000000998));
#9188=CARTESIAN_POINT('',(67.50000000001,15.0710678118754,3.60000000001001));
#9189=CARTESIAN_POINT('',(62.2855339059427,20.2855339059427,3.60000000001001));
#9190=CARTESIAN_POINT('',(67.50000000001,-17.0710678118755,3.60000000001001));
#9191=CARTESIAN_POINT('',(67.50000000001,-1.,3.60000000001001));
#9192=CARTESIAN_POINT('',(57.0710678118755,-27.50000000001,3.60000000001001));
#9193=CARTESIAN_POINT('',(62.2855339059427,-22.2855339059428,3.60000000001001));
#9194=CARTESIAN_POINT('',(-57.0710678118755,-27.50000000001,3.60000000001001));
#9195=CARTESIAN_POINT('',(-3.85126912819748E-14,-27.50000000001,3.60000000001001));
#9196=CARTESIAN_POINT('',(-67.50000000001,-17.0710678118755,3.60000000001001));
#9197=CARTESIAN_POINT('',(-62.2855339059428,-22.2855339059427,3.60000000001001));
#9198=CARTESIAN_POINT('',(-67.50000000001,15.0710678118754,3.60000000001001));
#9199=CARTESIAN_POINT('',(-67.50000000001,-0.999999999999985,3.60000000001001));
#9200=CARTESIAN_POINT('',(-57.0710678118755,25.50000000001,3.60000000001001));
#9201=CARTESIAN_POINT('',(-62.2855339059428,20.2855339059427,3.60000000001001));
#9202=CARTESIAN_POINT('',(-18.51940000001,25.50000000001,3.60000000001));
#9203=CARTESIAN_POINT('',(-56.0355339059378,25.50000000001,3.60000000001001));
#9204=CARTESIAN_POINT('',(-18.51940000001,162.693151240538,3.60000000000998));
#9205=CARTESIAN_POINT('',(-66.50000000001,14.6568542495024,3.60000000001001));
#9206=CARTESIAN_POINT('',(-61.5784271247562,19.5784271247561,3.60000000001001));
#9207=CARTESIAN_POINT('',(-66.50000000001,-16.6568542495024,3.60000000001001));
#9208=CARTESIAN_POINT('',(-66.50000000001,-1.,3.60000000001001));
#9209=CARTESIAN_POINT('',(-56.6568542495024,-26.50000000001,3.60000000001001));
#9210=CARTESIAN_POINT('',(-61.5784271247562,-21.5784271247561,3.60000000001001));
#9211=CARTESIAN_POINT('',(56.6568542495024,-26.50000000001,3.60000000001001));
#9212=CARTESIAN_POINT('',(-2.46346585448005E-14,-26.50000000001,3.60000000001001));
#9213=CARTESIAN_POINT('',(66.50000000001,-16.6568542495024,3.60000000001001));
#9214=CARTESIAN_POINT('',(61.5784271247562,-21.5784271247562,3.60000000001001));
#9215=CARTESIAN_POINT('',(66.50000000001,14.6568542495024,3.60000000001001));
#9216=CARTESIAN_POINT('',(66.50000000001,-1.,3.60000000001001));
#9217=CARTESIAN_POINT('',(61.5784271247562,19.5784271247562,3.60000000001001));
#9218=CARTESIAN_POINT('Origin',(15.5194,22.50000000001,16.4238));
#9219=CARTESIAN_POINT('',(-18.51940000001,22.50000000001,16.4238));
#9220=CARTESIAN_POINT('',(-55.8284271247562,22.50000000001,16.4238));
#9221=CARTESIAN_POINT('',(-57.0710678118755,22.50000000001,16.4238));
#9222=CARTESIAN_POINT('',(-18.51940000001,25.50000000001,13.4238));
#9223=CARTESIAN_POINT('',(-18.51940000001,22.50000000001,16.4238));
#9224=CARTESIAN_POINT('',(-57.0710678118755,25.50000000001,13.4238));
#9225=CARTESIAN_POINT('',(57.0710678118755,25.50000000001,13.4238));
#9226=CARTESIAN_POINT('',(-59.2564270399516,30.7759238870886,8.14787611292133));
#9227=CARTESIAN_POINT('Origin',(3.525977875845E-16,4.407472344807E-17,1.6));
#9228=CARTESIAN_POINT('',(-17.6194000000095,22.50000000001,1.6));
#9229=CARTESIAN_POINT('',(-17.6193999999989,1.54704,1.6));
#9230=CARTESIAN_POINT('',(-17.6194000000045,12.523520000005,1.6));
#9231=CARTESIAN_POINT('',(-15.6194000000049,22.50000000001,1.6));
#9232=CARTESIAN_POINT('',(3.525977875845E-16,22.50000000001,1.6));
#9233=CARTESIAN_POINT('',(-15.6194,3.54704,1.6));
#9234=CARTESIAN_POINT('',(-15.619400000005,13.523520000005,1.6));
#9235=CARTESIAN_POINT('',(15.6194,3.54704,1.6));
#9236=CARTESIAN_POINT('',(2.02120414021836E-15,3.54704,1.6));
#9237=CARTESIAN_POINT('',(15.6194000000095,22.50000000001,1.6));
#9238=CARTESIAN_POINT('',(15.6194000000049,13.523520000005,1.6));
#9239=CARTESIAN_POINT('',(17.61940000001,22.50000000001,1.6));
#9240=CARTESIAN_POINT('',(3.525977875845E-16,22.50000000001,1.6));
#9241=CARTESIAN_POINT('',(17.6193999999989,1.54704,1.6));
#9242=CARTESIAN_POINT('',(17.6194000000045,12.523520000005,1.6));
#9243=CARTESIAN_POINT('',(-1.44824281173526E-15,1.54704,1.6));
#9244=CARTESIAN_POINT('Origin',(-15.619400000005,13.523520000005,1.598));
#9245=CARTESIAN_POINT('',(-15.6194000000095,22.50000000001,1.598));
#9246=CARTESIAN_POINT('',(-15.6194,3.54704,1.598));
#9247=CARTESIAN_POINT('Origin',(15.6194000000049,13.523520000005,1.598));
#9248=CARTESIAN_POINT('',(15.6194000000095,22.50000000001,1.598));
#9249=CARTESIAN_POINT('',(15.6194,3.54704,1.598));
#9250=CARTESIAN_POINT('Origin',(17.6194000000045,12.523520000005,1.598));
#9251=CARTESIAN_POINT('',(17.6194000000095,22.50000000001,13.4238));
#9252=CARTESIAN_POINT('',(17.6194000000095,22.50000000001,1.598));
#9253=CARTESIAN_POINT('',(17.6193999999989,1.54704,13.4238));
#9254=CARTESIAN_POINT('',(17.6194000000045,12.523520000005,13.4238));
#9255=CARTESIAN_POINT('',(17.6193999999989,1.54704,1.598));
#9256=CARTESIAN_POINT('Origin',(-17.6194000000045,12.523520000005,1.598));
#9257=CARTESIAN_POINT('',(-17.6194000000095,22.50000000001,13.4238));
#9258=CARTESIAN_POINT('',(-17.6193999999989,1.54704,13.4238));
#9259=CARTESIAN_POINT('',(-17.6194000000045,12.523520000005,13.4238));
#9260=CARTESIAN_POINT('',(-17.6194000000095,22.50000000001,1.598));
#9261=CARTESIAN_POINT('',(-17.6193999999989,1.54704,1.598));
#9262=CARTESIAN_POINT('Origin',(-1.22338464375755E-14,-1.,13.4238));
#9263=CARTESIAN_POINT('',(18.51940000001,22.50000000001,13.4238));
#9264=CARTESIAN_POINT('',(-1.22338464375755E-14,22.50000000001,13.4238));
#9265=CARTESIAN_POINT('',(18.51940000001,24.50000000001,13.4238));
#9266=CARTESIAN_POINT('',(18.51940000001,-1.,13.4238));
#9267=CARTESIAN_POINT('',(56.6568542495024,24.50000000001,13.4238));
#9268=CARTESIAN_POINT('',(-36.0881271247562,24.50000000001,13.4238));
#9269=CARTESIAN_POINT('',(66.50000000001,14.6568542495024,13.4238));
#9270=CARTESIAN_POINT('',(61.5784271247562,19.5784271247562,13.4238));
#9271=CARTESIAN_POINT('',(66.50000000001,-16.6568542495024,13.4238));
#9272=CARTESIAN_POINT('',(66.50000000001,-1.,13.4238));
#9273=CARTESIAN_POINT('',(56.6568542495024,-26.50000000001,13.4238));
#9274=CARTESIAN_POINT('',(61.5784271247562,-21.5784271247562,13.4238));
#9275=CARTESIAN_POINT('',(-56.6568542495024,-26.50000000001,13.4238));
#9276=CARTESIAN_POINT('',(6.93889390390723E-15,-26.50000000001,13.4238));
#9277=CARTESIAN_POINT('',(-66.50000000001,-16.6568542495024,13.4238));
#9278=CARTESIAN_POINT('',(-61.5784271247562,-21.5784271247562,13.4238));
#9279=CARTESIAN_POINT('',(-66.50000000001,14.6568542495024,13.4238));
#9280=CARTESIAN_POINT('',(-66.50000000001,-1.,13.4238));
#9281=CARTESIAN_POINT('',(-61.5784271247562,19.5784271247562,13.4238));
#9282=CARTESIAN_POINT('',(-18.51940000001,22.50000000001,13.4238));
#9283=CARTESIAN_POINT('',(-18.51940000001,-1.,13.4238));
#9284=CARTESIAN_POINT('',(-1.22338464375755E-14,22.50000000001,13.4238));
#9285=CARTESIAN_POINT('',(-2.78321919258752E-32,1.54704,13.4238));
#9286=CARTESIAN_POINT('',(-55.,-12.5,13.4238));
#9287=CARTESIAN_POINT('Origin',(-52.5,-12.5,13.4238));
#9288=CARTESIAN_POINT('',(-55.,12.5,13.4238));
#9289=CARTESIAN_POINT('Origin',(-52.5,12.5,13.4238));
#9290=CARTESIAN_POINT('',(-4.,-12.5,13.4238));
#9291=CARTESIAN_POINT('Origin',(1.7347234759768E-15,-12.5,13.4238));
#9292=CARTESIAN_POINT('',(50.,-12.5,13.4238));
#9293=CARTESIAN_POINT('Origin',(52.5,-12.5,13.4238));
#9294=CARTESIAN_POINT('',(50.,12.5,13.4238));
#9295=CARTESIAN_POINT('Origin',(52.5,12.5,13.4238));
#9296=CARTESIAN_POINT('',(38.9988,-2.57332021690039,13.4238));
#9297=CARTESIAN_POINT('',(43.9148797830996,-7.4894,13.4238));
#9298=CARTESIAN_POINT('Origin',(37.9988,-8.4894,13.4238));
#9299=CARTESIAN_POINT('',(38.9988,-3.59042051443364,13.4238));
#9300=CARTESIAN_POINT('',(38.9988,-3.08187036566701,13.4238));
#9301=CARTESIAN_POINT('',(36.9988,-3.59042051443364,13.4238));
#9302=CARTESIAN_POINT('Origin',(37.9988,-8.4894,13.4238));
#9303=CARTESIAN_POINT('',(36.9988,-2.57332021690039,13.4238));
#9304=CARTESIAN_POINT('',(36.9988,-3.08187036566701,13.4238));
#9305=CARTESIAN_POINT('',(32.0827202169004,-7.4894,13.4238));
#9306=CARTESIAN_POINT('Origin',(37.9988,-8.4894,13.4238));
#9307=CARTESIAN_POINT('',(33.0998205144337,-7.4894,13.4238));
#9308=CARTESIAN_POINT('',(32.591270365667,-7.4894,13.4238));
#9309=CARTESIAN_POINT('',(32.9988,-8.48939999999999,13.4238));
#9310=CARTESIAN_POINT('Origin',(37.9988,-8.4894,13.4238));
#9311=CARTESIAN_POINT('',(33.0998205144337,-9.4894,13.4238));
#9312=CARTESIAN_POINT('Origin',(37.9988,-8.4894,13.4238));
#9313=CARTESIAN_POINT('',(32.0827202169004,-9.4894,13.4238));
#9314=CARTESIAN_POINT('',(32.591270365667,-9.4894,13.4238));
#9315=CARTESIAN_POINT('',(36.9988,-14.4054797830996,13.4238));
#9316=CARTESIAN_POINT('Origin',(37.9988,-8.4894,13.4238));
#9317=CARTESIAN_POINT('',(36.9988,-13.3883794855663,13.4238));
#9318=CARTESIAN_POINT('',(36.9988,-13.896929634333,13.4238));
#9319=CARTESIAN_POINT('',(38.9988,-13.3883794855663,13.4238));
#9320=CARTESIAN_POINT('Origin',(37.9988,-8.4894,13.4238));
#9321=CARTESIAN_POINT('',(38.9988,-14.4054797830996,13.4238));
#9322=CARTESIAN_POINT('',(38.9988,-13.896929634333,13.4238));
#9323=CARTESIAN_POINT('',(43.9148797830996,-9.4894,13.4238));
#9324=CARTESIAN_POINT('Origin',(37.9988,-8.4894,13.4238));
#9325=CARTESIAN_POINT('',(42.8977794855664,-9.4894,13.4238));
#9326=CARTESIAN_POINT('',(43.406329634333,-9.4894,13.4238));
#9327=CARTESIAN_POINT('',(42.8977794855664,-7.4894,13.4238));
#9328=CARTESIAN_POINT('Origin',(37.9988,-8.4894,13.4238));
#9329=CARTESIAN_POINT('',(43.406329634333,-7.4894,13.4238));
#9330=CARTESIAN_POINT('',(28.9988,5.92667978309963,13.4238));
#9331=CARTESIAN_POINT('',(33.9148797830996,1.01059999999988,13.4238));
#9332=CARTESIAN_POINT('Origin',(27.9988,0.010600000000007,13.4238));
#9333=CARTESIAN_POINT('',(28.9988,4.90957948556638,13.4238));
#9334=CARTESIAN_POINT('',(28.9988,5.418129634333,13.4238));
#9335=CARTESIAN_POINT('',(26.9988,4.90957948556638,13.4238));
#9336=CARTESIAN_POINT('Origin',(27.9988,0.0106000000000012,13.4238));
#9337=CARTESIAN_POINT('',(26.9988,5.92667978309963,13.4238));
#9338=CARTESIAN_POINT('',(26.9988,5.418129634333,13.4238));
#9339=CARTESIAN_POINT('',(22.0827202169003,1.01059999999989,13.4238));
#9340=CARTESIAN_POINT('Origin',(27.9988,0.0106000000000052,13.4238));
#9341=CARTESIAN_POINT('',(23.0998205144336,1.01059999999988,13.4238));
#9342=CARTESIAN_POINT('',(22.591270365667,1.01059999999988,13.4238));
#9343=CARTESIAN_POINT('',(22.9988,0.0106000000000007,13.4238));
#9344=CARTESIAN_POINT('Origin',(27.9988,0.0106000000000012,13.4238));
#9345=CARTESIAN_POINT('',(23.0998205144336,-0.989399999999881,13.4238));
#9346=CARTESIAN_POINT('Origin',(27.9988,0.0106000000000012,13.4238));
#9347=CARTESIAN_POINT('',(22.0827202169004,-0.98939999999996,13.4238));
#9348=CARTESIAN_POINT('',(22.591270365667,-0.989399999999882,13.4238));
#9349=CARTESIAN_POINT('',(26.9988,-5.90547978309963,13.4238));
#9350=CARTESIAN_POINT('Origin',(27.9988,0.0106000000000055,13.4238));
#9351=CARTESIAN_POINT('',(26.9988,-4.88837948556637,13.4238));
#9352=CARTESIAN_POINT('',(26.9988,-5.396929634333,13.4238));
#9353=CARTESIAN_POINT('',(28.9988,-4.88837948556637,13.4238));
#9354=CARTESIAN_POINT('Origin',(27.9988,0.0106000000000012,13.4238));
#9355=CARTESIAN_POINT('',(28.9988,-5.90547978309963,13.4238));
#9356=CARTESIAN_POINT('',(28.9988,-5.396929634333,13.4238));
#9357=CARTESIAN_POINT('',(33.9148797830996,-0.989399999999882,13.4238));
#9358=CARTESIAN_POINT('Origin',(27.9988,0.0105999999999971,13.4238));
#9359=CARTESIAN_POINT('',(32.8977794855664,-0.989399999999882,13.4238));
#9360=CARTESIAN_POINT('',(33.406329634333,-0.989399999999882,13.4238));
#9361=CARTESIAN_POINT('',(32.8977794855664,1.01059999999988,13.4238));
#9362=CARTESIAN_POINT('Origin',(27.9988,0.0106000000000012,13.4238));
#9363=CARTESIAN_POINT('',(33.406329634333,1.01059999999988,13.4238));
#9364=CARTESIAN_POINT('',(36.9988,2.59452021690039,13.4238));
#9365=CARTESIAN_POINT('',(32.0827202169004,7.5106,13.4238));
#9366=CARTESIAN_POINT('Origin',(37.9988,8.5106,13.4238));
#9367=CARTESIAN_POINT('',(36.9988,3.61162051443365,13.4238));
#9368=CARTESIAN_POINT('',(36.9988,3.10307036566702,13.4238));
#9369=CARTESIAN_POINT('',(38.9988,3.61162051443365,13.4238));
#9370=CARTESIAN_POINT('Origin',(37.9988,8.5106,13.4238));
#9371=CARTESIAN_POINT('',(38.9988,2.59452021690039,13.4238));
#9372=CARTESIAN_POINT('',(38.9988,3.10307036566702,13.4238));
#9373=CARTESIAN_POINT('',(43.9148797830996,7.5106,13.4238));
#9374=CARTESIAN_POINT('Origin',(37.9988,8.5106,13.4238));
#9375=CARTESIAN_POINT('',(42.8977794855664,7.5106,13.4238));
#9376=CARTESIAN_POINT('',(43.406329634333,7.5106,13.4238));
#9377=CARTESIAN_POINT('',(42.8977794855664,9.5106,13.4238));
#9378=CARTESIAN_POINT('Origin',(37.9988,8.5106,13.4238));
#9379=CARTESIAN_POINT('',(43.9148797830996,9.5106,13.4238));
#9380=CARTESIAN_POINT('',(43.406329634333,9.5106,13.4238));
#9381=CARTESIAN_POINT('',(38.9988,14.4266797830996,13.4238));
#9382=CARTESIAN_POINT('Origin',(37.9988,8.5106,13.4238));
#9383=CARTESIAN_POINT('',(38.9988,13.4095794855664,13.4238));
#9384=CARTESIAN_POINT('',(38.9988,13.918129634333,13.4238));
#9385=CARTESIAN_POINT('',(36.9988,13.4095794855664,13.4238));
#9386=CARTESIAN_POINT('Origin',(37.9988,8.5106,13.4238));
#9387=CARTESIAN_POINT('',(36.9988,14.4266797830996,13.4238));
#9388=CARTESIAN_POINT('',(36.9988,13.918129634333,13.4238));
#9389=CARTESIAN_POINT('',(32.0827202169004,9.5106,13.4238));
#9390=CARTESIAN_POINT('Origin',(37.9988,8.5106,13.4238));
#9391=CARTESIAN_POINT('',(33.0998205144337,9.5106,13.4238));
#9392=CARTESIAN_POINT('',(32.591270365667,9.5106,13.4238));
#9393=CARTESIAN_POINT('',(32.9988,8.51060000000001,13.4238));
#9394=CARTESIAN_POINT('Origin',(37.9988,8.5106,13.4238));
#9395=CARTESIAN_POINT('',(33.0998205144337,7.5106,13.4238));
#9396=CARTESIAN_POINT('Origin',(37.9988,8.5106,13.4238));
#9397=CARTESIAN_POINT('',(32.591270365667,7.5106,13.4238));
#9398=CARTESIAN_POINT('',(46.9988,5.92667978309963,13.4238));
#9399=CARTESIAN_POINT('',(42.0827202169003,1.01059999999996,13.4238));
#9400=CARTESIAN_POINT('Origin',(47.9988,0.0106000000000062,13.4238));
#9401=CARTESIAN_POINT('',(43.0998205144336,1.01059999999996,13.4238));
#9402=CARTESIAN_POINT('',(42.591270365667,1.01059999999988,13.4238));
#9403=CARTESIAN_POINT('',(42.9988,0.0106000000000007,13.4238));
#9404=CARTESIAN_POINT('Origin',(47.9988,0.0106000000000012,13.4238));
#9405=CARTESIAN_POINT('',(43.0998205144336,-0.989399999999958,13.4238));
#9406=CARTESIAN_POINT('Origin',(47.9988,0.0106000000000012,13.4238));
#9407=CARTESIAN_POINT('',(42.0827202169003,-0.98939999999996,13.4238));
#9408=CARTESIAN_POINT('',(42.591270365667,-0.989399999999882,13.4238));
#9409=CARTESIAN_POINT('',(46.9988,-5.90547978309963,13.4238));
#9410=CARTESIAN_POINT('Origin',(47.9988,0.0105999999999971,13.4238));
#9411=CARTESIAN_POINT('',(46.9988,-4.88837948556637,13.4238));
#9412=CARTESIAN_POINT('',(46.9988,-5.396929634333,13.4238));
#9413=CARTESIAN_POINT('',(48.9988,-4.88837948556637,13.4238));
#9414=CARTESIAN_POINT('Origin',(47.9988,0.0106000000000012,13.4238));
#9415=CARTESIAN_POINT('',(48.9988,-5.90547978309963,13.4238));
#9416=CARTESIAN_POINT('',(48.9988,-5.396929634333,13.4238));
#9417=CARTESIAN_POINT('',(53.9148797830996,-0.989399999999959,13.4238));
#9418=CARTESIAN_POINT('Origin',(47.9988,0.01059999999998,13.4238));
#9419=CARTESIAN_POINT('',(52.8977794855664,-0.989399999999961,13.4238));
#9420=CARTESIAN_POINT('',(53.406329634333,-0.989399999999882,13.4238));
#9421=CARTESIAN_POINT('',(52.8977794855664,1.01059999999989,13.4238));
#9422=CARTESIAN_POINT('Origin',(47.9988,0.0106000000000012,13.4238));
#9423=CARTESIAN_POINT('',(53.9148797830996,1.01059999999988,13.4238));
#9424=CARTESIAN_POINT('',(53.406329634333,1.01059999999988,13.4238));
#9425=CARTESIAN_POINT('',(48.9988,5.92667978309963,13.4238));
#9426=CARTESIAN_POINT('Origin',(47.9988,0.0106000000000053,13.4238));
#9427=CARTESIAN_POINT('',(48.9988,4.90957948556638,13.4238));
#9428=CARTESIAN_POINT('',(48.9988,5.418129634333,13.4238));
#9429=CARTESIAN_POINT('',(46.9988,4.90957948556637,13.4238));
#9430=CARTESIAN_POINT('Origin',(47.9988,0.0106000000000012,13.4238));
#9431=CARTESIAN_POINT('',(46.9988,5.418129634333,13.4238));
#9432=CARTESIAN_POINT('',(-20.771466962514,3.80961538357094E-14,13.4238));
#9433=CARTESIAN_POINT('Ctrl Pts',(-20.771466962514,3.80961538357094E-14,
13.4238));
#9434=CARTESIAN_POINT('Ctrl Pts',(-20.771466962514,-0.127984435572898,13.4238));
#9435=CARTESIAN_POINT('Ctrl Pts',(-20.7750318214372,-0.383953306718801,
13.4238));
#9436=CARTESIAN_POINT('Ctrl Pts',(-20.7963551276563,-0.894616074468478,
13.4238));
#9437=CARTESIAN_POINT('Ctrl Pts',(-20.8494879170825,-1.53049549791938,13.4238));
#9438=CARTESIAN_POINT('Ctrl Pts',(-20.9551814775633,-2.28808481800901,13.4238));
#9439=CARTESIAN_POINT('Ctrl Pts',(-21.1514042944278,-3.28898426035633,13.4238));
#9440=CARTESIAN_POINT('Ctrl Pts',(-21.4991928810097,-4.51922740315883,13.4238));
#9441=CARTESIAN_POINT('Ctrl Pts',(-21.9803685781697,-5.71220042953905,13.4238));
#9442=CARTESIAN_POINT('Ctrl Pts',(-22.4432978796375,-6.63872387678062,13.4238));
#9443=CARTESIAN_POINT('Ctrl Pts',(-22.7646694036415,-7.20503546460655,13.4238));
#9444=CARTESIAN_POINT('Ctrl Pts',(-23.0407684353802,-7.64982483279967,13.4238));
#9445=CARTESIAN_POINT('Ctrl Pts',(-23.3293462330767,-8.08870732136889,13.4238));
#9446=CARTESIAN_POINT('Ctrl Pts',(-23.7114237779396,-8.62325165788151,13.4238));
#9447=CARTESIAN_POINT('Ctrl Pts',(-24.2031327013697,-9.24170037239205,13.4238));
#9448=CARTESIAN_POINT('Ctrl Pts',(-24.9014065652714,-10.0343146312193,13.4238));
#9449=CARTESIAN_POINT('Ctrl Pts',(-25.8512872491553,-10.9628638705167,13.4238));
#9450=CARTESIAN_POINT('Ctrl Pts',(-26.8962231576314,-11.8025904406571,13.4238));
#9451=CARTESIAN_POINT('Ctrl Pts',(-27.7847191660488,-12.4176052670555,13.4238));
#9452=CARTESIAN_POINT('Ctrl Pts',(-28.4762672114753,-12.8496139235774,13.4238));
#9453=CARTESIAN_POINT('Ctrl Pts',(-29.0725463654771,-13.1844893338365,13.4238));
#9454=CARTESIAN_POINT('Ctrl Pts',(-29.5612705523659,-13.43699153088,13.4238));
#9455=CARTESIAN_POINT('Ctrl Pts',(-30.05600380696,-13.6782973738524,13.4238));
#9456=CARTESIAN_POINT('Ctrl Pts',(-30.6848820841889,-13.95870144273,13.4238));
#9457=CARTESIAN_POINT('Ctrl Pts',(-31.7116642904263,-14.3617902590614,13.4238));
#9458=CARTESIAN_POINT('Ctrl Pts',(-33.0300430292769,-14.7795165569668,13.4238));
#9459=CARTESIAN_POINT('Ctrl Pts',(-34.3855471556442,-15.0805445881148,13.4238));
#9460=CARTESIAN_POINT('Ctrl Pts',(-35.4866244940239,-15.2501517836104,13.4238));
#9461=CARTESIAN_POINT('Ctrl Pts',(-36.3193772040729,-15.3414357534153,13.4238));
#9462=CARTESIAN_POINT('Ctrl Pts',(-37.0179763545476,-15.3873007139271,13.4238));
#9463=CARTESIAN_POINT('Ctrl Pts',(-37.5788871300098,-15.4057042967682,13.4238));
#9464=CARTESIAN_POINT('Ctrl Pts',(-38.0005996261155,-15.4103192032061,13.4238));
#9465=CARTESIAN_POINT('Ctrl Pts',(-38.4223121222212,-15.4057042967683,13.4238));
#9466=CARTESIAN_POINT('Ctrl Pts',(-38.9832228976834,-15.3873007139271,13.4238));
#9467=CARTESIAN_POINT('Ctrl Pts',(-39.6818220481581,-15.3414357534153,13.4238));
#9468=CARTESIAN_POINT('Ctrl Pts',(-40.5145747582071,-15.2501517836104,13.4238));
#9469=CARTESIAN_POINT('Ctrl Pts',(-41.6156520965868,-15.0805445881148,13.4238));
#9470=CARTESIAN_POINT('Ctrl Pts',(-42.9711562229541,-14.7795165569668,13.4238));
#9471=CARTESIAN_POINT('Ctrl Pts',(-44.2895349618047,-14.3617902590614,13.4238));
#9472=CARTESIAN_POINT('Ctrl Pts',(-45.316317168042,-13.95870144273,13.4238));
#9473=CARTESIAN_POINT('Ctrl Pts',(-45.945195445271,-13.6782973738525,13.4238));
#9474=CARTESIAN_POINT('Ctrl Pts',(-46.4399286998651,-13.43699153088,13.4238));
#9475=CARTESIAN_POINT('Ctrl Pts',(-46.9286528867539,-13.1844893338365,13.4238));
#9476=CARTESIAN_POINT('Ctrl Pts',(-47.5249320407558,-12.8496139235774,13.4238));
#9477=CARTESIAN_POINT('Ctrl Pts',(-48.2164800861822,-12.4176052670555,13.4238));
#9478=CARTESIAN_POINT('Ctrl Pts',(-49.1049760945996,-11.8025904406571,13.4238));
#9479=CARTESIAN_POINT('Ctrl Pts',(-50.1499120030757,-10.9628638705167,13.4238));
#9480=CARTESIAN_POINT('Ctrl Pts',(-51.0997926869595,-10.0343146312193,13.4238));
#9481=CARTESIAN_POINT('Ctrl Pts',(-51.7980665508614,-9.24170037239208,13.4238));
#9482=CARTESIAN_POINT('Ctrl Pts',(-52.2897754742915,-8.62325165788148,13.4238));
#9483=CARTESIAN_POINT('Ctrl Pts',(-52.6718530191542,-8.08870732136893,13.4238));
#9484=CARTESIAN_POINT('Ctrl Pts',(-52.9604308168508,-7.6498248327997,13.4238));
#9485=CARTESIAN_POINT('Ctrl Pts',(-53.2365298485896,-7.20503546460655,13.4238));
#9486=CARTESIAN_POINT('Ctrl Pts',(-53.5579013725935,-6.63872387678063,13.4238));
#9487=CARTESIAN_POINT('Ctrl Pts',(-54.0208306740614,-5.71220042953903,13.4238));
#9488=CARTESIAN_POINT('Ctrl Pts',(-54.5020063712213,-4.51922740315884,13.4238));
#9489=CARTESIAN_POINT('Ctrl Pts',(-54.8497949578031,-3.28898426035637,13.4238));
#9490=CARTESIAN_POINT('Ctrl Pts',(-55.0460177746677,-2.288084818009,13.4238));
#9491=CARTESIAN_POINT('Ctrl Pts',(-55.1517113351485,-1.5304954979194,13.4238));
#9492=CARTESIAN_POINT('Ctrl Pts',(-55.2048441245746,-0.894616074468486,
13.4238));
#9493=CARTESIAN_POINT('Ctrl Pts',(-55.2261674307938,-0.383953306718745,
13.4238));
#9494=CARTESIAN_POINT('Ctrl Pts',(-55.2315147191785,-1.599952628806E-14,
13.4238));
#9495=CARTESIAN_POINT('Ctrl Pts',(-55.2261674307938,0.38395330671885,13.4238));
#9496=CARTESIAN_POINT('Ctrl Pts',(-55.2048441245746,0.894616074468503,13.4238));
#9497=CARTESIAN_POINT('Ctrl Pts',(-55.1517113351485,1.53049549791937,13.4238));
#9498=CARTESIAN_POINT('Ctrl Pts',(-55.0460177746677,2.28808481800903,13.4238));
#9499=CARTESIAN_POINT('Ctrl Pts',(-54.8497949578031,3.28898426035633,13.4238));
#9500=CARTESIAN_POINT('Ctrl Pts',(-54.5020063712213,4.51922740315887,13.4238));
#9501=CARTESIAN_POINT('Ctrl Pts',(-54.0208306740614,5.71220042953901,13.4238));
#9502=CARTESIAN_POINT('Ctrl Pts',(-53.5579013725934,6.63872387678067,13.4238));
#9503=CARTESIAN_POINT('Ctrl Pts',(-53.2365298485896,7.20503546460651,13.4238));
#9504=CARTESIAN_POINT('Ctrl Pts',(-52.9604308168508,7.64982483279968,13.4238));
#9505=CARTESIAN_POINT('Ctrl Pts',(-52.6718530191542,8.08870732136889,13.4238));
#9506=CARTESIAN_POINT('Ctrl Pts',(-52.2897754742915,8.62325165788151,13.4238));
#9507=CARTESIAN_POINT('Ctrl Pts',(-51.7980665508614,9.24170037239207,13.4238));
#9508=CARTESIAN_POINT('Ctrl Pts',(-51.0997926869596,10.0343146312193,13.4238));
#9509=CARTESIAN_POINT('Ctrl Pts',(-50.1499120030756,10.9628638705167,13.4238));
#9510=CARTESIAN_POINT('Ctrl Pts',(-49.1049760945996,11.8025904406571,13.4238));
#9511=CARTESIAN_POINT('Ctrl Pts',(-48.2164800861823,12.4176052670555,13.4238));
#9512=CARTESIAN_POINT('Ctrl Pts',(-47.5249320407558,12.8496139235774,13.4238));
#9513=CARTESIAN_POINT('Ctrl Pts',(-46.928652886754,13.1844893338365,13.4238));
#9514=CARTESIAN_POINT('Ctrl Pts',(-46.4399286998651,13.43699153088,13.4238));
#9515=CARTESIAN_POINT('Ctrl Pts',(-45.945195445271,13.6782973738524,13.4238));
#9516=CARTESIAN_POINT('Ctrl Pts',(-45.3163171680421,13.95870144273,13.4238));
#9517=CARTESIAN_POINT('Ctrl Pts',(-44.2895349618047,14.3617902590614,13.4238));
#9518=CARTESIAN_POINT('Ctrl Pts',(-42.9711562229541,14.7795165569668,13.4238));
#9519=CARTESIAN_POINT('Ctrl Pts',(-41.6156520965868,15.0805445881148,13.4238));
#9520=CARTESIAN_POINT('Ctrl Pts',(-40.5145747582071,15.2501517836104,13.4238));
#9521=CARTESIAN_POINT('Ctrl Pts',(-39.6818220481581,15.3414357534153,13.4238));
#9522=CARTESIAN_POINT('Ctrl Pts',(-38.9832228976834,15.3873007139271,13.4238));
#9523=CARTESIAN_POINT('Ctrl Pts',(-38.4223121222212,15.4057042967683,13.4238));
#9524=CARTESIAN_POINT('Ctrl Pts',(-38.0005996261155,15.4103192032061,13.4238));
#9525=CARTESIAN_POINT('Ctrl Pts',(-37.5788871300098,15.4057042967683,13.4238));
#9526=CARTESIAN_POINT('Ctrl Pts',(-37.0179763545475,15.3873007139271,13.4238));
#9527=CARTESIAN_POINT('Ctrl Pts',(-36.319377204073,15.3414357534153,13.4238));
#9528=CARTESIAN_POINT('Ctrl Pts',(-35.4866244940239,15.2501517836104,13.4238));
#9529=CARTESIAN_POINT('Ctrl Pts',(-34.3855471556442,15.0805445881148,13.4238));
#9530=CARTESIAN_POINT('Ctrl Pts',(-33.0300430292769,14.7795165569668,13.4238));
#9531=CARTESIAN_POINT('Ctrl Pts',(-31.7116642904263,14.3617902590614,13.4238));
#9532=CARTESIAN_POINT('Ctrl Pts',(-30.684882084189,13.9587014427301,13.4238));
#9533=CARTESIAN_POINT('Ctrl Pts',(-30.05600380696,13.6782973738525,13.4238));
#9534=CARTESIAN_POINT('Ctrl Pts',(-29.5612705523659,13.43699153088,13.4238));
#9535=CARTESIAN_POINT('Ctrl Pts',(-29.0725463654771,13.1844893338365,13.4238));
#9536=CARTESIAN_POINT('Ctrl Pts',(-28.4762672114752,12.8496139235774,13.4238));
#9537=CARTESIAN_POINT('Ctrl Pts',(-27.7847191660488,12.4176052670555,13.4238));
#9538=CARTESIAN_POINT('Ctrl Pts',(-26.8962231576314,11.8025904406571,13.4238));
#9539=CARTESIAN_POINT('Ctrl Pts',(-25.8512872491553,10.9628638705168,13.4238));
#9540=CARTESIAN_POINT('Ctrl Pts',(-24.9014065652714,10.0343146312193,13.4238));
#9541=CARTESIAN_POINT('Ctrl Pts',(-24.2031327013697,9.24170037239206,13.4238));
#9542=CARTESIAN_POINT('Ctrl Pts',(-23.7114237779396,8.62325165788156,13.4238));
#9543=CARTESIAN_POINT('Ctrl Pts',(-23.3293462330767,8.0887073213689,13.4238));
#9544=CARTESIAN_POINT('Ctrl Pts',(-23.0407684353802,7.64982483279971,13.4238));
#9545=CARTESIAN_POINT('Ctrl Pts',(-22.7646694036414,7.20503546460653,13.4238));
#9546=CARTESIAN_POINT('Ctrl Pts',(-22.4432978796375,6.63872387678065,13.4238));
#9547=CARTESIAN_POINT('Ctrl Pts',(-21.9803685781697,5.71220042953904,13.4238));
#9548=CARTESIAN_POINT('Ctrl Pts',(-21.4991928810097,4.51922740315889,13.4238));
#9549=CARTESIAN_POINT('Ctrl Pts',(-21.1514042944279,3.28898426035631,13.4238));
#9550=CARTESIAN_POINT('Ctrl Pts',(-20.9551814775633,2.28808481800903,13.4238));
#9551=CARTESIAN_POINT('Ctrl Pts',(-20.8494879170825,1.53049549791945,13.4238));
#9552=CARTESIAN_POINT('Ctrl Pts',(-20.7963551276563,0.894616074468427,13.4238));
#9553=CARTESIAN_POINT('Ctrl Pts',(-20.7750318214372,0.383953306718814,13.4238));
#9554=CARTESIAN_POINT('Ctrl Pts',(-20.771466962514,0.127984435572974,13.4238));
#9555=CARTESIAN_POINT('Ctrl Pts',(-20.771466962514,3.80961538357094E-14,
13.4238));
#9556=CARTESIAN_POINT('Origin',(-1.22338464375755E-14,-1.,13.4238));
#9557=CARTESIAN_POINT('',(-21.7714669625141,8.87012902364703E-15,13.4238));
#9558=CARTESIAN_POINT('Ctrl Pts',(-21.7714669625141,8.87012902364703E-15,
13.4238));
#9559=CARTESIAN_POINT('Ctrl Pts',(-21.7714669625141,-0.118709926054101,
13.4238));
#9560=CARTESIAN_POINT('Ctrl Pts',(-21.774773633528,-0.356129778162319,13.4238));
#9561=CARTESIAN_POINT('Ctrl Pts',(-21.7945511227699,-0.829775360613255,
13.4238));
#9562=CARTESIAN_POINT('Ctrl Pts',(-21.8438380079957,-1.41965115559478,13.4238));
#9563=CARTESIAN_POINT('Ctrl Pts',(-21.9419064061634,-2.12260833201683,13.4238));
#9564=CARTESIAN_POINT('Ctrl Pts',(-22.1240516893442,-3.05173152715621,13.4238));
#9565=CARTESIAN_POINT('Ctrl Pts',(-22.4471206119412,-4.19468446407327,13.4238));
#9566=CARTESIAN_POINT('Ctrl Pts',(-22.8947751800134,-5.30469405186324,13.4238));
#9567=CARTESIAN_POINT('Ctrl Pts',(-23.3260819742591,-6.16795647838293,13.4238));
#9568=CARTESIAN_POINT('Ctrl Pts',(-23.6258070500948,-6.696138414393,13.4238));
#9569=CARTESIAN_POINT('Ctrl Pts',(-23.8834989589983,-7.11127833829105,13.4238));
#9570=CARTESIAN_POINT('Ctrl Pts',(-24.1530168157725,-7.52117641946271,13.4238));
#9571=CARTESIAN_POINT('Ctrl Pts',(-24.5100862241847,-8.02074673476305,13.4238));
#9572=CARTESIAN_POINT('Ctrl Pts',(-24.9701609948498,-8.59942567744162,13.4238));
#9573=CARTESIAN_POINT('Ctrl Pts',(-25.6242068406636,-9.34185622089559,13.4238));
#9574=CARTESIAN_POINT('Ctrl Pts',(-26.5153809079022,-10.2131126731252,13.4238));
#9575=CARTESIAN_POINT('Ctrl Pts',(-27.4978287898197,-11.0027000972766,13.4238));
#9576=CARTESIAN_POINT('Ctrl Pts',(-28.3344318282788,-11.5818093589497,13.4238));
#9577=CARTESIAN_POINT('Ctrl Pts',(-28.98622525626,-11.9889921188078,13.4238));
#9578=CARTESIAN_POINT('Ctrl Pts',(-29.5486741317197,-12.3048761742997,13.4238));
#9579=CARTESIAN_POINT('Ctrl Pts',(-30.0100208876611,-12.5432351363015,13.4238));
#9580=CARTESIAN_POINT('Ctrl Pts',(-30.4771736045305,-12.7710895584344,13.4238));
#9581=CARTESIAN_POINT('Ctrl Pts',(-31.0713585468913,-13.0360309375711,13.4238));
#9582=CARTESIAN_POINT('Ctrl Pts',(-32.0421440141768,-13.4171451096618,13.4238));
#9583=CARTESIAN_POINT('Ctrl Pts',(-33.2897899146899,-13.8124941913052,13.4238));
#9584=CARTESIAN_POINT('Ctrl Pts',(-34.5737799353921,-14.0976630852668,13.4238));
#9585=CARTESIAN_POINT('Ctrl Pts',(-35.617261940059,-14.2584010784843,13.4238));
#9586=CARTESIAN_POINT('Ctrl Pts',(-36.4066294220241,-14.3449312632661,13.4238));
#9587=CARTESIAN_POINT('Ctrl Pts',(-37.0689518193758,-14.3884152037901,13.4238));
#9588=CARTESIAN_POINT('Ctrl Pts',(-37.6007499551486,-14.405863665721,13.4238));
#9589=CARTESIAN_POINT('Ctrl Pts',(-38.0005996261155,-14.4102395187297,13.4238));
#9590=CARTESIAN_POINT('Ctrl Pts',(-38.4004492970824,-14.405863665721,13.4238));
#9591=CARTESIAN_POINT('Ctrl Pts',(-38.9322474328552,-14.3884152037901,13.4238));
#9592=CARTESIAN_POINT('Ctrl Pts',(-39.5945698302069,-14.3449312632661,13.4238));
#9593=CARTESIAN_POINT('Ctrl Pts',(-40.383937312172,-14.2584010784843,13.4238));
#9594=CARTESIAN_POINT('Ctrl Pts',(-41.4274193168388,-14.0976630852668,13.4238));
#9595=CARTESIAN_POINT('Ctrl Pts',(-42.711409337541,-13.8124941913052,13.4238));
#9596=CARTESIAN_POINT('Ctrl Pts',(-43.9590552380542,-13.4171451096618,13.4238));
#9597=CARTESIAN_POINT('Ctrl Pts',(-44.9298407053396,-13.0360309375711,13.4238));
#9598=CARTESIAN_POINT('Ctrl Pts',(-45.5240256477005,-12.7710895584344,13.4238));
#9599=CARTESIAN_POINT('Ctrl Pts',(-45.9911783645699,-12.5432351363015,13.4238));
#9600=CARTESIAN_POINT('Ctrl Pts',(-46.4525251205112,-12.3048761742997,13.4238));
#9601=CARTESIAN_POINT('Ctrl Pts',(-47.014973995971,-11.9889921188078,13.4238));
#9602=CARTESIAN_POINT('Ctrl Pts',(-47.6667674239522,-11.5818093589497,13.4238));
#9603=CARTESIAN_POINT('Ctrl Pts',(-48.5033704624113,-11.0027000972766,13.4238));
#9604=CARTESIAN_POINT('Ctrl Pts',(-49.4858183443287,-10.2131126731252,13.4238));
#9605=CARTESIAN_POINT('Ctrl Pts',(-50.3769924115673,-9.34185622089559,13.4238));
#9606=CARTESIAN_POINT('Ctrl Pts',(-51.0310382573812,-8.59942567744162,13.4238));
#9607=CARTESIAN_POINT('Ctrl Pts',(-51.4911130280464,-8.02074673476306,13.4238));
#9608=CARTESIAN_POINT('Ctrl Pts',(-51.8481824364585,-7.52117641946271,13.4238));
#9609=CARTESIAN_POINT('Ctrl Pts',(-52.1177002932328,-7.11127833829105,13.4238));
#9610=CARTESIAN_POINT('Ctrl Pts',(-52.3753922021362,-6.696138414393,13.4238));
#9611=CARTESIAN_POINT('Ctrl Pts',(-52.6751172779719,-6.16795647838293,13.4238));
#9612=CARTESIAN_POINT('Ctrl Pts',(-53.1064240722176,-5.30469405186324,13.4238));
#9613=CARTESIAN_POINT('Ctrl Pts',(-53.5540786402898,-4.19468446407327,13.4238));
#9614=CARTESIAN_POINT('Ctrl Pts',(-53.8771475628867,-3.05173152715622,13.4238));
#9615=CARTESIAN_POINT('Ctrl Pts',(-54.0592928460676,-2.12260833201683,13.4238));
#9616=CARTESIAN_POINT('Ctrl Pts',(-54.1573612442353,-1.41965115559478,13.4238));
#9617=CARTESIAN_POINT('Ctrl Pts',(-54.206648129461,-0.829775360613257,13.4238));
#9618=CARTESIAN_POINT('Ctrl Pts',(-54.2264256187029,-0.356129778162322,
13.4238));
#9619=CARTESIAN_POINT('Ctrl Pts',(-54.2313856252239,7.24415952497267E-15,
13.4238));
#9620=CARTESIAN_POINT('Ctrl Pts',(-54.2264256187029,0.356129778162335,13.4238));
#9621=CARTESIAN_POINT('Ctrl Pts',(-54.206648129461,0.829775360613271,13.4238));
#9622=CARTESIAN_POINT('Ctrl Pts',(-54.1573612442353,1.4196511555948,13.4238));
#9623=CARTESIAN_POINT('Ctrl Pts',(-54.0592928460676,2.12260833201684,13.4238));
#9624=CARTESIAN_POINT('Ctrl Pts',(-53.8771475628868,3.05173152715623,13.4238));
#9625=CARTESIAN_POINT('Ctrl Pts',(-53.5540786402898,4.19468446407329,13.4238));
#9626=CARTESIAN_POINT('Ctrl Pts',(-53.1064240722177,5.30469405186325,13.4238));
#9627=CARTESIAN_POINT('Ctrl Pts',(-52.6751172779719,6.16795647838294,13.4238));
#9628=CARTESIAN_POINT('Ctrl Pts',(-52.3753922021362,6.69613841439302,13.4238));
#9629=CARTESIAN_POINT('Ctrl Pts',(-52.1177002932327,7.11127833829107,13.4238));
#9630=CARTESIAN_POINT('Ctrl Pts',(-51.8481824364585,7.52117641946272,13.4238));
#9631=CARTESIAN_POINT('Ctrl Pts',(-51.4911130280463,8.02074673476307,13.4238));
#9632=CARTESIAN_POINT('Ctrl Pts',(-51.0310382573812,8.59942567744163,13.4238));
#9633=CARTESIAN_POINT('Ctrl Pts',(-50.3769924115673,9.3418562208956,13.4238));
#9634=CARTESIAN_POINT('Ctrl Pts',(-49.4858183443287,10.2131126731252,13.4238));
#9635=CARTESIAN_POINT('Ctrl Pts',(-48.5033704624113,11.0027000972766,13.4238));
#9636=CARTESIAN_POINT('Ctrl Pts',(-47.6667674239522,11.5818093589497,13.4238));
#9637=CARTESIAN_POINT('Ctrl Pts',(-47.014973995971,11.9889921188078,13.4238));
#9638=CARTESIAN_POINT('Ctrl Pts',(-46.4525251205113,12.3048761742997,13.4238));
#9639=CARTESIAN_POINT('Ctrl Pts',(-45.9911783645699,12.5432351363015,13.4238));
#9640=CARTESIAN_POINT('Ctrl Pts',(-45.5240256477005,12.7710895584344,13.4238));
#9641=CARTESIAN_POINT('Ctrl Pts',(-44.9298407053397,13.0360309375711,13.4238));
#9642=CARTESIAN_POINT('Ctrl Pts',(-43.9590552380541,13.4171451096618,13.4238));
#9643=CARTESIAN_POINT('Ctrl Pts',(-42.711409337541,13.8124941913052,13.4238));
#9644=CARTESIAN_POINT('Ctrl Pts',(-41.4274193168388,14.0976630852668,13.4238));
#9645=CARTESIAN_POINT('Ctrl Pts',(-40.383937312172,14.2584010784843,13.4238));
#9646=CARTESIAN_POINT('Ctrl Pts',(-39.5945698302069,14.3449312632662,13.4238));
#9647=CARTESIAN_POINT('Ctrl Pts',(-38.9322474328552,14.3884152037901,13.4238));
#9648=CARTESIAN_POINT('Ctrl Pts',(-38.4004492970825,14.405863665721,13.4238));
#9649=CARTESIAN_POINT('Ctrl Pts',(-38.0005996261155,14.4102395187297,13.4238));
#9650=CARTESIAN_POINT('Ctrl Pts',(-37.6007499551486,14.405863665721,13.4238));
#9651=CARTESIAN_POINT('Ctrl Pts',(-37.0689518193758,14.3884152037901,13.4238));
#9652=CARTESIAN_POINT('Ctrl Pts',(-36.4066294220241,14.3449312632662,13.4238));
#9653=CARTESIAN_POINT('Ctrl Pts',(-35.617261940059,14.2584010784843,13.4238));
#9654=CARTESIAN_POINT('Ctrl Pts',(-34.5737799353921,14.0976630852668,13.4238));
#9655=CARTESIAN_POINT('Ctrl Pts',(-33.2897899146899,13.8124941913052,13.4238));
#9656=CARTESIAN_POINT('Ctrl Pts',(-32.0421440141768,13.4171451096618,13.4238));
#9657=CARTESIAN_POINT('Ctrl Pts',(-31.0713585468914,13.0360309375711,13.4238));
#9658=CARTESIAN_POINT('Ctrl Pts',(-30.4771736045305,12.7710895584344,13.4238));
#9659=CARTESIAN_POINT('Ctrl Pts',(-30.0100208876611,12.5432351363015,13.4238));
#9660=CARTESIAN_POINT('Ctrl Pts',(-29.5486741317197,12.3048761742998,13.4238));
#9661=CARTESIAN_POINT('Ctrl Pts',(-28.98622525626,11.9889921188078,13.4238));
#9662=CARTESIAN_POINT('Ctrl Pts',(-28.3344318282789,11.5818093589497,13.4238));
#9663=CARTESIAN_POINT('Ctrl Pts',(-27.4978287898197,11.0027000972766,13.4238));
#9664=CARTESIAN_POINT('Ctrl Pts',(-26.5153809079022,10.2131126731252,13.4238));
#9665=CARTESIAN_POINT('Ctrl Pts',(-25.6242068406636,9.34185622089561,13.4238));
#9666=CARTESIAN_POINT('Ctrl Pts',(-24.9701609948498,8.59942567744164,13.4238));
#9667=CARTESIAN_POINT('Ctrl Pts',(-24.5100862241847,8.02074673476307,13.4238));
#9668=CARTESIAN_POINT('Ctrl Pts',(-24.1530168157725,7.52117641946274,13.4238));
#9669=CARTESIAN_POINT('Ctrl Pts',(-23.8834989589983,7.11127833829108,13.4238));
#9670=CARTESIAN_POINT('Ctrl Pts',(-23.6258070500948,6.69613841439303,13.4238));
#9671=CARTESIAN_POINT('Ctrl Pts',(-23.3260819742591,6.16795647838295,13.4238));
#9672=CARTESIAN_POINT('Ctrl Pts',(-22.8947751800134,5.30469405186326,13.4238));
#9673=CARTESIAN_POINT('Ctrl Pts',(-22.4471206119412,4.1946844640733,13.4238));
#9674=CARTESIAN_POINT('Ctrl Pts',(-22.1240516893442,3.05173152715624,13.4238));
#9675=CARTESIAN_POINT('Ctrl Pts',(-21.9419064061634,2.12260833201685,13.4238));
#9676=CARTESIAN_POINT('Ctrl Pts',(-21.8438380079957,1.4196511555948,13.4238));
#9677=CARTESIAN_POINT('Ctrl Pts',(-21.7945511227699,0.829775360613278,13.4238));
#9678=CARTESIAN_POINT('Ctrl Pts',(-21.774773633528,0.356129778162341,13.4238));
#9679=CARTESIAN_POINT('Ctrl Pts',(-21.7714669625141,0.118709926054119,13.4238));
#9680=CARTESIAN_POINT('Ctrl Pts',(-21.7714669625141,8.87012902364703E-15,
13.4238));
#9681=CARTESIAN_POINT('',(-33.0011992522309,-13.5,13.4238));
#9682=CARTESIAN_POINT('',(-43.,-13.5,13.4238));
#9683=CARTESIAN_POINT('',(-1.22338464375755E-14,-13.5,13.4238));
#9684=CARTESIAN_POINT('',(-33.0011992522309,-5.0106,13.4238));
#9685=CARTESIAN_POINT('',(-33.0011992522309,-1.,13.4238));
#9686=CARTESIAN_POINT('',(-23.0012,-5.0106,13.4238));
#9687=CARTESIAN_POINT('',(-1.18859823129257E-14,-5.0106,13.4238));
#9688=CARTESIAN_POINT('',(-23.0012,5.0106,13.4238));
#9689=CARTESIAN_POINT('',(-23.0012,-1.,13.4238));
#9690=CARTESIAN_POINT('',(-33.0011992522309,5.0106,13.4238));
#9691=CARTESIAN_POINT('',(-1.27551829227947E-14,5.0106,13.4238));
#9692=CARTESIAN_POINT('',(-33.0011992522309,13.5,13.4238));
#9693=CARTESIAN_POINT('',(-33.0011992522309,-1.,13.4238));
#9694=CARTESIAN_POINT('',(-43.,13.5,13.4238));
#9695=CARTESIAN_POINT('',(-1.22338464375755E-14,13.5,13.4238));
#9696=CARTESIAN_POINT('',(-43.,5.0106,13.4238));
#9697=CARTESIAN_POINT('',(-43.,-1.,13.4238));
#9698=CARTESIAN_POINT('',(-52.999999252231,5.0106,13.4238));
#9699=CARTESIAN_POINT('',(-1.27551829227947E-14,5.0106,13.4238));
#9700=CARTESIAN_POINT('',(-52.999999252231,-5.0106,13.4238));
#9701=CARTESIAN_POINT('',(-52.999999252231,-1.,13.4238));
#9702=CARTESIAN_POINT('',(-43.,-5.0106,13.4238));
#9703=CARTESIAN_POINT('',(-1.18859823129257E-14,-5.0106,13.4238));
#9704=CARTESIAN_POINT('',(-43.,-1.,13.4238));
#9705=CARTESIAN_POINT('Origin',(15.5194,12.51164,16.4238));
#9706=CARTESIAN_POINT('',(-64.50000000001,13.8284271247562,16.4238));
#9707=CARTESIAN_POINT('',(-65.3786796564504,12.9497474683158,16.4238));
#9708=CARTESIAN_POINT('',(-64.50000000001,-15.8284271247562,16.4238));
#9709=CARTESIAN_POINT('',(-64.50000000001,-17.0710678118755,16.4238));
#9710=CARTESIAN_POINT('',(-55.8284271247562,-24.50000000001,16.4238));
#9711=CARTESIAN_POINT('',(-54.9497474683158,-25.3786796564504,16.4238));
#9712=CARTESIAN_POINT('',(55.8284271247562,-24.50000000001,16.4238));
#9713=CARTESIAN_POINT('',(57.0710678118755,-24.50000000001,16.4238));
#9714=CARTESIAN_POINT('',(64.50000000001,-15.8284271247562,16.4238));
#9715=CARTESIAN_POINT('',(65.3786796564504,-14.9497474683158,16.4238));
#9716=CARTESIAN_POINT('',(64.50000000001,13.8284271247562,16.4238));
#9717=CARTESIAN_POINT('',(64.50000000001,15.0710678118754,16.4238));
#9718=CARTESIAN_POINT('',(55.8284271247562,22.50000000001,16.4238));
#9719=CARTESIAN_POINT('',(40.6680935623831,37.6603335623831,16.4238));
#9720=CARTESIAN_POINT('',(18.51940000001,22.50000000001,16.4238));
#9721=CARTESIAN_POINT('',(-57.0710678118755,22.50000000001,16.4238));
#9722=CARTESIAN_POINT('',(4.07889322033892E-32,22.50000000001,16.4238));
#9723=CARTESIAN_POINT('',(-33.0011992522309,-13.5,16.4238));
#9724=CARTESIAN_POINT('',(-33.0011992522309,-5.0106,16.4238));
#9725=CARTESIAN_POINT('',(-33.0011992522309,-9.2553,16.4238));
#9726=CARTESIAN_POINT('',(-43.,-13.5,16.4238));
#9727=CARTESIAN_POINT('',(-38.0005996261155,-13.5,16.4238));
#9728=CARTESIAN_POINT('',(-43.,-5.0106,16.4238));
#9729=CARTESIAN_POINT('',(-43.,-9.2553,16.4238));
#9730=CARTESIAN_POINT('',(-52.999999252231,-5.0106,16.4238));
#9731=CARTESIAN_POINT('',(-47.9999996261155,-5.0106,16.4238));
#9732=CARTESIAN_POINT('',(-52.999999252231,5.0106,16.4238));
#9733=CARTESIAN_POINT('',(-52.999999252231,9.54097911787244E-15,16.4238));
#9734=CARTESIAN_POINT('',(-43.,5.0106,16.4238));
#9735=CARTESIAN_POINT('',(-47.9999996261155,5.0106,16.4238));
#9736=CARTESIAN_POINT('',(-43.,13.5,16.4238));
#9737=CARTESIAN_POINT('',(-43.,9.2553,16.4238));
#9738=CARTESIAN_POINT('',(-33.0011992522309,13.5,16.4238));
#9739=CARTESIAN_POINT('',(-38.0005996261155,13.5,16.4238));
#9740=CARTESIAN_POINT('',(-33.0011992522309,5.0106,16.4238));
#9741=CARTESIAN_POINT('',(-33.0011992522309,9.2553,16.4238));
#9742=CARTESIAN_POINT('',(-23.0012,5.0106,16.4238));
#9743=CARTESIAN_POINT('',(-28.0011996261155,5.0106,16.4238));
#9744=CARTESIAN_POINT('',(-23.0012,-5.0106,16.4238));
#9745=CARTESIAN_POINT('',(-23.0012,9.54097911787244E-15,16.4238));
#9746=CARTESIAN_POINT('',(-28.0011996261155,-5.0106,16.4238));
#9747=CARTESIAN_POINT('',(32.9988,-8.48939999999998,16.4238));
#9748=CARTESIAN_POINT('Origin',(37.9988,-8.4894,16.4238));
#9749=CARTESIAN_POINT('',(22.9988,0.010600000000001,16.4238));
#9750=CARTESIAN_POINT('Origin',(27.9988,0.0106000000000016,16.4238));
#9751=CARTESIAN_POINT('',(42.9988,0.010600000000001,16.4238));
#9752=CARTESIAN_POINT('Origin',(47.9988,0.0106000000000016,16.4238));
#9753=CARTESIAN_POINT('',(32.9988,8.51060000000002,16.4238));
#9754=CARTESIAN_POINT('Origin',(37.9988,8.5106,16.4238));
#9755=CARTESIAN_POINT('Origin',(-56.0355339059378,25.50000000001,266.417621135342));
#9756=CARTESIAN_POINT('',(-18.51940000001,25.50000000001,7.51190000000499));
#9757=CARTESIAN_POINT('',(-57.0710678118755,25.50000000001,266.417621135342));
#9758=CARTESIAN_POINT('Origin',(-36.0881271247563,24.5000000000101,266.417621135342));
#9759=CARTESIAN_POINT('',(18.51940000001,24.5000000000101,266.417621135342));
#9760=CARTESIAN_POINT('',(56.6568542495024,24.5000000000101,266.417621135342));
#9761=CARTESIAN_POINT('Origin',(61.5784271247562,19.5784271247562,266.417621135342));
#9762=CARTESIAN_POINT('',(66.50000000001,14.6568542495024,266.417621135342));
#9763=CARTESIAN_POINT('Origin',(66.50000000001,-0.999999999999969,266.417621135342));
#9764=CARTESIAN_POINT('',(66.50000000001,-16.6568542495024,266.417621135342));
#9765=CARTESIAN_POINT('Origin',(61.5784271247562,-21.5784271247562,266.417621135342));
#9766=CARTESIAN_POINT('',(56.6568542495024,-26.5000000000099,266.417621135342));
#9767=CARTESIAN_POINT('Origin',(-2.46346585448005E-14,-26.5000000000099,
266.417621135342));
#9768=CARTESIAN_POINT('',(-56.6568542495024,-26.5000000000099,266.417621135342));
#9769=CARTESIAN_POINT('Origin',(-61.5784271247562,-21.5784271247561,266.417621135342));
#9770=CARTESIAN_POINT('',(-66.50000000001,-16.6568542495024,266.417621135342));
#9771=CARTESIAN_POINT('Origin',(-66.50000000001,-0.999999999999969,266.417621135342));
#9772=CARTESIAN_POINT('',(-66.50000000001,14.6568542495024,266.417621135342));
#9773=CARTESIAN_POINT('Origin',(-61.5784271247562,19.5784271247562,266.417621135342));
#9774=CARTESIAN_POINT('Origin',(-62.2855339059428,20.2855339059427,266.417621135342));
#9775=CARTESIAN_POINT('',(-67.50000000001,15.0710678118754,13.4238));
#9776=CARTESIAN_POINT('',(-67.50000000001,15.0710678118755,266.417621135342));
#9777=CARTESIAN_POINT('',(-57.0710678118755,25.50000000001,13.4238));
#9778=CARTESIAN_POINT('Origin',(-67.50000000001,-0.999999999999956,266.417621135342));
#9779=CARTESIAN_POINT('',(-67.50000000001,-17.0710678118755,13.4238));
#9780=CARTESIAN_POINT('',(-67.50000000001,-17.0710678118754,266.417621135342));
#9781=CARTESIAN_POINT('',(-67.50000000001,15.0710678118754,13.4238));
#9782=CARTESIAN_POINT('Origin',(-62.2855339059428,-22.2855339059427,266.417621135342));
#9783=CARTESIAN_POINT('',(-57.0710678118755,-27.50000000001,13.4238));
#9784=CARTESIAN_POINT('',(-57.0710678118755,-27.50000000001,266.417621135342));
#9785=CARTESIAN_POINT('',(-67.50000000001,-17.0710678118755,13.4238));
#9786=CARTESIAN_POINT('Origin',(-3.85126912819748E-14,-27.50000000001,266.417621135342));
#9787=CARTESIAN_POINT('',(57.0710678118755,-27.50000000001,13.4238));
#9788=CARTESIAN_POINT('',(57.0710678118755,-27.50000000001,266.417621135342));
#9789=CARTESIAN_POINT('',(-57.0710678118755,-27.50000000001,13.4238));
#9790=CARTESIAN_POINT('Origin',(62.2855339059427,-22.2855339059428,266.417621135342));
#9791=CARTESIAN_POINT('',(67.50000000001,-17.0710678118755,13.4238));
#9792=CARTESIAN_POINT('',(67.50000000001,-17.0710678118755,266.417621135342));
#9793=CARTESIAN_POINT('',(57.0710678118755,-27.50000000001,13.4238));
#9794=CARTESIAN_POINT('Origin',(67.50000000001,-0.999999999999977,266.417621135342));
#9795=CARTESIAN_POINT('',(67.50000000001,15.0710678118754,13.4238));
#9796=CARTESIAN_POINT('',(67.50000000001,15.0710678118755,266.417621135342));
#9797=CARTESIAN_POINT('',(67.50000000001,-17.0710678118755,13.4238));
#9798=CARTESIAN_POINT('Origin',(62.2855339059427,20.2855339059428,266.417621135342));
#9799=CARTESIAN_POINT('',(62.2855339059427,20.2855339059427,13.4238));
#9800=CARTESIAN_POINT('Origin',(15.5194,-24.50000000001,16.4238));
#9801=CARTESIAN_POINT('',(-50.1913370770759,-10.8908607545816,30.0329392454285));
#9802=CARTESIAN_POINT('',(52.6436683900672,-16.8113122698377,24.1124877301724));
#9803=CARTESIAN_POINT('Origin',(54.1797335623831,-26.1486935623831,16.4238));
#9804=CARTESIAN_POINT('',(61.7160860081061,-14.6752921928294,19.2077139919039));
#9805=CARTESIAN_POINT('Origin',(-38.6603335623831,-41.6680935623831,16.4238));
#9806=CARTESIAN_POINT('',(-59.0943144273968,-13.5893188466553,21.8294855726132));
#9807=CARTESIAN_POINT('Origin',(64.50000000001,12.51164,16.4238));
#9808=CARTESIAN_POINT('',(64.2488313231271,13.724389652348,16.6749686768829));
#9809=CARTESIAN_POINT('Origin',(-64.50000000001,12.51164,16.4238));
#9810=CARTESIAN_POINT('',(-53.8849007432707,9.43150904667819,27.0388992567394));
#9811=CARTESIAN_POINT('Origin',(62.2855339059427,20.2855339059427,13.4238));
#9812=CARTESIAN_POINT('',(56.4884294622982,24.0933865945019,14.8304134055081));
#9813=CARTESIAN_POINT('Origin',(-25.1486935623831,53.1797335623831,16.4238));
#9814=CARTESIAN_POINT('Origin',(15.5194,22.50000000001,16.4238));
#9815=CARTESIAN_POINT('',(18.51940000001,22.50000000001,16.4238));
#9816=CARTESIAN_POINT('Origin',(-52.5,-12.5,1.598));
#9817=CARTESIAN_POINT('',(-53.6,-12.5,1.6));
#9818=CARTESIAN_POINT('Origin',(-52.5,-12.5,1.6));
#9819=CARTESIAN_POINT('',(-53.6,-12.5,13.4238));
#9820=CARTESIAN_POINT('',(-53.6,-12.5,1.598));
#9821=CARTESIAN_POINT('Origin',(-52.5,-12.5,13.4238));
#9822=CARTESIAN_POINT('Origin',(-52.5,-12.5,1.598));
#9823=CARTESIAN_POINT('',(-55.,-12.5,1.6));
#9824=CARTESIAN_POINT('',(-55.,-12.5,1.598));
#9825=CARTESIAN_POINT('Origin',(-52.5,-12.5,1.6));
#9826=CARTESIAN_POINT('Origin',(3.525977875845E-16,4.407472344807E-17,1.6));
#9827=CARTESIAN_POINT('Origin',(-1.22338464375755E-14,-1.,13.4238));
#9828=CARTESIAN_POINT('Origin',(-52.5,12.5,1.598));
#9829=CARTESIAN_POINT('',(-53.6,12.5,1.6));
#9830=CARTESIAN_POINT('Origin',(-52.5,12.5,1.6));
#9831=CARTESIAN_POINT('',(-53.6,12.5,13.4238));
#9832=CARTESIAN_POINT('',(-53.6,12.5,1.598));
#9833=CARTESIAN_POINT('Origin',(-52.5,12.5,13.4238));
#9834=CARTESIAN_POINT('Origin',(-52.5,12.5,1.598));
#9835=CARTESIAN_POINT('',(-55.,12.5,1.6));
#9836=CARTESIAN_POINT('',(-55.,12.5,1.598));
#9837=CARTESIAN_POINT('Origin',(-52.5,12.5,1.6));
#9838=CARTESIAN_POINT('Origin',(3.525977875845E-16,4.407472344807E-17,1.6));
#9839=CARTESIAN_POINT('Origin',(-1.22338464375755E-14,-1.,13.4238));
#9840=CARTESIAN_POINT('Origin',(-1.44824281173526E-15,-12.5,1.598));
#9841=CARTESIAN_POINT('',(-2.6,-12.5,1.6));
#9842=CARTESIAN_POINT('Origin',(-1.44799788237543E-15,-12.5,1.6));
#9843=CARTESIAN_POINT('',(-2.6,-12.5,13.4238));
#9844=CARTESIAN_POINT('',(-2.6,-12.5,1.598));
#9845=CARTESIAN_POINT('Origin',(-4.92866264124586E-32,-12.5,13.4238));
#9846=CARTESIAN_POINT('Origin',(2.86480664241547E-16,-12.5,1.598));
#9847=CARTESIAN_POINT('',(-4.,-12.5,1.6));
#9848=CARTESIAN_POINT('',(-4.,-12.5,1.598));
#9849=CARTESIAN_POINT('Origin',(2.86725593601376E-16,-12.5,1.6));
#9850=CARTESIAN_POINT('Origin',(3.525977875845E-16,4.407472344807E-17,1.6));
#9851=CARTESIAN_POINT('Origin',(-1.22338464375755E-14,-1.,13.4238));
#9852=CARTESIAN_POINT('Origin',(52.5,-12.5,1.598));
#9853=CARTESIAN_POINT('',(51.4,-12.5,1.6));
#9854=CARTESIAN_POINT('Origin',(52.5,-12.5,1.6));
#9855=CARTESIAN_POINT('',(51.4,-12.5,13.4238));
#9856=CARTESIAN_POINT('',(51.4,-12.5,1.598));
#9857=CARTESIAN_POINT('Origin',(52.5,-12.5,13.4238));
#9858=CARTESIAN_POINT('Origin',(52.5,-12.5,1.598));
#9859=CARTESIAN_POINT('',(50.,-12.5,1.6));
#9860=CARTESIAN_POINT('',(50.,-12.5,1.598));
#9861=CARTESIAN_POINT('Origin',(52.5,-12.5,1.6));
#9862=CARTESIAN_POINT('Origin',(3.525977875845E-16,4.407472344807E-17,1.6));
#9863=CARTESIAN_POINT('Origin',(-1.22338464375755E-14,-1.,13.4238));
#9864=CARTESIAN_POINT('Origin',(52.5,12.5,1.598));
#9865=CARTESIAN_POINT('',(51.4,12.5,1.6));
#9866=CARTESIAN_POINT('Origin',(52.5,12.5,1.6));
#9867=CARTESIAN_POINT('',(51.4,12.5,13.4238));
#9868=CARTESIAN_POINT('',(51.4,12.5,1.598));
#9869=CARTESIAN_POINT('Origin',(52.5,12.5,13.4238));
#9870=CARTESIAN_POINT('Origin',(52.5,12.5,1.598));
#9871=CARTESIAN_POINT('',(50.,12.5,1.6));
#9872=CARTESIAN_POINT('',(50.,12.5,1.598));
#9873=CARTESIAN_POINT('Origin',(52.5,12.5,1.6));
#9874=CARTESIAN_POINT('Origin',(3.525977875845E-16,4.407472344807E-17,1.6));
#9875=CARTESIAN_POINT('Origin',(-1.22338464375755E-14,-1.,13.4238));
#9876=CARTESIAN_POINT('Origin',(37.9988,8.5106,-130.340507624845));
#9877=CARTESIAN_POINT('',(33.0998205144337,9.5106,5.95));
#9878=CARTESIAN_POINT('',(33.0998205144337,9.5106,5.948));
#9879=CARTESIAN_POINT('',(36.9988,13.4095794855664,5.95));
#9880=CARTESIAN_POINT('Origin',(37.9988,8.5106,5.95));
#9881=CARTESIAN_POINT('',(36.9988,13.4095794855664,5.948));
#9882=CARTESIAN_POINT('',(38.9988,13.4095794855664,5.95));
#9883=CARTESIAN_POINT('',(38.9988,13.4095794855664,5.948));
#9884=CARTESIAN_POINT('',(42.8977794855664,9.5106,5.95));
#9885=CARTESIAN_POINT('Origin',(37.9988,8.5106,5.95));
#9886=CARTESIAN_POINT('',(42.8977794855664,9.5106,5.948));
#9887=CARTESIAN_POINT('',(42.8977794855664,7.5106,5.95));
#9888=CARTESIAN_POINT('',(42.8977794855664,7.5106,5.948));
#9889=CARTESIAN_POINT('',(38.9988,3.61162051443365,5.95));
#9890=CARTESIAN_POINT('Origin',(37.9988,8.5106,5.95));
#9891=CARTESIAN_POINT('',(38.9988,3.61162051443365,5.948));
#9892=CARTESIAN_POINT('',(36.9988,3.61162051443365,5.95));
#9893=CARTESIAN_POINT('',(36.9988,3.61162051443365,5.948));
#9894=CARTESIAN_POINT('',(33.0998205144337,7.5106,5.95));
#9895=CARTESIAN_POINT('Origin',(37.9988,8.5106,5.95));
#9896=CARTESIAN_POINT('',(33.0998205144337,7.5106,5.948));
#9897=CARTESIAN_POINT('',(32.9988,8.5106,-130.340507624845));
#9898=CARTESIAN_POINT('Origin',(-38.0005996261155,-13.5,-130.340507624845));
#9899=CARTESIAN_POINT('',(-43.,-13.5,-130.340507624845));
#9900=CARTESIAN_POINT('',(-33.001199252231,-13.5,-130.340507624845));
#9901=CARTESIAN_POINT('Origin',(-33.001199252231,-9.2553,-130.340507624845));
#9902=CARTESIAN_POINT('',(-33.001199252231,-5.0106,-130.340507624845));
#9903=CARTESIAN_POINT('Origin',(-28.0011996261155,-5.0106,-130.340507624845));
#9904=CARTESIAN_POINT('',(-23.0012,-5.0106,-130.340507624845));
#9905=CARTESIAN_POINT('Origin',(-23.0012,-6.75313223395246E-15,-130.340507624845));
#9906=CARTESIAN_POINT('',(-23.0012,5.0106,-130.340507624845));
#9907=CARTESIAN_POINT('Origin',(-28.0011996261155,5.0106,-130.340507624845));
#9908=CARTESIAN_POINT('',(-33.001199252231,5.0106,-130.340507624845));
#9909=CARTESIAN_POINT('Origin',(-33.001199252231,9.2553,-130.340507624845));
#9910=CARTESIAN_POINT('',(-33.001199252231,13.5,-130.340507624845));
#9911=CARTESIAN_POINT('Origin',(-38.0005996261155,13.5,-130.340507624845));
#9912=CARTESIAN_POINT('',(-43.,13.5,-130.340507624845));
#9913=CARTESIAN_POINT('Origin',(-43.,9.2553,-130.340507624845));
#9914=CARTESIAN_POINT('',(-43.,5.0106,-130.340507624845));
#9915=CARTESIAN_POINT('Origin',(-47.9999996261155,5.0106,-130.340507624845));
#9916=CARTESIAN_POINT('',(-52.999999252231,5.0106,-130.340507624845));
#9917=CARTESIAN_POINT('Origin',(-52.999999252231,-6.75313223395246E-15,
-130.340507624845));
#9918=CARTESIAN_POINT('',(-52.999999252231,-5.0106,-130.340507624845));
#9919=CARTESIAN_POINT('Origin',(-47.9999996261155,-5.0106,-130.340507624845));
#9920=CARTESIAN_POINT('',(-43.,-5.0106,-130.340507624845));
#9921=CARTESIAN_POINT('Origin',(-43.,-9.2553,-130.340507624845));
#9922=CARTESIAN_POINT('Origin',(47.9988,0.0105999999999853,-130.340507624845));
#9923=CARTESIAN_POINT('',(46.9988,-4.88837948556637,5.95));
#9924=CARTESIAN_POINT('',(46.9988,-4.88837948556637,5.948));
#9925=CARTESIAN_POINT('',(43.0998205144336,-0.989399999999959,5.95));
#9926=CARTESIAN_POINT('Origin',(47.9988,0.0106000000000004,5.95));
#9927=CARTESIAN_POINT('',(43.0998205144336,-0.989399999999959,5.948));
#9928=CARTESIAN_POINT('',(42.9988,0.0105999999999847,-130.340507624845));
#9929=CARTESIAN_POINT('',(43.0998205144336,1.01059999999996,5.95));
#9930=CARTESIAN_POINT('',(43.0998205144336,1.01059999999996,5.948));
#9931=CARTESIAN_POINT('',(46.9988,4.90957948556637,5.95));
#9932=CARTESIAN_POINT('Origin',(47.9988,0.0106000000000004,5.95));
#9933=CARTESIAN_POINT('',(46.9988,4.90957948556637,5.948));
#9934=CARTESIAN_POINT('',(48.9988,4.90957948556638,5.95));
#9935=CARTESIAN_POINT('',(48.9988,4.90957948556638,5.948));
#9936=CARTESIAN_POINT('',(52.8977794855664,1.01059999999989,5.95));
#9937=CARTESIAN_POINT('Origin',(47.9988,0.0106000000000004,5.95));
#9938=CARTESIAN_POINT('',(52.8977794855664,1.01059999999989,5.948));
#9939=CARTESIAN_POINT('',(52.8977794855664,-0.989399999999962,5.95));
#9940=CARTESIAN_POINT('',(52.8977794855664,-0.989399999999962,5.948));
#9941=CARTESIAN_POINT('',(48.9988,-4.88837948556638,5.95));
#9942=CARTESIAN_POINT('Origin',(47.9988,0.0106000000000004,5.95));
#9943=CARTESIAN_POINT('',(48.9988,-4.88837948556638,5.948));
#9944=CARTESIAN_POINT('Origin',(37.9988,-8.4894,-130.340507624845));
#9945=CARTESIAN_POINT('',(32.9988,-8.4894,-130.340507624845));
#9946=CARTESIAN_POINT('',(33.0998205144337,-7.4894,5.95));
#9947=CARTESIAN_POINT('',(33.0998205144337,-7.4894,5.948));
#9948=CARTESIAN_POINT('',(36.9988,-3.59042051443365,5.95));
#9949=CARTESIAN_POINT('Origin',(37.9988,-8.4894,5.95));
#9950=CARTESIAN_POINT('',(36.9988,-3.59042051443365,5.948));
#9951=CARTESIAN_POINT('',(38.9988,-3.59042051443365,5.95));
#9952=CARTESIAN_POINT('',(38.9988,-3.59042051443365,5.948));
#9953=CARTESIAN_POINT('',(42.8977794855664,-7.4894,5.95));
#9954=CARTESIAN_POINT('Origin',(37.9988,-8.4894,5.95));
#9955=CARTESIAN_POINT('',(42.8977794855664,-7.4894,5.948));
#9956=CARTESIAN_POINT('',(42.8977794855664,-9.4894,5.95));
#9957=CARTESIAN_POINT('',(42.8977794855664,-9.4894,5.948));
#9958=CARTESIAN_POINT('',(38.9988,-13.3883794855663,5.95));
#9959=CARTESIAN_POINT('Origin',(37.9988,-8.4894,5.95));
#9960=CARTESIAN_POINT('',(38.9988,-13.3883794855663,5.948));
#9961=CARTESIAN_POINT('',(36.9988,-13.3883794855663,5.95));
#9962=CARTESIAN_POINT('',(36.9988,-13.3883794855663,5.948));
#9963=CARTESIAN_POINT('',(33.0998205144337,-9.4894,5.95));
#9964=CARTESIAN_POINT('Origin',(37.9988,-8.4894,5.95));
#9965=CARTESIAN_POINT('',(33.0998205144337,-9.4894,5.948));
#9966=CARTESIAN_POINT('Origin',(27.9988,0.0105999999999853,-130.340507624845));
#9967=CARTESIAN_POINT('',(26.9988,-4.88837948556637,5.95));
#9968=CARTESIAN_POINT('',(26.9988,-4.88837948556637,5.948));
#9969=CARTESIAN_POINT('',(23.0998205144336,-0.989399999999883,5.95));
#9970=CARTESIAN_POINT('Origin',(27.9988,0.0106000000000004,5.95));
#9971=CARTESIAN_POINT('',(23.0998205144336,-0.989399999999883,5.948));
#9972=CARTESIAN_POINT('',(22.9988,0.0105999999999847,-130.340507624845));
#9973=CARTESIAN_POINT('',(23.0998205144336,1.01059999999988,5.95));
#9974=CARTESIAN_POINT('',(23.0998205144336,1.01059999999988,5.948));
#9975=CARTESIAN_POINT('',(26.9988,4.90957948556638,5.95));
#9976=CARTESIAN_POINT('Origin',(27.9988,0.0106000000000004,5.95));
#9977=CARTESIAN_POINT('',(26.9988,4.90957948556638,5.948));
#9978=CARTESIAN_POINT('',(28.9988,4.90957948556638,5.95));
#9979=CARTESIAN_POINT('',(28.9988,4.90957948556638,5.948));
#9980=CARTESIAN_POINT('',(32.8977794855664,1.01059999999988,5.95));
#9981=CARTESIAN_POINT('Origin',(27.9988,0.0106000000000004,5.95));
#9982=CARTESIAN_POINT('',(32.8977794855664,1.01059999999988,5.948));
#9983=CARTESIAN_POINT('',(32.8977794855664,-0.989399999999883,5.95));
#9984=CARTESIAN_POINT('',(32.8977794855664,-0.989399999999883,5.948));
#9985=CARTESIAN_POINT('',(28.9988,-4.88837948556638,5.95));
#9986=CARTESIAN_POINT('Origin',(27.9988,0.0106000000000004,5.95));
#9987=CARTESIAN_POINT('',(28.9988,-4.88837948556638,5.948));
#9988=CARTESIAN_POINT('Origin',(2.02120414021836E-15,3.54704,1.598));
#9989=CARTESIAN_POINT('Origin',(-1.44824281173526E-15,1.54704,1.598));
#9990=CARTESIAN_POINT('Origin',(37.9988,-8.4894,5.95));
#9991=CARTESIAN_POINT('',(32.0827202169004,-9.4894,5.95));
#9992=CARTESIAN_POINT('',(32.591270365667,-9.4894,5.95));
#9993=CARTESIAN_POINT('',(36.9988,-14.4054797830996,5.95));
#9994=CARTESIAN_POINT('',(36.9988,-13.896929634333,5.95));
#9995=CARTESIAN_POINT('Origin',(37.9988,-8.4894,5.95));
#9996=CARTESIAN_POINT('Origin',(36.9988,-13.896929634333,5.948));
#9997=CARTESIAN_POINT('',(36.9988,-14.4054797830996,5.948));
#9998=CARTESIAN_POINT('Origin',(32.591270365667,-9.4894,5.948));
#9999=CARTESIAN_POINT('',(32.0827202169004,-9.4894,5.948));
#10000=CARTESIAN_POINT('Origin',(37.9988,-8.4894,5.948));
#10001=CARTESIAN_POINT('Origin',(37.9988,-8.4894,5.95));
#10002=CARTESIAN_POINT('',(43.9148797830996,-9.4894,5.95));
#10003=CARTESIAN_POINT('',(38.9988,-14.4054797830996,5.95));
#10004=CARTESIAN_POINT('Origin',(37.9988,-8.4894,5.95));
#10005=CARTESIAN_POINT('',(38.9988,-13.896929634333,5.95));
#10006=CARTESIAN_POINT('',(43.406329634333,-9.4894,5.95));
#10007=CARTESIAN_POINT('Origin',(43.406329634333,-9.4894,5.948));
#10008=CARTESIAN_POINT('',(43.9148797830996,-9.4894,5.948));
#10009=CARTESIAN_POINT('Origin',(38.9988,-13.896929634333,5.948));
#10010=CARTESIAN_POINT('',(38.9988,-14.4054797830996,5.948));
#10011=CARTESIAN_POINT('Origin',(37.9988,-8.4894,5.948));
#10012=CARTESIAN_POINT('Origin',(37.9988,-8.4894,5.95));
#10013=CARTESIAN_POINT('',(32.0827202169004,-7.4894,5.95));
#10014=CARTESIAN_POINT('',(36.9988,-2.57332021690039,5.95));
#10015=CARTESIAN_POINT('Origin',(37.9988,-8.4894,5.95));
#10016=CARTESIAN_POINT('',(36.9988,-3.08187036566701,5.95));
#10017=CARTESIAN_POINT('',(32.591270365667,-7.4894,5.95));
#10018=CARTESIAN_POINT('Origin',(32.591270365667,-7.4894,5.948));
#10019=CARTESIAN_POINT('',(32.0827202169004,-7.4894,5.948));
#10020=CARTESIAN_POINT('Origin',(36.9988,-3.08187036566701,5.948));
#10021=CARTESIAN_POINT('',(36.9988,-2.57332021690039,5.948));
#10022=CARTESIAN_POINT('Origin',(37.9988,-8.4894,5.948));
#10023=CARTESIAN_POINT('Origin',(37.9988,-8.4894,5.95));
#10024=CARTESIAN_POINT('',(38.9988,-2.57332021690039,5.95));
#10025=CARTESIAN_POINT('',(38.9988,-3.08187036566701,5.95));
#10026=CARTESIAN_POINT('',(43.9148797830996,-7.4894,5.95));
#10027=CARTESIAN_POINT('Origin',(37.9988,-8.4894,5.95));
#10028=CARTESIAN_POINT('',(43.406329634333,-7.4894,5.95));
#10029=CARTESIAN_POINT('Origin',(43.406329634333,-7.4894,5.948));
#10030=CARTESIAN_POINT('',(43.9148797830996,-7.4894,5.948));
#10031=CARTESIAN_POINT('Origin',(37.9988,-8.4894,5.948));
#10032=CARTESIAN_POINT('',(38.9988,-2.57332021690039,5.948));
#10033=CARTESIAN_POINT('Origin',(38.9988,-3.08187036566701,5.948));
#10034=CARTESIAN_POINT('Origin',(37.9988,-8.4894,5.95));
#10035=CARTESIAN_POINT('',(22.0827202169004,-0.989399999999961,5.95));
#10036=CARTESIAN_POINT('',(22.591270365667,-0.989399999999883,5.95));
#10037=CARTESIAN_POINT('',(26.9988,-5.90547978309963,5.95));
#10038=CARTESIAN_POINT('',(26.9988,-5.396929634333,5.95));
#10039=CARTESIAN_POINT('Origin',(27.9988,0.0106000000000046,5.95));
#10040=CARTESIAN_POINT('Origin',(26.9988,-5.396929634333,5.948));
#10041=CARTESIAN_POINT('',(26.9988,-5.90547978309963,5.948));
#10042=CARTESIAN_POINT('Origin',(22.591270365667,-0.989399999999883,5.948));
#10043=CARTESIAN_POINT('',(22.0827202169004,-0.989399999999961,5.948));
#10044=CARTESIAN_POINT('Origin',(27.9988,0.0106000000000046,5.948));
#10045=CARTESIAN_POINT('Origin',(37.9988,-8.4894,5.95));
#10046=CARTESIAN_POINT('',(33.9148797830996,-0.989399999999883,5.95));
#10047=CARTESIAN_POINT('',(28.9988,-5.90547978309963,5.95));
#10048=CARTESIAN_POINT('Origin',(27.9988,0.0105999999999963,5.95));
#10049=CARTESIAN_POINT('',(28.9988,-5.396929634333,5.95));
#10050=CARTESIAN_POINT('',(33.406329634333,-0.989399999999883,5.95));
#10051=CARTESIAN_POINT('Origin',(33.406329634333,-0.989399999999883,5.948));
#10052=CARTESIAN_POINT('',(33.9148797830996,-0.989399999999883,5.948));
#10053=CARTESIAN_POINT('Origin',(28.9988,-5.396929634333,5.948));
#10054=CARTESIAN_POINT('',(28.9988,-5.90547978309963,5.948));
#10055=CARTESIAN_POINT('Origin',(27.9988,0.0105999999999963,5.948));
#10056=CARTESIAN_POINT('Origin',(37.9988,-8.4894,5.95));
#10057=CARTESIAN_POINT('',(22.0827202169004,1.01059999999988,5.95));
#10058=CARTESIAN_POINT('',(26.9988,5.92667978309963,5.95));
#10059=CARTESIAN_POINT('Origin',(27.9988,0.0106000000000044,5.95));
#10060=CARTESIAN_POINT('',(26.9988,5.418129634333,5.95));
#10061=CARTESIAN_POINT('',(22.591270365667,1.01059999999988,5.95));
#10062=CARTESIAN_POINT('Origin',(22.591270365667,1.01059999999988,5.948));
#10063=CARTESIAN_POINT('',(22.0827202169004,1.01059999999988,5.948));
#10064=CARTESIAN_POINT('Origin',(26.9988,5.418129634333,5.948));
#10065=CARTESIAN_POINT('',(26.9988,5.92667978309963,5.948));
#10066=CARTESIAN_POINT('Origin',(27.9988,0.0106000000000044,5.948));
#10067=CARTESIAN_POINT('Origin',(37.9988,-8.4894,5.95));
#10068=CARTESIAN_POINT('',(28.9988,5.92667978309963,5.95));
#10069=CARTESIAN_POINT('',(28.9988,5.418129634333,5.95));
#10070=CARTESIAN_POINT('',(33.9148797830996,1.01059999999988,5.95));
#10071=CARTESIAN_POINT('Origin',(27.9988,0.0106000000000061,5.95));
#10072=CARTESIAN_POINT('',(33.406329634333,1.01059999999988,5.95));
#10073=CARTESIAN_POINT('Origin',(28.9988,5.418129634333,5.948));
#10074=CARTESIAN_POINT('',(28.9988,5.92667978309963,5.948));
#10075=CARTESIAN_POINT('Origin',(33.406329634333,1.01059999999988,5.948));
#10076=CARTESIAN_POINT('',(33.9148797830996,1.01059999999988,5.948));
#10077=CARTESIAN_POINT('Origin',(27.9988,0.0106000000000061,5.948));
#10078=CARTESIAN_POINT('Origin',(37.9988,-8.4894,5.95));
#10079=CARTESIAN_POINT('',(32.0827202169004,9.5106,5.95));
#10080=CARTESIAN_POINT('',(36.9988,14.4266797830996,5.95));
#10081=CARTESIAN_POINT('Origin',(37.9988,8.5106,5.95));
#10082=CARTESIAN_POINT('',(36.9988,13.918129634333,5.95));
#10083=CARTESIAN_POINT('',(32.591270365667,9.5106,5.95));
#10084=CARTESIAN_POINT('Origin',(32.591270365667,9.5106,5.948));
#10085=CARTESIAN_POINT('',(32.0827202169004,9.5106,5.948));
#10086=CARTESIAN_POINT('Origin',(36.9988,13.918129634333,5.948));
#10087=CARTESIAN_POINT('',(36.9988,14.4266797830996,5.948));
#10088=CARTESIAN_POINT('Origin',(37.9988,8.5106,5.948));
#10089=CARTESIAN_POINT('Origin',(37.9988,-8.4894,5.95));
#10090=CARTESIAN_POINT('',(43.9148797830996,9.5106,5.95));
#10091=CARTESIAN_POINT('',(43.406329634333,9.5106,5.95));
#10092=CARTESIAN_POINT('',(38.9988,14.4266797830996,5.95));
#10093=CARTESIAN_POINT('',(38.9988,13.918129634333,5.95));
#10094=CARTESIAN_POINT('Origin',(37.9988,8.5106,5.95));
#10095=CARTESIAN_POINT('Origin',(38.9988,13.918129634333,5.948));
#10096=CARTESIAN_POINT('',(38.9988,14.4266797830996,5.948));
#10097=CARTESIAN_POINT('Origin',(43.406329634333,9.5106,5.948));
#10098=CARTESIAN_POINT('',(43.9148797830996,9.5106,5.948));
#10099=CARTESIAN_POINT('Origin',(37.9988,8.5106,5.948));
#10100=CARTESIAN_POINT('Origin',(37.9988,-8.4894,5.95));
#10101=CARTESIAN_POINT('',(43.9148797830996,7.5106,5.95));
#10102=CARTESIAN_POINT('',(43.406329634333,7.5106,5.95));
#10103=CARTESIAN_POINT('',(38.9988,2.59452021690039,5.95));
#10104=CARTESIAN_POINT('Origin',(37.9988,8.5106,5.95));
#10105=CARTESIAN_POINT('',(38.9988,3.10307036566702,5.95));
#10106=CARTESIAN_POINT('Origin',(43.406329634333,7.5106,5.948));
#10107=CARTESIAN_POINT('',(43.9148797830996,7.5106,5.948));
#10108=CARTESIAN_POINT('Origin',(38.9988,3.10307036566702,5.948));
#10109=CARTESIAN_POINT('',(38.9988,2.59452021690039,5.948));
#10110=CARTESIAN_POINT('Origin',(37.9988,8.5106,5.948));
#10111=CARTESIAN_POINT('Origin',(37.9988,-8.4894,5.95));
#10112=CARTESIAN_POINT('',(36.9988,2.59452021690039,5.95));
#10113=CARTESIAN_POINT('',(36.9988,3.10307036566702,5.95));
#10114=CARTESIAN_POINT('',(32.0827202169004,7.5106,5.95));
#10115=CARTESIAN_POINT('Origin',(37.9988,8.5106,5.95));
#10116=CARTESIAN_POINT('',(32.591270365667,7.5106,5.95));
#10117=CARTESIAN_POINT('Origin',(36.9988,3.10307036566702,5.948));
#10118=CARTESIAN_POINT('',(36.9988,2.59452021690039,5.948));
#10119=CARTESIAN_POINT('Origin',(32.591270365667,7.5106,5.948));
#10120=CARTESIAN_POINT('',(32.0827202169004,7.5106,5.948));
#10121=CARTESIAN_POINT('Origin',(37.9988,8.5106,5.948));
#10122=CARTESIAN_POINT('Origin',(37.9988,-8.4894,5.95));
#10123=CARTESIAN_POINT('',(53.9148797830996,-0.989399999999961,5.95));
#10124=CARTESIAN_POINT('',(53.406329634333,-0.989399999999883,5.95));
#10125=CARTESIAN_POINT('',(48.9988,-5.90547978309963,5.95));
#10126=CARTESIAN_POINT('Origin',(47.9988,0.0105999999999791,5.95));
#10127=CARTESIAN_POINT('',(48.9988,-5.396929634333,5.95));
#10128=CARTESIAN_POINT('Origin',(48.9988,-5.396929634333,5.948));
#10129=CARTESIAN_POINT('',(48.9988,-5.90547978309963,5.948));
#10130=CARTESIAN_POINT('Origin',(47.9988,0.0105999999999791,5.948));
#10131=CARTESIAN_POINT('',(53.9148797830996,-0.989399999999961,5.948));
#10132=CARTESIAN_POINT('Origin',(53.406329634333,-0.989399999999883,5.948));
#10133=CARTESIAN_POINT('Origin',(37.9988,-8.4894,5.95));
#10134=CARTESIAN_POINT('',(48.9988,5.92667978309963,5.95));
#10135=CARTESIAN_POINT('',(48.9988,5.418129634333,5.95));
#10136=CARTESIAN_POINT('',(53.9148797830996,1.01059999999988,5.95));
#10137=CARTESIAN_POINT('Origin',(47.9988,0.0106000000000045,5.95));
#10138=CARTESIAN_POINT('',(53.406329634333,1.01059999999988,5.95));
#10139=CARTESIAN_POINT('Origin',(53.406329634333,1.01059999999988,5.948));
#10140=CARTESIAN_POINT('',(53.9148797830996,1.01059999999988,5.948));
#10141=CARTESIAN_POINT('Origin',(47.9988,0.0106000000000045,5.948));
#10142=CARTESIAN_POINT('',(48.9988,5.92667978309963,5.948));
#10143=CARTESIAN_POINT('Origin',(48.9988,5.418129634333,5.948));
#10144=CARTESIAN_POINT('Origin',(37.9988,-8.4894,5.95));
#10145=CARTESIAN_POINT('',(46.9988,-5.90547978309963,5.95));
#10146=CARTESIAN_POINT('',(46.9988,-5.396929634333,5.95));
#10147=CARTESIAN_POINT('',(42.0827202169003,-0.989399999999961,5.95));
#10148=CARTESIAN_POINT('Origin',(47.9988,0.0105999999999963,5.95));
#10149=CARTESIAN_POINT('',(42.591270365667,-0.989399999999883,5.95));
#10150=CARTESIAN_POINT('Origin',(42.591270365667,-0.989399999999883,5.948));
#10151=CARTESIAN_POINT('',(42.0827202169003,-0.989399999999961,5.948));
#10152=CARTESIAN_POINT('Origin',(47.9988,0.0105999999999963,5.948));
#10153=CARTESIAN_POINT('',(46.9988,-5.90547978309963,5.948));
#10154=CARTESIAN_POINT('Origin',(46.9988,-5.396929634333,5.948));
#10155=CARTESIAN_POINT('Origin',(37.9988,-8.4894,5.95));
#10156=CARTESIAN_POINT('',(42.0827202169003,1.01059999999996,5.95));
#10157=CARTESIAN_POINT('',(42.591270365667,1.01059999999988,5.95));
#10158=CARTESIAN_POINT('',(46.9988,5.92667978309963,5.95));
#10159=CARTESIAN_POINT('Origin',(47.9988,0.0106000000000054,5.95));
#10160=CARTESIAN_POINT('',(46.9988,5.418129634333,5.95));
#10161=CARTESIAN_POINT('Origin',(46.9988,5.418129634333,5.948));
#10162=CARTESIAN_POINT('',(46.9988,5.92667978309963,5.948));
#10163=CARTESIAN_POINT('Origin',(47.9988,0.0106000000000054,5.948));
#10164=CARTESIAN_POINT('',(42.0827202169003,1.01059999999996,5.948));
#10165=CARTESIAN_POINT('Origin',(42.591270365667,1.01059999999988,5.948));
#10166=CARTESIAN_POINT('Origin',(37.9988,-8.4894,5.95));
#10167=CARTESIAN_POINT('',(-20.771466962514,3.72663953515652E-14,5.95));
#10168=CARTESIAN_POINT('Ctrl Pts',(-20.771466962514,3.72663953515652E-14,
5.95));
#10169=CARTESIAN_POINT('Ctrl Pts',(-20.771466962514,-0.127984435572898,
5.95));
#10170=CARTESIAN_POINT('Ctrl Pts',(-20.7750318214372,-0.383953306718801,
5.95));
#10171=CARTESIAN_POINT('Ctrl Pts',(-20.7963551276563,-0.894616074468479,
5.95));
#10172=CARTESIAN_POINT('Ctrl Pts',(-20.8494879170825,-1.53049549791938,
5.95));
#10173=CARTESIAN_POINT('Ctrl Pts',(-20.9551814775633,-2.28808481800901,
5.95));
#10174=CARTESIAN_POINT('Ctrl Pts',(-21.1514042944278,-3.28898426035633,
5.95));
#10175=CARTESIAN_POINT('Ctrl Pts',(-21.4991928810097,-4.51922740315883,
5.95));
#10176=CARTESIAN_POINT('Ctrl Pts',(-21.9803685781697,-5.71220042953906,
5.95));
#10177=CARTESIAN_POINT('Ctrl Pts',(-22.4432978796375,-6.63872387678062,
5.95));
#10178=CARTESIAN_POINT('Ctrl Pts',(-22.7646694036415,-7.20503546460656,
5.95));
#10179=CARTESIAN_POINT('Ctrl Pts',(-23.0407684353802,-7.64982483279967,
5.95));
#10180=CARTESIAN_POINT('Ctrl Pts',(-23.3293462330767,-8.08870732136889,
5.95));
#10181=CARTESIAN_POINT('Ctrl Pts',(-23.7114237779396,-8.62325165788151,
5.95));
#10182=CARTESIAN_POINT('Ctrl Pts',(-24.2031327013697,-9.24170037239205,
5.95));
#10183=CARTESIAN_POINT('Ctrl Pts',(-24.9014065652714,-10.0343146312193,
5.95));
#10184=CARTESIAN_POINT('Ctrl Pts',(-25.8512872491553,-10.9628638705167,
5.95));
#10185=CARTESIAN_POINT('Ctrl Pts',(-26.8962231576314,-11.8025904406571,
5.95));
#10186=CARTESIAN_POINT('Ctrl Pts',(-27.7847191660488,-12.4176052670555,
5.95));
#10187=CARTESIAN_POINT('Ctrl Pts',(-28.4762672114753,-12.8496139235774,
5.95));
#10188=CARTESIAN_POINT('Ctrl Pts',(-29.0725463654771,-13.1844893338365,
5.95));
#10189=CARTESIAN_POINT('Ctrl Pts',(-29.5612705523659,-13.43699153088,5.95));
#10190=CARTESIAN_POINT('Ctrl Pts',(-30.05600380696,-13.6782973738524,5.95));
#10191=CARTESIAN_POINT('Ctrl Pts',(-30.6848820841889,-13.95870144273,5.95));
#10192=CARTESIAN_POINT('Ctrl Pts',(-31.7116642904263,-14.3617902590614,
5.95));
#10193=CARTESIAN_POINT('Ctrl Pts',(-33.0300430292769,-14.7795165569668,
5.95));
#10194=CARTESIAN_POINT('Ctrl Pts',(-34.3855471556442,-15.0805445881148,
5.95));
#10195=CARTESIAN_POINT('Ctrl Pts',(-35.4866244940239,-15.2501517836104,
5.95));
#10196=CARTESIAN_POINT('Ctrl Pts',(-36.3193772040729,-15.3414357534153,
5.95));
#10197=CARTESIAN_POINT('Ctrl Pts',(-37.0179763545476,-15.3873007139271,
5.95));
#10198=CARTESIAN_POINT('Ctrl Pts',(-37.5788871300098,-15.4057042967682,
5.95));
#10199=CARTESIAN_POINT('Ctrl Pts',(-38.0005996261155,-15.4103192032061,
5.95));
#10200=CARTESIAN_POINT('Ctrl Pts',(-38.4223121222212,-15.4057042967683,
5.95));
#10201=CARTESIAN_POINT('Ctrl Pts',(-38.9832228976834,-15.3873007139271,
5.95));
#10202=CARTESIAN_POINT('Ctrl Pts',(-39.6818220481581,-15.3414357534153,
5.95));
#10203=CARTESIAN_POINT('Ctrl Pts',(-40.5145747582071,-15.2501517836104,
5.95));
#10204=CARTESIAN_POINT('Ctrl Pts',(-41.6156520965868,-15.0805445881148,
5.95));
#10205=CARTESIAN_POINT('Ctrl Pts',(-42.9711562229541,-14.7795165569668,
5.95));
#10206=CARTESIAN_POINT('Ctrl Pts',(-44.2895349618047,-14.3617902590614,
5.95));
#10207=CARTESIAN_POINT('Ctrl Pts',(-45.316317168042,-13.95870144273,5.95));
#10208=CARTESIAN_POINT('Ctrl Pts',(-45.945195445271,-13.6782973738525,5.95));
#10209=CARTESIAN_POINT('Ctrl Pts',(-46.4399286998651,-13.43699153088,5.95));
#10210=CARTESIAN_POINT('Ctrl Pts',(-46.9286528867539,-13.1844893338365,
5.95));
#10211=CARTESIAN_POINT('Ctrl Pts',(-47.5249320407558,-12.8496139235774,
5.95));
#10212=CARTESIAN_POINT('Ctrl Pts',(-48.2164800861822,-12.4176052670555,
5.95));
#10213=CARTESIAN_POINT('Ctrl Pts',(-49.1049760945996,-11.8025904406571,
5.95));
#10214=CARTESIAN_POINT('Ctrl Pts',(-50.1499120030757,-10.9628638705167,
5.95));
#10215=CARTESIAN_POINT('Ctrl Pts',(-51.0997926869595,-10.0343146312193,
5.95));
#10216=CARTESIAN_POINT('Ctrl Pts',(-51.7980665508614,-9.24170037239208,
5.95));
#10217=CARTESIAN_POINT('Ctrl Pts',(-52.2897754742915,-8.62325165788148,
5.95));
#10218=CARTESIAN_POINT('Ctrl Pts',(-52.6718530191542,-8.08870732136893,
5.95));
#10219=CARTESIAN_POINT('Ctrl Pts',(-52.9604308168508,-7.6498248327997,5.95));
#10220=CARTESIAN_POINT('Ctrl Pts',(-53.2365298485896,-7.20503546460655,
5.95));
#10221=CARTESIAN_POINT('Ctrl Pts',(-53.5579013725935,-6.63872387678063,
5.95));
#10222=CARTESIAN_POINT('Ctrl Pts',(-54.0208306740614,-5.71220042953903,
5.95));
#10223=CARTESIAN_POINT('Ctrl Pts',(-54.5020063712213,-4.51922740315884,
5.95));
#10224=CARTESIAN_POINT('Ctrl Pts',(-54.8497949578031,-3.28898426035637,
5.95));
#10225=CARTESIAN_POINT('Ctrl Pts',(-55.0460177746677,-2.288084818009,5.95));
#10226=CARTESIAN_POINT('Ctrl Pts',(-55.1517113351485,-1.5304954979194,5.95));
#10227=CARTESIAN_POINT('Ctrl Pts',(-55.2048441245746,-0.894616074468486,
5.95));
#10228=CARTESIAN_POINT('Ctrl Pts',(-55.2261674307938,-0.383953306718745,
5.95));
#10229=CARTESIAN_POINT('Ctrl Pts',(-55.2315147191785,-1.68292847722043E-14,
5.95));
#10230=CARTESIAN_POINT('Ctrl Pts',(-55.2261674307938,0.38395330671885,5.95));
#10231=CARTESIAN_POINT('Ctrl Pts',(-55.2048441245746,0.894616074468502,
5.95));
#10232=CARTESIAN_POINT('Ctrl Pts',(-55.1517113351485,1.53049549791937,5.95));
#10233=CARTESIAN_POINT('Ctrl Pts',(-55.0460177746677,2.28808481800903,5.95));
#10234=CARTESIAN_POINT('Ctrl Pts',(-54.8497949578031,3.28898426035633,5.95));
#10235=CARTESIAN_POINT('Ctrl Pts',(-54.5020063712213,4.51922740315887,5.95));
#10236=CARTESIAN_POINT('Ctrl Pts',(-54.0208306740614,5.71220042953901,5.95));
#10237=CARTESIAN_POINT('Ctrl Pts',(-53.5579013725934,6.63872387678066,5.95));
#10238=CARTESIAN_POINT('Ctrl Pts',(-53.2365298485896,7.20503546460651,5.95));
#10239=CARTESIAN_POINT('Ctrl Pts',(-52.9604308168508,7.64982483279968,5.95));
#10240=CARTESIAN_POINT('Ctrl Pts',(-52.6718530191542,8.08870732136889,5.95));
#10241=CARTESIAN_POINT('Ctrl Pts',(-52.2897754742915,8.62325165788151,5.95));
#10242=CARTESIAN_POINT('Ctrl Pts',(-51.7980665508614,9.24170037239207,5.95));
#10243=CARTESIAN_POINT('Ctrl Pts',(-51.0997926869596,10.0343146312193,5.95));
#10244=CARTESIAN_POINT('Ctrl Pts',(-50.1499120030756,10.9628638705167,5.95));
#10245=CARTESIAN_POINT('Ctrl Pts',(-49.1049760945996,11.8025904406571,5.95));
#10246=CARTESIAN_POINT('Ctrl Pts',(-48.2164800861823,12.4176052670555,5.95));
#10247=CARTESIAN_POINT('Ctrl Pts',(-47.5249320407558,12.8496139235774,5.95));
#10248=CARTESIAN_POINT('Ctrl Pts',(-46.928652886754,13.1844893338365,5.95));
#10249=CARTESIAN_POINT('Ctrl Pts',(-46.4399286998651,13.43699153088,5.95));
#10250=CARTESIAN_POINT('Ctrl Pts',(-45.945195445271,13.6782973738524,5.95));
#10251=CARTESIAN_POINT('Ctrl Pts',(-45.3163171680421,13.95870144273,5.95));
#10252=CARTESIAN_POINT('Ctrl Pts',(-44.2895349618047,14.3617902590614,5.95));
#10253=CARTESIAN_POINT('Ctrl Pts',(-42.9711562229541,14.7795165569668,5.95));
#10254=CARTESIAN_POINT('Ctrl Pts',(-41.6156520965868,15.0805445881148,5.95));
#10255=CARTESIAN_POINT('Ctrl Pts',(-40.5145747582071,15.2501517836104,5.95));
#10256=CARTESIAN_POINT('Ctrl Pts',(-39.6818220481581,15.3414357534153,5.95));
#10257=CARTESIAN_POINT('Ctrl Pts',(-38.9832228976834,15.3873007139271,5.95));
#10258=CARTESIAN_POINT('Ctrl Pts',(-38.4223121222212,15.4057042967683,5.95));
#10259=CARTESIAN_POINT('Ctrl Pts',(-38.0005996261155,15.4103192032061,5.95));
#10260=CARTESIAN_POINT('Ctrl Pts',(-37.5788871300098,15.4057042967683,5.95));
#10261=CARTESIAN_POINT('Ctrl Pts',(-37.0179763545475,15.3873007139271,5.95));
#10262=CARTESIAN_POINT('Ctrl Pts',(-36.319377204073,15.3414357534153,5.95));
#10263=CARTESIAN_POINT('Ctrl Pts',(-35.4866244940239,15.2501517836104,5.95));
#10264=CARTESIAN_POINT('Ctrl Pts',(-34.3855471556442,15.0805445881148,5.95));
#10265=CARTESIAN_POINT('Ctrl Pts',(-33.0300430292769,14.7795165569668,5.95));
#10266=CARTESIAN_POINT('Ctrl Pts',(-31.7116642904263,14.3617902590614,5.95));
#10267=CARTESIAN_POINT('Ctrl Pts',(-30.684882084189,13.9587014427301,5.95));
#10268=CARTESIAN_POINT('Ctrl Pts',(-30.05600380696,13.6782973738525,5.95));
#10269=CARTESIAN_POINT('Ctrl Pts',(-29.5612705523659,13.43699153088,5.95));
#10270=CARTESIAN_POINT('Ctrl Pts',(-29.0725463654771,13.1844893338365,5.95));
#10271=CARTESIAN_POINT('Ctrl Pts',(-28.4762672114752,12.8496139235774,5.95));
#10272=CARTESIAN_POINT('Ctrl Pts',(-27.7847191660488,12.4176052670555,5.95));
#10273=CARTESIAN_POINT('Ctrl Pts',(-26.8962231576314,11.8025904406571,5.95));
#10274=CARTESIAN_POINT('Ctrl Pts',(-25.8512872491553,10.9628638705168,5.95));
#10275=CARTESIAN_POINT('Ctrl Pts',(-24.9014065652714,10.0343146312193,5.95));
#10276=CARTESIAN_POINT('Ctrl Pts',(-24.2031327013697,9.24170037239206,5.95));
#10277=CARTESIAN_POINT('Ctrl Pts',(-23.7114237779396,8.62325165788156,5.95));
#10278=CARTESIAN_POINT('Ctrl Pts',(-23.3293462330767,8.0887073213689,5.95));
#10279=CARTESIAN_POINT('Ctrl Pts',(-23.0407684353802,7.64982483279971,5.95));
#10280=CARTESIAN_POINT('Ctrl Pts',(-22.7646694036414,7.20503546460653,5.95));
#10281=CARTESIAN_POINT('Ctrl Pts',(-22.4432978796375,6.63872387678065,5.95));
#10282=CARTESIAN_POINT('Ctrl Pts',(-21.9803685781697,5.71220042953904,5.95));
#10283=CARTESIAN_POINT('Ctrl Pts',(-21.4991928810097,4.51922740315889,5.95));
#10284=CARTESIAN_POINT('Ctrl Pts',(-21.1514042944279,3.28898426035631,5.95));
#10285=CARTESIAN_POINT('Ctrl Pts',(-20.9551814775633,2.28808481800903,5.95));
#10286=CARTESIAN_POINT('Ctrl Pts',(-20.8494879170825,1.53049549791945,5.95));
#10287=CARTESIAN_POINT('Ctrl Pts',(-20.7963551276563,0.894616074468426,
5.95));
#10288=CARTESIAN_POINT('Ctrl Pts',(-20.7750318214372,0.383953306718813,
5.95));
#10289=CARTESIAN_POINT('Ctrl Pts',(-20.771466962514,0.127984435572973,5.95));
#10290=CARTESIAN_POINT('Ctrl Pts',(-20.771466962514,3.72663953515652E-14,
5.95));
#10291=CARTESIAN_POINT('',(-21.7714669625141,8.0403705395028E-15,5.95));
#10292=CARTESIAN_POINT('Ctrl Pts',(-21.7714669625141,8.04037053950281E-15,
5.95));
#10293=CARTESIAN_POINT('Ctrl Pts',(-21.7714669625141,-0.118709926054102,
5.95));
#10294=CARTESIAN_POINT('Ctrl Pts',(-21.774773633528,-0.356129778162321,
5.95));
#10295=CARTESIAN_POINT('Ctrl Pts',(-21.7945511227699,-0.829775360613255,
5.95));
#10296=CARTESIAN_POINT('Ctrl Pts',(-21.8438380079957,-1.41965115559478,
5.95));
#10297=CARTESIAN_POINT('Ctrl Pts',(-21.9419064061634,-2.12260833201683,
5.95));
#10298=CARTESIAN_POINT('Ctrl Pts',(-22.1240516893442,-3.05173152715622,
5.95));
#10299=CARTESIAN_POINT('Ctrl Pts',(-22.4471206119412,-4.19468446407327,
5.95));
#10300=CARTESIAN_POINT('Ctrl Pts',(-22.8947751800134,-5.30469405186324,
5.95));
#10301=CARTESIAN_POINT('Ctrl Pts',(-23.3260819742591,-6.16795647838293,
5.95));
#10302=CARTESIAN_POINT('Ctrl Pts',(-23.6258070500948,-6.696138414393,5.95));
#10303=CARTESIAN_POINT('Ctrl Pts',(-23.8834989589983,-7.11127833829105,
5.95));
#10304=CARTESIAN_POINT('Ctrl Pts',(-24.1530168157725,-7.52117641946271,
5.95));
#10305=CARTESIAN_POINT('Ctrl Pts',(-24.5100862241847,-8.02074673476305,
5.95));
#10306=CARTESIAN_POINT('Ctrl Pts',(-24.9701609948498,-8.59942567744162,
5.95));
#10307=CARTESIAN_POINT('Ctrl Pts',(-25.6242068406636,-9.34185622089559,
5.95));
#10308=CARTESIAN_POINT('Ctrl Pts',(-26.5153809079022,-10.2131126731252,
5.95));
#10309=CARTESIAN_POINT('Ctrl Pts',(-27.4978287898197,-11.0027000972766,
5.95));
#10310=CARTESIAN_POINT('Ctrl Pts',(-28.3344318282788,-11.5818093589497,
5.95));
#10311=CARTESIAN_POINT('Ctrl Pts',(-28.98622525626,-11.9889921188078,5.95));
#10312=CARTESIAN_POINT('Ctrl Pts',(-29.5486741317197,-12.3048761742997,
5.95));
#10313=CARTESIAN_POINT('Ctrl Pts',(-30.0100208876611,-12.5432351363015,
5.95));
#10314=CARTESIAN_POINT('Ctrl Pts',(-30.4771736045305,-12.7710895584344,
5.95));
#10315=CARTESIAN_POINT('Ctrl Pts',(-31.0713585468913,-13.0360309375711,
5.95));
#10316=CARTESIAN_POINT('Ctrl Pts',(-32.0421440141768,-13.4171451096618,
5.95));
#10317=CARTESIAN_POINT('Ctrl Pts',(-33.2897899146899,-13.8124941913052,
5.95));
#10318=CARTESIAN_POINT('Ctrl Pts',(-34.5737799353921,-14.0976630852668,
5.95));
#10319=CARTESIAN_POINT('Ctrl Pts',(-35.617261940059,-14.2584010784843,5.95));
#10320=CARTESIAN_POINT('Ctrl Pts',(-36.4066294220241,-14.3449312632661,
5.95));
#10321=CARTESIAN_POINT('Ctrl Pts',(-37.0689518193758,-14.3884152037901,
5.95));
#10322=CARTESIAN_POINT('Ctrl Pts',(-37.6007499551486,-14.405863665721,5.95));
#10323=CARTESIAN_POINT('Ctrl Pts',(-38.0005996261155,-14.4102395187297,
5.95));
#10324=CARTESIAN_POINT('Ctrl Pts',(-38.4004492970824,-14.405863665721,5.95));
#10325=CARTESIAN_POINT('Ctrl Pts',(-38.9322474328552,-14.3884152037901,
5.95));
#10326=CARTESIAN_POINT('Ctrl Pts',(-39.5945698302069,-14.3449312632661,
5.95));
#10327=CARTESIAN_POINT('Ctrl Pts',(-40.383937312172,-14.2584010784843,5.95));
#10328=CARTESIAN_POINT('Ctrl Pts',(-41.4274193168388,-14.0976630852668,
5.95));
#10329=CARTESIAN_POINT('Ctrl Pts',(-42.711409337541,-13.8124941913052,5.95));
#10330=CARTESIAN_POINT('Ctrl Pts',(-43.9590552380542,-13.4171451096618,
5.95));
#10331=CARTESIAN_POINT('Ctrl Pts',(-44.9298407053396,-13.0360309375711,
5.95));
#10332=CARTESIAN_POINT('Ctrl Pts',(-45.5240256477005,-12.7710895584344,
5.95));
#10333=CARTESIAN_POINT('Ctrl Pts',(-45.9911783645699,-12.5432351363015,
5.95));
#10334=CARTESIAN_POINT('Ctrl Pts',(-46.4525251205112,-12.3048761742997,
5.95));
#10335=CARTESIAN_POINT('Ctrl Pts',(-47.014973995971,-11.9889921188078,5.95));
#10336=CARTESIAN_POINT('Ctrl Pts',(-47.6667674239522,-11.5818093589497,
5.95));
#10337=CARTESIAN_POINT('Ctrl Pts',(-48.5033704624113,-11.0027000972766,
5.95));
#10338=CARTESIAN_POINT('Ctrl Pts',(-49.4858183443287,-10.2131126731252,
5.95));
#10339=CARTESIAN_POINT('Ctrl Pts',(-50.3769924115673,-9.34185622089559,
5.95));
#10340=CARTESIAN_POINT('Ctrl Pts',(-51.0310382573812,-8.59942567744162,
5.95));
#10341=CARTESIAN_POINT('Ctrl Pts',(-51.4911130280464,-8.02074673476306,
5.95));
#10342=CARTESIAN_POINT('Ctrl Pts',(-51.8481824364585,-7.52117641946271,
5.95));
#10343=CARTESIAN_POINT('Ctrl Pts',(-52.1177002932328,-7.11127833829106,
5.95));
#10344=CARTESIAN_POINT('Ctrl Pts',(-52.3753922021362,-6.69613841439301,
5.95));
#10345=CARTESIAN_POINT('Ctrl Pts',(-52.6751172779719,-6.16795647838293,
5.95));
#10346=CARTESIAN_POINT('Ctrl Pts',(-53.1064240722176,-5.30469405186324,
5.95));
#10347=CARTESIAN_POINT('Ctrl Pts',(-53.5540786402898,-4.19468446407327,
5.95));
#10348=CARTESIAN_POINT('Ctrl Pts',(-53.8771475628867,-3.05173152715622,
5.95));
#10349=CARTESIAN_POINT('Ctrl Pts',(-54.0592928460676,-2.12260833201683,
5.95));
#10350=CARTESIAN_POINT('Ctrl Pts',(-54.1573612442353,-1.41965115559478,
5.95));
#10351=CARTESIAN_POINT('Ctrl Pts',(-54.206648129461,-0.829775360613258,
5.95));
#10352=CARTESIAN_POINT('Ctrl Pts',(-54.2264256187029,-0.356129778162323,
5.95));
#10353=CARTESIAN_POINT('Ctrl Pts',(-54.2313856252239,6.41440104082843E-15,
5.95));
#10354=CARTESIAN_POINT('Ctrl Pts',(-54.2264256187029,0.356129778162334,
5.95));
#10355=CARTESIAN_POINT('Ctrl Pts',(-54.206648129461,0.829775360613271,5.95));
#10356=CARTESIAN_POINT('Ctrl Pts',(-54.1573612442353,1.4196511555948,5.95));
#10357=CARTESIAN_POINT('Ctrl Pts',(-54.0592928460676,2.12260833201684,5.95));
#10358=CARTESIAN_POINT('Ctrl Pts',(-53.8771475628868,3.05173152715623,5.95));
#10359=CARTESIAN_POINT('Ctrl Pts',(-53.5540786402898,4.19468446407329,5.95));
#10360=CARTESIAN_POINT('Ctrl Pts',(-53.1064240722177,5.30469405186325,5.95));
#10361=CARTESIAN_POINT('Ctrl Pts',(-52.6751172779719,6.16795647838294,5.95));
#10362=CARTESIAN_POINT('Ctrl Pts',(-52.3753922021362,6.69613841439302,5.95));
#10363=CARTESIAN_POINT('Ctrl Pts',(-52.1177002932327,7.11127833829107,5.95));
#10364=CARTESIAN_POINT('Ctrl Pts',(-51.8481824364585,7.52117641946272,5.95));
#10365=CARTESIAN_POINT('Ctrl Pts',(-51.4911130280463,8.02074673476307,5.95));
#10366=CARTESIAN_POINT('Ctrl Pts',(-51.0310382573812,8.59942567744163,5.95));
#10367=CARTESIAN_POINT('Ctrl Pts',(-50.3769924115673,9.3418562208956,5.95));
#10368=CARTESIAN_POINT('Ctrl Pts',(-49.4858183443287,10.2131126731252,5.95));
#10369=CARTESIAN_POINT('Ctrl Pts',(-48.5033704624113,11.0027000972766,5.95));
#10370=CARTESIAN_POINT('Ctrl Pts',(-47.6667674239522,11.5818093589497,5.95));
#10371=CARTESIAN_POINT('Ctrl Pts',(-47.014973995971,11.9889921188078,5.95));
#10372=CARTESIAN_POINT('Ctrl Pts',(-46.4525251205113,12.3048761742997,5.95));
#10373=CARTESIAN_POINT('Ctrl Pts',(-45.9911783645699,12.5432351363015,5.95));
#10374=CARTESIAN_POINT('Ctrl Pts',(-45.5240256477005,12.7710895584344,5.95));
#10375=CARTESIAN_POINT('Ctrl Pts',(-44.9298407053397,13.0360309375711,5.95));
#10376=CARTESIAN_POINT('Ctrl Pts',(-43.9590552380541,13.4171451096618,5.95));
#10377=CARTESIAN_POINT('Ctrl Pts',(-42.711409337541,13.8124941913052,5.95));
#10378=CARTESIAN_POINT('Ctrl Pts',(-41.4274193168388,14.0976630852668,5.95));
#10379=CARTESIAN_POINT('Ctrl Pts',(-40.383937312172,14.2584010784843,5.95));
#10380=CARTESIAN_POINT('Ctrl Pts',(-39.5945698302069,14.3449312632662,5.95));
#10381=CARTESIAN_POINT('Ctrl Pts',(-38.9322474328552,14.3884152037901,5.95));
#10382=CARTESIAN_POINT('Ctrl Pts',(-38.4004492970825,14.405863665721,5.95));
#10383=CARTESIAN_POINT('Ctrl Pts',(-38.0005996261155,14.4102395187297,5.95));
#10384=CARTESIAN_POINT('Ctrl Pts',(-37.6007499551486,14.405863665721,5.95));
#10385=CARTESIAN_POINT('Ctrl Pts',(-37.0689518193758,14.3884152037901,5.95));
#10386=CARTESIAN_POINT('Ctrl Pts',(-36.4066294220241,14.3449312632662,5.95));
#10387=CARTESIAN_POINT('Ctrl Pts',(-35.617261940059,14.2584010784843,5.95));
#10388=CARTESIAN_POINT('Ctrl Pts',(-34.5737799353921,14.0976630852668,5.95));
#10389=CARTESIAN_POINT('Ctrl Pts',(-33.2897899146899,13.8124941913052,5.95));
#10390=CARTESIAN_POINT('Ctrl Pts',(-32.0421440141768,13.4171451096618,5.95));
#10391=CARTESIAN_POINT('Ctrl Pts',(-31.0713585468914,13.0360309375711,5.95));
#10392=CARTESIAN_POINT('Ctrl Pts',(-30.4771736045305,12.7710895584344,5.95));
#10393=CARTESIAN_POINT('Ctrl Pts',(-30.0100208876611,12.5432351363015,5.95));
#10394=CARTESIAN_POINT('Ctrl Pts',(-29.5486741317197,12.3048761742998,5.95));
#10395=CARTESIAN_POINT('Ctrl Pts',(-28.98622525626,11.9889921188078,5.95));
#10396=CARTESIAN_POINT('Ctrl Pts',(-28.3344318282789,11.5818093589497,5.95));
#10397=CARTESIAN_POINT('Ctrl Pts',(-27.4978287898197,11.0027000972766,5.95));
#10398=CARTESIAN_POINT('Ctrl Pts',(-26.5153809079022,10.2131126731252,5.95));
#10399=CARTESIAN_POINT('Ctrl Pts',(-25.6242068406636,9.34185622089561,5.95));
#10400=CARTESIAN_POINT('Ctrl Pts',(-24.9701609948498,8.59942567744164,5.95));
#10401=CARTESIAN_POINT('Ctrl Pts',(-24.5100862241847,8.02074673476307,5.95));
#10402=CARTESIAN_POINT('Ctrl Pts',(-24.1530168157725,7.52117641946274,5.95));
#10403=CARTESIAN_POINT('Ctrl Pts',(-23.8834989589983,7.11127833829108,5.95));
#10404=CARTESIAN_POINT('Ctrl Pts',(-23.6258070500948,6.69613841439303,5.95));
#10405=CARTESIAN_POINT('Ctrl Pts',(-23.3260819742591,6.16795647838295,5.95));
#10406=CARTESIAN_POINT('Ctrl Pts',(-22.8947751800134,5.30469405186326,5.95));
#10407=CARTESIAN_POINT('Ctrl Pts',(-22.4471206119412,4.1946844640733,5.95));
#10408=CARTESIAN_POINT('Ctrl Pts',(-22.1240516893442,3.05173152715624,5.95));
#10409=CARTESIAN_POINT('Ctrl Pts',(-21.9419064061634,2.12260833201685,5.95));
#10410=CARTESIAN_POINT('Ctrl Pts',(-21.8438380079957,1.4196511555948,5.95));
#10411=CARTESIAN_POINT('Ctrl Pts',(-21.7945511227699,0.829775360613277,
5.95));
#10412=CARTESIAN_POINT('Ctrl Pts',(-21.774773633528,0.356129778162341,5.95));
#10413=CARTESIAN_POINT('Ctrl Pts',(-21.7714669625141,0.118709926054118,
5.95));
#10414=CARTESIAN_POINT('Ctrl Pts',(-21.7714669625141,8.04037053950281E-15,
5.95));
#10415=CARTESIAN_POINT('Ctrl Pts',(-21.7714669625141,8.04037053950281E-15,
5.95));
#10416=CARTESIAN_POINT('Ctrl Pts',(-21.7714669625141,9.03608072047589E-15,
14.91856));
#10417=CARTESIAN_POINT('Ctrl Pts',(-21.7714669625141,-0.118709926054102,
5.95));
#10418=CARTESIAN_POINT('Ctrl Pts',(-21.7714669625141,-0.118709926054101,
14.91856));
#10419=CARTESIAN_POINT('Ctrl Pts',(-21.774773633528,-0.356129778162321,
5.95));
#10420=CARTESIAN_POINT('Ctrl Pts',(-21.774773633528,-0.35612977816232,14.91856));
#10421=CARTESIAN_POINT('Ctrl Pts',(-21.7945511227699,-0.829775360613255,
5.95));
#10422=CARTESIAN_POINT('Ctrl Pts',(-21.7945511227699,-0.829775360613254,
14.91856));
#10423=CARTESIAN_POINT('Ctrl Pts',(-21.8438380079957,-1.41965115559478,
5.95));
#10424=CARTESIAN_POINT('Ctrl Pts',(-21.8438380079957,-1.41965115559478,
14.91856));
#10425=CARTESIAN_POINT('Ctrl Pts',(-21.9419064061634,-2.12260833201683,
5.95));
#10426=CARTESIAN_POINT('Ctrl Pts',(-21.9419064061634,-2.12260833201683,
14.91856));
#10427=CARTESIAN_POINT('Ctrl Pts',(-22.1240516893442,-3.05173152715622,
5.95));
#10428=CARTESIAN_POINT('Ctrl Pts',(-22.1240516893442,-3.05173152715622,
14.91856));
#10429=CARTESIAN_POINT('Ctrl Pts',(-22.4471206119412,-4.19468446407327,
5.95));
#10430=CARTESIAN_POINT('Ctrl Pts',(-22.4471206119412,-4.19468446407327,
14.91856));
#10431=CARTESIAN_POINT('Ctrl Pts',(-22.8947751800134,-5.30469405186324,
5.95));
#10432=CARTESIAN_POINT('Ctrl Pts',(-22.8947751800134,-5.30469405186324,
14.91856));
#10433=CARTESIAN_POINT('Ctrl Pts',(-23.3260819742591,-6.16795647838293,
5.95));
#10434=CARTESIAN_POINT('Ctrl Pts',(-23.3260819742591,-6.16795647838293,
14.91856));
#10435=CARTESIAN_POINT('Ctrl Pts',(-23.6258070500948,-6.696138414393,5.95));
#10436=CARTESIAN_POINT('Ctrl Pts',(-23.6258070500948,-6.696138414393,14.91856));
#10437=CARTESIAN_POINT('Ctrl Pts',(-23.8834989589983,-7.11127833829105,
5.95));
#10438=CARTESIAN_POINT('Ctrl Pts',(-23.8834989589983,-7.11127833829105,
14.91856));
#10439=CARTESIAN_POINT('Ctrl Pts',(-24.1530168157725,-7.52117641946271,
5.95));
#10440=CARTESIAN_POINT('Ctrl Pts',(-24.1530168157725,-7.52117641946271,
14.91856));
#10441=CARTESIAN_POINT('Ctrl Pts',(-24.5100862241847,-8.02074673476305,
5.95));
#10442=CARTESIAN_POINT('Ctrl Pts',(-24.5100862241847,-8.02074673476305,
14.91856));
#10443=CARTESIAN_POINT('Ctrl Pts',(-24.9701609948498,-8.59942567744162,
5.95));
#10444=CARTESIAN_POINT('Ctrl Pts',(-24.9701609948498,-8.59942567744162,
14.91856));
#10445=CARTESIAN_POINT('Ctrl Pts',(-25.6242068406636,-9.34185622089559,
5.95));
#10446=CARTESIAN_POINT('Ctrl Pts',(-25.6242068406636,-9.34185622089559,
14.91856));
#10447=CARTESIAN_POINT('Ctrl Pts',(-26.5153809079022,-10.2131126731252,
5.95));
#10448=CARTESIAN_POINT('Ctrl Pts',(-26.5153809079022,-10.2131126731252,
14.91856));
#10449=CARTESIAN_POINT('Ctrl Pts',(-27.4978287898197,-11.0027000972766,
5.95));
#10450=CARTESIAN_POINT('Ctrl Pts',(-27.4978287898197,-11.0027000972766,
14.91856));
#10451=CARTESIAN_POINT('Ctrl Pts',(-28.3344318282788,-11.5818093589497,
5.95));
#10452=CARTESIAN_POINT('Ctrl Pts',(-28.3344318282788,-11.5818093589497,
14.91856));
#10453=CARTESIAN_POINT('Ctrl Pts',(-28.98622525626,-11.9889921188078,5.95));
#10454=CARTESIAN_POINT('Ctrl Pts',(-28.98622525626,-11.9889921188078,14.91856));
#10455=CARTESIAN_POINT('Ctrl Pts',(-29.5486741317197,-12.3048761742997,
5.95));
#10456=CARTESIAN_POINT('Ctrl Pts',(-29.5486741317197,-12.3048761742997,
14.91856));
#10457=CARTESIAN_POINT('Ctrl Pts',(-30.0100208876611,-12.5432351363015,
5.95));
#10458=CARTESIAN_POINT('Ctrl Pts',(-30.0100208876611,-12.5432351363015,
14.91856));
#10459=CARTESIAN_POINT('Ctrl Pts',(-30.4771736045305,-12.7710895584344,
5.95));
#10460=CARTESIAN_POINT('Ctrl Pts',(-30.4771736045305,-12.7710895584344,
14.91856));
#10461=CARTESIAN_POINT('Ctrl Pts',(-31.0713585468913,-13.0360309375711,
5.95));
#10462=CARTESIAN_POINT('Ctrl Pts',(-31.0713585468913,-13.0360309375711,
14.91856));
#10463=CARTESIAN_POINT('Ctrl Pts',(-32.0421440141768,-13.4171451096618,
5.95));
#10464=CARTESIAN_POINT('Ctrl Pts',(-32.0421440141768,-13.4171451096618,
14.91856));
#10465=CARTESIAN_POINT('Ctrl Pts',(-33.2897899146899,-13.8124941913052,
5.95));
#10466=CARTESIAN_POINT('Ctrl Pts',(-33.2897899146899,-13.8124941913052,
14.91856));
#10467=CARTESIAN_POINT('Ctrl Pts',(-34.5737799353921,-14.0976630852668,
5.95));
#10468=CARTESIAN_POINT('Ctrl Pts',(-34.5737799353921,-14.0976630852668,
14.91856));
#10469=CARTESIAN_POINT('Ctrl Pts',(-35.617261940059,-14.2584010784843,5.95));
#10470=CARTESIAN_POINT('Ctrl Pts',(-35.617261940059,-14.2584010784843,14.91856));
#10471=CARTESIAN_POINT('Ctrl Pts',(-36.4066294220241,-14.3449312632661,
5.95));
#10472=CARTESIAN_POINT('Ctrl Pts',(-36.4066294220241,-14.3449312632661,
14.91856));
#10473=CARTESIAN_POINT('Ctrl Pts',(-37.0689518193758,-14.3884152037901,
5.95));
#10474=CARTESIAN_POINT('Ctrl Pts',(-37.0689518193758,-14.3884152037901,
14.91856));
#10475=CARTESIAN_POINT('Ctrl Pts',(-37.6007499551486,-14.405863665721,5.95));
#10476=CARTESIAN_POINT('Ctrl Pts',(-37.6007499551486,-14.405863665721,14.91856));
#10477=CARTESIAN_POINT('Ctrl Pts',(-38.0005996261155,-14.4102395187297,
5.95));
#10478=CARTESIAN_POINT('Ctrl Pts',(-38.0005996261155,-14.4102395187297,
14.91856));
#10479=CARTESIAN_POINT('Ctrl Pts',(-38.4004492970824,-14.405863665721,5.95));
#10480=CARTESIAN_POINT('Ctrl Pts',(-38.4004492970824,-14.405863665721,14.91856));
#10481=CARTESIAN_POINT('Ctrl Pts',(-38.9322474328552,-14.3884152037901,
5.95));
#10482=CARTESIAN_POINT('Ctrl Pts',(-38.9322474328552,-14.3884152037901,
14.91856));
#10483=CARTESIAN_POINT('Ctrl Pts',(-39.5945698302069,-14.3449312632661,
5.95));
#10484=CARTESIAN_POINT('Ctrl Pts',(-39.5945698302069,-14.3449312632661,
14.91856));
#10485=CARTESIAN_POINT('Ctrl Pts',(-40.383937312172,-14.2584010784843,5.95));
#10486=CARTESIAN_POINT('Ctrl Pts',(-40.383937312172,-14.2584010784843,14.91856));
#10487=CARTESIAN_POINT('Ctrl Pts',(-41.4274193168388,-14.0976630852668,
5.95));
#10488=CARTESIAN_POINT('Ctrl Pts',(-41.4274193168388,-14.0976630852668,
14.91856));
#10489=CARTESIAN_POINT('Ctrl Pts',(-42.711409337541,-13.8124941913052,5.95));
#10490=CARTESIAN_POINT('Ctrl Pts',(-42.711409337541,-13.8124941913052,14.91856));
#10491=CARTESIAN_POINT('Ctrl Pts',(-43.9590552380542,-13.4171451096618,
5.95));
#10492=CARTESIAN_POINT('Ctrl Pts',(-43.9590552380542,-13.4171451096618,
14.91856));
#10493=CARTESIAN_POINT('Ctrl Pts',(-44.9298407053396,-13.0360309375711,
5.95));
#10494=CARTESIAN_POINT('Ctrl Pts',(-44.9298407053396,-13.0360309375711,
14.91856));
#10495=CARTESIAN_POINT('Ctrl Pts',(-45.5240256477005,-12.7710895584344,
5.95));
#10496=CARTESIAN_POINT('Ctrl Pts',(-45.5240256477005,-12.7710895584344,
14.91856));
#10497=CARTESIAN_POINT('Ctrl Pts',(-45.9911783645699,-12.5432351363015,
5.95));
#10498=CARTESIAN_POINT('Ctrl Pts',(-45.9911783645699,-12.5432351363015,
14.91856));
#10499=CARTESIAN_POINT('Ctrl Pts',(-46.4525251205112,-12.3048761742997,
5.95));
#10500=CARTESIAN_POINT('Ctrl Pts',(-46.4525251205112,-12.3048761742997,
14.91856));
#10501=CARTESIAN_POINT('Ctrl Pts',(-47.014973995971,-11.9889921188078,5.95));
#10502=CARTESIAN_POINT('Ctrl Pts',(-47.014973995971,-11.9889921188078,14.91856));
#10503=CARTESIAN_POINT('Ctrl Pts',(-47.6667674239522,-11.5818093589497,
5.95));
#10504=CARTESIAN_POINT('Ctrl Pts',(-47.6667674239522,-11.5818093589497,
14.91856));
#10505=CARTESIAN_POINT('Ctrl Pts',(-48.5033704624113,-11.0027000972766,
5.95));
#10506=CARTESIAN_POINT('Ctrl Pts',(-48.5033704624113,-11.0027000972766,
14.91856));
#10507=CARTESIAN_POINT('Ctrl Pts',(-49.4858183443287,-10.2131126731252,
5.95));
#10508=CARTESIAN_POINT('Ctrl Pts',(-49.4858183443287,-10.2131126731252,
14.91856));
#10509=CARTESIAN_POINT('Ctrl Pts',(-50.3769924115673,-9.34185622089559,
5.95));
#10510=CARTESIAN_POINT('Ctrl Pts',(-50.3769924115673,-9.34185622089559,
14.91856));
#10511=CARTESIAN_POINT('Ctrl Pts',(-51.0310382573812,-8.59942567744162,
5.95));
#10512=CARTESIAN_POINT('Ctrl Pts',(-51.0310382573812,-8.59942567744162,
14.91856));
#10513=CARTESIAN_POINT('Ctrl Pts',(-51.4911130280464,-8.02074673476306,
5.95));
#10514=CARTESIAN_POINT('Ctrl Pts',(-51.4911130280464,-8.02074673476306,
14.91856));
#10515=CARTESIAN_POINT('Ctrl Pts',(-51.8481824364585,-7.52117641946271,
5.95));
#10516=CARTESIAN_POINT('Ctrl Pts',(-51.8481824364585,-7.52117641946271,
14.91856));
#10517=CARTESIAN_POINT('Ctrl Pts',(-52.1177002932328,-7.11127833829106,
5.95));
#10518=CARTESIAN_POINT('Ctrl Pts',(-52.1177002932328,-7.11127833829106,
14.91856));
#10519=CARTESIAN_POINT('Ctrl Pts',(-52.3753922021362,-6.69613841439301,
5.95));
#10520=CARTESIAN_POINT('Ctrl Pts',(-52.3753922021362,-6.69613841439301,
14.91856));
#10521=CARTESIAN_POINT('Ctrl Pts',(-52.6751172779719,-6.16795647838293,
5.95));
#10522=CARTESIAN_POINT('Ctrl Pts',(-52.6751172779719,-6.16795647838293,
14.91856));
#10523=CARTESIAN_POINT('Ctrl Pts',(-53.1064240722176,-5.30469405186324,
5.95));
#10524=CARTESIAN_POINT('Ctrl Pts',(-53.1064240722176,-5.30469405186324,
14.91856));
#10525=CARTESIAN_POINT('Ctrl Pts',(-53.5540786402898,-4.19468446407327,
5.95));
#10526=CARTESIAN_POINT('Ctrl Pts',(-53.5540786402898,-4.19468446407327,
14.91856));
#10527=CARTESIAN_POINT('Ctrl Pts',(-53.8771475628867,-3.05173152715622,
5.95));
#10528=CARTESIAN_POINT('Ctrl Pts',(-53.8771475628867,-3.05173152715622,
14.91856));
#10529=CARTESIAN_POINT('Ctrl Pts',(-54.0592928460676,-2.12260833201683,
5.95));
#10530=CARTESIAN_POINT('Ctrl Pts',(-54.0592928460676,-2.12260833201683,
14.91856));
#10531=CARTESIAN_POINT('Ctrl Pts',(-54.1573612442353,-1.41965115559478,
5.95));
#10532=CARTESIAN_POINT('Ctrl Pts',(-54.1573612442353,-1.41965115559478,
14.91856));
#10533=CARTESIAN_POINT('Ctrl Pts',(-54.206648129461,-0.829775360613258,
5.95));
#10534=CARTESIAN_POINT('Ctrl Pts',(-54.206648129461,-0.829775360613257,
14.91856));
#10535=CARTESIAN_POINT('Ctrl Pts',(-54.2264256187029,-0.356129778162323,
5.95));
#10536=CARTESIAN_POINT('Ctrl Pts',(-54.2264256187029,-0.356129778162322,
14.91856));
#10537=CARTESIAN_POINT('Ctrl Pts',(-54.2313856252239,6.41440104082843E-15,
5.95));
#10538=CARTESIAN_POINT('Ctrl Pts',(-54.2313856252239,7.4101112218015E-15,
14.91856));
#10539=CARTESIAN_POINT('Ctrl Pts',(-54.2264256187029,0.356129778162334,
5.95));
#10540=CARTESIAN_POINT('Ctrl Pts',(-54.2264256187029,0.356129778162335,
14.91856));
#10541=CARTESIAN_POINT('Ctrl Pts',(-54.206648129461,0.829775360613271,5.95));
#10542=CARTESIAN_POINT('Ctrl Pts',(-54.206648129461,0.829775360613272,14.91856));
#10543=CARTESIAN_POINT('Ctrl Pts',(-54.1573612442353,1.4196511555948,5.95));
#10544=CARTESIAN_POINT('Ctrl Pts',(-54.1573612442353,1.4196511555948,14.91856));
#10545=CARTESIAN_POINT('Ctrl Pts',(-54.0592928460676,2.12260833201684,5.95));
#10546=CARTESIAN_POINT('Ctrl Pts',(-54.0592928460676,2.12260833201684,14.91856));
#10547=CARTESIAN_POINT('Ctrl Pts',(-53.8771475628868,3.05173152715623,5.95));
#10548=CARTESIAN_POINT('Ctrl Pts',(-53.8771475628868,3.05173152715623,14.91856));
#10549=CARTESIAN_POINT('Ctrl Pts',(-53.5540786402898,4.19468446407329,5.95));
#10550=CARTESIAN_POINT('Ctrl Pts',(-53.5540786402898,4.19468446407329,14.91856));
#10551=CARTESIAN_POINT('Ctrl Pts',(-53.1064240722177,5.30469405186325,5.95));
#10552=CARTESIAN_POINT('Ctrl Pts',(-53.1064240722177,5.30469405186325,14.91856));
#10553=CARTESIAN_POINT('Ctrl Pts',(-52.6751172779719,6.16795647838294,5.95));
#10554=CARTESIAN_POINT('Ctrl Pts',(-52.6751172779719,6.16795647838294,14.91856));
#10555=CARTESIAN_POINT('Ctrl Pts',(-52.3753922021362,6.69613841439302,5.95));
#10556=CARTESIAN_POINT('Ctrl Pts',(-52.3753922021362,6.69613841439302,14.91856));
#10557=CARTESIAN_POINT('Ctrl Pts',(-52.1177002932327,7.11127833829107,5.95));
#10558=CARTESIAN_POINT('Ctrl Pts',(-52.1177002932327,7.11127833829107,14.91856));
#10559=CARTESIAN_POINT('Ctrl Pts',(-51.8481824364585,7.52117641946272,5.95));
#10560=CARTESIAN_POINT('Ctrl Pts',(-51.8481824364585,7.52117641946272,14.91856));
#10561=CARTESIAN_POINT('Ctrl Pts',(-51.4911130280463,8.02074673476307,5.95));
#10562=CARTESIAN_POINT('Ctrl Pts',(-51.4911130280463,8.02074673476307,14.91856));
#10563=CARTESIAN_POINT('Ctrl Pts',(-51.0310382573812,8.59942567744163,5.95));
#10564=CARTESIAN_POINT('Ctrl Pts',(-51.0310382573812,8.59942567744163,14.91856));
#10565=CARTESIAN_POINT('Ctrl Pts',(-50.3769924115673,9.3418562208956,5.95));
#10566=CARTESIAN_POINT('Ctrl Pts',(-50.3769924115673,9.3418562208956,14.91856));
#10567=CARTESIAN_POINT('Ctrl Pts',(-49.4858183443287,10.2131126731252,5.95));
#10568=CARTESIAN_POINT('Ctrl Pts',(-49.4858183443287,10.2131126731252,14.91856));
#10569=CARTESIAN_POINT('Ctrl Pts',(-48.5033704624113,11.0027000972766,5.95));
#10570=CARTESIAN_POINT('Ctrl Pts',(-48.5033704624113,11.0027000972766,14.91856));
#10571=CARTESIAN_POINT('Ctrl Pts',(-47.6667674239522,11.5818093589497,5.95));
#10572=CARTESIAN_POINT('Ctrl Pts',(-47.6667674239522,11.5818093589497,14.91856));
#10573=CARTESIAN_POINT('Ctrl Pts',(-47.014973995971,11.9889921188078,5.95));
#10574=CARTESIAN_POINT('Ctrl Pts',(-47.014973995971,11.9889921188078,14.91856));
#10575=CARTESIAN_POINT('Ctrl Pts',(-46.4525251205113,12.3048761742997,5.95));
#10576=CARTESIAN_POINT('Ctrl Pts',(-46.4525251205113,12.3048761742997,14.91856));
#10577=CARTESIAN_POINT('Ctrl Pts',(-45.9911783645699,12.5432351363015,5.95));
#10578=CARTESIAN_POINT('Ctrl Pts',(-45.9911783645699,12.5432351363015,14.91856));
#10579=CARTESIAN_POINT('Ctrl Pts',(-45.5240256477005,12.7710895584344,5.95));
#10580=CARTESIAN_POINT('Ctrl Pts',(-45.5240256477005,12.7710895584344,14.91856));
#10581=CARTESIAN_POINT('Ctrl Pts',(-44.9298407053397,13.0360309375711,5.95));
#10582=CARTESIAN_POINT('Ctrl Pts',(-44.9298407053397,13.0360309375711,14.91856));
#10583=CARTESIAN_POINT('Ctrl Pts',(-43.9590552380541,13.4171451096618,5.95));
#10584=CARTESIAN_POINT('Ctrl Pts',(-43.9590552380541,13.4171451096618,14.91856));
#10585=CARTESIAN_POINT('Ctrl Pts',(-42.711409337541,13.8124941913052,5.95));
#10586=CARTESIAN_POINT('Ctrl Pts',(-42.711409337541,13.8124941913052,14.91856));
#10587=CARTESIAN_POINT('Ctrl Pts',(-41.4274193168388,14.0976630852668,5.95));
#10588=CARTESIAN_POINT('Ctrl Pts',(-41.4274193168388,14.0976630852668,14.91856));
#10589=CARTESIAN_POINT('Ctrl Pts',(-40.383937312172,14.2584010784843,5.95));
#10590=CARTESIAN_POINT('Ctrl Pts',(-40.383937312172,14.2584010784843,14.91856));
#10591=CARTESIAN_POINT('Ctrl Pts',(-39.5945698302069,14.3449312632662,5.95));
#10592=CARTESIAN_POINT('Ctrl Pts',(-39.5945698302069,14.3449312632662,14.91856));
#10593=CARTESIAN_POINT('Ctrl Pts',(-38.9322474328552,14.3884152037901,5.95));
#10594=CARTESIAN_POINT('Ctrl Pts',(-38.9322474328552,14.3884152037901,14.91856));
#10595=CARTESIAN_POINT('Ctrl Pts',(-38.4004492970825,14.405863665721,5.95));
#10596=CARTESIAN_POINT('Ctrl Pts',(-38.4004492970825,14.405863665721,14.91856));
#10597=CARTESIAN_POINT('Ctrl Pts',(-38.0005996261155,14.4102395187297,5.95));
#10598=CARTESIAN_POINT('Ctrl Pts',(-38.0005996261155,14.4102395187297,14.91856));
#10599=CARTESIAN_POINT('Ctrl Pts',(-37.6007499551486,14.405863665721,5.95));
#10600=CARTESIAN_POINT('Ctrl Pts',(-37.6007499551486,14.405863665721,14.91856));
#10601=CARTESIAN_POINT('Ctrl Pts',(-37.0689518193758,14.3884152037901,5.95));
#10602=CARTESIAN_POINT('Ctrl Pts',(-37.0689518193758,14.3884152037901,14.91856));
#10603=CARTESIAN_POINT('Ctrl Pts',(-36.4066294220241,14.3449312632662,5.95));
#10604=CARTESIAN_POINT('Ctrl Pts',(-36.4066294220241,14.3449312632662,14.91856));
#10605=CARTESIAN_POINT('Ctrl Pts',(-35.617261940059,14.2584010784843,5.95));
#10606=CARTESIAN_POINT('Ctrl Pts',(-35.617261940059,14.2584010784843,14.91856));
#10607=CARTESIAN_POINT('Ctrl Pts',(-34.5737799353921,14.0976630852668,5.95));
#10608=CARTESIAN_POINT('Ctrl Pts',(-34.5737799353921,14.0976630852668,14.91856));
#10609=CARTESIAN_POINT('Ctrl Pts',(-33.2897899146899,13.8124941913052,5.95));
#10610=CARTESIAN_POINT('Ctrl Pts',(-33.2897899146899,13.8124941913052,14.91856));
#10611=CARTESIAN_POINT('Ctrl Pts',(-32.0421440141768,13.4171451096618,5.95));
#10612=CARTESIAN_POINT('Ctrl Pts',(-32.0421440141768,13.4171451096618,14.91856));
#10613=CARTESIAN_POINT('Ctrl Pts',(-31.0713585468914,13.0360309375711,5.95));
#10614=CARTESIAN_POINT('Ctrl Pts',(-31.0713585468914,13.0360309375711,14.91856));
#10615=CARTESIAN_POINT('Ctrl Pts',(-30.4771736045305,12.7710895584344,5.95));
#10616=CARTESIAN_POINT('Ctrl Pts',(-30.4771736045305,12.7710895584344,14.91856));
#10617=CARTESIAN_POINT('Ctrl Pts',(-30.0100208876611,12.5432351363015,5.95));
#10618=CARTESIAN_POINT('Ctrl Pts',(-30.0100208876611,12.5432351363015,14.91856));
#10619=CARTESIAN_POINT('Ctrl Pts',(-29.5486741317197,12.3048761742998,5.95));
#10620=CARTESIAN_POINT('Ctrl Pts',(-29.5486741317197,12.3048761742998,14.91856));
#10621=CARTESIAN_POINT('Ctrl Pts',(-28.98622525626,11.9889921188078,5.95));
#10622=CARTESIAN_POINT('Ctrl Pts',(-28.98622525626,11.9889921188078,14.91856));
#10623=CARTESIAN_POINT('Ctrl Pts',(-28.3344318282789,11.5818093589497,5.95));
#10624=CARTESIAN_POINT('Ctrl Pts',(-28.3344318282789,11.5818093589497,14.91856));
#10625=CARTESIAN_POINT('Ctrl Pts',(-27.4978287898197,11.0027000972766,5.95));
#10626=CARTESIAN_POINT('Ctrl Pts',(-27.4978287898197,11.0027000972766,14.91856));
#10627=CARTESIAN_POINT('Ctrl Pts',(-26.5153809079022,10.2131126731252,5.95));
#10628=CARTESIAN_POINT('Ctrl Pts',(-26.5153809079022,10.2131126731252,14.91856));
#10629=CARTESIAN_POINT('Ctrl Pts',(-25.6242068406636,9.34185622089561,5.95));
#10630=CARTESIAN_POINT('Ctrl Pts',(-25.6242068406636,9.34185622089561,14.91856));
#10631=CARTESIAN_POINT('Ctrl Pts',(-24.9701609948498,8.59942567744164,5.95));
#10632=CARTESIAN_POINT('Ctrl Pts',(-24.9701609948498,8.59942567744164,14.91856));
#10633=CARTESIAN_POINT('Ctrl Pts',(-24.5100862241847,8.02074673476307,5.95));
#10634=CARTESIAN_POINT('Ctrl Pts',(-24.5100862241847,8.02074673476307,14.91856));
#10635=CARTESIAN_POINT('Ctrl Pts',(-24.1530168157725,7.52117641946274,5.95));
#10636=CARTESIAN_POINT('Ctrl Pts',(-24.1530168157725,7.52117641946274,14.91856));
#10637=CARTESIAN_POINT('Ctrl Pts',(-23.8834989589983,7.11127833829108,5.95));
#10638=CARTESIAN_POINT('Ctrl Pts',(-23.8834989589983,7.11127833829108,14.91856));
#10639=CARTESIAN_POINT('Ctrl Pts',(-23.6258070500948,6.69613841439303,5.95));
#10640=CARTESIAN_POINT('Ctrl Pts',(-23.6258070500948,6.69613841439303,14.91856));
#10641=CARTESIAN_POINT('Ctrl Pts',(-23.3260819742591,6.16795647838295,5.95));
#10642=CARTESIAN_POINT('Ctrl Pts',(-23.3260819742591,6.16795647838295,14.91856));
#10643=CARTESIAN_POINT('Ctrl Pts',(-22.8947751800134,5.30469405186326,5.95));
#10644=CARTESIAN_POINT('Ctrl Pts',(-22.8947751800134,5.30469405186326,14.91856));
#10645=CARTESIAN_POINT('Ctrl Pts',(-22.4471206119412,4.1946844640733,5.95));
#10646=CARTESIAN_POINT('Ctrl Pts',(-22.4471206119412,4.1946844640733,14.91856));
#10647=CARTESIAN_POINT('Ctrl Pts',(-22.1240516893442,3.05173152715624,5.95));
#10648=CARTESIAN_POINT('Ctrl Pts',(-22.1240516893442,3.05173152715624,14.91856));
#10649=CARTESIAN_POINT('Ctrl Pts',(-21.9419064061634,2.12260833201685,5.95));
#10650=CARTESIAN_POINT('Ctrl Pts',(-21.9419064061634,2.12260833201685,14.91856));
#10651=CARTESIAN_POINT('Ctrl Pts',(-21.8438380079957,1.4196511555948,5.95));
#10652=CARTESIAN_POINT('Ctrl Pts',(-21.8438380079957,1.4196511555948,14.91856));
#10653=CARTESIAN_POINT('Ctrl Pts',(-21.7945511227699,0.829775360613277,
5.95));
#10654=CARTESIAN_POINT('Ctrl Pts',(-21.7945511227699,0.829775360613278,
14.91856));
#10655=CARTESIAN_POINT('Ctrl Pts',(-21.774773633528,0.356129778162341,5.95));
#10656=CARTESIAN_POINT('Ctrl Pts',(-21.774773633528,0.356129778162342,14.91856));
#10657=CARTESIAN_POINT('Ctrl Pts',(-21.7714669625141,0.118709926054118,
5.95));
#10658=CARTESIAN_POINT('Ctrl Pts',(-21.7714669625141,0.118709926054119,
14.91856));
#10659=CARTESIAN_POINT('Ctrl Pts',(-21.7714669625141,8.04037053950281E-15,
5.95));
#10660=CARTESIAN_POINT('Ctrl Pts',(-21.7714669625141,9.03608072047589E-15,
14.91856));
#10661=CARTESIAN_POINT('',(-21.7714669625141,8.04037053950281E-15,5.95));
#10662=CARTESIAN_POINT('Ctrl Pts',(-20.771466962514,3.72663953515652E-14,
5.95));
#10663=CARTESIAN_POINT('Ctrl Pts',(-20.771466962514,3.82621055325382E-14,
14.91856));
#10664=CARTESIAN_POINT('Ctrl Pts',(-20.771466962514,-0.127984435572898,
5.95));
#10665=CARTESIAN_POINT('Ctrl Pts',(-20.771466962514,-0.127984435572897,
14.91856));
#10666=CARTESIAN_POINT('Ctrl Pts',(-20.7750318214372,-0.383953306718801,
5.95));
#10667=CARTESIAN_POINT('Ctrl Pts',(-20.7750318214372,-0.3839533067188,14.91856));
#10668=CARTESIAN_POINT('Ctrl Pts',(-20.7963551276563,-0.894616074468479,
5.95));
#10669=CARTESIAN_POINT('Ctrl Pts',(-20.7963551276563,-0.894616074468478,
14.91856));
#10670=CARTESIAN_POINT('Ctrl Pts',(-20.8494879170825,-1.53049549791938,
5.95));
#10671=CARTESIAN_POINT('Ctrl Pts',(-20.8494879170825,-1.53049549791938,
14.91856));
#10672=CARTESIAN_POINT('Ctrl Pts',(-20.9551814775633,-2.28808481800901,
5.95));
#10673=CARTESIAN_POINT('Ctrl Pts',(-20.9551814775633,-2.28808481800901,
14.91856));
#10674=CARTESIAN_POINT('Ctrl Pts',(-21.1514042944278,-3.28898426035633,
5.95));
#10675=CARTESIAN_POINT('Ctrl Pts',(-21.1514042944278,-3.28898426035633,
14.91856));
#10676=CARTESIAN_POINT('Ctrl Pts',(-21.4991928810097,-4.51922740315883,
5.95));
#10677=CARTESIAN_POINT('Ctrl Pts',(-21.4991928810097,-4.51922740315883,
14.91856));
#10678=CARTESIAN_POINT('Ctrl Pts',(-21.9803685781697,-5.71220042953906,
5.95));
#10679=CARTESIAN_POINT('Ctrl Pts',(-21.9803685781697,-5.71220042953906,
14.91856));
#10680=CARTESIAN_POINT('Ctrl Pts',(-22.4432978796375,-6.63872387678062,
5.95));
#10681=CARTESIAN_POINT('Ctrl Pts',(-22.4432978796375,-6.63872387678062,
14.91856));
#10682=CARTESIAN_POINT('Ctrl Pts',(-22.7646694036415,-7.20503546460656,
5.95));
#10683=CARTESIAN_POINT('Ctrl Pts',(-22.7646694036415,-7.20503546460656,
14.91856));
#10684=CARTESIAN_POINT('Ctrl Pts',(-23.0407684353802,-7.64982483279967,
5.95));
#10685=CARTESIAN_POINT('Ctrl Pts',(-23.0407684353802,-7.64982483279967,
14.91856));
#10686=CARTESIAN_POINT('Ctrl Pts',(-23.3293462330767,-8.08870732136889,
5.95));
#10687=CARTESIAN_POINT('Ctrl Pts',(-23.3293462330767,-8.08870732136889,
14.91856));
#10688=CARTESIAN_POINT('Ctrl Pts',(-23.7114237779396,-8.62325165788151,
5.95));
#10689=CARTESIAN_POINT('Ctrl Pts',(-23.7114237779396,-8.62325165788151,
14.91856));
#10690=CARTESIAN_POINT('Ctrl Pts',(-24.2031327013697,-9.24170037239205,
5.95));
#10691=CARTESIAN_POINT('Ctrl Pts',(-24.2031327013697,-9.24170037239205,
14.91856));
#10692=CARTESIAN_POINT('Ctrl Pts',(-24.9014065652714,-10.0343146312193,
5.95));
#10693=CARTESIAN_POINT('Ctrl Pts',(-24.9014065652714,-10.0343146312193,
14.91856));
#10694=CARTESIAN_POINT('Ctrl Pts',(-25.8512872491553,-10.9628638705167,
5.95));
#10695=CARTESIAN_POINT('Ctrl Pts',(-25.8512872491553,-10.9628638705167,
14.91856));
#10696=CARTESIAN_POINT('Ctrl Pts',(-26.8962231576314,-11.8025904406571,
5.95));
#10697=CARTESIAN_POINT('Ctrl Pts',(-26.8962231576314,-11.8025904406571,
14.91856));
#10698=CARTESIAN_POINT('Ctrl Pts',(-27.7847191660488,-12.4176052670555,
5.95));
#10699=CARTESIAN_POINT('Ctrl Pts',(-27.7847191660488,-12.4176052670555,
14.91856));
#10700=CARTESIAN_POINT('Ctrl Pts',(-28.4762672114753,-12.8496139235774,
5.95));
#10701=CARTESIAN_POINT('Ctrl Pts',(-28.4762672114753,-12.8496139235774,
14.91856));
#10702=CARTESIAN_POINT('Ctrl Pts',(-29.0725463654771,-13.1844893338365,
5.95));
#10703=CARTESIAN_POINT('Ctrl Pts',(-29.0725463654771,-13.1844893338365,
14.91856));
#10704=CARTESIAN_POINT('Ctrl Pts',(-29.5612705523659,-13.43699153088,5.95));
#10705=CARTESIAN_POINT('Ctrl Pts',(-29.5612705523659,-13.43699153088,14.91856));
#10706=CARTESIAN_POINT('Ctrl Pts',(-30.05600380696,-13.6782973738524,5.95));
#10707=CARTESIAN_POINT('Ctrl Pts',(-30.05600380696,-13.6782973738524,14.91856));
#10708=CARTESIAN_POINT('Ctrl Pts',(-30.6848820841889,-13.95870144273,5.95));
#10709=CARTESIAN_POINT('Ctrl Pts',(-30.6848820841889,-13.95870144273,14.91856));
#10710=CARTESIAN_POINT('Ctrl Pts',(-31.7116642904263,-14.3617902590614,
5.95));
#10711=CARTESIAN_POINT('Ctrl Pts',(-31.7116642904263,-14.3617902590614,
14.91856));
#10712=CARTESIAN_POINT('Ctrl Pts',(-33.0300430292769,-14.7795165569668,
5.95));
#10713=CARTESIAN_POINT('Ctrl Pts',(-33.0300430292769,-14.7795165569668,
14.91856));
#10714=CARTESIAN_POINT('Ctrl Pts',(-34.3855471556442,-15.0805445881148,
5.95));
#10715=CARTESIAN_POINT('Ctrl Pts',(-34.3855471556442,-15.0805445881148,
14.91856));
#10716=CARTESIAN_POINT('Ctrl Pts',(-35.4866244940239,-15.2501517836104,
5.95));
#10717=CARTESIAN_POINT('Ctrl Pts',(-35.4866244940239,-15.2501517836104,
14.91856));
#10718=CARTESIAN_POINT('Ctrl Pts',(-36.3193772040729,-15.3414357534153,
5.95));
#10719=CARTESIAN_POINT('Ctrl Pts',(-36.3193772040729,-15.3414357534153,
14.91856));
#10720=CARTESIAN_POINT('Ctrl Pts',(-37.0179763545476,-15.3873007139271,
5.95));
#10721=CARTESIAN_POINT('Ctrl Pts',(-37.0179763545476,-15.3873007139271,
14.91856));
#10722=CARTESIAN_POINT('Ctrl Pts',(-37.5788871300098,-15.4057042967682,
5.95));
#10723=CARTESIAN_POINT('Ctrl Pts',(-37.5788871300098,-15.4057042967682,
14.91856));
#10724=CARTESIAN_POINT('Ctrl Pts',(-38.0005996261155,-15.4103192032061,
5.95));
#10725=CARTESIAN_POINT('Ctrl Pts',(-38.0005996261155,-15.4103192032061,
14.91856));
#10726=CARTESIAN_POINT('Ctrl Pts',(-38.4223121222212,-15.4057042967683,
5.95));
#10727=CARTESIAN_POINT('Ctrl Pts',(-38.4223121222212,-15.4057042967683,
14.91856));
#10728=CARTESIAN_POINT('Ctrl Pts',(-38.9832228976834,-15.3873007139271,
5.95));
#10729=CARTESIAN_POINT('Ctrl Pts',(-38.9832228976834,-15.3873007139271,
14.91856));
#10730=CARTESIAN_POINT('Ctrl Pts',(-39.6818220481581,-15.3414357534153,
5.95));
#10731=CARTESIAN_POINT('Ctrl Pts',(-39.6818220481581,-15.3414357534153,
14.91856));
#10732=CARTESIAN_POINT('Ctrl Pts',(-40.5145747582071,-15.2501517836104,
5.95));
#10733=CARTESIAN_POINT('Ctrl Pts',(-40.5145747582071,-15.2501517836104,
14.91856));
#10734=CARTESIAN_POINT('Ctrl Pts',(-41.6156520965868,-15.0805445881148,
5.95));
#10735=CARTESIAN_POINT('Ctrl Pts',(-41.6156520965868,-15.0805445881148,
14.91856));
#10736=CARTESIAN_POINT('Ctrl Pts',(-42.9711562229541,-14.7795165569668,
5.95));
#10737=CARTESIAN_POINT('Ctrl Pts',(-42.9711562229541,-14.7795165569668,
14.91856));
#10738=CARTESIAN_POINT('Ctrl Pts',(-44.2895349618047,-14.3617902590614,
5.95));
#10739=CARTESIAN_POINT('Ctrl Pts',(-44.2895349618047,-14.3617902590614,
14.91856));
#10740=CARTESIAN_POINT('Ctrl Pts',(-45.316317168042,-13.95870144273,5.95));
#10741=CARTESIAN_POINT('Ctrl Pts',(-45.316317168042,-13.95870144273,14.91856));
#10742=CARTESIAN_POINT('Ctrl Pts',(-45.945195445271,-13.6782973738525,5.95));
#10743=CARTESIAN_POINT('Ctrl Pts',(-45.945195445271,-13.6782973738525,14.91856));
#10744=CARTESIAN_POINT('Ctrl Pts',(-46.4399286998651,-13.43699153088,5.95));
#10745=CARTESIAN_POINT('Ctrl Pts',(-46.4399286998651,-13.43699153088,14.91856));
#10746=CARTESIAN_POINT('Ctrl Pts',(-46.9286528867539,-13.1844893338365,
5.95));
#10747=CARTESIAN_POINT('Ctrl Pts',(-46.9286528867539,-13.1844893338365,
14.91856));
#10748=CARTESIAN_POINT('Ctrl Pts',(-47.5249320407558,-12.8496139235774,
5.95));
#10749=CARTESIAN_POINT('Ctrl Pts',(-47.5249320407558,-12.8496139235774,
14.91856));
#10750=CARTESIAN_POINT('Ctrl Pts',(-48.2164800861822,-12.4176052670555,
5.95));
#10751=CARTESIAN_POINT('Ctrl Pts',(-48.2164800861822,-12.4176052670555,
14.91856));
#10752=CARTESIAN_POINT('Ctrl Pts',(-49.1049760945996,-11.8025904406571,
5.95));
#10753=CARTESIAN_POINT('Ctrl Pts',(-49.1049760945996,-11.8025904406571,
14.91856));
#10754=CARTESIAN_POINT('Ctrl Pts',(-50.1499120030757,-10.9628638705167,
5.95));
#10755=CARTESIAN_POINT('Ctrl Pts',(-50.1499120030757,-10.9628638705167,
14.91856));
#10756=CARTESIAN_POINT('Ctrl Pts',(-51.0997926869595,-10.0343146312193,
5.95));
#10757=CARTESIAN_POINT('Ctrl Pts',(-51.0997926869595,-10.0343146312193,
14.91856));
#10758=CARTESIAN_POINT('Ctrl Pts',(-51.7980665508614,-9.24170037239208,
5.95));
#10759=CARTESIAN_POINT('Ctrl Pts',(-51.7980665508614,-9.24170037239208,
14.91856));
#10760=CARTESIAN_POINT('Ctrl Pts',(-52.2897754742915,-8.62325165788148,
5.95));
#10761=CARTESIAN_POINT('Ctrl Pts',(-52.2897754742915,-8.62325165788148,
14.91856));
#10762=CARTESIAN_POINT('Ctrl Pts',(-52.6718530191542,-8.08870732136893,
5.95));
#10763=CARTESIAN_POINT('Ctrl Pts',(-52.6718530191542,-8.08870732136893,
14.91856));
#10764=CARTESIAN_POINT('Ctrl Pts',(-52.9604308168508,-7.6498248327997,5.95));
#10765=CARTESIAN_POINT('Ctrl Pts',(-52.9604308168508,-7.6498248327997,14.91856));
#10766=CARTESIAN_POINT('Ctrl Pts',(-53.2365298485896,-7.20503546460655,
5.95));
#10767=CARTESIAN_POINT('Ctrl Pts',(-53.2365298485896,-7.20503546460655,
14.91856));
#10768=CARTESIAN_POINT('Ctrl Pts',(-53.5579013725935,-6.63872387678063,
5.95));
#10769=CARTESIAN_POINT('Ctrl Pts',(-53.5579013725935,-6.63872387678063,
14.91856));
#10770=CARTESIAN_POINT('Ctrl Pts',(-54.0208306740614,-5.71220042953903,
5.95));
#10771=CARTESIAN_POINT('Ctrl Pts',(-54.0208306740614,-5.71220042953903,
14.91856));
#10772=CARTESIAN_POINT('Ctrl Pts',(-54.5020063712213,-4.51922740315884,
5.95));
#10773=CARTESIAN_POINT('Ctrl Pts',(-54.5020063712213,-4.51922740315884,
14.91856));
#10774=CARTESIAN_POINT('Ctrl Pts',(-54.8497949578031,-3.28898426035637,
5.95));
#10775=CARTESIAN_POINT('Ctrl Pts',(-54.8497949578031,-3.28898426035637,
14.91856));
#10776=CARTESIAN_POINT('Ctrl Pts',(-55.0460177746677,-2.288084818009,5.95));
#10777=CARTESIAN_POINT('Ctrl Pts',(-55.0460177746677,-2.288084818009,14.91856));
#10778=CARTESIAN_POINT('Ctrl Pts',(-55.1517113351485,-1.5304954979194,5.95));
#10779=CARTESIAN_POINT('Ctrl Pts',(-55.1517113351485,-1.5304954979194,14.91856));
#10780=CARTESIAN_POINT('Ctrl Pts',(-55.2048441245746,-0.894616074468486,
5.95));
#10781=CARTESIAN_POINT('Ctrl Pts',(-55.2048441245746,-0.894616074468485,
14.91856));
#10782=CARTESIAN_POINT('Ctrl Pts',(-55.2261674307938,-0.383953306718745,
5.95));
#10783=CARTESIAN_POINT('Ctrl Pts',(-55.2261674307938,-0.383953306718744,
14.91856));
#10784=CARTESIAN_POINT('Ctrl Pts',(-55.2315147191785,-1.68292847722043E-14,
5.95));
#10785=CARTESIAN_POINT('Ctrl Pts',(-55.2315147191785,-1.58335745912313E-14,
14.91856));
#10786=CARTESIAN_POINT('Ctrl Pts',(-55.2261674307938,0.38395330671885,5.95));
#10787=CARTESIAN_POINT('Ctrl Pts',(-55.2261674307938,0.383953306718851,
14.91856));
#10788=CARTESIAN_POINT('Ctrl Pts',(-55.2048441245746,0.894616074468502,
5.95));
#10789=CARTESIAN_POINT('Ctrl Pts',(-55.2048441245746,0.894616074468503,
14.91856));
#10790=CARTESIAN_POINT('Ctrl Pts',(-55.1517113351485,1.53049549791937,5.95));
#10791=CARTESIAN_POINT('Ctrl Pts',(-55.1517113351485,1.53049549791937,14.91856));
#10792=CARTESIAN_POINT('Ctrl Pts',(-55.0460177746677,2.28808481800903,5.95));
#10793=CARTESIAN_POINT('Ctrl Pts',(-55.0460177746677,2.28808481800903,14.91856));
#10794=CARTESIAN_POINT('Ctrl Pts',(-54.8497949578031,3.28898426035633,5.95));
#10795=CARTESIAN_POINT('Ctrl Pts',(-54.8497949578031,3.28898426035633,14.91856));
#10796=CARTESIAN_POINT('Ctrl Pts',(-54.5020063712213,4.51922740315887,5.95));
#10797=CARTESIAN_POINT('Ctrl Pts',(-54.5020063712213,4.51922740315887,14.91856));
#10798=CARTESIAN_POINT('Ctrl Pts',(-54.0208306740614,5.71220042953901,5.95));
#10799=CARTESIAN_POINT('Ctrl Pts',(-54.0208306740614,5.71220042953901,14.91856));
#10800=CARTESIAN_POINT('Ctrl Pts',(-53.5579013725934,6.63872387678066,5.95));
#10801=CARTESIAN_POINT('Ctrl Pts',(-53.5579013725934,6.63872387678066,14.91856));
#10802=CARTESIAN_POINT('Ctrl Pts',(-53.2365298485896,7.20503546460651,5.95));
#10803=CARTESIAN_POINT('Ctrl Pts',(-53.2365298485896,7.20503546460651,14.91856));
#10804=CARTESIAN_POINT('Ctrl Pts',(-52.9604308168508,7.64982483279968,5.95));
#10805=CARTESIAN_POINT('Ctrl Pts',(-52.9604308168508,7.64982483279968,14.91856));
#10806=CARTESIAN_POINT('Ctrl Pts',(-52.6718530191542,8.08870732136889,5.95));
#10807=CARTESIAN_POINT('Ctrl Pts',(-52.6718530191542,8.08870732136889,14.91856));
#10808=CARTESIAN_POINT('Ctrl Pts',(-52.2897754742915,8.62325165788151,5.95));
#10809=CARTESIAN_POINT('Ctrl Pts',(-52.2897754742915,8.62325165788151,14.91856));
#10810=CARTESIAN_POINT('Ctrl Pts',(-51.7980665508614,9.24170037239207,5.95));
#10811=CARTESIAN_POINT('Ctrl Pts',(-51.7980665508614,9.24170037239207,14.91856));
#10812=CARTESIAN_POINT('Ctrl Pts',(-51.0997926869596,10.0343146312193,5.95));
#10813=CARTESIAN_POINT('Ctrl Pts',(-51.0997926869596,10.0343146312193,14.91856));
#10814=CARTESIAN_POINT('Ctrl Pts',(-50.1499120030756,10.9628638705167,5.95));
#10815=CARTESIAN_POINT('Ctrl Pts',(-50.1499120030756,10.9628638705167,14.91856));
#10816=CARTESIAN_POINT('Ctrl Pts',(-49.1049760945996,11.8025904406571,5.95));
#10817=CARTESIAN_POINT('Ctrl Pts',(-49.1049760945996,11.8025904406571,14.91856));
#10818=CARTESIAN_POINT('Ctrl Pts',(-48.2164800861823,12.4176052670555,5.95));
#10819=CARTESIAN_POINT('Ctrl Pts',(-48.2164800861823,12.4176052670555,14.91856));
#10820=CARTESIAN_POINT('Ctrl Pts',(-47.5249320407558,12.8496139235774,5.95));
#10821=CARTESIAN_POINT('Ctrl Pts',(-47.5249320407558,12.8496139235774,14.91856));
#10822=CARTESIAN_POINT('Ctrl Pts',(-46.928652886754,13.1844893338365,5.95));
#10823=CARTESIAN_POINT('Ctrl Pts',(-46.928652886754,13.1844893338365,14.91856));
#10824=CARTESIAN_POINT('Ctrl Pts',(-46.4399286998651,13.43699153088,5.95));
#10825=CARTESIAN_POINT('Ctrl Pts',(-46.4399286998651,13.43699153088,14.91856));
#10826=CARTESIAN_POINT('Ctrl Pts',(-45.945195445271,13.6782973738524,5.95));
#10827=CARTESIAN_POINT('Ctrl Pts',(-45.945195445271,13.6782973738524,14.91856));
#10828=CARTESIAN_POINT('Ctrl Pts',(-45.3163171680421,13.95870144273,5.95));
#10829=CARTESIAN_POINT('Ctrl Pts',(-45.3163171680421,13.95870144273,14.91856));
#10830=CARTESIAN_POINT('Ctrl Pts',(-44.2895349618047,14.3617902590614,5.95));
#10831=CARTESIAN_POINT('Ctrl Pts',(-44.2895349618047,14.3617902590614,14.91856));
#10832=CARTESIAN_POINT('Ctrl Pts',(-42.9711562229541,14.7795165569668,5.95));
#10833=CARTESIAN_POINT('Ctrl Pts',(-42.9711562229541,14.7795165569668,14.91856));
#10834=CARTESIAN_POINT('Ctrl Pts',(-41.6156520965868,15.0805445881148,5.95));
#10835=CARTESIAN_POINT('Ctrl Pts',(-41.6156520965868,15.0805445881148,14.91856));
#10836=CARTESIAN_POINT('Ctrl Pts',(-40.5145747582071,15.2501517836104,5.95));
#10837=CARTESIAN_POINT('Ctrl Pts',(-40.5145747582071,15.2501517836104,14.91856));
#10838=CARTESIAN_POINT('Ctrl Pts',(-39.6818220481581,15.3414357534153,5.95));
#10839=CARTESIAN_POINT('Ctrl Pts',(-39.6818220481581,15.3414357534153,14.91856));
#10840=CARTESIAN_POINT('Ctrl Pts',(-38.9832228976834,15.3873007139271,5.95));
#10841=CARTESIAN_POINT('Ctrl Pts',(-38.9832228976834,15.3873007139271,14.91856));
#10842=CARTESIAN_POINT('Ctrl Pts',(-38.4223121222212,15.4057042967683,5.95));
#10843=CARTESIAN_POINT('Ctrl Pts',(-38.4223121222212,15.4057042967683,14.91856));
#10844=CARTESIAN_POINT('Ctrl Pts',(-38.0005996261155,15.4103192032061,5.95));
#10845=CARTESIAN_POINT('Ctrl Pts',(-38.0005996261155,15.4103192032061,14.91856));
#10846=CARTESIAN_POINT('Ctrl Pts',(-37.5788871300098,15.4057042967683,5.95));
#10847=CARTESIAN_POINT('Ctrl Pts',(-37.5788871300098,15.4057042967683,14.91856));
#10848=CARTESIAN_POINT('Ctrl Pts',(-37.0179763545475,15.3873007139271,5.95));
#10849=CARTESIAN_POINT('Ctrl Pts',(-37.0179763545475,15.3873007139271,14.91856));
#10850=CARTESIAN_POINT('Ctrl Pts',(-36.319377204073,15.3414357534153,5.95));
#10851=CARTESIAN_POINT('Ctrl Pts',(-36.319377204073,15.3414357534153,14.91856));
#10852=CARTESIAN_POINT('Ctrl Pts',(-35.4866244940239,15.2501517836104,5.95));
#10853=CARTESIAN_POINT('Ctrl Pts',(-35.4866244940239,15.2501517836104,14.91856));
#10854=CARTESIAN_POINT('Ctrl Pts',(-34.3855471556442,15.0805445881148,5.95));
#10855=CARTESIAN_POINT('Ctrl Pts',(-34.3855471556442,15.0805445881148,14.91856));
#10856=CARTESIAN_POINT('Ctrl Pts',(-33.0300430292769,14.7795165569668,5.95));
#10857=CARTESIAN_POINT('Ctrl Pts',(-33.0300430292769,14.7795165569668,14.91856));
#10858=CARTESIAN_POINT('Ctrl Pts',(-31.7116642904263,14.3617902590614,5.95));
#10859=CARTESIAN_POINT('Ctrl Pts',(-31.7116642904263,14.3617902590614,14.91856));
#10860=CARTESIAN_POINT('Ctrl Pts',(-30.684882084189,13.9587014427301,5.95));
#10861=CARTESIAN_POINT('Ctrl Pts',(-30.684882084189,13.9587014427301,14.91856));
#10862=CARTESIAN_POINT('Ctrl Pts',(-30.05600380696,13.6782973738525,5.95));
#10863=CARTESIAN_POINT('Ctrl Pts',(-30.05600380696,13.6782973738525,14.91856));
#10864=CARTESIAN_POINT('Ctrl Pts',(-29.5612705523659,13.43699153088,5.95));
#10865=CARTESIAN_POINT('Ctrl Pts',(-29.5612705523659,13.43699153088,14.91856));
#10866=CARTESIAN_POINT('Ctrl Pts',(-29.0725463654771,13.1844893338365,5.95));
#10867=CARTESIAN_POINT('Ctrl Pts',(-29.0725463654771,13.1844893338365,14.91856));
#10868=CARTESIAN_POINT('Ctrl Pts',(-28.4762672114752,12.8496139235774,5.95));
#10869=CARTESIAN_POINT('Ctrl Pts',(-28.4762672114752,12.8496139235774,14.91856));
#10870=CARTESIAN_POINT('Ctrl Pts',(-27.7847191660488,12.4176052670555,5.95));
#10871=CARTESIAN_POINT('Ctrl Pts',(-27.7847191660488,12.4176052670555,14.91856));
#10872=CARTESIAN_POINT('Ctrl Pts',(-26.8962231576314,11.8025904406571,5.95));
#10873=CARTESIAN_POINT('Ctrl Pts',(-26.8962231576314,11.8025904406571,14.91856));
#10874=CARTESIAN_POINT('Ctrl Pts',(-25.8512872491553,10.9628638705168,5.95));
#10875=CARTESIAN_POINT('Ctrl Pts',(-25.8512872491553,10.9628638705168,14.91856));
#10876=CARTESIAN_POINT('Ctrl Pts',(-24.9014065652714,10.0343146312193,5.95));
#10877=CARTESIAN_POINT('Ctrl Pts',(-24.9014065652714,10.0343146312193,14.91856));
#10878=CARTESIAN_POINT('Ctrl Pts',(-24.2031327013697,9.24170037239206,5.95));
#10879=CARTESIAN_POINT('Ctrl Pts',(-24.2031327013697,9.24170037239206,14.91856));
#10880=CARTESIAN_POINT('Ctrl Pts',(-23.7114237779396,8.62325165788156,5.95));
#10881=CARTESIAN_POINT('Ctrl Pts',(-23.7114237779396,8.62325165788156,14.91856));
#10882=CARTESIAN_POINT('Ctrl Pts',(-23.3293462330767,8.0887073213689,5.95));
#10883=CARTESIAN_POINT('Ctrl Pts',(-23.3293462330767,8.0887073213689,14.91856));
#10884=CARTESIAN_POINT('Ctrl Pts',(-23.0407684353802,7.64982483279971,5.95));
#10885=CARTESIAN_POINT('Ctrl Pts',(-23.0407684353802,7.64982483279971,14.91856));
#10886=CARTESIAN_POINT('Ctrl Pts',(-22.7646694036414,7.20503546460653,5.95));
#10887=CARTESIAN_POINT('Ctrl Pts',(-22.7646694036414,7.20503546460653,14.91856));
#10888=CARTESIAN_POINT('Ctrl Pts',(-22.4432978796375,6.63872387678065,5.95));
#10889=CARTESIAN_POINT('Ctrl Pts',(-22.4432978796375,6.63872387678065,14.91856));
#10890=CARTESIAN_POINT('Ctrl Pts',(-21.9803685781697,5.71220042953904,5.95));
#10891=CARTESIAN_POINT('Ctrl Pts',(-21.9803685781697,5.71220042953904,14.91856));
#10892=CARTESIAN_POINT('Ctrl Pts',(-21.4991928810097,4.51922740315889,5.95));
#10893=CARTESIAN_POINT('Ctrl Pts',(-21.4991928810097,4.51922740315889,14.91856));
#10894=CARTESIAN_POINT('Ctrl Pts',(-21.1514042944279,3.28898426035631,5.95));
#10895=CARTESIAN_POINT('Ctrl Pts',(-21.1514042944279,3.28898426035631,14.91856));
#10896=CARTESIAN_POINT('Ctrl Pts',(-20.9551814775633,2.28808481800903,5.95));
#10897=CARTESIAN_POINT('Ctrl Pts',(-20.9551814775633,2.28808481800903,14.91856));
#10898=CARTESIAN_POINT('Ctrl Pts',(-20.8494879170825,1.53049549791945,5.95));
#10899=CARTESIAN_POINT('Ctrl Pts',(-20.8494879170825,1.53049549791945,14.91856));
#10900=CARTESIAN_POINT('Ctrl Pts',(-20.7963551276563,0.894616074468426,
5.95));
#10901=CARTESIAN_POINT('Ctrl Pts',(-20.7963551276563,0.894616074468427,
14.91856));
#10902=CARTESIAN_POINT('Ctrl Pts',(-20.7750318214372,0.383953306718813,
5.95));
#10903=CARTESIAN_POINT('Ctrl Pts',(-20.7750318214372,0.383953306718814,
14.91856));
#10904=CARTESIAN_POINT('Ctrl Pts',(-20.771466962514,0.127984435572973,5.95));
#10905=CARTESIAN_POINT('Ctrl Pts',(-20.771466962514,0.127984435572974,14.91856));
#10906=CARTESIAN_POINT('Ctrl Pts',(-20.771466962514,3.72663953515652E-14,
5.95));
#10907=CARTESIAN_POINT('Ctrl Pts',(-20.771466962514,3.82621055325382E-14,
14.91856));
#10908=CARTESIAN_POINT('',(-20.771466962514,3.72663953515652E-14,5.95));
#10909=CARTESIAN_POINT('Origin',(18.51940000001,22.50000000001,7.51190000000499));
#10910=CARTESIAN_POINT('',(18.51940000001,22.50000000001,7.51190000000499));
#10911=CARTESIAN_POINT('Origin',(-18.51940000001,22.50000000001,7.51190000000499));
#10912=CARTESIAN_POINT('',(-18.51940000001,22.50000000001,7.51190000000499));
#10913=CARTESIAN_POINT('Origin',(19.2758339059328,22.50000000001,7.51190000000499));
#10914=CARTESIAN_POINT('',(0.,0.,0.));
#10915=CARTESIAN_POINT('Origin',(37.9988,8.5106,-242.393821135332));
#10916=CARTESIAN_POINT('',(42.7988,8.5106,21.4238));
#10917=CARTESIAN_POINT('',(33.1988,8.51060000000003,21.4238));
#10918=CARTESIAN_POINT('Origin',(37.9988,8.5106,21.4238));
#10919=CARTESIAN_POINT('',(33.1988,8.51060000000003,12.4238));
#10920=CARTESIAN_POINT('',(33.1988,8.5106,-242.393821135332));
#10921=CARTESIAN_POINT('',(33.2839299063495,7.6106,12.4238));
#10922=CARTESIAN_POINT('Origin',(37.9988,8.5106,12.4238));
#10923=CARTESIAN_POINT('',(33.2839299063495,7.6106,6.95));
#10924=CARTESIAN_POINT('',(33.2839299063495,7.6106,-242.393821135332));
#10925=CARTESIAN_POINT('',(37.0988,3.79572990634949,6.95));
#10926=CARTESIAN_POINT('Origin',(37.9988,8.5106,6.95));
#10927=CARTESIAN_POINT('',(37.0988,3.79572990634948,12.4238));
#10928=CARTESIAN_POINT('',(37.0988,3.79572990634945,-242.393821135332));
#10929=CARTESIAN_POINT('',(38.8988,3.79572990634948,12.4238));
#10930=CARTESIAN_POINT('Origin',(37.9988,8.5106,12.4238));
#10931=CARTESIAN_POINT('',(38.8988,3.79572990634948,6.95));
#10932=CARTESIAN_POINT('',(38.8988,3.79572990634945,-242.393821135332));
#10933=CARTESIAN_POINT('',(42.7136700936505,7.6106,6.95));
#10934=CARTESIAN_POINT('Origin',(37.9988,8.5106,6.95));
#10935=CARTESIAN_POINT('',(42.7136700936505,7.6106,12.4238));
#10936=CARTESIAN_POINT('',(42.7136700936505,7.6106,-242.393821135332));
#10937=CARTESIAN_POINT('',(42.7136700936505,9.4106,12.4238));
#10938=CARTESIAN_POINT('Origin',(37.9988,8.5106,12.4238));
#10939=CARTESIAN_POINT('',(42.7136700936505,9.4106,6.95));
#10940=CARTESIAN_POINT('',(42.7136700936505,9.4106,-242.393821135332));
#10941=CARTESIAN_POINT('',(38.8988,13.2254700936505,6.95));
#10942=CARTESIAN_POINT('Origin',(37.9988,8.5106,6.95));
#10943=CARTESIAN_POINT('',(38.8988,13.2254700936505,12.4238));
#10944=CARTESIAN_POINT('',(38.8988,13.2254700936505,-242.393821135332));
#10945=CARTESIAN_POINT('',(37.0988,13.2254700936505,12.4238));
#10946=CARTESIAN_POINT('Origin',(37.9988,8.5106,12.4238));
#10947=CARTESIAN_POINT('',(37.0988,13.2254700936505,6.95));
#10948=CARTESIAN_POINT('',(37.0988,13.2254700936505,-242.393821135332));
#10949=CARTESIAN_POINT('',(33.2839299063495,9.4106,6.95));
#10950=CARTESIAN_POINT('Origin',(37.9988,8.5106,6.95));
#10951=CARTESIAN_POINT('',(33.2839299063495,9.4106,12.4238));
#10952=CARTESIAN_POINT('',(33.2839299063495,9.4106,-242.393821135332));
#10953=CARTESIAN_POINT('Origin',(37.9988,8.5106,12.4238));
#10954=CARTESIAN_POINT('Origin',(37.9988,8.5106,21.4238));
#10955=CARTESIAN_POINT('Origin',(37.9988,8.5106,6.95));
#10956=CARTESIAN_POINT('',(37.0988,14.4266797830996,6.95));
#10957=CARTESIAN_POINT('',(37.0988,11.9186398915498,6.95));
#10958=CARTESIAN_POINT('',(38.8988,14.4266797830996,6.95));
#10959=CARTESIAN_POINT('',(37.9988,14.4266797830996,6.95));
#10960=CARTESIAN_POINT('',(38.8988,11.9186398915498,6.95));
#10961=CARTESIAN_POINT('',(43.9148797830995,9.4106,6.95));
#10962=CARTESIAN_POINT('',(41.4068398915497,9.4106,6.95));
#10963=CARTESIAN_POINT('',(43.9148797830995,7.6106,6.95));
#10964=CARTESIAN_POINT('',(43.9148797830995,8.5106,6.95));
#10965=CARTESIAN_POINT('',(41.4068398915497,7.6106,6.95));
#10966=CARTESIAN_POINT('',(38.8988,2.59452021690033,6.95));
#10967=CARTESIAN_POINT('',(38.8988,5.10256010845017,6.95));
#10968=CARTESIAN_POINT('',(37.0988,2.59452021690033,6.95));
#10969=CARTESIAN_POINT('',(37.9988,2.59452021690033,6.95));
#10970=CARTESIAN_POINT('',(37.0988,5.10256010845017,6.95));
#10971=CARTESIAN_POINT('',(32.0827202169004,7.6106,6.95));
#10972=CARTESIAN_POINT('',(34.5907601084502,7.6106,6.95));
#10973=CARTESIAN_POINT('',(32.0827202169004,9.4106,6.95));
#10974=CARTESIAN_POINT('',(32.0827202169004,8.5106,6.95));
#10975=CARTESIAN_POINT('',(34.5907601084502,9.4106,6.95));
#10976=CARTESIAN_POINT('Origin',(2.74612348947125E-15,-1.,22.4238));
#10977=CARTESIAN_POINT('',(41.7988,8.5106,22.4238));
#10978=CARTESIAN_POINT('Origin',(37.9988,8.5106,22.4238));
#10979=CARTESIAN_POINT('Origin',(37.9988,14.4266797830996,265.767621135332));
#10980=CARTESIAN_POINT('',(38.8988,14.4266797830996,12.4238));
#10981=CARTESIAN_POINT('',(37.0988,14.4266797830996,12.4238));
#10982=CARTESIAN_POINT('',(37.9988,14.4266797830996,12.4238));
#10983=CARTESIAN_POINT('',(38.8988,14.4266797830996,265.767621135332));
#10984=CARTESIAN_POINT('',(37.0988,14.4266797830996,265.767621135332));
#10985=CARTESIAN_POINT('Origin',(38.8988,11.9186398915498,265.767621135332));
#10986=CARTESIAN_POINT('',(38.8988,11.9186398915497,12.4238));
#10987=CARTESIAN_POINT('Origin',(37.0988,11.9186398915498,265.767621135332));
#10988=CARTESIAN_POINT('',(37.0988,11.9186398915497,12.4238));
#10989=CARTESIAN_POINT('Origin',(-1.22338464375755E-14,-1.,12.4238));
#10990=CARTESIAN_POINT('Origin',(32.0827202169004,8.5106,265.767621135332));
#10991=CARTESIAN_POINT('',(32.0827202169004,9.4106,12.4238));
#10992=CARTESIAN_POINT('',(32.0827202169004,7.6106,12.4238));
#10993=CARTESIAN_POINT('',(32.0827202169004,8.5106,12.4238));
#10994=CARTESIAN_POINT('',(32.0827202169004,9.4106,265.767621135332));
#10995=CARTESIAN_POINT('',(32.0827202169004,7.6106,265.767621135332));
#10996=CARTESIAN_POINT('Origin',(34.5907601084502,9.4106,265.767621135332));
#10997=CARTESIAN_POINT('',(34.5907601084501,9.4106,12.4238));
#10998=CARTESIAN_POINT('Origin',(34.5907601084502,7.6106,265.767621135332));
#10999=CARTESIAN_POINT('',(34.5907601084501,7.6106,12.4238));
#11000=CARTESIAN_POINT('Origin',(-1.22338464375755E-14,-1.,12.4238));
#11001=CARTESIAN_POINT('Origin',(37.9988,2.59452021690033,265.767621135332));
#11002=CARTESIAN_POINT('',(38.8988,2.59452021690033,12.4238));
#11003=CARTESIAN_POINT('',(38.8988,2.59452021690033,265.767621135332));
#11004=CARTESIAN_POINT('',(37.0988,2.59452021690033,12.4238));
#11005=CARTESIAN_POINT('',(37.9988,2.59452021690033,12.4238));
#11006=CARTESIAN_POINT('',(37.0988,2.59452021690033,265.767621135332));
#11007=CARTESIAN_POINT('Origin',(37.0988,5.10256010845017,265.767621135332));
#11008=CARTESIAN_POINT('',(37.0988,5.10256010845014,12.4238));
#11009=CARTESIAN_POINT('Origin',(38.8988,5.10256010845017,265.767621135332));
#11010=CARTESIAN_POINT('',(38.8988,5.10256010845014,12.4238));
#11011=CARTESIAN_POINT('Origin',(-1.22338464375755E-14,-1.,12.4238));
#11012=CARTESIAN_POINT('Origin',(41.4068398915497,9.4106,265.767621135332));
#11013=CARTESIAN_POINT('',(43.9148797830995,9.4106,12.4238));
#11014=CARTESIAN_POINT('',(41.4068398915497,9.4106,12.4238));
#11015=CARTESIAN_POINT('',(43.9148797830995,9.4106,265.767621135332));
#11016=CARTESIAN_POINT('Origin',(43.9148797830995,8.5106,265.767621135332));
#11017=CARTESIAN_POINT('',(43.9148797830995,7.6106,12.4238));
#11018=CARTESIAN_POINT('',(43.9148797830995,8.5106,12.4238));
#11019=CARTESIAN_POINT('',(43.9148797830995,7.6106,265.767621135332));
#11020=CARTESIAN_POINT('Origin',(41.4068398915497,7.6106,265.767621135332));
#11021=CARTESIAN_POINT('',(41.4068398915497,7.6106,12.4238));
#11022=CARTESIAN_POINT('Origin',(-1.22338464375755E-14,-1.,12.4238));
#11023=CARTESIAN_POINT('Origin',(37.9988,8.5106,22.4238));
#11024=CARTESIAN_POINT('',(41.7988,8.5106,22.4238));
#11025=CARTESIAN_POINT('',(1.38777878078144E-14,-15.9999999999899,5.00000000000999));
#11026=CARTESIAN_POINT('',(1.13330884230873E-63,0.999999999999996,6.));
#11027=CARTESIAN_POINT('',(1.13330884230873E-63,0.999999999999996,6.));
#11028=CARTESIAN_POINT('',(1.13330884230873E-63,0.999999999999996,6.));
#11029=CARTESIAN_POINT('',(1.38777878078144E-14,1.00000000001,5.00000000000999));
#11030=CARTESIAN_POINT('',(-9.99999999999997,-7.49999999998996,5.00000000000999));
#11031=CARTESIAN_POINT('',(9.99999999999997,-7.49999999998996,5.00000000000999));
#11032=UNCERTAINTY_MEASURE_WITH_UNIT(LENGTH_MEASURE(0.01),#11044,
'DISTANCE_ACCURACY_VALUE',
'Maximum model space distance between geometric entities at asserted c
onnectivities');
#11033=UNCERTAINTY_MEASURE_WITH_UNIT(LENGTH_MEASURE(0.01),#11044,
'DISTANCE_ACCURACY_VALUE',
'Maximum model space distance between geometric entities at asserted c
onnectivities');
#11034=UNCERTAINTY_MEASURE_WITH_UNIT(LENGTH_MEASURE(0.01),#11044,
'DISTANCE_ACCURACY_VALUE',
'Maximum model space distance between geometric entities at asserted c
onnectivities');
#11035=UNCERTAINTY_MEASURE_WITH_UNIT(LENGTH_MEASURE(0.01),#11044,
'DISTANCE_ACCURACY_VALUE',
'Maximum model space distance between geometric entities at asserted c
onnectivities');
#11036=UNCERTAINTY_MEASURE_WITH_UNIT(LENGTH_MEASURE(0.01),#11044,
'DISTANCE_ACCURACY_VALUE',
'Maximum model space distance between geometric entities at asserted c
onnectivities');
#11037=UNCERTAINTY_MEASURE_WITH_UNIT(LENGTH_MEASURE(0.01),#11044,
'DISTANCE_ACCURACY_VALUE',
'Maximum model space distance between geometric entities at asserted c
onnectivities');
#11038=(
GEOMETRIC_REPRESENTATION_CONTEXT(3)
GLOBAL_UNCERTAINTY_ASSIGNED_CONTEXT((#11032))
GLOBAL_UNIT_ASSIGNED_CONTEXT((#11044,#11046,#11047))
REPRESENTATION_CONTEXT('','3D')
);
#11039=(
GEOMETRIC_REPRESENTATION_CONTEXT(3)
GLOBAL_UNCERTAINTY_ASSIGNED_CONTEXT((#11033))
GLOBAL_UNIT_ASSIGNED_CONTEXT((#11044,#11046,#11047))
REPRESENTATION_CONTEXT('','3D')
);
#11040=(
GEOMETRIC_REPRESENTATION_CONTEXT(3)
GLOBAL_UNCERTAINTY_ASSIGNED_CONTEXT((#11034))
GLOBAL_UNIT_ASSIGNED_CONTEXT((#11044,#11046,#11047))
REPRESENTATION_CONTEXT('','3D')
);
#11041=(
GEOMETRIC_REPRESENTATION_CONTEXT(3)
GLOBAL_UNCERTAINTY_ASSIGNED_CONTEXT((#11035))
GLOBAL_UNIT_ASSIGNED_CONTEXT((#11044,#11046,#11047))
REPRESENTATION_CONTEXT('','3D')
);
#11042=(
GEOMETRIC_REPRESENTATION_CONTEXT(3)
GLOBAL_UNCERTAINTY_ASSIGNED_CONTEXT((#11036))
GLOBAL_UNIT_ASSIGNED_CONTEXT((#11044,#11046,#11047))
REPRESENTATION_CONTEXT('','3D')
);
#11043=(
GEOMETRIC_REPRESENTATION_CONTEXT(3)
GLOBAL_UNCERTAINTY_ASSIGNED_CONTEXT((#11037))
GLOBAL_UNIT_ASSIGNED_CONTEXT((#11044,#11046,#11047))
REPRESENTATION_CONTEXT('','3D')
);
#11044=(
LENGTH_UNIT()
NAMED_UNIT(*)
SI_UNIT(.MILLI.,.METRE.)
);
#11045=(
LENGTH_UNIT()
NAMED_UNIT(*)
SI_UNIT($,.METRE.)
);
#11046=(
NAMED_UNIT(*)
PLANE_ANGLE_UNIT()
SI_UNIT($,.RADIAN.)
);
#11047=(
NAMED_UNIT(*)
SI_UNIT($,.STERADIAN.)
SOLID_ANGLE_UNIT()
);
#11048=SHAPE_DEFINITION_REPRESENTATION(#11053,#11065);
#11049=SHAPE_DEFINITION_REPRESENTATION(#11054,#11066);
#11050=SHAPE_DEFINITION_REPRESENTATION(#11055,#11067);
#11051=SHAPE_DEFINITION_REPRESENTATION(#11056,#11068);
#11052=SHAPE_DEFINITION_REPRESENTATION(#11057,#11069);
#11053=PRODUCT_DEFINITION_SHAPE('',$,#11071);
#11054=PRODUCT_DEFINITION_SHAPE('',$,#11072);
#11055=PRODUCT_DEFINITION_SHAPE('',$,#11073);
#11056=PRODUCT_DEFINITION_SHAPE('',$,#11074);
#11057=PRODUCT_DEFINITION_SHAPE('',$,#11075);
#11058=PRODUCT_DEFINITION_SHAPE($,$,#32);
#11059=PRODUCT_DEFINITION_SHAPE($,$,#33);
#11060=PRODUCT_DEFINITION_SHAPE($,$,#34);
#11061=PRODUCT_DEFINITION_SHAPE($,$,#35);
#11062=PRODUCT_DEFINITION_SHAPE($,$,#36);
#11063=PRODUCT_DEFINITION_SHAPE($,$,#37);
#11064=PRODUCT_DEFINITION_SHAPE($,$,#38);
#11065=SHAPE_REPRESENTATION('',(#5009,#5405,#5406,#5407,#5408,#5409,#5410,
#5411),#11038);
#11066=SHAPE_REPRESENTATION('',(#5010),#11039);
#11067=SHAPE_REPRESENTATION('',(#5095),#11040);
#11068=SHAPE_REPRESENTATION('',(#5136),#11041);
#11069=SHAPE_REPRESENTATION('',(#5372),#11042);
#11070=PRODUCT_DEFINITION_CONTEXT('part definition',#11087,'design');
#11071=PRODUCT_DEFINITION('Shell Assembly','Shell Assembly v5',#11076,#11070);
#11072=PRODUCT_DEFINITION('Bottom Shell','Bottom Shell',#11077,#11070);
#11073=PRODUCT_DEFINITION('D-Pad','D-Pad',#11078,#11070);
#11074=PRODUCT_DEFINITION('Top Shell','Top Shell',#11079,#11070);
#11075=PRODUCT_DEFINITION('Button','Button',#11080,#11070);
#11076=PRODUCT_DEFINITION_FORMATION('',$,#11089);
#11077=PRODUCT_DEFINITION_FORMATION('',$,#11090);
#11078=PRODUCT_DEFINITION_FORMATION('',$,#11091);
#11079=PRODUCT_DEFINITION_FORMATION('',$,#11092);
#11080=PRODUCT_DEFINITION_FORMATION('',$,#11093);
#11081=PRODUCT_RELATED_PRODUCT_CATEGORY('Shell Assembly v5',
'Shell Assembly v5',(#11089));
#11082=PRODUCT_RELATED_PRODUCT_CATEGORY('Bottom Shell','Bottom Shell',(#11090));
#11083=PRODUCT_RELATED_PRODUCT_CATEGORY('D-Pad','D-Pad',(#11091));
#11084=PRODUCT_RELATED_PRODUCT_CATEGORY('Top Shell','Top Shell',(#11092));
#11085=PRODUCT_RELATED_PRODUCT_CATEGORY('Button','Button',(#11093));
#11086=APPLICATION_PROTOCOL_DEFINITION('international standard',
'automotive_design',2009,#11087);
#11087=APPLICATION_CONTEXT(
'Core Data for Automotive Mechanical Design Process');
#11088=PRODUCT_CONTEXT('part definition',#11087,'mechanical');
#11089=PRODUCT('Shell Assembly','Shell Assembly v5',
'STEP AP242 Edition 2',(#11088));
#11090=PRODUCT('Bottom Shell','Bottom Shell','Bottom Shell',(#11088));
#11091=PRODUCT('D-Pad','D-Pad','D-Pad',(#11088));
#11092=PRODUCT('Top Shell','Top Shell','Top Shell',(#11088));
#11093=PRODUCT('Button','Button','Button',(#11088));
#11094=PRESENTATION_STYLE_ASSIGNMENT((#11099));
#11095=PRESENTATION_STYLE_ASSIGNMENT((#11100));
#11096=PRESENTATION_STYLE_ASSIGNMENT((#11101));
#11097=PRESENTATION_STYLE_ASSIGNMENT((#11102));
#11098=PRESENTATION_STYLE_ASSIGNMENT((#11103));
#11099=SURFACE_STYLE_USAGE(.BOTH.,#11104);
#11100=SURFACE_STYLE_USAGE(.BOTH.,#11105);
#11101=SURFACE_STYLE_USAGE(.BOTH.,#11106);
#11102=SURFACE_STYLE_USAGE(.BOTH.,#11107);
#11103=SURFACE_STYLE_USAGE(.BOTH.,#11108);
#11104=SURFACE_SIDE_STYLE('',(#11109));
#11105=SURFACE_SIDE_STYLE('',(#11110));
#11106=SURFACE_SIDE_STYLE('',(#11111));
#11107=SURFACE_SIDE_STYLE('',(#11112));
#11108=SURFACE_SIDE_STYLE('',(#11113));
#11109=SURFACE_STYLE_FILL_AREA(#11114);
#11110=SURFACE_STYLE_FILL_AREA(#11115);
#11111=SURFACE_STYLE_FILL_AREA(#11116);
#11112=SURFACE_STYLE_FILL_AREA(#11117);
#11113=SURFACE_STYLE_FILL_AREA(#11118);
#11114=FILL_AREA_STYLE('Steel - Satin',(#11119));
#11115=FILL_AREA_STYLE('Opaque(203,231,190)',(#11120));
#11116=FILL_AREA_STYLE('Opaque(102,99,89)',(#11121));
#11117=FILL_AREA_STYLE('Opaque(131,188,104)',(#11122));
#11118=FILL_AREA_STYLE('Opaque(255,0,0)',(#11123));
#11119=FILL_AREA_STYLE_COLOUR('Steel - Satin',#11124);
#11120=FILL_AREA_STYLE_COLOUR('Opaque(203,231,190)',#11125);
#11121=FILL_AREA_STYLE_COLOUR('Opaque(102,99,89)',#11126);
#11122=FILL_AREA_STYLE_COLOUR('Opaque(131,188,104)',#11127);
#11123=FILL_AREA_STYLE_COLOUR('Opaque(255,0,0)',#11128);
#11124=COLOUR_RGB('Steel - Satin',0.627450980392157,0.627450980392157,0.627450980392157);
#11125=COLOUR_RGB('Opaque(203,231,190)',0.796078431372549,0.905882352941176,
0.745098039215686);
#11126=COLOUR_RGB('Opaque(102,99,89)',0.4,0.388235294117647,0.349019607843137);
#11127=COLOUR_RGB('Opaque(131,188,104)',0.513725490196078,0.737254901960784,
0.407843137254902);
#11128=COLOUR_RGB('Opaque(255,0,0)',1.,0.,0.);
ENDSEC;
END-ISO-10303-21;
