ISO-10303-21;
HEADER;
/* Generated by software containing ST-Developer
 * from STEP Tools, Inc. (www.steptools.com) 
 */

FILE_DESCRIPTION(
/* description */ ('STEP AP242 Edition 2'),
/* implementation_level */ '2;1');

FILE_NAME(
/* name */ 'Top Shell.step',
/* time_stamp */ '2026-03-25T13:01:01+05:30',
/* author */ (''),
/* organization */ (''),
/* preprocessor_version */ 'ST-DEVELOPER v20.1',
/* originating_system */ 'Autodesk Translation Framework v14.24.0.0',
/* authorisation */ '');

FILE_SCHEMA (('AUTOMOTIVE_DESIGN { 1 0 10303 214 3 1 1 }'));
ENDSEC;

DATA;
#10=MECHANICAL_DESIGN_GEOMETRIC_PRESENTATION_REPRESENTATION('',(#17),#5494);
#11=ITEM_DEFINED_TRANSFORMATION($,$,#2728,#2964);
#12=(
REPRESENTATION_RELATIONSHIP($,$,#5505,#5504)
REPRESENTATION_RELATIONSHIP_WITH_TRANSFORMATION(#11)
SHAPE_REPRESENTATION_RELATIONSHIP()
);
#13=CONTEXT_DEPENDENT_SHAPE_REPRESENTATION(#12,#5503);
#14=NEXT_ASSEMBLY_USAGE_OCCURRENCE('Top Shell:1','Top Shell:1',
'Top Shell:1',#5507,#5508,'Top Shell:1');
#15=SHAPE_REPRESENTATION_RELATIONSHIP('SRR','None',#5505,#16);
#16=ADVANCED_BREP_SHAPE_REPRESENTATION('',(#18),#5493);
#17=STYLED_ITEM('',(#5521),#18);
#18=MANIFOLD_SOLID_BREP('Body1',#2714);
#19=B_SPLINE_SURFACE_WITH_KNOTS('',3,1,((#4989,#4990),(#4991,#4992),(#4993,
#4994),(#4995,#4996),(#4997,#4998),(#4999,#5000),(#5001,#5002),(#5003,#5004),
(#5005,#5006),(#5007,#5008),(#5009,#5010),(#5011,#5012),(#5013,#5014),(#5015,
#5016),(#5017,#5018),(#5019,#5020),(#5021,#5022),(#5023,#5024),(#5025,#5026),
(#5027,#5028),(#5029,#5030),(#5031,#5032),(#5033,#5034),(#5035,#5036),(#5037,
#5038),(#5039,#5040),(#5041,#5042),(#5043,#5044),(#5045,#5046),(#5047,#5048),
(#5049,#5050),(#5051,#5052),(#5053,#5054),(#5055,#5056),(#5057,#5058),(#5059,
#5060),(#5061,#5062),(#5063,#5064),(#5065,#5066),(#5067,#5068),(#5069,#5070),
(#5071,#5072),(#5073,#5074),(#5075,#5076),(#5077,#5078),(#5079,#5080),(#5081,
#5082),(#5083,#5084),(#5085,#5086),(#5087,#5088),(#5089,#5090),(#5091,#5092),
(#5093,#5094),(#5095,#5096),(#5097,#5098),(#5099,#5100),(#5101,#5102),(#5103,
#5104),(#5105,#5106),(#5107,#5108),(#5109,#5110),(#5111,#5112),(#5113,#5114),
(#5115,#5116),(#5117,#5118),(#5119,#5120),(#5121,#5122),(#5123,#5124),(#5125,
#5126),(#5127,#5128),(#5129,#5130),(#5131,#5132),(#5133,#5134),(#5135,#5136),
(#5137,#5138),(#5139,#5140),(#5141,#5142),(#5143,#5144),(#5145,#5146),(#5147,
#5148),(#5149,#5150),(#5151,#5152),(#5153,#5154),(#5155,#5156),(#5157,#5158),
(#5159,#5160),(#5161,#5162),(#5163,#5164),(#5165,#5166),(#5167,#5168),(#5169,
#5170),(#5171,#5172),(#5173,#5174),(#5175,#5176),(#5177,#5178),(#5179,#5180),
(#5181,#5182),(#5183,#5184),(#5185,#5186),(#5187,#5188),(#5189,#5190),(#5191,
#5192),(#5193,#5194),(#5195,#5196),(#5197,#5198),(#5199,#5200),(#5201,#5202),
(#5203,#5204),(#5205,#5206),(#5207,#5208),(#5209,#5210),(#5211,#5212),(#5213,
#5214),(#5215,#5216),(#5217,#5218),(#5219,#5220),(#5221,#5222),(#5223,#5224),
(#5225,#5226),(#5227,#5228),(#5229,#5230),(#5231,#5232),(#5233,#5234)),
 .UNSPECIFIED.,.T.,.F.,.F.,(4,1,1,1,1,1,1,1,1,1,1,1,1,1,1,1,1,1,1,1,1,1,
1,1,1,1,1,1,1,1,1,1,1,1,1,1,1,1,1,1,1,1,1,1,1,1,1,1,1,1,1,1,1,1,1,1,1,1,
1,1,1,1,1,1,1,1,1,1,1,1,1,1,1,1,1,1,1,1,1,1,1,1,1,1,1,1,1,1,1,1,1,1,1,1,
1,1,1,1,1,1,1,1,1,1,1,1,1,1,1,1,1,1,1,1,1,1,1,1,1,1,4),(2,2),(0.,0.00390625,
0.0078125,0.015625,0.0234375,0.03125,0.046875,0.0625,0.0703125,0.078125,
0.08203125,0.0859375,0.09375,0.1015625,0.109375,0.125,0.140625,0.1484375,
0.15625,0.1640625,0.16796875,0.171875,0.1796875,0.1875,0.203125,0.21875,
0.2265625,0.234375,0.2421875,0.24609375,0.25,0.25390625,0.2578125,0.265625,
0.2734375,0.28125,0.296875,0.3125,0.3203125,0.328125,0.33203125,0.3359375,
0.34375,0.3515625,0.359375,0.375,0.390625,0.3984375,0.40625,0.4140625,0.41796875,
0.421875,0.4296875,0.4375,0.453125,0.46875,0.4765625,0.484375,0.4921875,
0.49609375,0.5,0.50390625,0.5078125,0.515625,0.5234375,0.53125,0.546875,
0.5625,0.5703125,0.578125,0.58203125,0.5859375,0.59375,0.6015625,0.609375,
0.625,0.640625,0.6484375,0.65625,0.6640625,0.66796875,0.671875,0.6796875,
0.6875,0.703125,0.71875,0.7265625,0.734375,0.7421875,0.74609375,0.75,0.75390625,
0.7578125,0.765625,0.7734375,0.78125,0.796875,0.8125,0.8203125,0.828125,
0.83203125,0.8359375,0.84375,0.8515625,0.859375,0.875,0.890625,0.8984375,
0.90625,0.9140625,0.91796875,0.921875,0.9296875,0.9375,0.953125,0.96875,
0.9765625,0.984375,0.9921875,0.99609375,1.),(0.,0.896856),.UNSPECIFIED.);
#20=B_SPLINE_SURFACE_WITH_KNOTS('',3,1,((#5236,#5237),(#5238,#5239),(#5240,
#5241),(#5242,#5243),(#5244,#5245),(#5246,#5247),(#5248,#5249),(#5250,#5251),
(#5252,#5253),(#5254,#5255),(#5256,#5257),(#5258,#5259),(#5260,#5261),(#5262,
#5263),(#5264,#5265),(#5266,#5267),(#5268,#5269),(#5270,#5271),(#5272,#5273),
(#5274,#5275),(#5276,#5277),(#5278,#5279),(#5280,#5281),(#5282,#5283),(#5284,
#5285),(#5286,#5287),(#5288,#5289),(#5290,#5291),(#5292,#5293),(#5294,#5295),
(#5296,#5297),(#5298,#5299),(#5300,#5301),(#5302,#5303),(#5304,#5305),(#5306,
#5307),(#5308,#5309),(#5310,#5311),(#5312,#5313),(#5314,#5315),(#5316,#5317),
(#5318,#5319),(#5320,#5321),(#5322,#5323),(#5324,#5325),(#5326,#5327),(#5328,
#5329),(#5330,#5331),(#5332,#5333),(#5334,#5335),(#5336,#5337),(#5338,#5339),
(#5340,#5341),(#5342,#5343),(#5344,#5345),(#5346,#5347),(#5348,#5349),(#5350,
#5351),(#5352,#5353),(#5354,#5355),(#5356,#5357),(#5358,#5359),(#5360,#5361),
(#5362,#5363),(#5364,#5365),(#5366,#5367),(#5368,#5369),(#5370,#5371),(#5372,
#5373),(#5374,#5375),(#5376,#5377),(#5378,#5379),(#5380,#5381),(#5382,#5383),
(#5384,#5385),(#5386,#5387),(#5388,#5389),(#5390,#5391),(#5392,#5393),(#5394,
#5395),(#5396,#5397),(#5398,#5399),(#5400,#5401),(#5402,#5403),(#5404,#5405),
(#5406,#5407),(#5408,#5409),(#5410,#5411),(#5412,#5413),(#5414,#5415),(#5416,
#5417),(#5418,#5419),(#5420,#5421),(#5422,#5423),(#5424,#5425),(#5426,#5427),
(#5428,#5429),(#5430,#5431),(#5432,#5433),(#5434,#5435),(#5436,#5437),(#5438,
#5439),(#5440,#5441),(#5442,#5443),(#5444,#5445),(#5446,#5447),(#5448,#5449),
(#5450,#5451),(#5452,#5453),(#5454,#5455),(#5456,#5457),(#5458,#5459),(#5460,
#5461),(#5462,#5463),(#5464,#5465),(#5466,#5467),(#5468,#5469),(#5470,#5471),
(#5472,#5473),(#5474,#5475),(#5476,#5477),(#5478,#5479),(#5480,#5481)),
 .UNSPECIFIED.,.T.,.F.,.F.,(4,1,1,1,1,1,1,1,1,1,1,1,1,1,1,1,1,1,1,1,1,1,
1,1,1,1,1,1,1,1,1,1,1,1,1,1,1,1,1,1,1,1,1,1,1,1,1,1,1,1,1,1,1,1,1,1,1,1,
1,1,1,1,1,1,1,1,1,1,1,1,1,1,1,1,1,1,1,1,1,1,1,1,1,1,1,1,1,1,1,1,1,1,1,1,
1,1,1,1,1,1,1,1,1,1,1,1,1,1,1,1,1,1,1,1,1,1,1,1,1,1,4),(2,2),(0.,0.00390625,
0.0078125,0.015625,0.0234375,0.03125,0.046875,0.0625,0.0703125,0.078125,
0.08203125,0.0859375,0.09375,0.1015625,0.109375,0.125,0.140625,0.1484375,
0.15625,0.1640625,0.16796875,0.171875,0.1796875,0.1875,0.203125,0.21875,
0.2265625,0.234375,0.2421875,0.24609375,0.25,0.25390625,0.2578125,0.265625,
0.2734375,0.28125,0.296875,0.3125,0.3203125,0.328125,0.33203125,0.3359375,
0.34375,0.3515625,0.359375,0.375,0.390625,0.3984375,0.40625,0.4140625,0.41796875,
0.421875,0.4296875,0.4375,0.453125,0.46875,0.4765625,0.484375,0.4921875,
0.49609375,0.5,0.50390625,0.5078125,0.515625,0.5234375,0.53125,0.546875,
0.5625,0.5703125,0.578125,0.58203125,0.5859375,0.59375,0.6015625,0.609375,
0.625,0.640625,0.6484375,0.65625,0.6640625,0.66796875,0.671875,0.6796875,
0.6875,0.703125,0.71875,0.7265625,0.734375,0.7421875,0.74609375,0.75,0.75390625,
0.7578125,0.765625,0.7734375,0.78125,0.796875,0.8125,0.8203125,0.828125,
0.83203125,0.8359375,0.84375,0.8515625,0.859375,0.875,0.890625,0.8984375,
0.90625,0.9140625,0.91796875,0.921875,0.9296875,0.9375,0.953125,0.96875,
0.9765625,0.984375,0.9921875,0.99609375,1.),(0.,0.896856),.UNSPECIFIED.);
#21=CYLINDRICAL_SURFACE('',#2811,1.1);
#22=CYLINDRICAL_SURFACE('',#2814,2.5);
#23=CYLINDRICAL_SURFACE('',#2818,1.1);
#24=CYLINDRICAL_SURFACE('',#2821,2.5);
#25=CYLINDRICAL_SURFACE('',#2825,2.6);
#26=CYLINDRICAL_SURFACE('',#2828,4.);
#27=CYLINDRICAL_SURFACE('',#2832,1.1);
#28=CYLINDRICAL_SURFACE('',#2835,2.5);
#29=CYLINDRICAL_SURFACE('',#2839,1.1);
#30=CYLINDRICAL_SURFACE('',#2842,2.5);
#31=CYLINDRICAL_SURFACE('',#2846,5.);
#32=CYLINDRICAL_SURFACE('',#2863,5.);
#33=CYLINDRICAL_SURFACE('',#2868,5.);
#34=CYLINDRICAL_SURFACE('',#2873,5.);
#35=CYLINDRICAL_SURFACE('',#2884,6.);
#36=CYLINDRICAL_SURFACE('',#2889,6.);
#37=CYLINDRICAL_SURFACE('',#2894,6.);
#38=CYLINDRICAL_SURFACE('',#2898,6.);
#39=CYLINDRICAL_SURFACE('',#2904,6.);
#40=CYLINDRICAL_SURFACE('',#2909,6.);
#41=CYLINDRICAL_SURFACE('',#2914,6.);
#42=CYLINDRICAL_SURFACE('',#2919,6.);
#43=CYLINDRICAL_SURFACE('',#2924,6.);
#44=CYLINDRICAL_SURFACE('',#2929,6.);
#45=CYLINDRICAL_SURFACE('',#2934,6.);
#46=CYLINDRICAL_SURFACE('',#2939,6.);
#47=CYLINDRICAL_SURFACE('',#2943,6.);
#48=CYLINDRICAL_SURFACE('',#2948,6.);
#49=CYLINDRICAL_SURFACE('',#2953,6.);
#50=CYLINDRICAL_SURFACE('',#2958,6.);
#51=B_SPLINE_CURVE_WITH_KNOTS('',3,(#4007,#4008,#4009,#4010,#4011,#4012,
#4013,#4014,#4015,#4016,#4017,#4018,#4019,#4020,#4021,#4022,#4023,#4024,
#4025,#4026,#4027,#4028,#4029,#4030,#4031,#4032,#4033,#4034,#4035,#4036,
#4037,#4038,#4039,#4040,#4041,#4042,#4043,#4044,#4045,#4046,#4047,#4048,
#4049,#4050,#4051,#4052,#4053,#4054,#4055,#4056,#4057,#4058,#4059,#4060,
#4061,#4062,#4063,#4064,#4065,#4066,#4067,#4068,#4069,#4070,#4071,#4072,
#4073,#4074,#4075,#4076,#4077,#4078,#4079,#4080,#4081,#4082,#4083,#4084,
#4085,#4086,#4087,#4088,#4089,#4090,#4091,#4092,#4093,#4094,#4095,#4096,
#4097,#4098,#4099,#4100,#4101,#4102,#4103,#4104,#4105,#4106,#4107,#4108,
#4109,#4110,#4111,#4112,#4113,#4114,#4115,#4116,#4117,#4118,#4119,#4120,
#4121,#4122,#4123,#4124,#4125,#4126,#4127,#4128,#4129),.UNSPECIFIED.,.T.,
 .F.,(4,1,1,1,1,1,1,1,1,1,1,1,1,1,1,1,1,1,1,1,1,1,1,1,1,1,1,1,1,1,1,1,1,
1,1,1,1,1,1,1,1,1,1,1,1,1,1,1,1,1,1,1,1,1,1,1,1,1,1,1,1,1,1,1,1,1,1,1,1,
1,1,1,1,1,1,1,1,1,1,1,1,1,1,1,1,1,1,1,1,1,1,1,1,1,1,1,1,1,1,1,1,1,1,1,1,
1,1,1,1,1,1,1,1,1,1,1,1,1,1,1,4),(0.,0.00390625,0.0078125,0.015625,0.0234375,
0.03125,0.046875,0.0625,0.0703125,0.078125,0.08203125,0.0859375,0.09375,
0.1015625,0.109375,0.125,0.140625,0.1484375,0.15625,0.1640625,0.16796875,
0.171875,0.1796875,0.1875,0.203125,0.21875,0.2265625,0.234375,0.2421875,
0.24609375,0.25,0.25390625,0.2578125,0.265625,0.2734375,0.28125,0.296875,
0.3125,0.3203125,0.328125,0.33203125,0.3359375,0.34375,0.3515625,0.359375,
0.375,0.390625,0.3984375,0.40625,0.4140625,0.41796875,0.421875,0.4296875,
0.4375,0.453125,0.46875,0.4765625,0.484375,0.4921875,0.49609375,0.5,0.50390625,
0.5078125,0.515625,0.5234375,0.53125,0.546875,0.5625,0.5703125,0.578125,
0.58203125,0.5859375,0.59375,0.6015625,0.609375,0.625,0.640625,0.6484375,
0.65625,0.6640625,0.66796875,0.671875,0.6796875,0.6875,0.703125,0.71875,
0.7265625,0.734375,0.7421875,0.74609375,0.75,0.75390625,0.7578125,0.765625,
0.7734375,0.78125,0.796875,0.8125,0.8203125,0.828125,0.83203125,0.8359375,
0.84375,0.8515625,0.859375,0.875,0.890625,0.8984375,0.90625,0.9140625,0.91796875,
0.921875,0.9296875,0.9375,0.953125,0.96875,0.9765625,0.984375,0.9921875,
0.99609375,1.),.UNSPECIFIED.);
#52=B_SPLINE_CURVE_WITH_KNOTS('',3,(#4132,#4133,#4134,#4135,#4136,#4137,
#4138,#4139,#4140,#4141,#4142,#4143,#4144,#4145,#4146,#4147,#4148,#4149,
#4150,#4151,#4152,#4153,#4154,#4155,#4156,#4157,#4158,#4159,#4160,#4161,
#4162,#4163,#4164,#4165,#4166,#4167,#4168,#4169,#4170,#4171,#4172,#4173,
#4174,#4175,#4176,#4177,#4178,#4179,#4180,#4181,#4182,#4183,#4184,#4185,
#4186,#4187,#4188,#4189,#4190,#4191,#4192,#4193,#4194,#4195,#4196,#4197,
#4198,#4199,#4200,#4201,#4202,#4203,#4204,#4205,#4206,#4207,#4208,#4209,
#4210,#4211,#4212,#4213,#4214,#4215,#4216,#4217,#4218,#4219,#4220,#4221,
#4222,#4223,#4224,#4225,#4226,#4227,#4228,#4229,#4230,#4231,#4232,#4233,
#4234,#4235,#4236,#4237,#4238,#4239,#4240,#4241,#4242,#4243,#4244,#4245,
#4246,#4247,#4248,#4249,#4250,#4251,#4252,#4253,#4254),.UNSPECIFIED.,.T.,
 .F.,(4,1,1,1,1,1,1,1,1,1,1,1,1,1,1,1,1,1,1,1,1,1,1,1,1,1,1,1,1,1,1,1,1,
1,1,1,1,1,1,1,1,1,1,1,1,1,1,1,1,1,1,1,1,1,1,1,1,1,1,1,1,1,1,1,1,1,1,1,1,
1,1,1,1,1,1,1,1,1,1,1,1,1,1,1,1,1,1,1,1,1,1,1,1,1,1,1,1,1,1,1,1,1,1,1,1,
1,1,1,1,1,1,1,1,1,1,1,1,1,1,1,4),(0.,0.00390625,0.0078125,0.015625,0.0234375,
0.03125,0.046875,0.0625,0.0703125,0.078125,0.08203125,0.0859375,0.09375,
0.1015625,0.109375,0.125,0.140625,0.1484375,0.15625,0.1640625,0.16796875,
0.171875,0.1796875,0.1875,0.203125,0.21875,0.2265625,0.234375,0.2421875,
0.24609375,0.25,0.25390625,0.2578125,0.265625,0.2734375,0.28125,0.296875,
0.3125,0.3203125,0.328125,0.33203125,0.3359375,0.34375,0.3515625,0.359375,
0.375,0.390625,0.3984375,0.40625,0.4140625,0.41796875,0.421875,0.4296875,
0.4375,0.453125,0.46875,0.4765625,0.484375,0.4921875,0.49609375,0.5,0.50390625,
0.5078125,0.515625,0.5234375,0.53125,0.546875,0.5625,0.5703125,0.578125,
0.58203125,0.5859375,0.59375,0.6015625,0.609375,0.625,0.640625,0.6484375,
0.65625,0.6640625,0.66796875,0.671875,0.6796875,0.6875,0.703125,0.71875,
0.7265625,0.734375,0.7421875,0.74609375,0.75,0.75390625,0.7578125,0.765625,
0.7734375,0.78125,0.796875,0.8125,0.8203125,0.828125,0.83203125,0.8359375,
0.84375,0.8515625,0.859375,0.875,0.890625,0.8984375,0.90625,0.9140625,0.91796875,
0.921875,0.9296875,0.9375,0.953125,0.96875,0.9765625,0.984375,0.9921875,
0.99609375,1.),.UNSPECIFIED.);
#53=B_SPLINE_CURVE_WITH_KNOTS('',3,(#4742,#4743,#4744,#4745,#4746,#4747,
#4748,#4749,#4750,#4751,#4752,#4753,#4754,#4755,#4756,#4757,#4758,#4759,
#4760,#4761,#4762,#4763,#4764,#4765,#4766,#4767,#4768,#4769,#4770,#4771,
#4772,#4773,#4774,#4775,#4776,#4777,#4778,#4779,#4780,#4781,#4782,#4783,
#4784,#4785,#4786,#4787,#4788,#4789,#4790,#4791,#4792,#4793,#4794,#4795,
#4796,#4797,#4798,#4799,#4800,#4801,#4802,#4803,#4804,#4805,#4806,#4807,
#4808,#4809,#4810,#4811,#4812,#4813,#4814,#4815,#4816,#4817,#4818,#4819,
#4820,#4821,#4822,#4823,#4824,#4825,#4826,#4827,#4828,#4829,#4830,#4831,
#4832,#4833,#4834,#4835,#4836,#4837,#4838,#4839,#4840,#4841,#4842,#4843,
#4844,#4845,#4846,#4847,#4848,#4849,#4850,#4851,#4852,#4853,#4854,#4855,
#4856,#4857,#4858,#4859,#4860,#4861,#4862,#4863,#4864),.UNSPECIFIED.,.T.,
 .F.,(4,1,1,1,1,1,1,1,1,1,1,1,1,1,1,1,1,1,1,1,1,1,1,1,1,1,1,1,1,1,1,1,1,
1,1,1,1,1,1,1,1,1,1,1,1,1,1,1,1,1,1,1,1,1,1,1,1,1,1,1,1,1,1,1,1,1,1,1,1,
1,1,1,1,1,1,1,1,1,1,1,1,1,1,1,1,1,1,1,1,1,1,1,1,1,1,1,1,1,1,1,1,1,1,1,1,
1,1,1,1,1,1,1,1,1,1,1,1,1,1,1,4),(0.,0.00390625,0.0078125,0.015625,0.0234375,
0.03125,0.046875,0.0625,0.0703125,0.078125,0.08203125,0.0859375,0.09375,
0.1015625,0.109375,0.125,0.140625,0.1484375,0.15625,0.1640625,0.16796875,
0.171875,0.1796875,0.1875,0.203125,0.21875,0.2265625,0.234375,0.2421875,
0.24609375,0.25,0.25390625,0.2578125,0.265625,0.2734375,0.28125,0.296875,
0.3125,0.3203125,0.328125,0.33203125,0.3359375,0.34375,0.3515625,0.359375,
0.375,0.390625,0.3984375,0.40625,0.4140625,0.41796875,0.421875,0.4296875,
0.4375,0.453125,0.46875,0.4765625,0.484375,0.4921875,0.49609375,0.5,0.50390625,
0.5078125,0.515625,0.5234375,0.53125,0.546875,0.5625,0.5703125,0.578125,
0.58203125,0.5859375,0.59375,0.6015625,0.609375,0.625,0.640625,0.6484375,
0.65625,0.6640625,0.66796875,0.671875,0.6796875,0.6875,0.703125,0.71875,
0.7265625,0.734375,0.7421875,0.74609375,0.75,0.75390625,0.7578125,0.765625,
0.7734375,0.78125,0.796875,0.8125,0.8203125,0.828125,0.83203125,0.8359375,
0.84375,0.8515625,0.859375,0.875,0.890625,0.8984375,0.90625,0.9140625,0.91796875,
0.921875,0.9296875,0.9375,0.953125,0.96875,0.9765625,0.984375,0.9921875,
0.99609375,1.),.UNSPECIFIED.);
#54=B_SPLINE_CURVE_WITH_KNOTS('',3,(#4866,#4867,#4868,#4869,#4870,#4871,
#4872,#4873,#4874,#4875,#4876,#4877,#4878,#4879,#4880,#4881,#4882,#4883,
#4884,#4885,#4886,#4887,#4888,#4889,#4890,#4891,#4892,#4893,#4894,#4895,
#4896,#4897,#4898,#4899,#4900,#4901,#4902,#4903,#4904,#4905,#4906,#4907,
#4908,#4909,#4910,#4911,#4912,#4913,#4914,#4915,#4916,#4917,#4918,#4919,
#4920,#4921,#4922,#4923,#4924,#4925,#4926,#4927,#4928,#4929,#4930,#4931,
#4932,#4933,#4934,#4935,#4936,#4937,#4938,#4939,#4940,#4941,#4942,#4943,
#4944,#4945,#4946,#4947,#4948,#4949,#4950,#4951,#4952,#4953,#4954,#4955,
#4956,#4957,#4958,#4959,#4960,#4961,#4962,#4963,#4964,#4965,#4966,#4967,
#4968,#4969,#4970,#4971,#4972,#4973,#4974,#4975,#4976,#4977,#4978,#4979,
#4980,#4981,#4982,#4983,#4984,#4985,#4986,#4987,#4988),.UNSPECIFIED.,.T.,
 .F.,(4,1,1,1,1,1,1,1,1,1,1,1,1,1,1,1,1,1,1,1,1,1,1,1,1,1,1,1,1,1,1,1,1,
1,1,1,1,1,1,1,1,1,1,1,1,1,1,1,1,1,1,1,1,1,1,1,1,1,1,1,1,1,1,1,1,1,1,1,1,
1,1,1,1,1,1,1,1,1,1,1,1,1,1,1,1,1,1,1,1,1,1,1,1,1,1,1,1,1,1,1,1,1,1,1,1,
1,1,1,1,1,1,1,1,1,1,1,1,1,1,1,4),(0.,0.00390625,0.0078125,0.015625,0.0234375,
0.03125,0.046875,0.0625,0.0703125,0.078125,0.08203125,0.0859375,0.09375,
0.1015625,0.109375,0.125,0.140625,0.1484375,0.15625,0.1640625,0.16796875,
0.171875,0.1796875,0.1875,0.203125,0.21875,0.2265625,0.234375,0.2421875,
0.24609375,0.25,0.25390625,0.2578125,0.265625,0.2734375,0.28125,0.296875,
0.3125,0.3203125,0.328125,0.33203125,0.3359375,0.34375,0.3515625,0.359375,
0.375,0.390625,0.3984375,0.40625,0.4140625,0.41796875,0.421875,0.4296875,
0.4375,0.453125,0.46875,0.4765625,0.484375,0.4921875,0.49609375,0.5,0.50390625,
0.5078125,0.515625,0.5234375,0.53125,0.546875,0.5625,0.5703125,0.578125,
0.58203125,0.5859375,0.59375,0.6015625,0.609375,0.625,0.640625,0.6484375,
0.65625,0.6640625,0.66796875,0.671875,0.6796875,0.6875,0.703125,0.71875,
0.7265625,0.734375,0.7421875,0.74609375,0.75,0.75390625,0.7578125,0.765625,
0.7734375,0.78125,0.796875,0.8125,0.8203125,0.828125,0.83203125,0.8359375,
0.84375,0.8515625,0.859375,0.875,0.890625,0.8984375,0.90625,0.9140625,0.91796875,
0.921875,0.9296875,0.9375,0.953125,0.96875,0.9765625,0.984375,0.9921875,
0.99609375,1.),.UNSPECIFIED.);
#55=FACE_BOUND('',#325,.T.);
#56=FACE_BOUND('',#326,.T.);
#57=FACE_BOUND('',#327,.T.);
#58=FACE_BOUND('',#328,.T.);
#59=FACE_BOUND('',#329,.T.);
#60=FACE_BOUND('',#330,.T.);
#61=FACE_BOUND('',#331,.T.);
#62=FACE_BOUND('',#332,.T.);
#63=FACE_BOUND('',#333,.T.);
#64=FACE_BOUND('',#334,.T.);
#65=FACE_BOUND('',#336,.T.);
#66=FACE_BOUND('',#338,.T.);
#67=FACE_BOUND('',#339,.T.);
#68=FACE_BOUND('',#340,.T.);
#69=FACE_BOUND('',#341,.T.);
#70=FACE_BOUND('',#342,.T.);
#71=FACE_BOUND('',#370,.T.);
#72=FACE_BOUND('',#375,.T.);
#73=FACE_BOUND('',#380,.T.);
#74=FACE_BOUND('',#385,.T.);
#75=FACE_BOUND('',#390,.T.);
#76=FACE_BOUND('',#475,.T.);
#77=CIRCLE('',#2740,2.5);
#78=CIRCLE('',#2741,2.5);
#79=CIRCLE('',#2742,4.);
#80=CIRCLE('',#2743,2.5);
#81=CIRCLE('',#2744,2.5);
#82=CIRCLE('',#2745,6.);
#83=CIRCLE('',#2746,5.);
#84=CIRCLE('',#2747,6.);
#85=CIRCLE('',#2748,5.);
#86=CIRCLE('',#2749,5.);
#87=CIRCLE('',#2750,6.);
#88=CIRCLE('',#2751,5.);
#89=CIRCLE('',#2752,6.);
#90=CIRCLE('',#2753,5.);
#91=CIRCLE('',#2754,6.);
#92=CIRCLE('',#2755,5.);
#93=CIRCLE('',#2756,6.);
#94=CIRCLE('',#2757,5.);
#95=CIRCLE('',#2758,5.);
#96=CIRCLE('',#2759,6.);
#97=CIRCLE('',#2760,5.);
#98=CIRCLE('',#2761,6.);
#99=CIRCLE('',#2762,5.);
#100=CIRCLE('',#2763,6.);
#101=CIRCLE('',#2764,5.);
#102=CIRCLE('',#2765,6.);
#103=CIRCLE('',#2766,5.);
#104=CIRCLE('',#2767,6.);
#105=CIRCLE('',#2768,5.);
#106=CIRCLE('',#2769,6.);
#107=CIRCLE('',#2770,5.);
#108=CIRCLE('',#2771,5.);
#109=CIRCLE('',#2772,6.);
#110=CIRCLE('',#2773,5.);
#111=CIRCLE('',#2774,5.);
#112=CIRCLE('',#2775,6.);
#113=CIRCLE('',#2776,5.);
#114=CIRCLE('',#2777,6.);
#115=CIRCLE('',#2778,5.);
#116=CIRCLE('',#2779,6.);
#117=CIRCLE('',#2780,5.);
#118=CIRCLE('',#2783,5.);
#119=CIRCLE('',#2784,5.);
#120=CIRCLE('',#2785,5.);
#121=CIRCLE('',#2786,5.);
#122=CIRCLE('',#2812,1.1);
#123=CIRCLE('',#2813,1.1);
#124=CIRCLE('',#2815,2.5);
#125=CIRCLE('',#2819,1.1);
#126=CIRCLE('',#2820,1.1);
#127=CIRCLE('',#2822,2.5);
#128=CIRCLE('',#2826,2.6);
#129=CIRCLE('',#2827,2.6);
#130=CIRCLE('',#2829,4.);
#131=CIRCLE('',#2833,1.1);
#132=CIRCLE('',#2834,1.1);
#133=CIRCLE('',#2836,2.5);
#134=CIRCLE('',#2840,1.1);
#135=CIRCLE('',#2841,1.1);
#136=CIRCLE('',#2843,2.5);
#137=CIRCLE('',#2847,5.);
#138=CIRCLE('',#2848,5.);
#139=CIRCLE('',#2849,5.);
#140=CIRCLE('',#2850,5.);
#141=CIRCLE('',#2864,5.);
#142=CIRCLE('',#2865,5.);
#143=CIRCLE('',#2866,5.);
#144=CIRCLE('',#2867,5.);
#145=CIRCLE('',#2869,5.);
#146=CIRCLE('',#2870,5.);
#147=CIRCLE('',#2871,5.);
#148=CIRCLE('',#2872,5.);
#149=CIRCLE('',#2874,5.);
#150=CIRCLE('',#2875,5.);
#151=CIRCLE('',#2876,5.);
#152=CIRCLE('',#2877,5.);
#153=CIRCLE('',#2881,6.);
#154=CIRCLE('',#2886,6.);
#155=CIRCLE('',#2891,6.);
#156=CIRCLE('',#2896,6.);
#157=CIRCLE('',#2901,6.);
#158=CIRCLE('',#2906,6.);
#159=CIRCLE('',#2911,6.);
#160=CIRCLE('',#2916,6.);
#161=CIRCLE('',#2921,6.);
#162=CIRCLE('',#2926,6.);
#163=CIRCLE('',#2931,6.);
#164=CIRCLE('',#2936,6.);
#165=CIRCLE('',#2941,6.);
#166=CIRCLE('',#2946,6.);
#167=CIRCLE('',#2951,6.);
#168=CIRCLE('',#2956,6.);
#169=FACE_OUTER_BOUND('',#314,.T.);
#170=FACE_OUTER_BOUND('',#315,.T.);
#171=FACE_OUTER_BOUND('',#316,.T.);
#172=FACE_OUTER_BOUND('',#317,.T.);
#173=FACE_OUTER_BOUND('',#318,.T.);
#174=FACE_OUTER_BOUND('',#319,.T.);
#175=FACE_OUTER_BOUND('',#320,.T.);
#176=FACE_OUTER_BOUND('',#321,.T.);
#177=FACE_OUTER_BOUND('',#322,.T.);
#178=FACE_OUTER_BOUND('',#323,.T.);
#179=FACE_OUTER_BOUND('',#324,.T.);
#180=FACE_OUTER_BOUND('',#335,.T.);
#181=FACE_OUTER_BOUND('',#337,.T.);
#182=FACE_OUTER_BOUND('',#343,.T.);
#183=FACE_OUTER_BOUND('',#344,.T.);
#184=FACE_OUTER_BOUND('',#345,.T.);
#185=FACE_OUTER_BOUND('',#346,.T.);
#186=FACE_OUTER_BOUND('',#347,.T.);
#187=FACE_OUTER_BOUND('',#348,.T.);
#188=FACE_OUTER_BOUND('',#349,.T.);
#189=FACE_OUTER_BOUND('',#350,.T.);
#190=FACE_OUTER_BOUND('',#351,.T.);
#191=FACE_OUTER_BOUND('',#352,.T.);
#192=FACE_OUTER_BOUND('',#353,.T.);
#193=FACE_OUTER_BOUND('',#354,.T.);
#194=FACE_OUTER_BOUND('',#355,.T.);
#195=FACE_OUTER_BOUND('',#356,.T.);
#196=FACE_OUTER_BOUND('',#357,.T.);
#197=FACE_OUTER_BOUND('',#358,.T.);
#198=FACE_OUTER_BOUND('',#359,.T.);
#199=FACE_OUTER_BOUND('',#360,.T.);
#200=FACE_OUTER_BOUND('',#361,.T.);
#201=FACE_OUTER_BOUND('',#362,.T.);
#202=FACE_OUTER_BOUND('',#363,.T.);
#203=FACE_OUTER_BOUND('',#364,.T.);
#204=FACE_OUTER_BOUND('',#365,.T.);
#205=FACE_OUTER_BOUND('',#366,.T.);
#206=FACE_OUTER_BOUND('',#367,.T.);
#207=FACE_OUTER_BOUND('',#368,.T.);
#208=FACE_OUTER_BOUND('',#369,.T.);
#209=FACE_OUTER_BOUND('',#371,.T.);
#210=FACE_OUTER_BOUND('',#372,.T.);
#211=FACE_OUTER_BOUND('',#373,.T.);
#212=FACE_OUTER_BOUND('',#374,.T.);
#213=FACE_OUTER_BOUND('',#376,.T.);
#214=FACE_OUTER_BOUND('',#377,.T.);
#215=FACE_OUTER_BOUND('',#378,.T.);
#216=FACE_OUTER_BOUND('',#379,.T.);
#217=FACE_OUTER_BOUND('',#381,.T.);
#218=FACE_OUTER_BOUND('',#382,.T.);
#219=FACE_OUTER_BOUND('',#383,.T.);
#220=FACE_OUTER_BOUND('',#384,.T.);
#221=FACE_OUTER_BOUND('',#386,.T.);
#222=FACE_OUTER_BOUND('',#387,.T.);
#223=FACE_OUTER_BOUND('',#388,.T.);
#224=FACE_OUTER_BOUND('',#389,.T.);
#225=FACE_OUTER_BOUND('',#391,.T.);
#226=FACE_OUTER_BOUND('',#392,.T.);
#227=FACE_OUTER_BOUND('',#393,.T.);
#228=FACE_OUTER_BOUND('',#394,.T.);
#229=FACE_OUTER_BOUND('',#395,.T.);
#230=FACE_OUTER_BOUND('',#396,.T.);
#231=FACE_OUTER_BOUND('',#397,.T.);
#232=FACE_OUTER_BOUND('',#398,.T.);
#233=FACE_OUTER_BOUND('',#399,.T.);
#234=FACE_OUTER_BOUND('',#400,.T.);
#235=FACE_OUTER_BOUND('',#401,.T.);
#236=FACE_OUTER_BOUND('',#402,.T.);
#237=FACE_OUTER_BOUND('',#403,.T.);
#238=FACE_OUTER_BOUND('',#404,.T.);
#239=FACE_OUTER_BOUND('',#405,.T.);
#240=FACE_OUTER_BOUND('',#406,.T.);
#241=FACE_OUTER_BOUND('',#407,.T.);
#242=FACE_OUTER_BOUND('',#408,.T.);
#243=FACE_OUTER_BOUND('',#409,.T.);
#244=FACE_OUTER_BOUND('',#410,.T.);
#245=FACE_OUTER_BOUND('',#411,.T.);
#246=FACE_OUTER_BOUND('',#412,.T.);
#247=FACE_OUTER_BOUND('',#413,.T.);
#248=FACE_OUTER_BOUND('',#414,.T.);
#249=FACE_OUTER_BOUND('',#415,.T.);
#250=FACE_OUTER_BOUND('',#416,.T.);
#251=FACE_OUTER_BOUND('',#417,.T.);
#252=FACE_OUTER_BOUND('',#418,.T.);
#253=FACE_OUTER_BOUND('',#419,.T.);
#254=FACE_OUTER_BOUND('',#420,.T.);
#255=FACE_OUTER_BOUND('',#421,.T.);
#256=FACE_OUTER_BOUND('',#422,.T.);
#257=FACE_OUTER_BOUND('',#423,.T.);
#258=FACE_OUTER_BOUND('',#424,.T.);
#259=FACE_OUTER_BOUND('',#425,.T.);
#260=FACE_OUTER_BOUND('',#426,.T.);
#261=FACE_OUTER_BOUND('',#427,.T.);
#262=FACE_OUTER_BOUND('',#428,.T.);
#263=FACE_OUTER_BOUND('',#429,.T.);
#264=FACE_OUTER_BOUND('',#430,.T.);
#265=FACE_OUTER_BOUND('',#431,.T.);
#266=FACE_OUTER_BOUND('',#432,.T.);
#267=FACE_OUTER_BOUND('',#433,.T.);
#268=FACE_OUTER_BOUND('',#434,.T.);
#269=FACE_OUTER_BOUND('',#435,.T.);
#270=FACE_OUTER_BOUND('',#436,.T.);
#271=FACE_OUTER_BOUND('',#437,.T.);
#272=FACE_OUTER_BOUND('',#438,.T.);
#273=FACE_OUTER_BOUND('',#439,.T.);
#274=FACE_OUTER_BOUND('',#440,.T.);
#275=FACE_OUTER_BOUND('',#441,.T.);
#276=FACE_OUTER_BOUND('',#442,.T.);
#277=FACE_OUTER_BOUND('',#443,.T.);
#278=FACE_OUTER_BOUND('',#444,.T.);
#279=FACE_OUTER_BOUND('',#445,.T.);
#280=FACE_OUTER_BOUND('',#446,.T.);
#281=FACE_OUTER_BOUND('',#447,.T.);
#282=FACE_OUTER_BOUND('',#448,.T.);
#283=FACE_OUTER_BOUND('',#449,.T.);
#284=FACE_OUTER_BOUND('',#450,.T.);
#285=FACE_OUTER_BOUND('',#451,.T.);
#286=FACE_OUTER_BOUND('',#452,.T.);
#287=FACE_OUTER_BOUND('',#453,.T.);
#288=FACE_OUTER_BOUND('',#454,.T.);
#289=FACE_OUTER_BOUND('',#455,.T.);
#290=FACE_OUTER_BOUND('',#456,.T.);
#291=FACE_OUTER_BOUND('',#457,.T.);
#292=FACE_OUTER_BOUND('',#458,.T.);
#293=FACE_OUTER_BOUND('',#459,.T.);
#294=FACE_OUTER_BOUND('',#460,.T.);
#295=FACE_OUTER_BOUND('',#461,.T.);
#296=FACE_OUTER_BOUND('',#462,.T.);
#297=FACE_OUTER_BOUND('',#463,.T.);
#298=FACE_OUTER_BOUND('',#464,.T.);
#299=FACE_OUTER_BOUND('',#465,.T.);
#300=FACE_OUTER_BOUND('',#466,.T.);
#301=FACE_OUTER_BOUND('',#467,.T.);
#302=FACE_OUTER_BOUND('',#468,.T.);
#303=FACE_OUTER_BOUND('',#469,.T.);
#304=FACE_OUTER_BOUND('',#470,.T.);
#305=FACE_OUTER_BOUND('',#471,.T.);
#306=FACE_OUTER_BOUND('',#472,.T.);
#307=FACE_OUTER_BOUND('',#473,.T.);
#308=FACE_OUTER_BOUND('',#474,.T.);
#309=FACE_OUTER_BOUND('',#476,.T.);
#310=FACE_OUTER_BOUND('',#477,.T.);
#311=FACE_OUTER_BOUND('',#478,.T.);
#312=FACE_OUTER_BOUND('',#479,.T.);
#313=FACE_OUTER_BOUND('',#480,.T.);
#314=EDGE_LOOP('',(#1690,#1691,#1692,#1693));
#315=EDGE_LOOP('',(#1694,#1695,#1696,#1697));
#316=EDGE_LOOP('',(#1698,#1699,#1700,#1701));
#317=EDGE_LOOP('',(#1702,#1703,#1704,#1705,#1706,#1707,#1708,#1709,#1710,
#1711,#1712,#1713,#1714,#1715,#1716,#1717,#1718,#1719,#1720,#1721));
#318=EDGE_LOOP('',(#1722,#1723,#1724,#1725));
#319=EDGE_LOOP('',(#1726,#1727,#1728,#1729,#1730,#1731,#1732,#1733));
#320=EDGE_LOOP('',(#1734,#1735,#1736,#1737));
#321=EDGE_LOOP('',(#1738,#1739,#1740,#1741));
#322=EDGE_LOOP('',(#1742,#1743,#1744,#1745));
#323=EDGE_LOOP('',(#1746,#1747,#1748,#1749));
#324=EDGE_LOOP('',(#1750,#1751,#1752,#1753,#1754,#1755,#1756,#1757,#1758,
#1759,#1760,#1761,#1762,#1763,#1764,#1765));
#325=EDGE_LOOP('',(#1766));
#326=EDGE_LOOP('',(#1767));
#327=EDGE_LOOP('',(#1768));
#328=EDGE_LOOP('',(#1769));
#329=EDGE_LOOP('',(#1770));
#330=EDGE_LOOP('',(#1771,#1772,#1773,#1774,#1775,#1776,#1777,#1778,#1779,
#1780,#1781,#1782,#1783,#1784,#1785,#1786,#1787));
#331=EDGE_LOOP('',(#1788,#1789,#1790,#1791,#1792,#1793,#1794,#1795,#1796,
#1797,#1798,#1799,#1800,#1801,#1802,#1803,#1804));
#332=EDGE_LOOP('',(#1805,#1806,#1807,#1808,#1809,#1810,#1811,#1812,#1813,
#1814,#1815,#1816,#1817,#1818,#1819,#1820,#1821));
#333=EDGE_LOOP('',(#1822,#1823,#1824,#1825,#1826,#1827,#1828,#1829,#1830,
#1831,#1832,#1833,#1834,#1835,#1836,#1837,#1838));
#334=EDGE_LOOP('',(#1839));
#335=EDGE_LOOP('',(#1840));
#336=EDGE_LOOP('',(#1841,#1842,#1843,#1844,#1845,#1846,#1847,#1848,#1849,
#1850,#1851,#1852));
#337=EDGE_LOOP('',(#1853,#1854,#1855,#1856,#1857,#1858,#1859,#1860,#1861,
#1862));
#338=EDGE_LOOP('',(#1863,#1864,#1865,#1866,#1867,#1868,#1869,#1870,#1871,
#1872,#1873,#1874));
#339=EDGE_LOOP('',(#1875));
#340=EDGE_LOOP('',(#1876));
#341=EDGE_LOOP('',(#1877));
#342=EDGE_LOOP('',(#1878));
#343=EDGE_LOOP('',(#1879,#1880,#1881,#1882));
#344=EDGE_LOOP('',(#1883,#1884,#1885,#1886));
#345=EDGE_LOOP('',(#1887,#1888,#1889,#1890));
#346=EDGE_LOOP('',(#1891,#1892,#1893,#1894));
#347=EDGE_LOOP('',(#1895,#1896,#1897,#1898));
#348=EDGE_LOOP('',(#1899,#1900,#1901,#1902));
#349=EDGE_LOOP('',(#1903,#1904,#1905,#1906));
#350=EDGE_LOOP('',(#1907,#1908,#1909,#1910));
#351=EDGE_LOOP('',(#1911,#1912,#1913,#1914));
#352=EDGE_LOOP('',(#1915,#1916,#1917,#1918));
#353=EDGE_LOOP('',(#1919,#1920,#1921,#1922));
#354=EDGE_LOOP('',(#1923,#1924,#1925,#1926));
#355=EDGE_LOOP('',(#1927,#1928,#1929,#1930));
#356=EDGE_LOOP('',(#1931,#1932,#1933,#1934));
#357=EDGE_LOOP('',(#1935,#1936,#1937,#1938));
#358=EDGE_LOOP('',(#1939,#1940,#1941,#1942));
#359=EDGE_LOOP('',(#1943,#1944,#1945,#1946));
#360=EDGE_LOOP('',(#1947,#1948,#1949,#1950));
#361=EDGE_LOOP('',(#1951,#1952,#1953,#1954));
#362=EDGE_LOOP('',(#1955,#1956,#1957,#1958));
#363=EDGE_LOOP('',(#1959,#1960,#1961,#1962));
#364=EDGE_LOOP('',(#1963,#1964,#1965,#1966));
#365=EDGE_LOOP('',(#1967,#1968,#1969,#1970));
#366=EDGE_LOOP('',(#1971,#1972,#1973,#1974));
#367=EDGE_LOOP('',(#1975,#1976,#1977,#1978));
#368=EDGE_LOOP('',(#1979,#1980,#1981,#1982));
#369=EDGE_LOOP('',(#1983));
#370=EDGE_LOOP('',(#1984));
#371=EDGE_LOOP('',(#1985));
#372=EDGE_LOOP('',(#1986,#1987,#1988,#1989));
#373=EDGE_LOOP('',(#1990,#1991,#1992,#1993));
#374=EDGE_LOOP('',(#1994));
#375=EDGE_LOOP('',(#1995));
#376=EDGE_LOOP('',(#1996));
#377=EDGE_LOOP('',(#1997,#1998,#1999,#2000));
#378=EDGE_LOOP('',(#2001,#2002,#2003,#2004));
#379=EDGE_LOOP('',(#2005));
#380=EDGE_LOOP('',(#2006));
#381=EDGE_LOOP('',(#2007));
#382=EDGE_LOOP('',(#2008,#2009,#2010,#2011));
#383=EDGE_LOOP('',(#2012,#2013,#2014,#2015));
#384=EDGE_LOOP('',(#2016));
#385=EDGE_LOOP('',(#2017));
#386=EDGE_LOOP('',(#2018));
#387=EDGE_LOOP('',(#2019,#2020,#2021,#2022));
#388=EDGE_LOOP('',(#2023,#2024,#2025,#2026));
#389=EDGE_LOOP('',(#2027));
#390=EDGE_LOOP('',(#2028));
#391=EDGE_LOOP('',(#2029));
#392=EDGE_LOOP('',(#2030,#2031,#2032,#2033,#2034,#2035,#2036,#2037,#2038,
#2039,#2040,#2041,#2042,#2043,#2044,#2045,#2046,#2047,#2048,#2049));
#393=EDGE_LOOP('',(#2050,#2051,#2052,#2053));
#394=EDGE_LOOP('',(#2054,#2055,#2056,#2057));
#395=EDGE_LOOP('',(#2058,#2059,#2060,#2061));
#396=EDGE_LOOP('',(#2062,#2063,#2064,#2065));
#397=EDGE_LOOP('',(#2066,#2067,#2068,#2069));
#398=EDGE_LOOP('',(#2070,#2071,#2072,#2073));
#399=EDGE_LOOP('',(#2074,#2075,#2076,#2077));
#400=EDGE_LOOP('',(#2078,#2079,#2080,#2081));
#401=EDGE_LOOP('',(#2082,#2083,#2084,#2085));
#402=EDGE_LOOP('',(#2086,#2087,#2088,#2089));
#403=EDGE_LOOP('',(#2090,#2091,#2092,#2093));
#404=EDGE_LOOP('',(#2094,#2095,#2096,#2097));
#405=EDGE_LOOP('',(#2098,#2099,#2100,#2101,#2102,#2103,#2104,#2105,#2106,
#2107,#2108,#2109,#2110,#2111,#2112,#2113,#2114,#2115,#2116,#2117));
#406=EDGE_LOOP('',(#2118,#2119,#2120,#2121,#2122,#2123,#2124,#2125,#2126,
#2127,#2128,#2129,#2130,#2131,#2132,#2133,#2134,#2135,#2136,#2137));
#407=EDGE_LOOP('',(#2138,#2139,#2140,#2141,#2142,#2143,#2144,#2145,#2146,
#2147,#2148,#2149,#2150,#2151,#2152,#2153,#2154,#2155,#2156,#2157));
#408=EDGE_LOOP('',(#2158,#2159,#2160,#2161));
#409=EDGE_LOOP('',(#2162,#2163,#2164,#2165));
#410=EDGE_LOOP('',(#2166,#2167,#2168,#2169));
#411=EDGE_LOOP('',(#2170,#2171,#2172,#2173));
#412=EDGE_LOOP('',(#2174,#2175,#2176,#2177));
#413=EDGE_LOOP('',(#2178,#2179,#2180,#2181));
#414=EDGE_LOOP('',(#2182,#2183,#2184,#2185));
#415=EDGE_LOOP('',(#2186,#2187,#2188,#2189));
#416=EDGE_LOOP('',(#2190,#2191,#2192,#2193));
#417=EDGE_LOOP('',(#2194,#2195,#2196,#2197));
#418=EDGE_LOOP('',(#2198,#2199,#2200,#2201));
#419=EDGE_LOOP('',(#2202,#2203,#2204,#2205));
#420=EDGE_LOOP('',(#2206,#2207,#2208,#2209));
#421=EDGE_LOOP('',(#2210,#2211,#2212,#2213));
#422=EDGE_LOOP('',(#2214,#2215,#2216,#2217));
#423=EDGE_LOOP('',(#2218,#2219,#2220,#2221));
#424=EDGE_LOOP('',(#2222,#2223,#2224,#2225));
#425=EDGE_LOOP('',(#2226,#2227,#2228,#2229));
#426=EDGE_LOOP('',(#2230,#2231,#2232,#2233));
#427=EDGE_LOOP('',(#2234,#2235,#2236,#2237));
#428=EDGE_LOOP('',(#2238,#2239,#2240,#2241));
#429=EDGE_LOOP('',(#2242,#2243,#2244,#2245));
#430=EDGE_LOOP('',(#2246,#2247,#2248,#2249));
#431=EDGE_LOOP('',(#2250,#2251,#2252,#2253));
#432=EDGE_LOOP('',(#2254,#2255,#2256,#2257));
#433=EDGE_LOOP('',(#2258,#2259,#2260,#2261));
#434=EDGE_LOOP('',(#2262,#2263,#2264,#2265));
#435=EDGE_LOOP('',(#2266,#2267,#2268,#2269));
#436=EDGE_LOOP('',(#2270,#2271,#2272,#2273));
#437=EDGE_LOOP('',(#2274,#2275,#2276,#2277));
#438=EDGE_LOOP('',(#2278,#2279,#2280,#2281));
#439=EDGE_LOOP('',(#2282,#2283,#2284,#2285));
#440=EDGE_LOOP('',(#2286,#2287,#2288,#2289));
#441=EDGE_LOOP('',(#2290,#2291,#2292,#2293));
#442=EDGE_LOOP('',(#2294,#2295,#2296,#2297));
#443=EDGE_LOOP('',(#2298,#2299,#2300,#2301));
#444=EDGE_LOOP('',(#2302,#2303,#2304,#2305));
#445=EDGE_LOOP('',(#2306,#2307,#2308,#2309));
#446=EDGE_LOOP('',(#2310,#2311,#2312,#2313));
#447=EDGE_LOOP('',(#2314,#2315,#2316,#2317));
#448=EDGE_LOOP('',(#2318,#2319,#2320,#2321));
#449=EDGE_LOOP('',(#2322,#2323,#2324,#2325));
#450=EDGE_LOOP('',(#2326,#2327,#2328,#2329));
#451=EDGE_LOOP('',(#2330,#2331,#2332,#2333));
#452=EDGE_LOOP('',(#2334,#2335,#2336,#2337));
#453=EDGE_LOOP('',(#2338,#2339,#2340,#2341));
#454=EDGE_LOOP('',(#2342,#2343,#2344,#2345));
#455=EDGE_LOOP('',(#2346,#2347,#2348,#2349));
#456=EDGE_LOOP('',(#2350,#2351,#2352,#2353));
#457=EDGE_LOOP('',(#2354,#2355,#2356,#2357));
#458=EDGE_LOOP('',(#2358,#2359,#2360,#2361));
#459=EDGE_LOOP('',(#2362,#2363,#2364,#2365));
#460=EDGE_LOOP('',(#2366,#2367,#2368,#2369));
#461=EDGE_LOOP('',(#2370,#2371,#2372,#2373));
#462=EDGE_LOOP('',(#2374,#2375,#2376,#2377));
#463=EDGE_LOOP('',(#2378,#2379,#2380,#2381));
#464=EDGE_LOOP('',(#2382,#2383,#2384,#2385));
#465=EDGE_LOOP('',(#2386,#2387,#2388,#2389));
#466=EDGE_LOOP('',(#2390,#2391,#2392,#2393));
#467=EDGE_LOOP('',(#2394,#2395,#2396,#2397));
#468=EDGE_LOOP('',(#2398,#2399,#2400,#2401));
#469=EDGE_LOOP('',(#2402,#2403,#2404,#2405));
#470=EDGE_LOOP('',(#2406,#2407,#2408,#2409));
#471=EDGE_LOOP('',(#2410,#2411,#2412,#2413));
#472=EDGE_LOOP('',(#2414,#2415,#2416,#2417));
#473=EDGE_LOOP('',(#2418,#2419,#2420,#2421));
#474=EDGE_LOOP('',(#2422));
#475=EDGE_LOOP('',(#2423));
#476=EDGE_LOOP('',(#2424,#2425,#2426,#2427));
#477=EDGE_LOOP('',(#2428,#2429,#2430,#2431));
#478=EDGE_LOOP('',(#2432,#2433,#2434,#2435,#2436,#2437));
#479=EDGE_LOOP('',(#2438,#2439,#2440,#2441,#2442,#2443));
#480=EDGE_LOOP('',(#2444,#2445,#2446,#2447,#2448,#2449,#2450,#2451,#2452,
#2453,#2454,#2455));
#481=LINE('',#3733,#768);
#482=LINE('',#3735,#769);
#483=LINE('',#3737,#770);
#484=LINE('',#3738,#771);
#485=LINE('',#3742,#772);
#486=LINE('',#3744,#773);
#487=LINE('',#3746,#774);
#488=LINE('',#3747,#775);
#489=LINE('',#3751,#776);
#490=LINE('',#3753,#777);
#491=LINE('',#3755,#778);
#492=LINE('',#3756,#779);
#493=LINE('',#3760,#780);
#494=LINE('',#3761,#781);
#495=LINE('',#3763,#782);
#496=LINE('',#3765,#783);
#497=LINE('',#3767,#784);
#498=LINE('',#3769,#785);
#499=LINE('',#3771,#786);
#500=LINE('',#3773,#787);
#501=LINE('',#3775,#788);
#502=LINE('',#3777,#789);
#503=LINE('',#3778,#790);
#504=LINE('',#3780,#791);
#505=LINE('',#3782,#792);
#506=LINE('',#3784,#793);
#507=LINE('',#3786,#794);
#508=LINE('',#3788,#795);
#509=LINE('',#3790,#796);
#510=LINE('',#3791,#797);
#511=LINE('',#3795,#798);
#512=LINE('',#3797,#799);
#513=LINE('',#3799,#800);
#514=LINE('',#3800,#801);
#515=LINE('',#3804,#802);
#516=LINE('',#3806,#803);
#517=LINE('',#3808,#804);
#518=LINE('',#3810,#805);
#519=LINE('',#3812,#806);
#520=LINE('',#3814,#807);
#521=LINE('',#3816,#808);
#522=LINE('',#3817,#809);
#523=LINE('',#3819,#810);
#524=LINE('',#3820,#811);
#525=LINE('',#3822,#812);
#526=LINE('',#3823,#813);
#527=LINE('',#3826,#814);
#528=LINE('',#3828,#815);
#529=LINE('',#3829,#816);
#530=LINE('',#3833,#817);
#531=LINE('',#3834,#818);
#532=LINE('',#3835,#819);
#533=LINE('',#3838,#820);
#534=LINE('',#3840,#821);
#535=LINE('',#3842,#822);
#536=LINE('',#3844,#823);
#537=LINE('',#3846,#824);
#538=LINE('',#3848,#825);
#539=LINE('',#3850,#826);
#540=LINE('',#3852,#827);
#541=LINE('',#3854,#828);
#542=LINE('',#3855,#829);
#543=LINE('',#3857,#830);
#544=LINE('',#3858,#831);
#545=LINE('',#3859,#832);
#546=LINE('',#3874,#833);
#547=LINE('',#3878,#834);
#548=LINE('',#3882,#835);
#549=LINE('',#3888,#836);
#550=LINE('',#3892,#837);
#551=LINE('',#3896,#838);
#552=LINE('',#3900,#839);
#553=LINE('',#3903,#840);
#554=LINE('',#3908,#841);
#555=LINE('',#3912,#842);
#556=LINE('',#3916,#843);
#557=LINE('',#3922,#844);
#558=LINE('',#3926,#845);
#559=LINE('',#3930,#846);
#560=LINE('',#3934,#847);
#561=LINE('',#3937,#848);
#562=LINE('',#3942,#849);
#563=LINE('',#3946,#850);
#564=LINE('',#3950,#851);
#565=LINE('',#3954,#852);
#566=LINE('',#3958,#853);
#567=LINE('',#3962,#854);
#568=LINE('',#3966,#855);
#569=LINE('',#3971,#856);
#570=LINE('',#3976,#857);
#571=LINE('',#3982,#858);
#572=LINE('',#3986,#859);
#573=LINE('',#3990,#860);
#574=LINE('',#3994,#861);
#575=LINE('',#3998,#862);
#576=LINE('',#4002,#863);
#577=LINE('',#4005,#864);
#578=LINE('',#4257,#865);
#579=LINE('',#4259,#866);
#580=LINE('',#4261,#867);
#581=LINE('',#4263,#868);
#582=LINE('',#4265,#869);
#583=LINE('',#4267,#870);
#584=LINE('',#4269,#871);
#585=LINE('',#4271,#872);
#586=LINE('',#4273,#873);
#587=LINE('',#4275,#874);
#588=LINE('',#4277,#875);
#589=LINE('',#4278,#876);
#590=LINE('',#4281,#877);
#591=LINE('',#4283,#878);
#592=LINE('',#4285,#879);
#593=LINE('',#4287,#880);
#594=LINE('',#4289,#881);
#595=LINE('',#4291,#882);
#596=LINE('',#4293,#883);
#597=LINE('',#4295,#884);
#598=LINE('',#4296,#885);
#599=LINE('',#4299,#886);
#600=LINE('',#4301,#887);
#601=LINE('',#4303,#888);
#602=LINE('',#4305,#889);
#603=LINE('',#4307,#890);
#604=LINE('',#4309,#891);
#605=LINE('',#4311,#892);
#606=LINE('',#4313,#893);
#607=LINE('',#4315,#894);
#608=LINE('',#4317,#895);
#609=LINE('',#4319,#896);
#610=LINE('',#4320,#897);
#611=LINE('',#4330,#898);
#612=LINE('',#4331,#899);
#613=LINE('',#4333,#900);
#614=LINE('',#4334,#901);
#615=LINE('',#4336,#902);
#616=LINE('',#4338,#903);
#617=LINE('',#4340,#904);
#618=LINE('',#4342,#905);
#619=LINE('',#4344,#906);
#620=LINE('',#4346,#907);
#621=LINE('',#4350,#908);
#622=LINE('',#4351,#909);
#623=LINE('',#4354,#910);
#624=LINE('',#4355,#911);
#625=LINE('',#4358,#912);
#626=LINE('',#4359,#913);
#627=LINE('',#4362,#914);
#628=LINE('',#4363,#915);
#629=LINE('',#4366,#916);
#630=LINE('',#4367,#917);
#631=LINE('',#4370,#918);
#632=LINE('',#4371,#919);
#633=LINE('',#4373,#920);
#634=LINE('',#4375,#921);
#635=LINE('',#4376,#922);
#636=LINE('',#4378,#923);
#637=LINE('',#4380,#924);
#638=LINE('',#4382,#925);
#639=LINE('',#4384,#926);
#640=LINE('',#4386,#927);
#641=LINE('',#4389,#928);
#642=LINE('',#4394,#929);
#643=LINE('',#4398,#930);
#644=LINE('',#4406,#931);
#645=LINE('',#4410,#932);
#646=LINE('',#4418,#933);
#647=LINE('',#4422,#934);
#648=LINE('',#4430,#935);
#649=LINE('',#4434,#936);
#650=LINE('',#4442,#937);
#651=LINE('',#4446,#938);
#652=LINE('',#4452,#939);
#653=LINE('',#4455,#940);
#654=LINE('',#4457,#941);
#655=LINE('',#4460,#942);
#656=LINE('',#4462,#943);
#657=LINE('',#4465,#944);
#658=LINE('',#4467,#945);
#659=LINE('',#4470,#946);
#660=LINE('',#4471,#947);
#661=LINE('',#4473,#948);
#662=LINE('',#4474,#949);
#663=LINE('',#4476,#950);
#664=LINE('',#4478,#951);
#665=LINE('',#4480,#952);
#666=LINE('',#4482,#953);
#667=LINE('',#4484,#954);
#668=LINE('',#4486,#955);
#669=LINE('',#4488,#956);
#670=LINE('',#4490,#957);
#671=LINE('',#4492,#958);
#672=LINE('',#4494,#959);
#673=LINE('',#4498,#960);
#674=LINE('',#4501,#961);
#675=LINE('',#4502,#962);
#676=LINE('',#4504,#963);
#677=LINE('',#4507,#964);
#678=LINE('',#4509,#965);
#679=LINE('',#4512,#966);
#680=LINE('',#4514,#967);
#681=LINE('',#4517,#968);
#682=LINE('',#4519,#969);
#683=LINE('',#4521,#970);
#684=LINE('',#4524,#971);
#685=LINE('',#4526,#972);
#686=LINE('',#4529,#973);
#687=LINE('',#4531,#974);
#688=LINE('',#4534,#975);
#689=LINE('',#4536,#976);
#690=LINE('',#4539,#977);
#691=LINE('',#4542,#978);
#692=LINE('',#4545,#979);
#693=LINE('',#4546,#980);
#694=LINE('',#4548,#981);
#695=LINE('',#4551,#982);
#696=LINE('',#4553,#983);
#697=LINE('',#4556,#984);
#698=LINE('',#4558,#985);
#699=LINE('',#4561,#986);
#700=LINE('',#4566,#987);
#701=LINE('',#4568,#988);
#702=LINE('',#4571,#989);
#703=LINE('',#4573,#990);
#704=LINE('',#4579,#991);
#705=LINE('',#4580,#992);
#706=LINE('',#4582,#993);
#707=LINE('',#4584,#994);
#708=LINE('',#4590,#995);
#709=LINE('',#4591,#996);
#710=LINE('',#4593,#997);
#711=LINE('',#4595,#998);
#712=LINE('',#4599,#999);
#713=LINE('',#4602,#1000);
#714=LINE('',#4604,#1001);
#715=LINE('',#4606,#1002);
#716=LINE('',#4610,#1003);
#717=LINE('',#4612,#1004);
#718=LINE('',#4615,#1005);
#719=LINE('',#4617,#1006);
#720=LINE('',#4623,#1007);
#721=LINE('',#4624,#1008);
#722=LINE('',#4626,#1009);
#723=LINE('',#4628,#1010);
#724=LINE('',#4634,#1011);
#725=LINE('',#4635,#1012);
#726=LINE('',#4637,#1013);
#727=LINE('',#4639,#1014);
#728=LINE('',#4643,#1015);
#729=LINE('',#4646,#1016);
#730=LINE('',#4648,#1017);
#731=LINE('',#4650,#1018);
#732=LINE('',#4656,#1019);
#733=LINE('',#4657,#1020);
#734=LINE('',#4659,#1021);
#735=LINE('',#4661,#1022);
#736=LINE('',#4665,#1023);
#737=LINE('',#4667,#1024);
#738=LINE('',#4670,#1025);
#739=LINE('',#4672,#1026);
#740=LINE('',#4676,#1027);
#741=LINE('',#4679,#1028);
#742=LINE('',#4681,#1029);
#743=LINE('',#4683,#1030);
#744=LINE('',#4687,#1031);
#745=LINE('',#4690,#1032);
#746=LINE('',#4692,#1033);
#747=LINE('',#4694,#1034);
#748=LINE('',#4698,#1035);
#749=LINE('',#4701,#1036);
#750=LINE('',#4703,#1037);
#751=LINE('',#4705,#1038);
#752=LINE('',#4709,#1039);
#753=LINE('',#4712,#1040);
#754=LINE('',#4714,#1041);
#755=LINE('',#4716,#1042);
#756=LINE('',#4720,#1043);
#757=LINE('',#4723,#1044);
#758=LINE('',#4725,#1045);
#759=LINE('',#4727,#1046);
#760=LINE('',#4731,#1047);
#761=LINE('',#4734,#1048);
#762=LINE('',#4736,#1049);
#763=LINE('',#4738,#1050);
#764=LINE('',#5235,#1051);
#765=LINE('',#5482,#1052);
#766=LINE('',#5484,#1053);
#767=LINE('',#5486,#1054);
#768=VECTOR('',#2971,1000.);
#769=VECTOR('',#2972,1000.);
#770=VECTOR('',#2973,1000.);
#771=VECTOR('',#2974,1000.);
#772=VECTOR('',#2977,1000.);
#773=VECTOR('',#2978,1000.);
#774=VECTOR('',#2979,1000.);
#775=VECTOR('',#2980,1000.);
#776=VECTOR('',#2983,1000.);
#777=VECTOR('',#2984,1000.);
#778=VECTOR('',#2985,1000.);
#779=VECTOR('',#2986,1000.);
#780=VECTOR('',#2989,1000.);
#781=VECTOR('',#2990,1000.);
#782=VECTOR('',#2991,1000.);
#783=VECTOR('',#2992,1000.);
#784=VECTOR('',#2993,1000.);
#785=VECTOR('',#2994,1000.);
#786=VECTOR('',#2995,1000.);
#787=VECTOR('',#2996,1000.);
#788=VECTOR('',#2997,1000.);
#789=VECTOR('',#2998,1000.);
#790=VECTOR('',#2999,1000.);
#791=VECTOR('',#3000,1000.);
#792=VECTOR('',#3001,1000.);
#793=VECTOR('',#3002,1000.);
#794=VECTOR('',#3003,1000.);
#795=VECTOR('',#3004,1000.);
#796=VECTOR('',#3005,1000.);
#797=VECTOR('',#3006,1000.);
#798=VECTOR('',#3009,1000.);
#799=VECTOR('',#3010,1000.);
#800=VECTOR('',#3011,1000.);
#801=VECTOR('',#3012,1000.);
#802=VECTOR('',#3015,1000.);
#803=VECTOR('',#3016,1000.);
#804=VECTOR('',#3017,1000.);
#805=VECTOR('',#3018,1000.);
#806=VECTOR('',#3019,1000.);
#807=VECTOR('',#3020,1000.);
#808=VECTOR('',#3021,1000.);
#809=VECTOR('',#3022,1000.);
#810=VECTOR('',#3025,1000.);
#811=VECTOR('',#3026,1000.);
#812=VECTOR('',#3029,1000.);
#813=VECTOR('',#3030,1000.);
#814=VECTOR('',#3033,1000.);
#815=VECTOR('',#3034,1000.);
#816=VECTOR('',#3035,1000.);
#817=VECTOR('',#3038,1000.);
#818=VECTOR('',#3039,1000.);
#819=VECTOR('',#3040,1000.);
#820=VECTOR('',#3043,1000.);
#821=VECTOR('',#3044,1000.);
#822=VECTOR('',#3045,1000.);
#823=VECTOR('',#3046,1000.);
#824=VECTOR('',#3047,1000.);
#825=VECTOR('',#3048,1000.);
#826=VECTOR('',#3049,1000.);
#827=VECTOR('',#3050,1000.);
#828=VECTOR('',#3051,1000.);
#829=VECTOR('',#3052,1000.);
#830=VECTOR('',#3053,1000.);
#831=VECTOR('',#3054,1000.);
#832=VECTOR('',#3055,1000.);
#833=VECTOR('',#3068,1000.);
#834=VECTOR('',#3071,1000.);
#835=VECTOR('',#3074,1000.);
#836=VECTOR('',#3079,1000.);
#837=VECTOR('',#3082,1000.);
#838=VECTOR('',#3085,1000.);
#839=VECTOR('',#3088,1000.);
#840=VECTOR('',#3091,1000.);
#841=VECTOR('',#3094,1000.);
#842=VECTOR('',#3097,1000.);
#843=VECTOR('',#3100,1000.);
#844=VECTOR('',#3105,1000.);
#845=VECTOR('',#3108,1000.);
#846=VECTOR('',#3111,1000.);
#847=VECTOR('',#3114,1000.);
#848=VECTOR('',#3117,1000.);
#849=VECTOR('',#3120,1000.);
#850=VECTOR('',#3123,1000.);
#851=VECTOR('',#3126,1000.);
#852=VECTOR('',#3129,1000.);
#853=VECTOR('',#3132,1000.);
#854=VECTOR('',#3135,1000.);
#855=VECTOR('',#3138,1000.);
#856=VECTOR('',#3143,1000.);
#857=VECTOR('',#3146,1000.);
#858=VECTOR('',#3151,1000.);
#859=VECTOR('',#3154,1000.);
#860=VECTOR('',#3157,1000.);
#861=VECTOR('',#3160,1000.);
#862=VECTOR('',#3163,1000.);
#863=VECTOR('',#3166,1000.);
#864=VECTOR('',#3169,1000.);
#865=VECTOR('',#3172,1000.);
#866=VECTOR('',#3173,1000.);
#867=VECTOR('',#3174,1000.);
#868=VECTOR('',#3175,1000.);
#869=VECTOR('',#3176,1000.);
#870=VECTOR('',#3177,1000.);
#871=VECTOR('',#3178,1000.);
#872=VECTOR('',#3179,1000.);
#873=VECTOR('',#3180,1000.);
#874=VECTOR('',#3181,1000.);
#875=VECTOR('',#3182,1000.);
#876=VECTOR('',#3183,1000.);
#877=VECTOR('',#3186,1000.);
#878=VECTOR('',#3187,1000.);
#879=VECTOR('',#3188,1000.);
#880=VECTOR('',#3189,1000.);
#881=VECTOR('',#3190,1000.);
#882=VECTOR('',#3191,1000.);
#883=VECTOR('',#3192,1000.);
#884=VECTOR('',#3193,1000.);
#885=VECTOR('',#3194,1000.);
#886=VECTOR('',#3195,1000.);
#887=VECTOR('',#3196,1000.);
#888=VECTOR('',#3197,1000.);
#889=VECTOR('',#3198,1000.);
#890=VECTOR('',#3199,1000.);
#891=VECTOR('',#3200,1000.);
#892=VECTOR('',#3201,1000.);
#893=VECTOR('',#3202,1000.);
#894=VECTOR('',#3203,1000.);
#895=VECTOR('',#3204,1000.);
#896=VECTOR('',#3205,1000.);
#897=VECTOR('',#3206,1000.);
#898=VECTOR('',#3217,1000.);
#899=VECTOR('',#3218,1000.);
#900=VECTOR('',#3221,1000.);
#901=VECTOR('',#3222,1000.);
#902=VECTOR('',#3225,1000.);
#903=VECTOR('',#3228,1000.);
#904=VECTOR('',#3231,1000.);
#905=VECTOR('',#3234,1000.);
#906=VECTOR('',#3237,1000.);
#907=VECTOR('',#3240,1000.);
#908=VECTOR('',#3245,1000.);
#909=VECTOR('',#3246,1000.);
#910=VECTOR('',#3249,1000.);
#911=VECTOR('',#3250,1000.);
#912=VECTOR('',#3253,1000.);
#913=VECTOR('',#3254,1000.);
#914=VECTOR('',#3257,1000.);
#915=VECTOR('',#3258,1000.);
#916=VECTOR('',#3261,1000.);
#917=VECTOR('',#3262,1000.);
#918=VECTOR('',#3265,1000.);
#919=VECTOR('',#3266,1000.);
#920=VECTOR('',#3269,1000.);
#921=VECTOR('',#3272,1000.);
#922=VECTOR('',#3273,1000.);
#923=VECTOR('',#3276,1000.);
#924=VECTOR('',#3279,1000.);
#925=VECTOR('',#3282,999.999999999999);
#926=VECTOR('',#3285,1000.);
#927=VECTOR('',#3288,1000.);
#928=VECTOR('',#3293,1000.);
#929=VECTOR('',#3298,1.1);
#930=VECTOR('',#3303,2.5);
#931=VECTOR('',#3314,1.1);
#932=VECTOR('',#3319,2.5);
#933=VECTOR('',#3330,2.6);
#934=VECTOR('',#3335,4.);
#935=VECTOR('',#3346,1.1);
#936=VECTOR('',#3351,2.5);
#937=VECTOR('',#3362,1.1);
#938=VECTOR('',#3367,2.5);
#939=VECTOR('',#3376,1000.);
#940=VECTOR('',#3379,1000.);
#941=VECTOR('',#3380,1000.);
#942=VECTOR('',#3383,1000.);
#943=VECTOR('',#3384,1000.);
#944=VECTOR('',#3387,1000.);
#945=VECTOR('',#3388,1000.);
#946=VECTOR('',#3391,1000.);
#947=VECTOR('',#3392,5.);
#948=VECTOR('',#3395,1000.);
#949=VECTOR('',#3396,1000.);
#950=VECTOR('',#3399,1000.);
#951=VECTOR('',#3402,1000.);
#952=VECTOR('',#3405,1000.);
#953=VECTOR('',#3408,1000.);
#954=VECTOR('',#3411,1000.);
#955=VECTOR('',#3414,1000.);
#956=VECTOR('',#3417,1000.);
#957=VECTOR('',#3420,1000.);
#958=VECTOR('',#3423,1000.);
#959=VECTOR('',#3426,1000.);
#960=VECTOR('',#3431,1000.);
#961=VECTOR('',#3434,1000.);
#962=VECTOR('',#3435,5.);
#963=VECTOR('',#3436,1000.);
#964=VECTOR('',#3439,1000.);
#965=VECTOR('',#3440,1000.);
#966=VECTOR('',#3443,1000.);
#967=VECTOR('',#3444,1000.);
#968=VECTOR('',#3447,1000.);
#969=VECTOR('',#3450,5.);
#970=VECTOR('',#3451,1000.);
#971=VECTOR('',#3454,1000.);
#972=VECTOR('',#3455,1000.);
#973=VECTOR('',#3458,1000.);
#974=VECTOR('',#3459,1000.);
#975=VECTOR('',#3462,1000.);
#976=VECTOR('',#3463,1000.);
#977=VECTOR('',#3466,1000.);
#978=VECTOR('',#3469,1000.);
#979=VECTOR('',#3472,1000.);
#980=VECTOR('',#3473,5.);
#981=VECTOR('',#3474,1000.);
#982=VECTOR('',#3477,1000.);
#983=VECTOR('',#3478,1000.);
#984=VECTOR('',#3481,1000.);
#985=VECTOR('',#3482,1000.);
#986=VECTOR('',#3485,1000.);
#987=VECTOR('',#3492,1000.);
#988=VECTOR('',#3493,1000.);
#989=VECTOR('',#3498,1000.);
#990=VECTOR('',#3501,1000.);
#991=VECTOR('',#3508,1000.);
#992=VECTOR('',#3509,1000.);
#993=VECTOR('',#3512,1000.);
#994=VECTOR('',#3515,1000.);
#995=VECTOR('',#3522,1000.);
#996=VECTOR('',#3523,1000.);
#997=VECTOR('',#3526,1000.);
#998=VECTOR('',#3529,1000.);
#999=VECTOR('',#3534,1000.);
#1000=VECTOR('',#3537,1000.);
#1001=VECTOR('',#3540,1000.);
#1002=VECTOR('',#3543,1000.);
#1003=VECTOR('',#3548,1000.);
#1004=VECTOR('',#3549,1000.);
#1005=VECTOR('',#3554,1000.);
#1006=VECTOR('',#3557,1000.);
#1007=VECTOR('',#3564,1000.);
#1008=VECTOR('',#3565,1000.);
#1009=VECTOR('',#3568,1000.);
#1010=VECTOR('',#3571,1000.);
#1011=VECTOR('',#3578,1000.);
#1012=VECTOR('',#3579,1000.);
#1013=VECTOR('',#3582,1000.);
#1014=VECTOR('',#3585,1000.);
#1015=VECTOR('',#3590,1000.);
#1016=VECTOR('',#3593,1000.);
#1017=VECTOR('',#3596,1000.);
#1018=VECTOR('',#3599,1000.);
#1019=VECTOR('',#3606,1000.);
#1020=VECTOR('',#3607,1000.);
#1021=VECTOR('',#3610,1000.);
#1022=VECTOR('',#3613,1000.);
#1023=VECTOR('',#3618,1000.);
#1024=VECTOR('',#3619,1000.);
#1025=VECTOR('',#3624,1000.);
#1026=VECTOR('',#3627,1000.);
#1027=VECTOR('',#3632,1000.);
#1028=VECTOR('',#3635,1000.);
#1029=VECTOR('',#3638,1000.);
#1030=VECTOR('',#3641,1000.);
#1031=VECTOR('',#3646,1000.);
#1032=VECTOR('',#3649,1000.);
#1033=VECTOR('',#3652,1000.);
#1034=VECTOR('',#3655,1000.);
#1035=VECTOR('',#3660,1000.);
#1036=VECTOR('',#3663,1000.);
#1037=VECTOR('',#3666,1000.);
#1038=VECTOR('',#3669,1000.);
#1039=VECTOR('',#3674,1000.);
#1040=VECTOR('',#3677,1000.);
#1041=VECTOR('',#3680,1000.);
#1042=VECTOR('',#3683,1000.);
#1043=VECTOR('',#3688,1000.);
#1044=VECTOR('',#3691,1000.);
#1045=VECTOR('',#3694,1000.);
#1046=VECTOR('',#3697,1000.);
#1047=VECTOR('',#3702,1000.);
#1048=VECTOR('',#3705,1000.);
#1049=VECTOR('',#3708,1000.);
#1050=VECTOR('',#3711,1000.);
#1051=VECTOR('',#3716,10.);
#1052=VECTOR('',#3717,10.);
#1053=VECTOR('',#3720,1000.);
#1054=VECTOR('',#3723,1000.);
#1055=VERTEX_POINT('',#3731);
#1056=VERTEX_POINT('',#3732);
#1057=VERTEX_POINT('',#3734);
#1058=VERTEX_POINT('',#3736);
#1059=VERTEX_POINT('',#3740);
#1060=VERTEX_POINT('',#3741);
#1061=VERTEX_POINT('',#3743);
#1062=VERTEX_POINT('',#3745);
#1063=VERTEX_POINT('',#3749);
#1064=VERTEX_POINT('',#3750);
#1065=VERTEX_POINT('',#3752);
#1066=VERTEX_POINT('',#3754);
#1067=VERTEX_POINT('',#3758);
#1068=VERTEX_POINT('',#3759);
#1069=VERTEX_POINT('',#3762);
#1070=VERTEX_POINT('',#3764);
#1071=VERTEX_POINT('',#3766);
#1072=VERTEX_POINT('',#3768);
#1073=VERTEX_POINT('',#3770);
#1074=VERTEX_POINT('',#3772);
#1075=VERTEX_POINT('',#3774);
#1076=VERTEX_POINT('',#3776);
#1077=VERTEX_POINT('',#3779);
#1078=VERTEX_POINT('',#3781);
#1079=VERTEX_POINT('',#3783);
#1080=VERTEX_POINT('',#3785);
#1081=VERTEX_POINT('',#3787);
#1082=VERTEX_POINT('',#3789);
#1083=VERTEX_POINT('',#3793);
#1084=VERTEX_POINT('',#3794);
#1085=VERTEX_POINT('',#3796);
#1086=VERTEX_POINT('',#3798);
#1087=VERTEX_POINT('',#3802);
#1088=VERTEX_POINT('',#3803);
#1089=VERTEX_POINT('',#3805);
#1090=VERTEX_POINT('',#3807);
#1091=VERTEX_POINT('',#3809);
#1092=VERTEX_POINT('',#3811);
#1093=VERTEX_POINT('',#3813);
#1094=VERTEX_POINT('',#3815);
#1095=VERTEX_POINT('',#3825);
#1096=VERTEX_POINT('',#3827);
#1097=VERTEX_POINT('',#3831);
#1098=VERTEX_POINT('',#3832);
#1099=VERTEX_POINT('',#3837);
#1100=VERTEX_POINT('',#3839);
#1101=VERTEX_POINT('',#3841);
#1102=VERTEX_POINT('',#3843);
#1103=VERTEX_POINT('',#3845);
#1104=VERTEX_POINT('',#3847);
#1105=VERTEX_POINT('',#3849);
#1106=VERTEX_POINT('',#3851);
#1107=VERTEX_POINT('',#3853);
#1108=VERTEX_POINT('',#3856);
#1109=VERTEX_POINT('',#3860);
#1110=VERTEX_POINT('',#3862);
#1111=VERTEX_POINT('',#3864);
#1112=VERTEX_POINT('',#3866);
#1113=VERTEX_POINT('',#3868);
#1114=VERTEX_POINT('',#3870);
#1115=VERTEX_POINT('',#3871);
#1116=VERTEX_POINT('',#3873);
#1117=VERTEX_POINT('',#3875);
#1118=VERTEX_POINT('',#3877);
#1119=VERTEX_POINT('',#3879);
#1120=VERTEX_POINT('',#3881);
#1121=VERTEX_POINT('',#3883);
#1122=VERTEX_POINT('',#3885);
#1123=VERTEX_POINT('',#3887);
#1124=VERTEX_POINT('',#3889);
#1125=VERTEX_POINT('',#3891);
#1126=VERTEX_POINT('',#3893);
#1127=VERTEX_POINT('',#3895);
#1128=VERTEX_POINT('',#3897);
#1129=VERTEX_POINT('',#3899);
#1130=VERTEX_POINT('',#3901);
#1131=VERTEX_POINT('',#3904);
#1132=VERTEX_POINT('',#3905);
#1133=VERTEX_POINT('',#3907);
#1134=VERTEX_POINT('',#3909);
#1135=VERTEX_POINT('',#3911);
#1136=VERTEX_POINT('',#3913);
#1137=VERTEX_POINT('',#3915);
#1138=VERTEX_POINT('',#3917);
#1139=VERTEX_POINT('',#3919);
#1140=VERTEX_POINT('',#3921);
#1141=VERTEX_POINT('',#3923);
#1142=VERTEX_POINT('',#3925);
#1143=VERTEX_POINT('',#3927);
#1144=VERTEX_POINT('',#3929);
#1145=VERTEX_POINT('',#3931);
#1146=VERTEX_POINT('',#3933);
#1147=VERTEX_POINT('',#3935);
#1148=VERTEX_POINT('',#3938);
#1149=VERTEX_POINT('',#3939);
#1150=VERTEX_POINT('',#3941);
#1151=VERTEX_POINT('',#3943);
#1152=VERTEX_POINT('',#3945);
#1153=VERTEX_POINT('',#3947);
#1154=VERTEX_POINT('',#3949);
#1155=VERTEX_POINT('',#3951);
#1156=VERTEX_POINT('',#3953);
#1157=VERTEX_POINT('',#3955);
#1158=VERTEX_POINT('',#3957);
#1159=VERTEX_POINT('',#3959);
#1160=VERTEX_POINT('',#3961);
#1161=VERTEX_POINT('',#3963);
#1162=VERTEX_POINT('',#3965);
#1163=VERTEX_POINT('',#3967);
#1164=VERTEX_POINT('',#3969);
#1165=VERTEX_POINT('',#3972);
#1166=VERTEX_POINT('',#3973);
#1167=VERTEX_POINT('',#3975);
#1168=VERTEX_POINT('',#3977);
#1169=VERTEX_POINT('',#3979);
#1170=VERTEX_POINT('',#3981);
#1171=VERTEX_POINT('',#3983);
#1172=VERTEX_POINT('',#3985);
#1173=VERTEX_POINT('',#3987);
#1174=VERTEX_POINT('',#3989);
#1175=VERTEX_POINT('',#3991);
#1176=VERTEX_POINT('',#3993);
#1177=VERTEX_POINT('',#3995);
#1178=VERTEX_POINT('',#3997);
#1179=VERTEX_POINT('',#3999);
#1180=VERTEX_POINT('',#4001);
#1181=VERTEX_POINT('',#4003);
#1182=VERTEX_POINT('',#4006);
#1183=VERTEX_POINT('',#4131);
#1184=VERTEX_POINT('',#4255);
#1185=VERTEX_POINT('',#4256);
#1186=VERTEX_POINT('',#4258);
#1187=VERTEX_POINT('',#4260);
#1188=VERTEX_POINT('',#4262);
#1189=VERTEX_POINT('',#4264);
#1190=VERTEX_POINT('',#4266);
#1191=VERTEX_POINT('',#4268);
#1192=VERTEX_POINT('',#4270);
#1193=VERTEX_POINT('',#4272);
#1194=VERTEX_POINT('',#4274);
#1195=VERTEX_POINT('',#4276);
#1196=VERTEX_POINT('',#4280);
#1197=VERTEX_POINT('',#4282);
#1198=VERTEX_POINT('',#4284);
#1199=VERTEX_POINT('',#4286);
#1200=VERTEX_POINT('',#4288);
#1201=VERTEX_POINT('',#4290);
#1202=VERTEX_POINT('',#4292);
#1203=VERTEX_POINT('',#4294);
#1204=VERTEX_POINT('',#4297);
#1205=VERTEX_POINT('',#4298);
#1206=VERTEX_POINT('',#4300);
#1207=VERTEX_POINT('',#4302);
#1208=VERTEX_POINT('',#4304);
#1209=VERTEX_POINT('',#4306);
#1210=VERTEX_POINT('',#4308);
#1211=VERTEX_POINT('',#4310);
#1212=VERTEX_POINT('',#4312);
#1213=VERTEX_POINT('',#4314);
#1214=VERTEX_POINT('',#4316);
#1215=VERTEX_POINT('',#4318);
#1216=VERTEX_POINT('',#4321);
#1217=VERTEX_POINT('',#4323);
#1218=VERTEX_POINT('',#4325);
#1219=VERTEX_POINT('',#4327);
#1220=VERTEX_POINT('',#4349);
#1221=VERTEX_POINT('',#4353);
#1222=VERTEX_POINT('',#4357);
#1223=VERTEX_POINT('',#4361);
#1224=VERTEX_POINT('',#4365);
#1225=VERTEX_POINT('',#4369);
#1226=VERTEX_POINT('',#4391);
#1227=VERTEX_POINT('',#4393);
#1228=VERTEX_POINT('',#4397);
#1229=VERTEX_POINT('',#4403);
#1230=VERTEX_POINT('',#4405);
#1231=VERTEX_POINT('',#4409);
#1232=VERTEX_POINT('',#4415);
#1233=VERTEX_POINT('',#4417);
#1234=VERTEX_POINT('',#4421);
#1235=VERTEX_POINT('',#4427);
#1236=VERTEX_POINT('',#4429);
#1237=VERTEX_POINT('',#4433);
#1238=VERTEX_POINT('',#4439);
#1239=VERTEX_POINT('',#4441);
#1240=VERTEX_POINT('',#4445);
#1241=VERTEX_POINT('',#4451);
#1242=VERTEX_POINT('',#4453);
#1243=VERTEX_POINT('',#4456);
#1244=VERTEX_POINT('',#4458);
#1245=VERTEX_POINT('',#4461);
#1246=VERTEX_POINT('',#4463);
#1247=VERTEX_POINT('',#4466);
#1248=VERTEX_POINT('',#4468);
#1249=VERTEX_POINT('',#4497);
#1250=VERTEX_POINT('',#4499);
#1251=VERTEX_POINT('',#4503);
#1252=VERTEX_POINT('',#4505);
#1253=VERTEX_POINT('',#4508);
#1254=VERTEX_POINT('',#4510);
#1255=VERTEX_POINT('',#4513);
#1256=VERTEX_POINT('',#4515);
#1257=VERTEX_POINT('',#4520);
#1258=VERTEX_POINT('',#4522);
#1259=VERTEX_POINT('',#4525);
#1260=VERTEX_POINT('',#4527);
#1261=VERTEX_POINT('',#4530);
#1262=VERTEX_POINT('',#4532);
#1263=VERTEX_POINT('',#4535);
#1264=VERTEX_POINT('',#4537);
#1265=VERTEX_POINT('',#4541);
#1266=VERTEX_POINT('',#4543);
#1267=VERTEX_POINT('',#4547);
#1268=VERTEX_POINT('',#4549);
#1269=VERTEX_POINT('',#4552);
#1270=VERTEX_POINT('',#4554);
#1271=VERTEX_POINT('',#4557);
#1272=VERTEX_POINT('',#4559);
#1273=VERTEX_POINT('',#4565);
#1274=VERTEX_POINT('',#4567);
#1275=VERTEX_POINT('',#4576);
#1276=VERTEX_POINT('',#4577);
#1277=VERTEX_POINT('',#4587);
#1278=VERTEX_POINT('',#4588);
#1279=VERTEX_POINT('',#4598);
#1280=VERTEX_POINT('',#4600);
#1281=VERTEX_POINT('',#4609);
#1282=VERTEX_POINT('',#4611);
#1283=VERTEX_POINT('',#4620);
#1284=VERTEX_POINT('',#4621);
#1285=VERTEX_POINT('',#4631);
#1286=VERTEX_POINT('',#4632);
#1287=VERTEX_POINT('',#4642);
#1288=VERTEX_POINT('',#4644);
#1289=VERTEX_POINT('',#4653);
#1290=VERTEX_POINT('',#4654);
#1291=VERTEX_POINT('',#4664);
#1292=VERTEX_POINT('',#4666);
#1293=VERTEX_POINT('',#4675);
#1294=VERTEX_POINT('',#4677);
#1295=VERTEX_POINT('',#4686);
#1296=VERTEX_POINT('',#4688);
#1297=VERTEX_POINT('',#4697);
#1298=VERTEX_POINT('',#4699);
#1299=VERTEX_POINT('',#4708);
#1300=VERTEX_POINT('',#4710);
#1301=VERTEX_POINT('',#4719);
#1302=VERTEX_POINT('',#4721);
#1303=VERTEX_POINT('',#4730);
#1304=VERTEX_POINT('',#4732);
#1305=VERTEX_POINT('',#4741);
#1306=VERTEX_POINT('',#4865);
#1307=EDGE_CURVE('',#1055,#1056,#481,.T.);
#1308=EDGE_CURVE('',#1055,#1057,#482,.T.);
#1309=EDGE_CURVE('',#1057,#1058,#483,.T.);
#1310=EDGE_CURVE('',#1058,#1056,#484,.T.);
#1311=EDGE_CURVE('',#1059,#1060,#485,.T.);
#1312=EDGE_CURVE('',#1061,#1059,#486,.T.);
#1313=EDGE_CURVE('',#1062,#1061,#487,.T.);
#1314=EDGE_CURVE('',#1060,#1062,#488,.T.);
#1315=EDGE_CURVE('',#1063,#1064,#489,.T.);
#1316=EDGE_CURVE('',#1063,#1065,#490,.T.);
#1317=EDGE_CURVE('',#1066,#1065,#491,.T.);
#1318=EDGE_CURVE('',#1066,#1064,#492,.T.);
#1319=EDGE_CURVE('',#1067,#1068,#493,.T.);
#1320=EDGE_CURVE('',#1068,#1056,#494,.T.);
#1321=EDGE_CURVE('',#1058,#1069,#495,.T.);
#1322=EDGE_CURVE('',#1070,#1069,#496,.T.);
#1323=EDGE_CURVE('',#1071,#1070,#497,.T.);
#1324=EDGE_CURVE('',#1072,#1071,#498,.T.);
#1325=EDGE_CURVE('',#1073,#1072,#499,.T.);
#1326=EDGE_CURVE('',#1074,#1073,#500,.T.);
#1327=EDGE_CURVE('',#1075,#1074,#501,.T.);
#1328=EDGE_CURVE('',#1076,#1075,#502,.T.);
#1329=EDGE_CURVE('',#1063,#1076,#503,.T.);
#1330=EDGE_CURVE('',#1064,#1077,#504,.T.);
#1331=EDGE_CURVE('',#1077,#1078,#505,.T.);
#1332=EDGE_CURVE('',#1078,#1079,#506,.T.);
#1333=EDGE_CURVE('',#1079,#1080,#507,.T.);
#1334=EDGE_CURVE('',#1080,#1081,#508,.T.);
#1335=EDGE_CURVE('',#1081,#1082,#509,.T.);
#1336=EDGE_CURVE('',#1067,#1082,#510,.T.);
#1337=EDGE_CURVE('',#1083,#1084,#511,.T.);
#1338=EDGE_CURVE('',#1083,#1085,#512,.T.);
#1339=EDGE_CURVE('',#1086,#1085,#513,.T.);
#1340=EDGE_CURVE('',#1086,#1084,#514,.F.);
#1341=EDGE_CURVE('',#1087,#1088,#515,.T.);
#1342=EDGE_CURVE('',#1087,#1089,#516,.T.);
#1343=EDGE_CURVE('',#1089,#1090,#517,.T.);
#1344=EDGE_CURVE('',#1090,#1091,#518,.T.);
#1345=EDGE_CURVE('',#1091,#1092,#519,.T.);
#1346=EDGE_CURVE('',#1092,#1093,#520,.T.);
#1347=EDGE_CURVE('',#1094,#1093,#521,.T.);
#1348=EDGE_CURVE('',#1088,#1094,#522,.T.);
#1349=EDGE_CURVE('',#1060,#1089,#523,.T.);
#1350=EDGE_CURVE('',#1090,#1062,#524,.T.);
#1351=EDGE_CURVE('',#1092,#1059,#525,.T.);
#1352=EDGE_CURVE('',#1091,#1061,#526,.T.);
#1353=EDGE_CURVE('',#1093,#1095,#527,.T.);
#1354=EDGE_CURVE('',#1096,#1095,#528,.T.);
#1355=EDGE_CURVE('',#1094,#1096,#529,.T.);
#1356=EDGE_CURVE('',#1097,#1098,#530,.T.);
#1357=EDGE_CURVE('',#1097,#1087,#531,.T.);
#1358=EDGE_CURVE('',#1088,#1098,#532,.T.);
#1359=EDGE_CURVE('',#1099,#1095,#533,.T.);
#1360=EDGE_CURVE('',#1099,#1100,#534,.T.);
#1361=EDGE_CURVE('',#1100,#1101,#535,.T.);
#1362=EDGE_CURVE('',#1102,#1101,#536,.T.);
#1363=EDGE_CURVE('',#1102,#1103,#537,.T.);
#1364=EDGE_CURVE('',#1103,#1104,#538,.T.);
#1365=EDGE_CURVE('',#1104,#1105,#539,.T.);
#1366=EDGE_CURVE('',#1105,#1106,#540,.T.);
#1367=EDGE_CURVE('',#1106,#1107,#541,.T.);
#1368=EDGE_CURVE('',#1107,#1066,#542,.T.);
#1369=EDGE_CURVE('',#1108,#1065,#543,.T.);
#1370=EDGE_CURVE('',#1097,#1108,#544,.T.);
#1371=EDGE_CURVE('',#1098,#1096,#545,.T.);
#1372=EDGE_CURVE('',#1109,#1109,#77,.F.);
#1373=EDGE_CURVE('',#1110,#1110,#78,.F.);
#1374=EDGE_CURVE('',#1111,#1111,#79,.F.);
#1375=EDGE_CURVE('',#1112,#1112,#80,.F.);
#1376=EDGE_CURVE('',#1113,#1113,#81,.F.);
#1377=EDGE_CURVE('',#1114,#1115,#82,.T.);
#1378=EDGE_CURVE('',#1114,#1116,#546,.T.);
#1379=EDGE_CURVE('',#1117,#1116,#83,.F.);
#1380=EDGE_CURVE('',#1118,#1117,#547,.T.);
#1381=EDGE_CURVE('',#1118,#1119,#84,.T.);
#1382=EDGE_CURVE('',#1119,#1120,#548,.T.);
#1383=EDGE_CURVE('',#1121,#1120,#85,.F.);
#1384=EDGE_CURVE('',#1122,#1121,#86,.F.);
#1385=EDGE_CURVE('',#1123,#1122,#549,.T.);
#1386=EDGE_CURVE('',#1124,#1123,#87,.T.);
#1387=EDGE_CURVE('',#1124,#1125,#550,.T.);
#1388=EDGE_CURVE('',#1126,#1125,#88,.F.);
#1389=EDGE_CURVE('',#1127,#1126,#551,.T.);
#1390=EDGE_CURVE('',#1127,#1128,#89,.T.);
#1391=EDGE_CURVE('',#1128,#1129,#552,.T.);
#1392=EDGE_CURVE('',#1130,#1129,#90,.F.);
#1393=EDGE_CURVE('',#1115,#1130,#553,.T.);
#1394=EDGE_CURVE('',#1131,#1132,#91,.T.);
#1395=EDGE_CURVE('',#1131,#1133,#554,.T.);
#1396=EDGE_CURVE('',#1133,#1134,#92,.T.);
#1397=EDGE_CURVE('',#1135,#1134,#555,.T.);
#1398=EDGE_CURVE('',#1135,#1136,#93,.T.);
#1399=EDGE_CURVE('',#1136,#1137,#556,.T.);
#1400=EDGE_CURVE('',#1137,#1138,#94,.T.);
#1401=EDGE_CURVE('',#1138,#1139,#95,.T.);
#1402=EDGE_CURVE('',#1140,#1139,#557,.T.);
#1403=EDGE_CURVE('',#1141,#1140,#96,.T.);
#1404=EDGE_CURVE('',#1141,#1142,#558,.T.);
#1405=EDGE_CURVE('',#1142,#1143,#97,.T.);
#1406=EDGE_CURVE('',#1144,#1143,#559,.T.);
#1407=EDGE_CURVE('',#1144,#1145,#98,.T.);
#1408=EDGE_CURVE('',#1145,#1146,#560,.T.);
#1409=EDGE_CURVE('',#1146,#1147,#99,.T.);
#1410=EDGE_CURVE('',#1132,#1147,#561,.T.);
#1411=EDGE_CURVE('',#1148,#1149,#100,.T.);
#1412=EDGE_CURVE('',#1148,#1150,#562,.T.);
#1413=EDGE_CURVE('',#1150,#1151,#101,.T.);
#1414=EDGE_CURVE('',#1152,#1151,#563,.T.);
#1415=EDGE_CURVE('',#1152,#1153,#102,.T.);
#1416=EDGE_CURVE('',#1153,#1154,#564,.T.);
#1417=EDGE_CURVE('',#1154,#1155,#103,.T.);
#1418=EDGE_CURVE('',#1156,#1155,#565,.T.);
#1419=EDGE_CURVE('',#1157,#1156,#104,.T.);
#1420=EDGE_CURVE('',#1157,#1158,#566,.T.);
#1421=EDGE_CURVE('',#1158,#1159,#105,.T.);
#1422=EDGE_CURVE('',#1160,#1159,#567,.T.);
#1423=EDGE_CURVE('',#1160,#1161,#106,.T.);
#1424=EDGE_CURVE('',#1161,#1162,#568,.T.);
#1425=EDGE_CURVE('',#1162,#1163,#107,.T.);
#1426=EDGE_CURVE('',#1163,#1164,#108,.T.);
#1427=EDGE_CURVE('',#1149,#1164,#569,.T.);
#1428=EDGE_CURVE('',#1165,#1166,#109,.T.);
#1429=EDGE_CURVE('',#1166,#1167,#570,.T.);
#1430=EDGE_CURVE('',#1168,#1167,#110,.F.);
#1431=EDGE_CURVE('',#1169,#1168,#111,.F.);
#1432=EDGE_CURVE('',#1170,#1169,#571,.T.);
#1433=EDGE_CURVE('',#1171,#1170,#112,.T.);
#1434=EDGE_CURVE('',#1171,#1172,#572,.T.);
#1435=EDGE_CURVE('',#1173,#1172,#113,.F.);
#1436=EDGE_CURVE('',#1174,#1173,#573,.T.);
#1437=EDGE_CURVE('',#1174,#1175,#114,.T.);
#1438=EDGE_CURVE('',#1175,#1176,#574,.T.);
#1439=EDGE_CURVE('',#1177,#1176,#115,.F.);
#1440=EDGE_CURVE('',#1178,#1177,#575,.T.);
#1441=EDGE_CURVE('',#1179,#1178,#116,.T.);
#1442=EDGE_CURVE('',#1179,#1180,#576,.T.);
#1443=EDGE_CURVE('',#1181,#1180,#117,.F.);
#1444=EDGE_CURVE('',#1165,#1181,#577,.T.);
#1445=EDGE_CURVE('',#1182,#1182,#51,.T.);
#1446=EDGE_CURVE('',#1183,#1183,#52,.T.);
#1447=EDGE_CURVE('',#1184,#1185,#578,.T.);
#1448=EDGE_CURVE('',#1184,#1186,#579,.T.);
#1449=EDGE_CURVE('',#1187,#1186,#580,.T.);
#1450=EDGE_CURVE('',#1187,#1188,#581,.T.);
#1451=EDGE_CURVE('',#1188,#1189,#582,.T.);
#1452=EDGE_CURVE('',#1189,#1190,#583,.T.);
#1453=EDGE_CURVE('',#1190,#1191,#584,.T.);
#1454=EDGE_CURVE('',#1192,#1191,#585,.T.);
#1455=EDGE_CURVE('',#1192,#1193,#586,.T.);
#1456=EDGE_CURVE('',#1194,#1193,#587,.T.);
#1457=EDGE_CURVE('',#1195,#1194,#588,.T.);
#1458=EDGE_CURVE('',#1185,#1195,#589,.T.);
#1459=EDGE_CURVE('',#1084,#1196,#590,.T.);
#1460=EDGE_CURVE('',#1196,#1197,#591,.T.);
#1461=EDGE_CURVE('',#1197,#1198,#592,.T.);
#1462=EDGE_CURVE('',#1198,#1199,#593,.T.);
#1463=EDGE_CURVE('',#1199,#1200,#594,.T.);
#1464=EDGE_CURVE('',#1200,#1201,#595,.T.);
#1465=EDGE_CURVE('',#1201,#1202,#596,.T.);
#1466=EDGE_CURVE('',#1202,#1203,#597,.T.);
#1467=EDGE_CURVE('',#1203,#1083,#598,.T.);
#1468=EDGE_CURVE('',#1204,#1205,#599,.T.);
#1469=EDGE_CURVE('',#1204,#1206,#600,.T.);
#1470=EDGE_CURVE('',#1206,#1207,#601,.T.);
#1471=EDGE_CURVE('',#1207,#1208,#602,.T.);
#1472=EDGE_CURVE('',#1208,#1209,#603,.T.);
#1473=EDGE_CURVE('',#1210,#1209,#604,.T.);
#1474=EDGE_CURVE('',#1210,#1211,#605,.T.);
#1475=EDGE_CURVE('',#1212,#1211,#606,.T.);
#1476=EDGE_CURVE('',#1213,#1212,#607,.T.);
#1477=EDGE_CURVE('',#1214,#1213,#608,.T.);
#1478=EDGE_CURVE('',#1215,#1214,#609,.T.);
#1479=EDGE_CURVE('',#1215,#1205,#610,.T.);
#1480=EDGE_CURVE('',#1216,#1216,#118,.T.);
#1481=EDGE_CURVE('',#1217,#1217,#119,.T.);
#1482=EDGE_CURVE('',#1218,#1218,#120,.T.);
#1483=EDGE_CURVE('',#1219,#1219,#121,.T.);
#1484=EDGE_CURVE('',#1085,#1076,#611,.T.);
#1485=EDGE_CURVE('',#1086,#1075,#612,.T.);
#1486=EDGE_CURVE('',#1068,#1100,#613,.T.);
#1487=EDGE_CURVE('',#1101,#1067,#614,.T.);
#1488=EDGE_CURVE('',#1102,#1082,#615,.T.);
#1489=EDGE_CURVE('',#1103,#1081,#616,.T.);
#1490=EDGE_CURVE('',#1104,#1080,#617,.T.);
#1491=EDGE_CURVE('',#1105,#1079,#618,.T.);
#1492=EDGE_CURVE('',#1106,#1078,#619,.T.);
#1493=EDGE_CURVE('',#1107,#1077,#620,.T.);
#1494=EDGE_CURVE('',#1220,#1074,#621,.T.);
#1495=EDGE_CURVE('',#1220,#1086,#622,.T.);
#1496=EDGE_CURVE('',#1221,#1073,#623,.T.);
#1497=EDGE_CURVE('',#1221,#1220,#624,.T.);
#1498=EDGE_CURVE('',#1222,#1072,#625,.T.);
#1499=EDGE_CURVE('',#1222,#1221,#626,.T.);
#1500=EDGE_CURVE('',#1223,#1071,#627,.T.);
#1501=EDGE_CURVE('',#1223,#1222,#628,.T.);
#1502=EDGE_CURVE('',#1224,#1070,#629,.T.);
#1503=EDGE_CURVE('',#1224,#1223,#630,.T.);
#1504=EDGE_CURVE('',#1225,#1069,#631,.T.);
#1505=EDGE_CURVE('',#1225,#1224,#632,.T.);
#1506=EDGE_CURVE('',#1057,#1225,#633,.T.);
#1507=EDGE_CURVE('',#1222,#1198,#634,.F.);
#1508=EDGE_CURVE('',#1199,#1223,#635,.F.);
#1509=EDGE_CURVE('',#1200,#1224,#636,.F.);
#1510=EDGE_CURVE('',#1221,#1197,#637,.T.);
#1511=EDGE_CURVE('',#1201,#1225,#638,.T.);
#1512=EDGE_CURVE('',#1220,#1196,#639,.T.);
#1513=EDGE_CURVE('',#1202,#1057,#640,.T.);
#1514=EDGE_CURVE('',#1203,#1055,#641,.T.);
#1515=EDGE_CURVE('',#1226,#1226,#122,.T.);
#1516=EDGE_CURVE('',#1226,#1227,#642,.T.);
#1517=EDGE_CURVE('',#1227,#1227,#123,.T.);
#1518=EDGE_CURVE('',#1109,#1228,#643,.T.);
#1519=EDGE_CURVE('',#1228,#1228,#124,.T.);
#1520=EDGE_CURVE('',#1229,#1229,#125,.T.);
#1521=EDGE_CURVE('',#1229,#1230,#644,.T.);
#1522=EDGE_CURVE('',#1230,#1230,#126,.T.);
#1523=EDGE_CURVE('',#1110,#1231,#645,.T.);
#1524=EDGE_CURVE('',#1231,#1231,#127,.T.);
#1525=EDGE_CURVE('',#1232,#1232,#128,.T.);
#1526=EDGE_CURVE('',#1232,#1233,#646,.T.);
#1527=EDGE_CURVE('',#1233,#1233,#129,.T.);
#1528=EDGE_CURVE('',#1111,#1234,#647,.T.);
#1529=EDGE_CURVE('',#1234,#1234,#130,.T.);
#1530=EDGE_CURVE('',#1235,#1235,#131,.T.);
#1531=EDGE_CURVE('',#1235,#1236,#648,.T.);
#1532=EDGE_CURVE('',#1236,#1236,#132,.T.);
#1533=EDGE_CURVE('',#1112,#1237,#649,.T.);
#1534=EDGE_CURVE('',#1237,#1237,#133,.T.);
#1535=EDGE_CURVE('',#1238,#1238,#134,.T.);
#1536=EDGE_CURVE('',#1238,#1239,#650,.T.);
#1537=EDGE_CURVE('',#1239,#1239,#135,.T.);
#1538=EDGE_CURVE('',#1113,#1240,#651,.T.);
#1539=EDGE_CURVE('',#1240,#1240,#136,.T.);
#1540=EDGE_CURVE('',#1241,#1162,#652,.T.);
#1541=EDGE_CURVE('',#1241,#1242,#137,.F.);
#1542=EDGE_CURVE('',#1242,#1159,#653,.T.);
#1543=EDGE_CURVE('',#1243,#1158,#654,.T.);
#1544=EDGE_CURVE('',#1243,#1244,#138,.F.);
#1545=EDGE_CURVE('',#1244,#1155,#655,.T.);
#1546=EDGE_CURVE('',#1245,#1154,#656,.T.);
#1547=EDGE_CURVE('',#1245,#1246,#139,.F.);
#1548=EDGE_CURVE('',#1246,#1151,#657,.T.);
#1549=EDGE_CURVE('',#1247,#1150,#658,.T.);
#1550=EDGE_CURVE('',#1247,#1248,#140,.F.);
#1551=EDGE_CURVE('',#1248,#1164,#659,.T.);
#1552=EDGE_CURVE('',#1163,#1219,#660,.T.);
#1553=EDGE_CURVE('',#1185,#1206,#661,.T.);
#1554=EDGE_CURVE('',#1184,#1204,#662,.T.);
#1555=EDGE_CURVE('',#1186,#1205,#663,.T.);
#1556=EDGE_CURVE('',#1187,#1215,#664,.T.);
#1557=EDGE_CURVE('',#1188,#1214,#665,.T.);
#1558=EDGE_CURVE('',#1189,#1213,#666,.T.);
#1559=EDGE_CURVE('',#1190,#1212,#667,.T.);
#1560=EDGE_CURVE('',#1191,#1211,#668,.T.);
#1561=EDGE_CURVE('',#1192,#1210,#669,.T.);
#1562=EDGE_CURVE('',#1193,#1209,#670,.T.);
#1563=EDGE_CURVE('',#1194,#1208,#671,.T.);
#1564=EDGE_CURVE('',#1195,#1207,#672,.T.);
#1565=EDGE_CURVE('',#1249,#1172,#673,.T.);
#1566=EDGE_CURVE('',#1250,#1249,#141,.T.);
#1567=EDGE_CURVE('',#1250,#1169,#674,.T.);
#1568=EDGE_CURVE('',#1168,#1218,#675,.T.);
#1569=EDGE_CURVE('',#1251,#1167,#676,.T.);
#1570=EDGE_CURVE('',#1252,#1251,#142,.T.);
#1571=EDGE_CURVE('',#1252,#1181,#677,.T.);
#1572=EDGE_CURVE('',#1253,#1180,#678,.T.);
#1573=EDGE_CURVE('',#1254,#1253,#143,.T.);
#1574=EDGE_CURVE('',#1254,#1177,#679,.T.);
#1575=EDGE_CURVE('',#1255,#1176,#680,.T.);
#1576=EDGE_CURVE('',#1256,#1255,#144,.T.);
#1577=EDGE_CURVE('',#1256,#1173,#681,.T.);
#1578=EDGE_CURVE('',#1121,#1216,#682,.T.);
#1579=EDGE_CURVE('',#1257,#1120,#683,.T.);
#1580=EDGE_CURVE('',#1258,#1257,#145,.T.);
#1581=EDGE_CURVE('',#1258,#1117,#684,.T.);
#1582=EDGE_CURVE('',#1259,#1116,#685,.T.);
#1583=EDGE_CURVE('',#1260,#1259,#146,.T.);
#1584=EDGE_CURVE('',#1260,#1130,#686,.T.);
#1585=EDGE_CURVE('',#1261,#1129,#687,.T.);
#1586=EDGE_CURVE('',#1262,#1261,#147,.T.);
#1587=EDGE_CURVE('',#1262,#1126,#688,.T.);
#1588=EDGE_CURVE('',#1263,#1125,#689,.T.);
#1589=EDGE_CURVE('',#1264,#1263,#148,.T.);
#1590=EDGE_CURVE('',#1264,#1122,#690,.T.);
#1591=EDGE_CURVE('',#1265,#1142,#691,.T.);
#1592=EDGE_CURVE('',#1265,#1266,#149,.F.);
#1593=EDGE_CURVE('',#1266,#1139,#692,.T.);
#1594=EDGE_CURVE('',#1138,#1217,#693,.T.);
#1595=EDGE_CURVE('',#1267,#1137,#694,.T.);
#1596=EDGE_CURVE('',#1267,#1268,#150,.F.);
#1597=EDGE_CURVE('',#1268,#1134,#695,.T.);
#1598=EDGE_CURVE('',#1269,#1133,#696,.T.);
#1599=EDGE_CURVE('',#1269,#1270,#151,.F.);
#1600=EDGE_CURVE('',#1270,#1147,#697,.T.);
#1601=EDGE_CURVE('',#1271,#1146,#698,.T.);
#1602=EDGE_CURVE('',#1271,#1272,#152,.F.);
#1603=EDGE_CURVE('',#1272,#1143,#699,.T.);
#1604=EDGE_CURVE('',#1264,#1273,#700,.T.);
#1605=EDGE_CURVE('',#1263,#1274,#701,.T.);
#1606=EDGE_CURVE('',#1273,#1274,#153,.T.);
#1607=EDGE_CURVE('',#1274,#1124,#702,.T.);
#1608=EDGE_CURVE('',#1273,#1123,#703,.T.);
#1609=EDGE_CURVE('',#1275,#1276,#154,.F.);
#1610=EDGE_CURVE('',#1262,#1276,#704,.T.);
#1611=EDGE_CURVE('',#1261,#1275,#705,.T.);
#1612=EDGE_CURVE('',#1275,#1128,#706,.T.);
#1613=EDGE_CURVE('',#1276,#1127,#707,.T.);
#1614=EDGE_CURVE('',#1277,#1278,#155,.F.);
#1615=EDGE_CURVE('',#1258,#1278,#708,.T.);
#1616=EDGE_CURVE('',#1257,#1277,#709,.T.);
#1617=EDGE_CURVE('',#1277,#1119,#710,.T.);
#1618=EDGE_CURVE('',#1278,#1118,#711,.T.);
#1619=EDGE_CURVE('',#1259,#1279,#712,.T.);
#1620=EDGE_CURVE('',#1280,#1279,#156,.T.);
#1621=EDGE_CURVE('',#1260,#1280,#713,.T.);
#1622=EDGE_CURVE('',#1280,#1115,#714,.T.);
#1623=EDGE_CURVE('',#1279,#1114,#715,.T.);
#1624=EDGE_CURVE('',#1266,#1281,#716,.T.);
#1625=EDGE_CURVE('',#1265,#1282,#717,.T.);
#1626=EDGE_CURVE('',#1281,#1282,#157,.T.);
#1627=EDGE_CURVE('',#1282,#1141,#718,.T.);
#1628=EDGE_CURVE('',#1281,#1140,#719,.T.);
#1629=EDGE_CURVE('',#1283,#1284,#158,.F.);
#1630=EDGE_CURVE('',#1272,#1284,#720,.T.);
#1631=EDGE_CURVE('',#1271,#1283,#721,.T.);
#1632=EDGE_CURVE('',#1283,#1145,#722,.T.);
#1633=EDGE_CURVE('',#1284,#1144,#723,.T.);
#1634=EDGE_CURVE('',#1285,#1286,#159,.F.);
#1635=EDGE_CURVE('',#1268,#1286,#724,.T.);
#1636=EDGE_CURVE('',#1267,#1285,#725,.T.);
#1637=EDGE_CURVE('',#1285,#1136,#726,.T.);
#1638=EDGE_CURVE('',#1286,#1135,#727,.T.);
#1639=EDGE_CURVE('',#1269,#1287,#728,.T.);
#1640=EDGE_CURVE('',#1288,#1287,#160,.T.);
#1641=EDGE_CURVE('',#1270,#1288,#729,.T.);
#1642=EDGE_CURVE('',#1287,#1131,#730,.T.);
#1643=EDGE_CURVE('',#1288,#1132,#731,.T.);
#1644=EDGE_CURVE('',#1289,#1290,#161,.F.);
#1645=EDGE_CURVE('',#1242,#1290,#732,.T.);
#1646=EDGE_CURVE('',#1241,#1289,#733,.T.);
#1647=EDGE_CURVE('',#1289,#1161,#734,.T.);
#1648=EDGE_CURVE('',#1290,#1160,#735,.T.);
#1649=EDGE_CURVE('',#1244,#1291,#736,.T.);
#1650=EDGE_CURVE('',#1243,#1292,#737,.T.);
#1651=EDGE_CURVE('',#1291,#1292,#162,.T.);
#1652=EDGE_CURVE('',#1292,#1157,#738,.T.);
#1653=EDGE_CURVE('',#1291,#1156,#739,.T.);
#1654=EDGE_CURVE('',#1245,#1293,#740,.T.);
#1655=EDGE_CURVE('',#1293,#1294,#163,.F.);
#1656=EDGE_CURVE('',#1246,#1294,#741,.T.);
#1657=EDGE_CURVE('',#1293,#1153,#742,.T.);
#1658=EDGE_CURVE('',#1294,#1152,#743,.T.);
#1659=EDGE_CURVE('',#1247,#1295,#744,.T.);
#1660=EDGE_CURVE('',#1296,#1295,#164,.T.);
#1661=EDGE_CURVE('',#1248,#1296,#745,.T.);
#1662=EDGE_CURVE('',#1295,#1148,#746,.T.);
#1663=EDGE_CURVE('',#1296,#1149,#747,.T.);
#1664=EDGE_CURVE('',#1255,#1297,#748,.T.);
#1665=EDGE_CURVE('',#1297,#1298,#165,.F.);
#1666=EDGE_CURVE('',#1256,#1298,#749,.T.);
#1667=EDGE_CURVE('',#1298,#1174,#750,.T.);
#1668=EDGE_CURVE('',#1297,#1175,#751,.T.);
#1669=EDGE_CURVE('',#1253,#1299,#752,.T.);
#1670=EDGE_CURVE('',#1300,#1299,#166,.T.);
#1671=EDGE_CURVE('',#1254,#1300,#753,.T.);
#1672=EDGE_CURVE('',#1300,#1178,#754,.T.);
#1673=EDGE_CURVE('',#1299,#1179,#755,.T.);
#1674=EDGE_CURVE('',#1249,#1301,#756,.T.);
#1675=EDGE_CURVE('',#1302,#1301,#167,.T.);
#1676=EDGE_CURVE('',#1250,#1302,#757,.T.);
#1677=EDGE_CURVE('',#1302,#1170,#758,.T.);
#1678=EDGE_CURVE('',#1301,#1171,#759,.T.);
#1679=EDGE_CURVE('',#1251,#1303,#760,.T.);
#1680=EDGE_CURVE('',#1303,#1304,#168,.F.);
#1681=EDGE_CURVE('',#1252,#1304,#761,.T.);
#1682=EDGE_CURVE('',#1304,#1165,#762,.T.);
#1683=EDGE_CURVE('',#1303,#1166,#763,.T.);
#1684=EDGE_CURVE('',#1305,#1305,#53,.F.);
#1685=EDGE_CURVE('',#1306,#1306,#54,.F.);
#1686=EDGE_CURVE('',#1183,#1306,#764,.T.);
#1687=EDGE_CURVE('',#1305,#1182,#765,.T.);
#1688=EDGE_CURVE('',#1203,#1099,#766,.T.);
#1689=EDGE_CURVE('',#1083,#1108,#767,.T.);
#1690=ORIENTED_EDGE('',*,*,#1307,.F.);
#1691=ORIENTED_EDGE('',*,*,#1308,.T.);
#1692=ORIENTED_EDGE('',*,*,#1309,.T.);
#1693=ORIENTED_EDGE('',*,*,#1310,.T.);
#1694=ORIENTED_EDGE('',*,*,#1311,.F.);
#1695=ORIENTED_EDGE('',*,*,#1312,.F.);
#1696=ORIENTED_EDGE('',*,*,#1313,.F.);
#1697=ORIENTED_EDGE('',*,*,#1314,.F.);
#1698=ORIENTED_EDGE('',*,*,#1315,.F.);
#1699=ORIENTED_EDGE('',*,*,#1316,.T.);
#1700=ORIENTED_EDGE('',*,*,#1317,.F.);
#1701=ORIENTED_EDGE('',*,*,#1318,.T.);
#1702=ORIENTED_EDGE('',*,*,#1319,.T.);
#1703=ORIENTED_EDGE('',*,*,#1320,.T.);
#1704=ORIENTED_EDGE('',*,*,#1310,.F.);
#1705=ORIENTED_EDGE('',*,*,#1321,.T.);
#1706=ORIENTED_EDGE('',*,*,#1322,.F.);
#1707=ORIENTED_EDGE('',*,*,#1323,.F.);
#1708=ORIENTED_EDGE('',*,*,#1324,.F.);
#1709=ORIENTED_EDGE('',*,*,#1325,.F.);
#1710=ORIENTED_EDGE('',*,*,#1326,.F.);
#1711=ORIENTED_EDGE('',*,*,#1327,.F.);
#1712=ORIENTED_EDGE('',*,*,#1328,.F.);
#1713=ORIENTED_EDGE('',*,*,#1329,.F.);
#1714=ORIENTED_EDGE('',*,*,#1315,.T.);
#1715=ORIENTED_EDGE('',*,*,#1330,.T.);
#1716=ORIENTED_EDGE('',*,*,#1331,.T.);
#1717=ORIENTED_EDGE('',*,*,#1332,.T.);
#1718=ORIENTED_EDGE('',*,*,#1333,.T.);
#1719=ORIENTED_EDGE('',*,*,#1334,.T.);
#1720=ORIENTED_EDGE('',*,*,#1335,.T.);
#1721=ORIENTED_EDGE('',*,*,#1336,.F.);
#1722=ORIENTED_EDGE('',*,*,#1337,.F.);
#1723=ORIENTED_EDGE('',*,*,#1338,.T.);
#1724=ORIENTED_EDGE('',*,*,#1339,.F.);
#1725=ORIENTED_EDGE('',*,*,#1340,.T.);
#1726=ORIENTED_EDGE('',*,*,#1341,.F.);
#1727=ORIENTED_EDGE('',*,*,#1342,.T.);
#1728=ORIENTED_EDGE('',*,*,#1343,.T.);
#1729=ORIENTED_EDGE('',*,*,#1344,.T.);
#1730=ORIENTED_EDGE('',*,*,#1345,.T.);
#1731=ORIENTED_EDGE('',*,*,#1346,.T.);
#1732=ORIENTED_EDGE('',*,*,#1347,.F.);
#1733=ORIENTED_EDGE('',*,*,#1348,.F.);
#1734=ORIENTED_EDGE('',*,*,#1349,.F.);
#1735=ORIENTED_EDGE('',*,*,#1314,.T.);
#1736=ORIENTED_EDGE('',*,*,#1350,.F.);
#1737=ORIENTED_EDGE('',*,*,#1343,.F.);
#1738=ORIENTED_EDGE('',*,*,#1351,.F.);
#1739=ORIENTED_EDGE('',*,*,#1345,.F.);
#1740=ORIENTED_EDGE('',*,*,#1352,.T.);
#1741=ORIENTED_EDGE('',*,*,#1312,.T.);
#1742=ORIENTED_EDGE('',*,*,#1347,.T.);
#1743=ORIENTED_EDGE('',*,*,#1353,.T.);
#1744=ORIENTED_EDGE('',*,*,#1354,.F.);
#1745=ORIENTED_EDGE('',*,*,#1355,.F.);
#1746=ORIENTED_EDGE('',*,*,#1356,.F.);
#1747=ORIENTED_EDGE('',*,*,#1357,.T.);
#1748=ORIENTED_EDGE('',*,*,#1341,.T.);
#1749=ORIENTED_EDGE('',*,*,#1358,.T.);
#1750=ORIENTED_EDGE('',*,*,#1359,.F.);
#1751=ORIENTED_EDGE('',*,*,#1360,.T.);
#1752=ORIENTED_EDGE('',*,*,#1361,.T.);
#1753=ORIENTED_EDGE('',*,*,#1362,.F.);
#1754=ORIENTED_EDGE('',*,*,#1363,.T.);
#1755=ORIENTED_EDGE('',*,*,#1364,.T.);
#1756=ORIENTED_EDGE('',*,*,#1365,.T.);
#1757=ORIENTED_EDGE('',*,*,#1366,.T.);
#1758=ORIENTED_EDGE('',*,*,#1367,.T.);
#1759=ORIENTED_EDGE('',*,*,#1368,.T.);
#1760=ORIENTED_EDGE('',*,*,#1317,.T.);
#1761=ORIENTED_EDGE('',*,*,#1369,.F.);
#1762=ORIENTED_EDGE('',*,*,#1370,.F.);
#1763=ORIENTED_EDGE('',*,*,#1356,.T.);
#1764=ORIENTED_EDGE('',*,*,#1371,.T.);
#1765=ORIENTED_EDGE('',*,*,#1354,.T.);
#1766=ORIENTED_EDGE('',*,*,#1372,.F.);
#1767=ORIENTED_EDGE('',*,*,#1373,.F.);
#1768=ORIENTED_EDGE('',*,*,#1374,.F.);
#1769=ORIENTED_EDGE('',*,*,#1375,.F.);
#1770=ORIENTED_EDGE('',*,*,#1376,.F.);
#1771=ORIENTED_EDGE('',*,*,#1377,.F.);
#1772=ORIENTED_EDGE('',*,*,#1378,.T.);
#1773=ORIENTED_EDGE('',*,*,#1379,.F.);
#1774=ORIENTED_EDGE('',*,*,#1380,.F.);
#1775=ORIENTED_EDGE('',*,*,#1381,.T.);
#1776=ORIENTED_EDGE('',*,*,#1382,.T.);
#1777=ORIENTED_EDGE('',*,*,#1383,.F.);
#1778=ORIENTED_EDGE('',*,*,#1384,.F.);
#1779=ORIENTED_EDGE('',*,*,#1385,.F.);
#1780=ORIENTED_EDGE('',*,*,#1386,.F.);
#1781=ORIENTED_EDGE('',*,*,#1387,.T.);
#1782=ORIENTED_EDGE('',*,*,#1388,.F.);
#1783=ORIENTED_EDGE('',*,*,#1389,.F.);
#1784=ORIENTED_EDGE('',*,*,#1390,.T.);
#1785=ORIENTED_EDGE('',*,*,#1391,.T.);
#1786=ORIENTED_EDGE('',*,*,#1392,.F.);
#1787=ORIENTED_EDGE('',*,*,#1393,.F.);
#1788=ORIENTED_EDGE('',*,*,#1394,.F.);
#1789=ORIENTED_EDGE('',*,*,#1395,.T.);
#1790=ORIENTED_EDGE('',*,*,#1396,.T.);
#1791=ORIENTED_EDGE('',*,*,#1397,.F.);
#1792=ORIENTED_EDGE('',*,*,#1398,.T.);
#1793=ORIENTED_EDGE('',*,*,#1399,.T.);
#1794=ORIENTED_EDGE('',*,*,#1400,.T.);
#1795=ORIENTED_EDGE('',*,*,#1401,.T.);
#1796=ORIENTED_EDGE('',*,*,#1402,.F.);
#1797=ORIENTED_EDGE('',*,*,#1403,.F.);
#1798=ORIENTED_EDGE('',*,*,#1404,.T.);
#1799=ORIENTED_EDGE('',*,*,#1405,.T.);
#1800=ORIENTED_EDGE('',*,*,#1406,.F.);
#1801=ORIENTED_EDGE('',*,*,#1407,.T.);
#1802=ORIENTED_EDGE('',*,*,#1408,.T.);
#1803=ORIENTED_EDGE('',*,*,#1409,.T.);
#1804=ORIENTED_EDGE('',*,*,#1410,.F.);
#1805=ORIENTED_EDGE('',*,*,#1411,.F.);
#1806=ORIENTED_EDGE('',*,*,#1412,.T.);
#1807=ORIENTED_EDGE('',*,*,#1413,.T.);
#1808=ORIENTED_EDGE('',*,*,#1414,.F.);
#1809=ORIENTED_EDGE('',*,*,#1415,.T.);
#1810=ORIENTED_EDGE('',*,*,#1416,.T.);
#1811=ORIENTED_EDGE('',*,*,#1417,.T.);
#1812=ORIENTED_EDGE('',*,*,#1418,.F.);
#1813=ORIENTED_EDGE('',*,*,#1419,.F.);
#1814=ORIENTED_EDGE('',*,*,#1420,.T.);
#1815=ORIENTED_EDGE('',*,*,#1421,.T.);
#1816=ORIENTED_EDGE('',*,*,#1422,.F.);
#1817=ORIENTED_EDGE('',*,*,#1423,.T.);
#1818=ORIENTED_EDGE('',*,*,#1424,.T.);
#1819=ORIENTED_EDGE('',*,*,#1425,.T.);
#1820=ORIENTED_EDGE('',*,*,#1426,.T.);
#1821=ORIENTED_EDGE('',*,*,#1427,.F.);
#1822=ORIENTED_EDGE('',*,*,#1428,.T.);
#1823=ORIENTED_EDGE('',*,*,#1429,.T.);
#1824=ORIENTED_EDGE('',*,*,#1430,.F.);
#1825=ORIENTED_EDGE('',*,*,#1431,.F.);
#1826=ORIENTED_EDGE('',*,*,#1432,.F.);
#1827=ORIENTED_EDGE('',*,*,#1433,.F.);
#1828=ORIENTED_EDGE('',*,*,#1434,.T.);
#1829=ORIENTED_EDGE('',*,*,#1435,.F.);
#1830=ORIENTED_EDGE('',*,*,#1436,.F.);
#1831=ORIENTED_EDGE('',*,*,#1437,.T.);
#1832=ORIENTED_EDGE('',*,*,#1438,.T.);
#1833=ORIENTED_EDGE('',*,*,#1439,.F.);
#1834=ORIENTED_EDGE('',*,*,#1440,.F.);
#1835=ORIENTED_EDGE('',*,*,#1441,.F.);
#1836=ORIENTED_EDGE('',*,*,#1442,.T.);
#1837=ORIENTED_EDGE('',*,*,#1443,.F.);
#1838=ORIENTED_EDGE('',*,*,#1444,.F.);
#1839=ORIENTED_EDGE('',*,*,#1445,.F.);
#1840=ORIENTED_EDGE('',*,*,#1446,.T.);
#1841=ORIENTED_EDGE('',*,*,#1447,.F.);
#1842=ORIENTED_EDGE('',*,*,#1448,.T.);
#1843=ORIENTED_EDGE('',*,*,#1449,.F.);
#1844=ORIENTED_EDGE('',*,*,#1450,.T.);
#1845=ORIENTED_EDGE('',*,*,#1451,.T.);
#1846=ORIENTED_EDGE('',*,*,#1452,.T.);
#1847=ORIENTED_EDGE('',*,*,#1453,.T.);
#1848=ORIENTED_EDGE('',*,*,#1454,.F.);
#1849=ORIENTED_EDGE('',*,*,#1455,.T.);
#1850=ORIENTED_EDGE('',*,*,#1456,.F.);
#1851=ORIENTED_EDGE('',*,*,#1457,.F.);
#1852=ORIENTED_EDGE('',*,*,#1458,.F.);
#1853=ORIENTED_EDGE('',*,*,#1459,.T.);
#1854=ORIENTED_EDGE('',*,*,#1460,.T.);
#1855=ORIENTED_EDGE('',*,*,#1461,.T.);
#1856=ORIENTED_EDGE('',*,*,#1462,.T.);
#1857=ORIENTED_EDGE('',*,*,#1463,.T.);
#1858=ORIENTED_EDGE('',*,*,#1464,.T.);
#1859=ORIENTED_EDGE('',*,*,#1465,.T.);
#1860=ORIENTED_EDGE('',*,*,#1466,.T.);
#1861=ORIENTED_EDGE('',*,*,#1467,.T.);
#1862=ORIENTED_EDGE('',*,*,#1337,.T.);
#1863=ORIENTED_EDGE('',*,*,#1468,.F.);
#1864=ORIENTED_EDGE('',*,*,#1469,.T.);
#1865=ORIENTED_EDGE('',*,*,#1470,.T.);
#1866=ORIENTED_EDGE('',*,*,#1471,.T.);
#1867=ORIENTED_EDGE('',*,*,#1472,.T.);
#1868=ORIENTED_EDGE('',*,*,#1473,.F.);
#1869=ORIENTED_EDGE('',*,*,#1474,.T.);
#1870=ORIENTED_EDGE('',*,*,#1475,.F.);
#1871=ORIENTED_EDGE('',*,*,#1476,.F.);
#1872=ORIENTED_EDGE('',*,*,#1477,.F.);
#1873=ORIENTED_EDGE('',*,*,#1478,.F.);
#1874=ORIENTED_EDGE('',*,*,#1479,.T.);
#1875=ORIENTED_EDGE('',*,*,#1480,.T.);
#1876=ORIENTED_EDGE('',*,*,#1481,.F.);
#1877=ORIENTED_EDGE('',*,*,#1482,.T.);
#1878=ORIENTED_EDGE('',*,*,#1483,.F.);
#1879=ORIENTED_EDGE('',*,*,#1339,.T.);
#1880=ORIENTED_EDGE('',*,*,#1484,.T.);
#1881=ORIENTED_EDGE('',*,*,#1328,.T.);
#1882=ORIENTED_EDGE('',*,*,#1485,.F.);
#1883=ORIENTED_EDGE('',*,*,#1486,.F.);
#1884=ORIENTED_EDGE('',*,*,#1319,.F.);
#1885=ORIENTED_EDGE('',*,*,#1487,.F.);
#1886=ORIENTED_EDGE('',*,*,#1361,.F.);
#1887=ORIENTED_EDGE('',*,*,#1488,.F.);
#1888=ORIENTED_EDGE('',*,*,#1362,.T.);
#1889=ORIENTED_EDGE('',*,*,#1487,.T.);
#1890=ORIENTED_EDGE('',*,*,#1336,.T.);
#1891=ORIENTED_EDGE('',*,*,#1363,.F.);
#1892=ORIENTED_EDGE('',*,*,#1488,.T.);
#1893=ORIENTED_EDGE('',*,*,#1335,.F.);
#1894=ORIENTED_EDGE('',*,*,#1489,.F.);
#1895=ORIENTED_EDGE('',*,*,#1364,.F.);
#1896=ORIENTED_EDGE('',*,*,#1489,.T.);
#1897=ORIENTED_EDGE('',*,*,#1334,.F.);
#1898=ORIENTED_EDGE('',*,*,#1490,.F.);
#1899=ORIENTED_EDGE('',*,*,#1365,.F.);
#1900=ORIENTED_EDGE('',*,*,#1490,.T.);
#1901=ORIENTED_EDGE('',*,*,#1333,.F.);
#1902=ORIENTED_EDGE('',*,*,#1491,.F.);
#1903=ORIENTED_EDGE('',*,*,#1366,.F.);
#1904=ORIENTED_EDGE('',*,*,#1491,.T.);
#1905=ORIENTED_EDGE('',*,*,#1332,.F.);
#1906=ORIENTED_EDGE('',*,*,#1492,.F.);
#1907=ORIENTED_EDGE('',*,*,#1367,.F.);
#1908=ORIENTED_EDGE('',*,*,#1492,.T.);
#1909=ORIENTED_EDGE('',*,*,#1331,.F.);
#1910=ORIENTED_EDGE('',*,*,#1493,.F.);
#1911=ORIENTED_EDGE('',*,*,#1368,.F.);
#1912=ORIENTED_EDGE('',*,*,#1493,.T.);
#1913=ORIENTED_EDGE('',*,*,#1330,.F.);
#1914=ORIENTED_EDGE('',*,*,#1318,.F.);
#1915=ORIENTED_EDGE('',*,*,#1494,.F.);
#1916=ORIENTED_EDGE('',*,*,#1495,.T.);
#1917=ORIENTED_EDGE('',*,*,#1485,.T.);
#1918=ORIENTED_EDGE('',*,*,#1327,.T.);
#1919=ORIENTED_EDGE('',*,*,#1496,.F.);
#1920=ORIENTED_EDGE('',*,*,#1497,.T.);
#1921=ORIENTED_EDGE('',*,*,#1494,.T.);
#1922=ORIENTED_EDGE('',*,*,#1326,.T.);
#1923=ORIENTED_EDGE('',*,*,#1498,.F.);
#1924=ORIENTED_EDGE('',*,*,#1499,.T.);
#1925=ORIENTED_EDGE('',*,*,#1496,.T.);
#1926=ORIENTED_EDGE('',*,*,#1325,.T.);
#1927=ORIENTED_EDGE('',*,*,#1500,.F.);
#1928=ORIENTED_EDGE('',*,*,#1501,.T.);
#1929=ORIENTED_EDGE('',*,*,#1498,.T.);
#1930=ORIENTED_EDGE('',*,*,#1324,.T.);
#1931=ORIENTED_EDGE('',*,*,#1502,.F.);
#1932=ORIENTED_EDGE('',*,*,#1503,.T.);
#1933=ORIENTED_EDGE('',*,*,#1500,.T.);
#1934=ORIENTED_EDGE('',*,*,#1323,.T.);
#1935=ORIENTED_EDGE('',*,*,#1504,.F.);
#1936=ORIENTED_EDGE('',*,*,#1505,.T.);
#1937=ORIENTED_EDGE('',*,*,#1502,.T.);
#1938=ORIENTED_EDGE('',*,*,#1322,.T.);
#1939=ORIENTED_EDGE('',*,*,#1309,.F.);
#1940=ORIENTED_EDGE('',*,*,#1506,.T.);
#1941=ORIENTED_EDGE('',*,*,#1504,.T.);
#1942=ORIENTED_EDGE('',*,*,#1321,.F.);
#1943=ORIENTED_EDGE('',*,*,#1507,.F.);
#1944=ORIENTED_EDGE('',*,*,#1501,.F.);
#1945=ORIENTED_EDGE('',*,*,#1508,.F.);
#1946=ORIENTED_EDGE('',*,*,#1462,.F.);
#1947=ORIENTED_EDGE('',*,*,#1508,.T.);
#1948=ORIENTED_EDGE('',*,*,#1503,.F.);
#1949=ORIENTED_EDGE('',*,*,#1509,.F.);
#1950=ORIENTED_EDGE('',*,*,#1463,.F.);
#1951=ORIENTED_EDGE('',*,*,#1507,.T.);
#1952=ORIENTED_EDGE('',*,*,#1461,.F.);
#1953=ORIENTED_EDGE('',*,*,#1510,.F.);
#1954=ORIENTED_EDGE('',*,*,#1499,.F.);
#1955=ORIENTED_EDGE('',*,*,#1509,.T.);
#1956=ORIENTED_EDGE('',*,*,#1505,.F.);
#1957=ORIENTED_EDGE('',*,*,#1511,.F.);
#1958=ORIENTED_EDGE('',*,*,#1464,.F.);
#1959=ORIENTED_EDGE('',*,*,#1510,.T.);
#1960=ORIENTED_EDGE('',*,*,#1460,.F.);
#1961=ORIENTED_EDGE('',*,*,#1512,.F.);
#1962=ORIENTED_EDGE('',*,*,#1497,.F.);
#1963=ORIENTED_EDGE('',*,*,#1511,.T.);
#1964=ORIENTED_EDGE('',*,*,#1506,.F.);
#1965=ORIENTED_EDGE('',*,*,#1513,.F.);
#1966=ORIENTED_EDGE('',*,*,#1465,.F.);
#1967=ORIENTED_EDGE('',*,*,#1512,.T.);
#1968=ORIENTED_EDGE('',*,*,#1459,.F.);
#1969=ORIENTED_EDGE('',*,*,#1340,.F.);
#1970=ORIENTED_EDGE('',*,*,#1495,.F.);
#1971=ORIENTED_EDGE('',*,*,#1514,.F.);
#1972=ORIENTED_EDGE('',*,*,#1466,.F.);
#1973=ORIENTED_EDGE('',*,*,#1513,.T.);
#1974=ORIENTED_EDGE('',*,*,#1308,.F.);
#1975=ORIENTED_EDGE('',*,*,#1515,.T.);
#1976=ORIENTED_EDGE('',*,*,#1516,.T.);
#1977=ORIENTED_EDGE('',*,*,#1517,.F.);
#1978=ORIENTED_EDGE('',*,*,#1516,.F.);
#1979=ORIENTED_EDGE('',*,*,#1372,.T.);
#1980=ORIENTED_EDGE('',*,*,#1518,.T.);
#1981=ORIENTED_EDGE('',*,*,#1519,.F.);
#1982=ORIENTED_EDGE('',*,*,#1518,.F.);
#1983=ORIENTED_EDGE('',*,*,#1519,.T.);
#1984=ORIENTED_EDGE('',*,*,#1515,.F.);
#1985=ORIENTED_EDGE('',*,*,#1517,.T.);
#1986=ORIENTED_EDGE('',*,*,#1520,.T.);
#1987=ORIENTED_EDGE('',*,*,#1521,.T.);
#1988=ORIENTED_EDGE('',*,*,#1522,.F.);
#1989=ORIENTED_EDGE('',*,*,#1521,.F.);
#1990=ORIENTED_EDGE('',*,*,#1373,.T.);
#1991=ORIENTED_EDGE('',*,*,#1523,.T.);
#1992=ORIENTED_EDGE('',*,*,#1524,.F.);
#1993=ORIENTED_EDGE('',*,*,#1523,.F.);
#1994=ORIENTED_EDGE('',*,*,#1524,.T.);
#1995=ORIENTED_EDGE('',*,*,#1520,.F.);
#1996=ORIENTED_EDGE('',*,*,#1522,.T.);
#1997=ORIENTED_EDGE('',*,*,#1525,.T.);
#1998=ORIENTED_EDGE('',*,*,#1526,.T.);
#1999=ORIENTED_EDGE('',*,*,#1527,.F.);
#2000=ORIENTED_EDGE('',*,*,#1526,.F.);
#2001=ORIENTED_EDGE('',*,*,#1374,.T.);
#2002=ORIENTED_EDGE('',*,*,#1528,.T.);
#2003=ORIENTED_EDGE('',*,*,#1529,.F.);
#2004=ORIENTED_EDGE('',*,*,#1528,.F.);
#2005=ORIENTED_EDGE('',*,*,#1529,.T.);
#2006=ORIENTED_EDGE('',*,*,#1525,.F.);
#2007=ORIENTED_EDGE('',*,*,#1527,.T.);
#2008=ORIENTED_EDGE('',*,*,#1530,.T.);
#2009=ORIENTED_EDGE('',*,*,#1531,.T.);
#2010=ORIENTED_EDGE('',*,*,#1532,.F.);
#2011=ORIENTED_EDGE('',*,*,#1531,.F.);
#2012=ORIENTED_EDGE('',*,*,#1375,.T.);
#2013=ORIENTED_EDGE('',*,*,#1533,.T.);
#2014=ORIENTED_EDGE('',*,*,#1534,.F.);
#2015=ORIENTED_EDGE('',*,*,#1533,.F.);
#2016=ORIENTED_EDGE('',*,*,#1534,.T.);
#2017=ORIENTED_EDGE('',*,*,#1530,.F.);
#2018=ORIENTED_EDGE('',*,*,#1532,.T.);
#2019=ORIENTED_EDGE('',*,*,#1535,.T.);
#2020=ORIENTED_EDGE('',*,*,#1536,.T.);
#2021=ORIENTED_EDGE('',*,*,#1537,.F.);
#2022=ORIENTED_EDGE('',*,*,#1536,.F.);
#2023=ORIENTED_EDGE('',*,*,#1376,.T.);
#2024=ORIENTED_EDGE('',*,*,#1538,.T.);
#2025=ORIENTED_EDGE('',*,*,#1539,.F.);
#2026=ORIENTED_EDGE('',*,*,#1538,.F.);
#2027=ORIENTED_EDGE('',*,*,#1539,.T.);
#2028=ORIENTED_EDGE('',*,*,#1535,.F.);
#2029=ORIENTED_EDGE('',*,*,#1537,.T.);
#2030=ORIENTED_EDGE('',*,*,#1425,.F.);
#2031=ORIENTED_EDGE('',*,*,#1540,.F.);
#2032=ORIENTED_EDGE('',*,*,#1541,.T.);
#2033=ORIENTED_EDGE('',*,*,#1542,.T.);
#2034=ORIENTED_EDGE('',*,*,#1421,.F.);
#2035=ORIENTED_EDGE('',*,*,#1543,.F.);
#2036=ORIENTED_EDGE('',*,*,#1544,.T.);
#2037=ORIENTED_EDGE('',*,*,#1545,.T.);
#2038=ORIENTED_EDGE('',*,*,#1417,.F.);
#2039=ORIENTED_EDGE('',*,*,#1546,.F.);
#2040=ORIENTED_EDGE('',*,*,#1547,.T.);
#2041=ORIENTED_EDGE('',*,*,#1548,.T.);
#2042=ORIENTED_EDGE('',*,*,#1413,.F.);
#2043=ORIENTED_EDGE('',*,*,#1549,.F.);
#2044=ORIENTED_EDGE('',*,*,#1550,.T.);
#2045=ORIENTED_EDGE('',*,*,#1551,.T.);
#2046=ORIENTED_EDGE('',*,*,#1426,.F.);
#2047=ORIENTED_EDGE('',*,*,#1552,.T.);
#2048=ORIENTED_EDGE('',*,*,#1483,.T.);
#2049=ORIENTED_EDGE('',*,*,#1552,.F.);
#2050=ORIENTED_EDGE('',*,*,#1447,.T.);
#2051=ORIENTED_EDGE('',*,*,#1553,.T.);
#2052=ORIENTED_EDGE('',*,*,#1469,.F.);
#2053=ORIENTED_EDGE('',*,*,#1554,.F.);
#2054=ORIENTED_EDGE('',*,*,#1554,.T.);
#2055=ORIENTED_EDGE('',*,*,#1468,.T.);
#2056=ORIENTED_EDGE('',*,*,#1555,.F.);
#2057=ORIENTED_EDGE('',*,*,#1448,.F.);
#2058=ORIENTED_EDGE('',*,*,#1449,.T.);
#2059=ORIENTED_EDGE('',*,*,#1555,.T.);
#2060=ORIENTED_EDGE('',*,*,#1479,.F.);
#2061=ORIENTED_EDGE('',*,*,#1556,.F.);
#2062=ORIENTED_EDGE('',*,*,#1556,.T.);
#2063=ORIENTED_EDGE('',*,*,#1478,.T.);
#2064=ORIENTED_EDGE('',*,*,#1557,.F.);
#2065=ORIENTED_EDGE('',*,*,#1450,.F.);
#2066=ORIENTED_EDGE('',*,*,#1557,.T.);
#2067=ORIENTED_EDGE('',*,*,#1477,.T.);
#2068=ORIENTED_EDGE('',*,*,#1558,.F.);
#2069=ORIENTED_EDGE('',*,*,#1451,.F.);
#2070=ORIENTED_EDGE('',*,*,#1558,.T.);
#2071=ORIENTED_EDGE('',*,*,#1476,.T.);
#2072=ORIENTED_EDGE('',*,*,#1559,.F.);
#2073=ORIENTED_EDGE('',*,*,#1452,.F.);
#2074=ORIENTED_EDGE('',*,*,#1559,.T.);
#2075=ORIENTED_EDGE('',*,*,#1475,.T.);
#2076=ORIENTED_EDGE('',*,*,#1560,.F.);
#2077=ORIENTED_EDGE('',*,*,#1453,.F.);
#2078=ORIENTED_EDGE('',*,*,#1454,.T.);
#2079=ORIENTED_EDGE('',*,*,#1560,.T.);
#2080=ORIENTED_EDGE('',*,*,#1474,.F.);
#2081=ORIENTED_EDGE('',*,*,#1561,.F.);
#2082=ORIENTED_EDGE('',*,*,#1561,.T.);
#2083=ORIENTED_EDGE('',*,*,#1473,.T.);
#2084=ORIENTED_EDGE('',*,*,#1562,.F.);
#2085=ORIENTED_EDGE('',*,*,#1455,.F.);
#2086=ORIENTED_EDGE('',*,*,#1456,.T.);
#2087=ORIENTED_EDGE('',*,*,#1562,.T.);
#2088=ORIENTED_EDGE('',*,*,#1472,.F.);
#2089=ORIENTED_EDGE('',*,*,#1563,.F.);
#2090=ORIENTED_EDGE('',*,*,#1457,.T.);
#2091=ORIENTED_EDGE('',*,*,#1563,.T.);
#2092=ORIENTED_EDGE('',*,*,#1471,.F.);
#2093=ORIENTED_EDGE('',*,*,#1564,.F.);
#2094=ORIENTED_EDGE('',*,*,#1458,.T.);
#2095=ORIENTED_EDGE('',*,*,#1564,.T.);
#2096=ORIENTED_EDGE('',*,*,#1470,.F.);
#2097=ORIENTED_EDGE('',*,*,#1553,.F.);
#2098=ORIENTED_EDGE('',*,*,#1435,.T.);
#2099=ORIENTED_EDGE('',*,*,#1565,.F.);
#2100=ORIENTED_EDGE('',*,*,#1566,.F.);
#2101=ORIENTED_EDGE('',*,*,#1567,.T.);
#2102=ORIENTED_EDGE('',*,*,#1431,.T.);
#2103=ORIENTED_EDGE('',*,*,#1568,.T.);
#2104=ORIENTED_EDGE('',*,*,#1482,.F.);
#2105=ORIENTED_EDGE('',*,*,#1568,.F.);
#2106=ORIENTED_EDGE('',*,*,#1430,.T.);
#2107=ORIENTED_EDGE('',*,*,#1569,.F.);
#2108=ORIENTED_EDGE('',*,*,#1570,.F.);
#2109=ORIENTED_EDGE('',*,*,#1571,.T.);
#2110=ORIENTED_EDGE('',*,*,#1443,.T.);
#2111=ORIENTED_EDGE('',*,*,#1572,.F.);
#2112=ORIENTED_EDGE('',*,*,#1573,.F.);
#2113=ORIENTED_EDGE('',*,*,#1574,.T.);
#2114=ORIENTED_EDGE('',*,*,#1439,.T.);
#2115=ORIENTED_EDGE('',*,*,#1575,.F.);
#2116=ORIENTED_EDGE('',*,*,#1576,.F.);
#2117=ORIENTED_EDGE('',*,*,#1577,.T.);
#2118=ORIENTED_EDGE('',*,*,#1384,.T.);
#2119=ORIENTED_EDGE('',*,*,#1578,.T.);
#2120=ORIENTED_EDGE('',*,*,#1480,.F.);
#2121=ORIENTED_EDGE('',*,*,#1578,.F.);
#2122=ORIENTED_EDGE('',*,*,#1383,.T.);
#2123=ORIENTED_EDGE('',*,*,#1579,.F.);
#2124=ORIENTED_EDGE('',*,*,#1580,.F.);
#2125=ORIENTED_EDGE('',*,*,#1581,.T.);
#2126=ORIENTED_EDGE('',*,*,#1379,.T.);
#2127=ORIENTED_EDGE('',*,*,#1582,.F.);
#2128=ORIENTED_EDGE('',*,*,#1583,.F.);
#2129=ORIENTED_EDGE('',*,*,#1584,.T.);
#2130=ORIENTED_EDGE('',*,*,#1392,.T.);
#2131=ORIENTED_EDGE('',*,*,#1585,.F.);
#2132=ORIENTED_EDGE('',*,*,#1586,.F.);
#2133=ORIENTED_EDGE('',*,*,#1587,.T.);
#2134=ORIENTED_EDGE('',*,*,#1388,.T.);
#2135=ORIENTED_EDGE('',*,*,#1588,.F.);
#2136=ORIENTED_EDGE('',*,*,#1589,.F.);
#2137=ORIENTED_EDGE('',*,*,#1590,.T.);
#2138=ORIENTED_EDGE('',*,*,#1405,.F.);
#2139=ORIENTED_EDGE('',*,*,#1591,.F.);
#2140=ORIENTED_EDGE('',*,*,#1592,.T.);
#2141=ORIENTED_EDGE('',*,*,#1593,.T.);
#2142=ORIENTED_EDGE('',*,*,#1401,.F.);
#2143=ORIENTED_EDGE('',*,*,#1594,.T.);
#2144=ORIENTED_EDGE('',*,*,#1481,.T.);
#2145=ORIENTED_EDGE('',*,*,#1594,.F.);
#2146=ORIENTED_EDGE('',*,*,#1400,.F.);
#2147=ORIENTED_EDGE('',*,*,#1595,.F.);
#2148=ORIENTED_EDGE('',*,*,#1596,.T.);
#2149=ORIENTED_EDGE('',*,*,#1597,.T.);
#2150=ORIENTED_EDGE('',*,*,#1396,.F.);
#2151=ORIENTED_EDGE('',*,*,#1598,.F.);
#2152=ORIENTED_EDGE('',*,*,#1599,.T.);
#2153=ORIENTED_EDGE('',*,*,#1600,.T.);
#2154=ORIENTED_EDGE('',*,*,#1409,.F.);
#2155=ORIENTED_EDGE('',*,*,#1601,.F.);
#2156=ORIENTED_EDGE('',*,*,#1602,.T.);
#2157=ORIENTED_EDGE('',*,*,#1603,.T.);
#2158=ORIENTED_EDGE('',*,*,#1344,.F.);
#2159=ORIENTED_EDGE('',*,*,#1350,.T.);
#2160=ORIENTED_EDGE('',*,*,#1313,.T.);
#2161=ORIENTED_EDGE('',*,*,#1352,.F.);
#2162=ORIENTED_EDGE('',*,*,#1358,.F.);
#2163=ORIENTED_EDGE('',*,*,#1348,.T.);
#2164=ORIENTED_EDGE('',*,*,#1355,.T.);
#2165=ORIENTED_EDGE('',*,*,#1371,.F.);
#2166=ORIENTED_EDGE('',*,*,#1604,.F.);
#2167=ORIENTED_EDGE('',*,*,#1589,.T.);
#2168=ORIENTED_EDGE('',*,*,#1605,.T.);
#2169=ORIENTED_EDGE('',*,*,#1606,.F.);
#2170=ORIENTED_EDGE('',*,*,#1605,.F.);
#2171=ORIENTED_EDGE('',*,*,#1588,.T.);
#2172=ORIENTED_EDGE('',*,*,#1387,.F.);
#2173=ORIENTED_EDGE('',*,*,#1607,.F.);
#2174=ORIENTED_EDGE('',*,*,#1590,.F.);
#2175=ORIENTED_EDGE('',*,*,#1604,.T.);
#2176=ORIENTED_EDGE('',*,*,#1608,.T.);
#2177=ORIENTED_EDGE('',*,*,#1385,.T.);
#2178=ORIENTED_EDGE('',*,*,#1608,.F.);
#2179=ORIENTED_EDGE('',*,*,#1606,.T.);
#2180=ORIENTED_EDGE('',*,*,#1607,.T.);
#2181=ORIENTED_EDGE('',*,*,#1386,.T.);
#2182=ORIENTED_EDGE('',*,*,#1609,.T.);
#2183=ORIENTED_EDGE('',*,*,#1610,.F.);
#2184=ORIENTED_EDGE('',*,*,#1586,.T.);
#2185=ORIENTED_EDGE('',*,*,#1611,.T.);
#2186=ORIENTED_EDGE('',*,*,#1611,.F.);
#2187=ORIENTED_EDGE('',*,*,#1585,.T.);
#2188=ORIENTED_EDGE('',*,*,#1391,.F.);
#2189=ORIENTED_EDGE('',*,*,#1612,.F.);
#2190=ORIENTED_EDGE('',*,*,#1587,.F.);
#2191=ORIENTED_EDGE('',*,*,#1610,.T.);
#2192=ORIENTED_EDGE('',*,*,#1613,.T.);
#2193=ORIENTED_EDGE('',*,*,#1389,.T.);
#2194=ORIENTED_EDGE('',*,*,#1609,.F.);
#2195=ORIENTED_EDGE('',*,*,#1612,.T.);
#2196=ORIENTED_EDGE('',*,*,#1390,.F.);
#2197=ORIENTED_EDGE('',*,*,#1613,.F.);
#2198=ORIENTED_EDGE('',*,*,#1614,.T.);
#2199=ORIENTED_EDGE('',*,*,#1615,.F.);
#2200=ORIENTED_EDGE('',*,*,#1580,.T.);
#2201=ORIENTED_EDGE('',*,*,#1616,.T.);
#2202=ORIENTED_EDGE('',*,*,#1616,.F.);
#2203=ORIENTED_EDGE('',*,*,#1579,.T.);
#2204=ORIENTED_EDGE('',*,*,#1382,.F.);
#2205=ORIENTED_EDGE('',*,*,#1617,.F.);
#2206=ORIENTED_EDGE('',*,*,#1581,.F.);
#2207=ORIENTED_EDGE('',*,*,#1615,.T.);
#2208=ORIENTED_EDGE('',*,*,#1618,.T.);
#2209=ORIENTED_EDGE('',*,*,#1380,.T.);
#2210=ORIENTED_EDGE('',*,*,#1614,.F.);
#2211=ORIENTED_EDGE('',*,*,#1617,.T.);
#2212=ORIENTED_EDGE('',*,*,#1381,.F.);
#2213=ORIENTED_EDGE('',*,*,#1618,.F.);
#2214=ORIENTED_EDGE('',*,*,#1619,.T.);
#2215=ORIENTED_EDGE('',*,*,#1620,.F.);
#2216=ORIENTED_EDGE('',*,*,#1621,.F.);
#2217=ORIENTED_EDGE('',*,*,#1583,.T.);
#2218=ORIENTED_EDGE('',*,*,#1584,.F.);
#2219=ORIENTED_EDGE('',*,*,#1621,.T.);
#2220=ORIENTED_EDGE('',*,*,#1622,.T.);
#2221=ORIENTED_EDGE('',*,*,#1393,.T.);
#2222=ORIENTED_EDGE('',*,*,#1622,.F.);
#2223=ORIENTED_EDGE('',*,*,#1620,.T.);
#2224=ORIENTED_EDGE('',*,*,#1623,.T.);
#2225=ORIENTED_EDGE('',*,*,#1377,.T.);
#2226=ORIENTED_EDGE('',*,*,#1619,.F.);
#2227=ORIENTED_EDGE('',*,*,#1582,.T.);
#2228=ORIENTED_EDGE('',*,*,#1378,.F.);
#2229=ORIENTED_EDGE('',*,*,#1623,.F.);
#2230=ORIENTED_EDGE('',*,*,#1624,.F.);
#2231=ORIENTED_EDGE('',*,*,#1592,.F.);
#2232=ORIENTED_EDGE('',*,*,#1625,.T.);
#2233=ORIENTED_EDGE('',*,*,#1626,.F.);
#2234=ORIENTED_EDGE('',*,*,#1625,.F.);
#2235=ORIENTED_EDGE('',*,*,#1591,.T.);
#2236=ORIENTED_EDGE('',*,*,#1404,.F.);
#2237=ORIENTED_EDGE('',*,*,#1627,.F.);
#2238=ORIENTED_EDGE('',*,*,#1593,.F.);
#2239=ORIENTED_EDGE('',*,*,#1624,.T.);
#2240=ORIENTED_EDGE('',*,*,#1628,.T.);
#2241=ORIENTED_EDGE('',*,*,#1402,.T.);
#2242=ORIENTED_EDGE('',*,*,#1628,.F.);
#2243=ORIENTED_EDGE('',*,*,#1626,.T.);
#2244=ORIENTED_EDGE('',*,*,#1627,.T.);
#2245=ORIENTED_EDGE('',*,*,#1403,.T.);
#2246=ORIENTED_EDGE('',*,*,#1629,.T.);
#2247=ORIENTED_EDGE('',*,*,#1630,.F.);
#2248=ORIENTED_EDGE('',*,*,#1602,.F.);
#2249=ORIENTED_EDGE('',*,*,#1631,.T.);
#2250=ORIENTED_EDGE('',*,*,#1631,.F.);
#2251=ORIENTED_EDGE('',*,*,#1601,.T.);
#2252=ORIENTED_EDGE('',*,*,#1408,.F.);
#2253=ORIENTED_EDGE('',*,*,#1632,.F.);
#2254=ORIENTED_EDGE('',*,*,#1603,.F.);
#2255=ORIENTED_EDGE('',*,*,#1630,.T.);
#2256=ORIENTED_EDGE('',*,*,#1633,.T.);
#2257=ORIENTED_EDGE('',*,*,#1406,.T.);
#2258=ORIENTED_EDGE('',*,*,#1629,.F.);
#2259=ORIENTED_EDGE('',*,*,#1632,.T.);
#2260=ORIENTED_EDGE('',*,*,#1407,.F.);
#2261=ORIENTED_EDGE('',*,*,#1633,.F.);
#2262=ORIENTED_EDGE('',*,*,#1634,.T.);
#2263=ORIENTED_EDGE('',*,*,#1635,.F.);
#2264=ORIENTED_EDGE('',*,*,#1596,.F.);
#2265=ORIENTED_EDGE('',*,*,#1636,.T.);
#2266=ORIENTED_EDGE('',*,*,#1636,.F.);
#2267=ORIENTED_EDGE('',*,*,#1595,.T.);
#2268=ORIENTED_EDGE('',*,*,#1399,.F.);
#2269=ORIENTED_EDGE('',*,*,#1637,.F.);
#2270=ORIENTED_EDGE('',*,*,#1597,.F.);
#2271=ORIENTED_EDGE('',*,*,#1635,.T.);
#2272=ORIENTED_EDGE('',*,*,#1638,.T.);
#2273=ORIENTED_EDGE('',*,*,#1397,.T.);
#2274=ORIENTED_EDGE('',*,*,#1634,.F.);
#2275=ORIENTED_EDGE('',*,*,#1637,.T.);
#2276=ORIENTED_EDGE('',*,*,#1398,.F.);
#2277=ORIENTED_EDGE('',*,*,#1638,.F.);
#2278=ORIENTED_EDGE('',*,*,#1639,.T.);
#2279=ORIENTED_EDGE('',*,*,#1640,.F.);
#2280=ORIENTED_EDGE('',*,*,#1641,.F.);
#2281=ORIENTED_EDGE('',*,*,#1599,.F.);
#2282=ORIENTED_EDGE('',*,*,#1639,.F.);
#2283=ORIENTED_EDGE('',*,*,#1598,.T.);
#2284=ORIENTED_EDGE('',*,*,#1395,.F.);
#2285=ORIENTED_EDGE('',*,*,#1642,.F.);
#2286=ORIENTED_EDGE('',*,*,#1600,.F.);
#2287=ORIENTED_EDGE('',*,*,#1641,.T.);
#2288=ORIENTED_EDGE('',*,*,#1643,.T.);
#2289=ORIENTED_EDGE('',*,*,#1410,.T.);
#2290=ORIENTED_EDGE('',*,*,#1643,.F.);
#2291=ORIENTED_EDGE('',*,*,#1640,.T.);
#2292=ORIENTED_EDGE('',*,*,#1642,.T.);
#2293=ORIENTED_EDGE('',*,*,#1394,.T.);
#2294=ORIENTED_EDGE('',*,*,#1644,.T.);
#2295=ORIENTED_EDGE('',*,*,#1645,.F.);
#2296=ORIENTED_EDGE('',*,*,#1541,.F.);
#2297=ORIENTED_EDGE('',*,*,#1646,.T.);
#2298=ORIENTED_EDGE('',*,*,#1646,.F.);
#2299=ORIENTED_EDGE('',*,*,#1540,.T.);
#2300=ORIENTED_EDGE('',*,*,#1424,.F.);
#2301=ORIENTED_EDGE('',*,*,#1647,.F.);
#2302=ORIENTED_EDGE('',*,*,#1542,.F.);
#2303=ORIENTED_EDGE('',*,*,#1645,.T.);
#2304=ORIENTED_EDGE('',*,*,#1648,.T.);
#2305=ORIENTED_EDGE('',*,*,#1422,.T.);
#2306=ORIENTED_EDGE('',*,*,#1644,.F.);
#2307=ORIENTED_EDGE('',*,*,#1647,.T.);
#2308=ORIENTED_EDGE('',*,*,#1423,.F.);
#2309=ORIENTED_EDGE('',*,*,#1648,.F.);
#2310=ORIENTED_EDGE('',*,*,#1649,.F.);
#2311=ORIENTED_EDGE('',*,*,#1544,.F.);
#2312=ORIENTED_EDGE('',*,*,#1650,.T.);
#2313=ORIENTED_EDGE('',*,*,#1651,.F.);
#2314=ORIENTED_EDGE('',*,*,#1650,.F.);
#2315=ORIENTED_EDGE('',*,*,#1543,.T.);
#2316=ORIENTED_EDGE('',*,*,#1420,.F.);
#2317=ORIENTED_EDGE('',*,*,#1652,.F.);
#2318=ORIENTED_EDGE('',*,*,#1545,.F.);
#2319=ORIENTED_EDGE('',*,*,#1649,.T.);
#2320=ORIENTED_EDGE('',*,*,#1653,.T.);
#2321=ORIENTED_EDGE('',*,*,#1418,.T.);
#2322=ORIENTED_EDGE('',*,*,#1653,.F.);
#2323=ORIENTED_EDGE('',*,*,#1651,.T.);
#2324=ORIENTED_EDGE('',*,*,#1652,.T.);
#2325=ORIENTED_EDGE('',*,*,#1419,.T.);
#2326=ORIENTED_EDGE('',*,*,#1654,.T.);
#2327=ORIENTED_EDGE('',*,*,#1655,.T.);
#2328=ORIENTED_EDGE('',*,*,#1656,.F.);
#2329=ORIENTED_EDGE('',*,*,#1547,.F.);
#2330=ORIENTED_EDGE('',*,*,#1654,.F.);
#2331=ORIENTED_EDGE('',*,*,#1546,.T.);
#2332=ORIENTED_EDGE('',*,*,#1416,.F.);
#2333=ORIENTED_EDGE('',*,*,#1657,.F.);
#2334=ORIENTED_EDGE('',*,*,#1548,.F.);
#2335=ORIENTED_EDGE('',*,*,#1656,.T.);
#2336=ORIENTED_EDGE('',*,*,#1658,.T.);
#2337=ORIENTED_EDGE('',*,*,#1414,.T.);
#2338=ORIENTED_EDGE('',*,*,#1655,.F.);
#2339=ORIENTED_EDGE('',*,*,#1657,.T.);
#2340=ORIENTED_EDGE('',*,*,#1415,.F.);
#2341=ORIENTED_EDGE('',*,*,#1658,.F.);
#2342=ORIENTED_EDGE('',*,*,#1659,.T.);
#2343=ORIENTED_EDGE('',*,*,#1660,.F.);
#2344=ORIENTED_EDGE('',*,*,#1661,.F.);
#2345=ORIENTED_EDGE('',*,*,#1550,.F.);
#2346=ORIENTED_EDGE('',*,*,#1659,.F.);
#2347=ORIENTED_EDGE('',*,*,#1549,.T.);
#2348=ORIENTED_EDGE('',*,*,#1412,.F.);
#2349=ORIENTED_EDGE('',*,*,#1662,.F.);
#2350=ORIENTED_EDGE('',*,*,#1551,.F.);
#2351=ORIENTED_EDGE('',*,*,#1661,.T.);
#2352=ORIENTED_EDGE('',*,*,#1663,.T.);
#2353=ORIENTED_EDGE('',*,*,#1427,.T.);
#2354=ORIENTED_EDGE('',*,*,#1663,.F.);
#2355=ORIENTED_EDGE('',*,*,#1660,.T.);
#2356=ORIENTED_EDGE('',*,*,#1662,.T.);
#2357=ORIENTED_EDGE('',*,*,#1411,.T.);
#2358=ORIENTED_EDGE('',*,*,#1664,.T.);
#2359=ORIENTED_EDGE('',*,*,#1665,.T.);
#2360=ORIENTED_EDGE('',*,*,#1666,.F.);
#2361=ORIENTED_EDGE('',*,*,#1576,.T.);
#2362=ORIENTED_EDGE('',*,*,#1577,.F.);
#2363=ORIENTED_EDGE('',*,*,#1666,.T.);
#2364=ORIENTED_EDGE('',*,*,#1667,.T.);
#2365=ORIENTED_EDGE('',*,*,#1436,.T.);
#2366=ORIENTED_EDGE('',*,*,#1665,.F.);
#2367=ORIENTED_EDGE('',*,*,#1668,.T.);
#2368=ORIENTED_EDGE('',*,*,#1437,.F.);
#2369=ORIENTED_EDGE('',*,*,#1667,.F.);
#2370=ORIENTED_EDGE('',*,*,#1664,.F.);
#2371=ORIENTED_EDGE('',*,*,#1575,.T.);
#2372=ORIENTED_EDGE('',*,*,#1438,.F.);
#2373=ORIENTED_EDGE('',*,*,#1668,.F.);
#2374=ORIENTED_EDGE('',*,*,#1669,.T.);
#2375=ORIENTED_EDGE('',*,*,#1670,.F.);
#2376=ORIENTED_EDGE('',*,*,#1671,.F.);
#2377=ORIENTED_EDGE('',*,*,#1573,.T.);
#2378=ORIENTED_EDGE('',*,*,#1574,.F.);
#2379=ORIENTED_EDGE('',*,*,#1671,.T.);
#2380=ORIENTED_EDGE('',*,*,#1672,.T.);
#2381=ORIENTED_EDGE('',*,*,#1440,.T.);
#2382=ORIENTED_EDGE('',*,*,#1672,.F.);
#2383=ORIENTED_EDGE('',*,*,#1670,.T.);
#2384=ORIENTED_EDGE('',*,*,#1673,.T.);
#2385=ORIENTED_EDGE('',*,*,#1441,.T.);
#2386=ORIENTED_EDGE('',*,*,#1669,.F.);
#2387=ORIENTED_EDGE('',*,*,#1572,.T.);
#2388=ORIENTED_EDGE('',*,*,#1442,.F.);
#2389=ORIENTED_EDGE('',*,*,#1673,.F.);
#2390=ORIENTED_EDGE('',*,*,#1674,.T.);
#2391=ORIENTED_EDGE('',*,*,#1675,.F.);
#2392=ORIENTED_EDGE('',*,*,#1676,.F.);
#2393=ORIENTED_EDGE('',*,*,#1566,.T.);
#2394=ORIENTED_EDGE('',*,*,#1567,.F.);
#2395=ORIENTED_EDGE('',*,*,#1676,.T.);
#2396=ORIENTED_EDGE('',*,*,#1677,.T.);
#2397=ORIENTED_EDGE('',*,*,#1432,.T.);
#2398=ORIENTED_EDGE('',*,*,#1677,.F.);
#2399=ORIENTED_EDGE('',*,*,#1675,.T.);
#2400=ORIENTED_EDGE('',*,*,#1678,.T.);
#2401=ORIENTED_EDGE('',*,*,#1433,.T.);
#2402=ORIENTED_EDGE('',*,*,#1674,.F.);
#2403=ORIENTED_EDGE('',*,*,#1565,.T.);
#2404=ORIENTED_EDGE('',*,*,#1434,.F.);
#2405=ORIENTED_EDGE('',*,*,#1678,.F.);
#2406=ORIENTED_EDGE('',*,*,#1679,.T.);
#2407=ORIENTED_EDGE('',*,*,#1680,.T.);
#2408=ORIENTED_EDGE('',*,*,#1681,.F.);
#2409=ORIENTED_EDGE('',*,*,#1570,.T.);
#2410=ORIENTED_EDGE('',*,*,#1571,.F.);
#2411=ORIENTED_EDGE('',*,*,#1681,.T.);
#2412=ORIENTED_EDGE('',*,*,#1682,.T.);
#2413=ORIENTED_EDGE('',*,*,#1444,.T.);
#2414=ORIENTED_EDGE('',*,*,#1680,.F.);
#2415=ORIENTED_EDGE('',*,*,#1683,.T.);
#2416=ORIENTED_EDGE('',*,*,#1428,.F.);
#2417=ORIENTED_EDGE('',*,*,#1682,.F.);
#2418=ORIENTED_EDGE('',*,*,#1679,.F.);
#2419=ORIENTED_EDGE('',*,*,#1569,.T.);
#2420=ORIENTED_EDGE('',*,*,#1429,.F.);
#2421=ORIENTED_EDGE('',*,*,#1683,.F.);
#2422=ORIENTED_EDGE('',*,*,#1684,.F.);
#2423=ORIENTED_EDGE('',*,*,#1685,.T.);
#2424=ORIENTED_EDGE('',*,*,#1446,.F.);
#2425=ORIENTED_EDGE('',*,*,#1686,.T.);
#2426=ORIENTED_EDGE('',*,*,#1685,.F.);
#2427=ORIENTED_EDGE('',*,*,#1686,.F.);
#2428=ORIENTED_EDGE('',*,*,#1684,.T.);
#2429=ORIENTED_EDGE('',*,*,#1687,.T.);
#2430=ORIENTED_EDGE('',*,*,#1445,.T.);
#2431=ORIENTED_EDGE('',*,*,#1687,.F.);
#2432=ORIENTED_EDGE('',*,*,#1688,.F.);
#2433=ORIENTED_EDGE('',*,*,#1514,.T.);
#2434=ORIENTED_EDGE('',*,*,#1307,.T.);
#2435=ORIENTED_EDGE('',*,*,#1320,.F.);
#2436=ORIENTED_EDGE('',*,*,#1486,.T.);
#2437=ORIENTED_EDGE('',*,*,#1360,.F.);
#2438=ORIENTED_EDGE('',*,*,#1369,.T.);
#2439=ORIENTED_EDGE('',*,*,#1316,.F.);
#2440=ORIENTED_EDGE('',*,*,#1329,.T.);
#2441=ORIENTED_EDGE('',*,*,#1484,.F.);
#2442=ORIENTED_EDGE('',*,*,#1338,.F.);
#2443=ORIENTED_EDGE('',*,*,#1689,.T.);
#2444=ORIENTED_EDGE('',*,*,#1359,.T.);
#2445=ORIENTED_EDGE('',*,*,#1353,.F.);
#2446=ORIENTED_EDGE('',*,*,#1346,.F.);
#2447=ORIENTED_EDGE('',*,*,#1351,.T.);
#2448=ORIENTED_EDGE('',*,*,#1311,.T.);
#2449=ORIENTED_EDGE('',*,*,#1349,.T.);
#2450=ORIENTED_EDGE('',*,*,#1342,.F.);
#2451=ORIENTED_EDGE('',*,*,#1357,.F.);
#2452=ORIENTED_EDGE('',*,*,#1370,.T.);
#2453=ORIENTED_EDGE('',*,*,#1689,.F.);
#2454=ORIENTED_EDGE('',*,*,#1467,.F.);
#2455=ORIENTED_EDGE('',*,*,#1688,.T.);
#2456=PLANE('',#2729);
#2457=PLANE('',#2730);
#2458=PLANE('',#2731);
#2459=PLANE('',#2732);
#2460=PLANE('',#2733);
#2461=PLANE('',#2734);
#2462=PLANE('',#2735);
#2463=PLANE('',#2736);
#2464=PLANE('',#2737);
#2465=PLANE('',#2738);
#2466=PLANE('',#2739);
#2467=PLANE('',#2781);
#2468=PLANE('',#2782);
#2469=PLANE('',#2787);
#2470=PLANE('',#2788);
#2471=PLANE('',#2789);
#2472=PLANE('',#2790);
#2473=PLANE('',#2791);
#2474=PLANE('',#2792);
#2475=PLANE('',#2793);
#2476=PLANE('',#2794);
#2477=PLANE('',#2795);
#2478=PLANE('',#2796);
#2479=PLANE('',#2797);
#2480=PLANE('',#2798);
#2481=PLANE('',#2799);
#2482=PLANE('',#2800);
#2483=PLANE('',#2801);
#2484=PLANE('',#2802);
#2485=PLANE('',#2803);
#2486=PLANE('',#2804);
#2487=PLANE('',#2805);
#2488=PLANE('',#2806);
#2489=PLANE('',#2807);
#2490=PLANE('',#2808);
#2491=PLANE('',#2809);
#2492=PLANE('',#2810);
#2493=PLANE('',#2816);
#2494=PLANE('',#2817);
#2495=PLANE('',#2823);
#2496=PLANE('',#2824);
#2497=PLANE('',#2830);
#2498=PLANE('',#2831);
#2499=PLANE('',#2837);
#2500=PLANE('',#2838);
#2501=PLANE('',#2844);
#2502=PLANE('',#2845);
#2503=PLANE('',#2851);
#2504=PLANE('',#2852);
#2505=PLANE('',#2853);
#2506=PLANE('',#2854);
#2507=PLANE('',#2855);
#2508=PLANE('',#2856);
#2509=PLANE('',#2857);
#2510=PLANE('',#2858);
#2511=PLANE('',#2859);
#2512=PLANE('',#2860);
#2513=PLANE('',#2861);
#2514=PLANE('',#2862);
#2515=PLANE('',#2878);
#2516=PLANE('',#2879);
#2517=PLANE('',#2880);
#2518=PLANE('',#2882);
#2519=PLANE('',#2883);
#2520=PLANE('',#2885);
#2521=PLANE('',#2887);
#2522=PLANE('',#2888);
#2523=PLANE('',#2890);
#2524=PLANE('',#2892);
#2525=PLANE('',#2893);
#2526=PLANE('',#2895);
#2527=PLANE('',#2897);
#2528=PLANE('',#2899);
#2529=PLANE('',#2900);
#2530=PLANE('',#2902);
#2531=PLANE('',#2903);
#2532=PLANE('',#2905);
#2533=PLANE('',#2907);
#2534=PLANE('',#2908);
#2535=PLANE('',#2910);
#2536=PLANE('',#2912);
#2537=PLANE('',#2913);
#2538=PLANE('',#2915);
#2539=PLANE('',#2917);
#2540=PLANE('',#2918);
#2541=PLANE('',#2920);
#2542=PLANE('',#2922);
#2543=PLANE('',#2923);
#2544=PLANE('',#2925);
#2545=PLANE('',#2927);
#2546=PLANE('',#2928);
#2547=PLANE('',#2930);
#2548=PLANE('',#2932);
#2549=PLANE('',#2933);
#2550=PLANE('',#2935);
#2551=PLANE('',#2937);
#2552=PLANE('',#2938);
#2553=PLANE('',#2940);
#2554=PLANE('',#2942);
#2555=PLANE('',#2944);
#2556=PLANE('',#2945);
#2557=PLANE('',#2947);
#2558=PLANE('',#2949);
#2559=PLANE('',#2950);
#2560=PLANE('',#2952);
#2561=PLANE('',#2954);
#2562=PLANE('',#2955);
#2563=PLANE('',#2957);
#2564=PLANE('',#2959);
#2565=PLANE('',#2960);
#2566=PLANE('',#2961);
#2567=PLANE('',#2962);
#2568=PLANE('',#2963);
#2569=ADVANCED_FACE('',(#169),#2456,.F.);
#2570=ADVANCED_FACE('',(#170),#2457,.F.);
#2571=ADVANCED_FACE('',(#171),#2458,.T.);
#2572=ADVANCED_FACE('',(#172),#2459,.F.);
#2573=ADVANCED_FACE('',(#173),#2460,.T.);
#2574=ADVANCED_FACE('',(#174),#2461,.T.);
#2575=ADVANCED_FACE('',(#175),#2462,.F.);
#2576=ADVANCED_FACE('',(#176),#2463,.F.);
#2577=ADVANCED_FACE('',(#177),#2464,.T.);
#2578=ADVANCED_FACE('',(#178),#2465,.T.);
#2579=ADVANCED_FACE('',(#179,#55,#56,#57,#58,#59,#60,#61,#62,#63,#64),#2466,
 .F.);
#2580=ADVANCED_FACE('',(#180,#65),#2467,.F.);
#2581=ADVANCED_FACE('',(#181,#66,#67,#68,#69,#70),#2468,.T.);
#2582=ADVANCED_FACE('',(#182),#2469,.F.);
#2583=ADVANCED_FACE('',(#183),#2470,.T.);
#2584=ADVANCED_FACE('',(#184),#2471,.F.);
#2585=ADVANCED_FACE('',(#185),#2472,.T.);
#2586=ADVANCED_FACE('',(#186),#2473,.T.);
#2587=ADVANCED_FACE('',(#187),#2474,.T.);
#2588=ADVANCED_FACE('',(#188),#2475,.T.);
#2589=ADVANCED_FACE('',(#189),#2476,.T.);
#2590=ADVANCED_FACE('',(#190),#2477,.T.);
#2591=ADVANCED_FACE('',(#191),#2478,.F.);
#2592=ADVANCED_FACE('',(#192),#2479,.F.);
#2593=ADVANCED_FACE('',(#193),#2480,.F.);
#2594=ADVANCED_FACE('',(#194),#2481,.F.);
#2595=ADVANCED_FACE('',(#195),#2482,.F.);
#2596=ADVANCED_FACE('',(#196),#2483,.F.);
#2597=ADVANCED_FACE('',(#197),#2484,.T.);
#2598=ADVANCED_FACE('',(#198),#2485,.T.);
#2599=ADVANCED_FACE('',(#199),#2486,.T.);
#2600=ADVANCED_FACE('',(#200),#2487,.T.);
#2601=ADVANCED_FACE('',(#201),#2488,.T.);
#2602=ADVANCED_FACE('',(#202),#2489,.T.);
#2603=ADVANCED_FACE('',(#203),#2490,.F.);
#2604=ADVANCED_FACE('',(#204),#2491,.T.);
#2605=ADVANCED_FACE('',(#205),#2492,.T.);
#2606=ADVANCED_FACE('',(#206),#21,.F.);
#2607=ADVANCED_FACE('',(#207),#22,.T.);
#2608=ADVANCED_FACE('',(#208,#71),#2493,.T.);
#2609=ADVANCED_FACE('',(#209),#2494,.F.);
#2610=ADVANCED_FACE('',(#210),#23,.F.);
#2611=ADVANCED_FACE('',(#211),#24,.T.);
#2612=ADVANCED_FACE('',(#212,#72),#2495,.T.);
#2613=ADVANCED_FACE('',(#213),#2496,.F.);
#2614=ADVANCED_FACE('',(#214),#25,.F.);
#2615=ADVANCED_FACE('',(#215),#26,.T.);
#2616=ADVANCED_FACE('',(#216,#73),#2497,.T.);
#2617=ADVANCED_FACE('',(#217),#2498,.F.);
#2618=ADVANCED_FACE('',(#218),#27,.F.);
#2619=ADVANCED_FACE('',(#219),#28,.T.);
#2620=ADVANCED_FACE('',(#220,#74),#2499,.T.);
#2621=ADVANCED_FACE('',(#221),#2500,.F.);
#2622=ADVANCED_FACE('',(#222),#29,.F.);
#2623=ADVANCED_FACE('',(#223),#30,.T.);
#2624=ADVANCED_FACE('',(#224,#75),#2501,.T.);
#2625=ADVANCED_FACE('',(#225),#2502,.F.);
#2626=ADVANCED_FACE('',(#226),#31,.F.);
#2627=ADVANCED_FACE('',(#227),#2503,.T.);
#2628=ADVANCED_FACE('',(#228),#2504,.F.);
#2629=ADVANCED_FACE('',(#229),#2505,.T.);
#2630=ADVANCED_FACE('',(#230),#2506,.F.);
#2631=ADVANCED_FACE('',(#231),#2507,.F.);
#2632=ADVANCED_FACE('',(#232),#2508,.F.);
#2633=ADVANCED_FACE('',(#233),#2509,.F.);
#2634=ADVANCED_FACE('',(#234),#2510,.T.);
#2635=ADVANCED_FACE('',(#235),#2511,.F.);
#2636=ADVANCED_FACE('',(#236),#2512,.T.);
#2637=ADVANCED_FACE('',(#237),#2513,.T.);
#2638=ADVANCED_FACE('',(#238),#2514,.T.);
#2639=ADVANCED_FACE('',(#239),#32,.F.);
#2640=ADVANCED_FACE('',(#240),#33,.F.);
#2641=ADVANCED_FACE('',(#241),#34,.F.);
#2642=ADVANCED_FACE('',(#242),#2515,.F.);
#2643=ADVANCED_FACE('',(#243),#2516,.T.);
#2644=ADVANCED_FACE('',(#244),#2517,.F.);
#2645=ADVANCED_FACE('',(#245),#2518,.T.);
#2646=ADVANCED_FACE('',(#246),#2519,.F.);
#2647=ADVANCED_FACE('',(#247),#35,.T.);
#2648=ADVANCED_FACE('',(#248),#2520,.F.);
#2649=ADVANCED_FACE('',(#249),#2521,.T.);
#2650=ADVANCED_FACE('',(#250),#2522,.F.);
#2651=ADVANCED_FACE('',(#251),#36,.T.);
#2652=ADVANCED_FACE('',(#252),#2523,.F.);
#2653=ADVANCED_FACE('',(#253),#2524,.T.);
#2654=ADVANCED_FACE('',(#254),#2525,.F.);
#2655=ADVANCED_FACE('',(#255),#37,.T.);
#2656=ADVANCED_FACE('',(#256),#2526,.F.);
#2657=ADVANCED_FACE('',(#257),#2527,.F.);
#2658=ADVANCED_FACE('',(#258),#38,.T.);
#2659=ADVANCED_FACE('',(#259),#2528,.T.);
#2660=ADVANCED_FACE('',(#260),#2529,.F.);
#2661=ADVANCED_FACE('',(#261),#2530,.T.);
#2662=ADVANCED_FACE('',(#262),#2531,.F.);
#2663=ADVANCED_FACE('',(#263),#39,.T.);
#2664=ADVANCED_FACE('',(#264),#2532,.F.);
#2665=ADVANCED_FACE('',(#265),#2533,.T.);
#2666=ADVANCED_FACE('',(#266),#2534,.F.);
#2667=ADVANCED_FACE('',(#267),#40,.T.);
#2668=ADVANCED_FACE('',(#268),#2535,.F.);
#2669=ADVANCED_FACE('',(#269),#2536,.T.);
#2670=ADVANCED_FACE('',(#270),#2537,.F.);
#2671=ADVANCED_FACE('',(#271),#41,.T.);
#2672=ADVANCED_FACE('',(#272),#2538,.F.);
#2673=ADVANCED_FACE('',(#273),#2539,.T.);
#2674=ADVANCED_FACE('',(#274),#2540,.F.);
#2675=ADVANCED_FACE('',(#275),#42,.T.);
#2676=ADVANCED_FACE('',(#276),#2541,.F.);
#2677=ADVANCED_FACE('',(#277),#2542,.T.);
#2678=ADVANCED_FACE('',(#278),#2543,.F.);
#2679=ADVANCED_FACE('',(#279),#43,.T.);
#2680=ADVANCED_FACE('',(#280),#2544,.F.);
#2681=ADVANCED_FACE('',(#281),#2545,.T.);
#2682=ADVANCED_FACE('',(#282),#2546,.F.);
#2683=ADVANCED_FACE('',(#283),#44,.T.);
#2684=ADVANCED_FACE('',(#284),#2547,.F.);
#2685=ADVANCED_FACE('',(#285),#2548,.T.);
#2686=ADVANCED_FACE('',(#286),#2549,.F.);
#2687=ADVANCED_FACE('',(#287),#45,.T.);
#2688=ADVANCED_FACE('',(#288),#2550,.F.);
#2689=ADVANCED_FACE('',(#289),#2551,.T.);
#2690=ADVANCED_FACE('',(#290),#2552,.F.);
#2691=ADVANCED_FACE('',(#291),#46,.T.);
#2692=ADVANCED_FACE('',(#292),#2553,.F.);
#2693=ADVANCED_FACE('',(#293),#2554,.F.);
#2694=ADVANCED_FACE('',(#294),#47,.T.);
#2695=ADVANCED_FACE('',(#295),#2555,.T.);
#2696=ADVANCED_FACE('',(#296),#2556,.F.);
#2697=ADVANCED_FACE('',(#297),#2557,.F.);
#2698=ADVANCED_FACE('',(#298),#48,.T.);
#2699=ADVANCED_FACE('',(#299),#2558,.T.);
#2700=ADVANCED_FACE('',(#300),#2559,.F.);
#2701=ADVANCED_FACE('',(#301),#2560,.F.);
#2702=ADVANCED_FACE('',(#302),#49,.T.);
#2703=ADVANCED_FACE('',(#303),#2561,.T.);
#2704=ADVANCED_FACE('',(#304),#2562,.F.);
#2705=ADVANCED_FACE('',(#305),#2563,.F.);
#2706=ADVANCED_FACE('',(#306),#50,.T.);
#2707=ADVANCED_FACE('',(#307),#2564,.T.);
#2708=ADVANCED_FACE('',(#308,#76),#2565,.F.);
#2709=ADVANCED_FACE('',(#309),#19,.T.);
#2710=ADVANCED_FACE('',(#310),#20,.F.);
#2711=ADVANCED_FACE('',(#311),#2566,.F.);
#2712=ADVANCED_FACE('',(#312),#2567,.T.);
#2713=ADVANCED_FACE('',(#313),#2568,.T.);
#2714=CLOSED_SHELL('',(#2569,#2570,#2571,#2572,#2573,#2574,#2575,#2576,
#2577,#2578,#2579,#2580,#2581,#2582,#2583,#2584,#2585,#2586,#2587,#2588,
#2589,#2590,#2591,#2592,#2593,#2594,#2595,#2596,#2597,#2598,#2599,#2600,
#2601,#2602,#2603,#2604,#2605,#2606,#2607,#2608,#2609,#2610,#2611,#2612,
#2613,#2614,#2615,#2616,#2617,#2618,#2619,#2620,#2621,#2622,#2623,#2624,
#2625,#2626,#2627,#2628,#2629,#2630,#2631,#2632,#2633,#2634,#2635,#2636,
#2637,#2638,#2639,#2640,#2641,#2642,#2643,#2644,#2645,#2646,#2647,#2648,
#2649,#2650,#2651,#2652,#2653,#2654,#2655,#2656,#2657,#2658,#2659,#2660,
#2661,#2662,#2663,#2664,#2665,#2666,#2667,#2668,#2669,#2670,#2671,#2672,
#2673,#2674,#2675,#2676,#2677,#2678,#2679,#2680,#2681,#2682,#2683,#2684,
#2685,#2686,#2687,#2688,#2689,#2690,#2691,#2692,#2693,#2694,#2695,#2696,
#2697,#2698,#2699,#2700,#2701,#2702,#2703,#2704,#2705,#2706,#2707,#2708,
#2709,#2710,#2711,#2712,#2713));
#2715=DERIVED_UNIT_ELEMENT(#2717,1.);
#2716=DERIVED_UNIT_ELEMENT(#5496,-3.);
#2717=(
MASS_UNIT()
NAMED_UNIT(*)
SI_UNIT(.KILO.,.GRAM.)
);
#2718=DERIVED_UNIT((#2715,#2716));
#2719=MEASURE_REPRESENTATION_ITEM('density measure',
POSITIVE_RATIO_MEASURE(7850.),#2718);
#2720=PROPERTY_DEFINITION_REPRESENTATION(#2725,#2722);
#2721=PROPERTY_DEFINITION_REPRESENTATION(#2726,#2723);
#2722=REPRESENTATION('material name',(#2724),#5493);
#2723=REPRESENTATION('density',(#2719),#5493);
#2724=DESCRIPTIVE_REPRESENTATION_ITEM('Steel','Steel');
#2725=PROPERTY_DEFINITION('material property','material name',#5508);
#2726=PROPERTY_DEFINITION('material property','density of part',#5508);
#2727=AXIS2_PLACEMENT_3D('',#3728,#2965,#2966);
#2728=AXIS2_PLACEMENT_3D('',#3729,#2967,#2968);
#2729=AXIS2_PLACEMENT_3D('',#3730,#2969,#2970);
#2730=AXIS2_PLACEMENT_3D('',#3739,#2975,#2976);
#2731=AXIS2_PLACEMENT_3D('',#3748,#2981,#2982);
#2732=AXIS2_PLACEMENT_3D('',#3757,#2987,#2988);
#2733=AXIS2_PLACEMENT_3D('',#3792,#3007,#3008);
#2734=AXIS2_PLACEMENT_3D('',#3801,#3013,#3014);
#2735=AXIS2_PLACEMENT_3D('',#3818,#3023,#3024);
#2736=AXIS2_PLACEMENT_3D('',#3821,#3027,#3028);
#2737=AXIS2_PLACEMENT_3D('',#3824,#3031,#3032);
#2738=AXIS2_PLACEMENT_3D('',#3830,#3036,#3037);
#2739=AXIS2_PLACEMENT_3D('',#3836,#3041,#3042);
#2740=AXIS2_PLACEMENT_3D('',#3861,#3056,#3057);
#2741=AXIS2_PLACEMENT_3D('',#3863,#3058,#3059);
#2742=AXIS2_PLACEMENT_3D('',#3865,#3060,#3061);
#2743=AXIS2_PLACEMENT_3D('',#3867,#3062,#3063);
#2744=AXIS2_PLACEMENT_3D('',#3869,#3064,#3065);
#2745=AXIS2_PLACEMENT_3D('',#3872,#3066,#3067);
#2746=AXIS2_PLACEMENT_3D('',#3876,#3069,#3070);
#2747=AXIS2_PLACEMENT_3D('',#3880,#3072,#3073);
#2748=AXIS2_PLACEMENT_3D('',#3884,#3075,#3076);
#2749=AXIS2_PLACEMENT_3D('',#3886,#3077,#3078);
#2750=AXIS2_PLACEMENT_3D('',#3890,#3080,#3081);
#2751=AXIS2_PLACEMENT_3D('',#3894,#3083,#3084);
#2752=AXIS2_PLACEMENT_3D('',#3898,#3086,#3087);
#2753=AXIS2_PLACEMENT_3D('',#3902,#3089,#3090);
#2754=AXIS2_PLACEMENT_3D('',#3906,#3092,#3093);
#2755=AXIS2_PLACEMENT_3D('',#3910,#3095,#3096);
#2756=AXIS2_PLACEMENT_3D('',#3914,#3098,#3099);
#2757=AXIS2_PLACEMENT_3D('',#3918,#3101,#3102);
#2758=AXIS2_PLACEMENT_3D('',#3920,#3103,#3104);
#2759=AXIS2_PLACEMENT_3D('',#3924,#3106,#3107);
#2760=AXIS2_PLACEMENT_3D('',#3928,#3109,#3110);
#2761=AXIS2_PLACEMENT_3D('',#3932,#3112,#3113);
#2762=AXIS2_PLACEMENT_3D('',#3936,#3115,#3116);
#2763=AXIS2_PLACEMENT_3D('',#3940,#3118,#3119);
#2764=AXIS2_PLACEMENT_3D('',#3944,#3121,#3122);
#2765=AXIS2_PLACEMENT_3D('',#3948,#3124,#3125);
#2766=AXIS2_PLACEMENT_3D('',#3952,#3127,#3128);
#2767=AXIS2_PLACEMENT_3D('',#3956,#3130,#3131);
#2768=AXIS2_PLACEMENT_3D('',#3960,#3133,#3134);
#2769=AXIS2_PLACEMENT_3D('',#3964,#3136,#3137);
#2770=AXIS2_PLACEMENT_3D('',#3968,#3139,#3140);
#2771=AXIS2_PLACEMENT_3D('',#3970,#3141,#3142);
#2772=AXIS2_PLACEMENT_3D('',#3974,#3144,#3145);
#2773=AXIS2_PLACEMENT_3D('',#3978,#3147,#3148);
#2774=AXIS2_PLACEMENT_3D('',#3980,#3149,#3150);
#2775=AXIS2_PLACEMENT_3D('',#3984,#3152,#3153);
#2776=AXIS2_PLACEMENT_3D('',#3988,#3155,#3156);
#2777=AXIS2_PLACEMENT_3D('',#3992,#3158,#3159);
#2778=AXIS2_PLACEMENT_3D('',#3996,#3161,#3162);
#2779=AXIS2_PLACEMENT_3D('',#4000,#3164,#3165);
#2780=AXIS2_PLACEMENT_3D('',#4004,#3167,#3168);
#2781=AXIS2_PLACEMENT_3D('',#4130,#3170,#3171);
#2782=AXIS2_PLACEMENT_3D('',#4279,#3184,#3185);
#2783=AXIS2_PLACEMENT_3D('',#4322,#3207,#3208);
#2784=AXIS2_PLACEMENT_3D('',#4324,#3209,#3210);
#2785=AXIS2_PLACEMENT_3D('',#4326,#3211,#3212);
#2786=AXIS2_PLACEMENT_3D('',#4328,#3213,#3214);
#2787=AXIS2_PLACEMENT_3D('',#4329,#3215,#3216);
#2788=AXIS2_PLACEMENT_3D('',#4332,#3219,#3220);
#2789=AXIS2_PLACEMENT_3D('',#4335,#3223,#3224);
#2790=AXIS2_PLACEMENT_3D('',#4337,#3226,#3227);
#2791=AXIS2_PLACEMENT_3D('',#4339,#3229,#3230);
#2792=AXIS2_PLACEMENT_3D('',#4341,#3232,#3233);
#2793=AXIS2_PLACEMENT_3D('',#4343,#3235,#3236);
#2794=AXIS2_PLACEMENT_3D('',#4345,#3238,#3239);
#2795=AXIS2_PLACEMENT_3D('',#4347,#3241,#3242);
#2796=AXIS2_PLACEMENT_3D('',#4348,#3243,#3244);
#2797=AXIS2_PLACEMENT_3D('',#4352,#3247,#3248);
#2798=AXIS2_PLACEMENT_3D('',#4356,#3251,#3252);
#2799=AXIS2_PLACEMENT_3D('',#4360,#3255,#3256);
#2800=AXIS2_PLACEMENT_3D('',#4364,#3259,#3260);
#2801=AXIS2_PLACEMENT_3D('',#4368,#3263,#3264);
#2802=AXIS2_PLACEMENT_3D('',#4372,#3267,#3268);
#2803=AXIS2_PLACEMENT_3D('',#4374,#3270,#3271);
#2804=AXIS2_PLACEMENT_3D('',#4377,#3274,#3275);
#2805=AXIS2_PLACEMENT_3D('',#4379,#3277,#3278);
#2806=AXIS2_PLACEMENT_3D('',#4381,#3280,#3281);
#2807=AXIS2_PLACEMENT_3D('',#4383,#3283,#3284);
#2808=AXIS2_PLACEMENT_3D('',#4385,#3286,#3287);
#2809=AXIS2_PLACEMENT_3D('',#4387,#3289,#3290);
#2810=AXIS2_PLACEMENT_3D('',#4388,#3291,#3292);
#2811=AXIS2_PLACEMENT_3D('',#4390,#3294,#3295);
#2812=AXIS2_PLACEMENT_3D('',#4392,#3296,#3297);
#2813=AXIS2_PLACEMENT_3D('',#4395,#3299,#3300);
#2814=AXIS2_PLACEMENT_3D('',#4396,#3301,#3302);
#2815=AXIS2_PLACEMENT_3D('',#4399,#3304,#3305);
#2816=AXIS2_PLACEMENT_3D('',#4400,#3306,#3307);
#2817=AXIS2_PLACEMENT_3D('',#4401,#3308,#3309);
#2818=AXIS2_PLACEMENT_3D('',#4402,#3310,#3311);
#2819=AXIS2_PLACEMENT_3D('',#4404,#3312,#3313);
#2820=AXIS2_PLACEMENT_3D('',#4407,#3315,#3316);
#2821=AXIS2_PLACEMENT_3D('',#4408,#3317,#3318);
#2822=AXIS2_PLACEMENT_3D('',#4411,#3320,#3321);
#2823=AXIS2_PLACEMENT_3D('',#4412,#3322,#3323);
#2824=AXIS2_PLACEMENT_3D('',#4413,#3324,#3325);
#2825=AXIS2_PLACEMENT_3D('',#4414,#3326,#3327);
#2826=AXIS2_PLACEMENT_3D('',#4416,#3328,#3329);
#2827=AXIS2_PLACEMENT_3D('',#4419,#3331,#3332);
#2828=AXIS2_PLACEMENT_3D('',#4420,#3333,#3334);
#2829=AXIS2_PLACEMENT_3D('',#4423,#3336,#3337);
#2830=AXIS2_PLACEMENT_3D('',#4424,#3338,#3339);
#2831=AXIS2_PLACEMENT_3D('',#4425,#3340,#3341);
#2832=AXIS2_PLACEMENT_3D('',#4426,#3342,#3343);
#2833=AXIS2_PLACEMENT_3D('',#4428,#3344,#3345);
#2834=AXIS2_PLACEMENT_3D('',#4431,#3347,#3348);
#2835=AXIS2_PLACEMENT_3D('',#4432,#3349,#3350);
#2836=AXIS2_PLACEMENT_3D('',#4435,#3352,#3353);
#2837=AXIS2_PLACEMENT_3D('',#4436,#3354,#3355);
#2838=AXIS2_PLACEMENT_3D('',#4437,#3356,#3357);
#2839=AXIS2_PLACEMENT_3D('',#4438,#3358,#3359);
#2840=AXIS2_PLACEMENT_3D('',#4440,#3360,#3361);
#2841=AXIS2_PLACEMENT_3D('',#4443,#3363,#3364);
#2842=AXIS2_PLACEMENT_3D('',#4444,#3365,#3366);
#2843=AXIS2_PLACEMENT_3D('',#4447,#3368,#3369);
#2844=AXIS2_PLACEMENT_3D('',#4448,#3370,#3371);
#2845=AXIS2_PLACEMENT_3D('',#4449,#3372,#3373);
#2846=AXIS2_PLACEMENT_3D('',#4450,#3374,#3375);
#2847=AXIS2_PLACEMENT_3D('',#4454,#3377,#3378);
#2848=AXIS2_PLACEMENT_3D('',#4459,#3381,#3382);
#2849=AXIS2_PLACEMENT_3D('',#4464,#3385,#3386);
#2850=AXIS2_PLACEMENT_3D('',#4469,#3389,#3390);
#2851=AXIS2_PLACEMENT_3D('',#4472,#3393,#3394);
#2852=AXIS2_PLACEMENT_3D('',#4475,#3397,#3398);
#2853=AXIS2_PLACEMENT_3D('',#4477,#3400,#3401);
#2854=AXIS2_PLACEMENT_3D('',#4479,#3403,#3404);
#2855=AXIS2_PLACEMENT_3D('',#4481,#3406,#3407);
#2856=AXIS2_PLACEMENT_3D('',#4483,#3409,#3410);
#2857=AXIS2_PLACEMENT_3D('',#4485,#3412,#3413);
#2858=AXIS2_PLACEMENT_3D('',#4487,#3415,#3416);
#2859=AXIS2_PLACEMENT_3D('',#4489,#3418,#3419);
#2860=AXIS2_PLACEMENT_3D('',#4491,#3421,#3422);
#2861=AXIS2_PLACEMENT_3D('',#4493,#3424,#3425);
#2862=AXIS2_PLACEMENT_3D('',#4495,#3427,#3428);
#2863=AXIS2_PLACEMENT_3D('',#4496,#3429,#3430);
#2864=AXIS2_PLACEMENT_3D('',#4500,#3432,#3433);
#2865=AXIS2_PLACEMENT_3D('',#4506,#3437,#3438);
#2866=AXIS2_PLACEMENT_3D('',#4511,#3441,#3442);
#2867=AXIS2_PLACEMENT_3D('',#4516,#3445,#3446);
#2868=AXIS2_PLACEMENT_3D('',#4518,#3448,#3449);
#2869=AXIS2_PLACEMENT_3D('',#4523,#3452,#3453);
#2870=AXIS2_PLACEMENT_3D('',#4528,#3456,#3457);
#2871=AXIS2_PLACEMENT_3D('',#4533,#3460,#3461);
#2872=AXIS2_PLACEMENT_3D('',#4538,#3464,#3465);
#2873=AXIS2_PLACEMENT_3D('',#4540,#3467,#3468);
#2874=AXIS2_PLACEMENT_3D('',#4544,#3470,#3471);
#2875=AXIS2_PLACEMENT_3D('',#4550,#3475,#3476);
#2876=AXIS2_PLACEMENT_3D('',#4555,#3479,#3480);
#2877=AXIS2_PLACEMENT_3D('',#4560,#3483,#3484);
#2878=AXIS2_PLACEMENT_3D('',#4562,#3486,#3487);
#2879=AXIS2_PLACEMENT_3D('',#4563,#3488,#3489);
#2880=AXIS2_PLACEMENT_3D('',#4564,#3490,#3491);
#2881=AXIS2_PLACEMENT_3D('',#4569,#3494,#3495);
#2882=AXIS2_PLACEMENT_3D('',#4570,#3496,#3497);
#2883=AXIS2_PLACEMENT_3D('',#4572,#3499,#3500);
#2884=AXIS2_PLACEMENT_3D('',#4574,#3502,#3503);
#2885=AXIS2_PLACEMENT_3D('',#4575,#3504,#3505);
#2886=AXIS2_PLACEMENT_3D('',#4578,#3506,#3507);
#2887=AXIS2_PLACEMENT_3D('',#4581,#3510,#3511);
#2888=AXIS2_PLACEMENT_3D('',#4583,#3513,#3514);
#2889=AXIS2_PLACEMENT_3D('',#4585,#3516,#3517);
#2890=AXIS2_PLACEMENT_3D('',#4586,#3518,#3519);
#2891=AXIS2_PLACEMENT_3D('',#4589,#3520,#3521);
#2892=AXIS2_PLACEMENT_3D('',#4592,#3524,#3525);
#2893=AXIS2_PLACEMENT_3D('',#4594,#3527,#3528);
#2894=AXIS2_PLACEMENT_3D('',#4596,#3530,#3531);
#2895=AXIS2_PLACEMENT_3D('',#4597,#3532,#3533);
#2896=AXIS2_PLACEMENT_3D('',#4601,#3535,#3536);
#2897=AXIS2_PLACEMENT_3D('',#4603,#3538,#3539);
#2898=AXIS2_PLACEMENT_3D('',#4605,#3541,#3542);
#2899=AXIS2_PLACEMENT_3D('',#4607,#3544,#3545);
#2900=AXIS2_PLACEMENT_3D('',#4608,#3546,#3547);
#2901=AXIS2_PLACEMENT_3D('',#4613,#3550,#3551);
#2902=AXIS2_PLACEMENT_3D('',#4614,#3552,#3553);
#2903=AXIS2_PLACEMENT_3D('',#4616,#3555,#3556);
#2904=AXIS2_PLACEMENT_3D('',#4618,#3558,#3559);
#2905=AXIS2_PLACEMENT_3D('',#4619,#3560,#3561);
#2906=AXIS2_PLACEMENT_3D('',#4622,#3562,#3563);
#2907=AXIS2_PLACEMENT_3D('',#4625,#3566,#3567);
#2908=AXIS2_PLACEMENT_3D('',#4627,#3569,#3570);
#2909=AXIS2_PLACEMENT_3D('',#4629,#3572,#3573);
#2910=AXIS2_PLACEMENT_3D('',#4630,#3574,#3575);
#2911=AXIS2_PLACEMENT_3D('',#4633,#3576,#3577);
#2912=AXIS2_PLACEMENT_3D('',#4636,#3580,#3581);
#2913=AXIS2_PLACEMENT_3D('',#4638,#3583,#3584);
#2914=AXIS2_PLACEMENT_3D('',#4640,#3586,#3587);
#2915=AXIS2_PLACEMENT_3D('',#4641,#3588,#3589);
#2916=AXIS2_PLACEMENT_3D('',#4645,#3591,#3592);
#2917=AXIS2_PLACEMENT_3D('',#4647,#3594,#3595);
#2918=AXIS2_PLACEMENT_3D('',#4649,#3597,#3598);
#2919=AXIS2_PLACEMENT_3D('',#4651,#3600,#3601);
#2920=AXIS2_PLACEMENT_3D('',#4652,#3602,#3603);
#2921=AXIS2_PLACEMENT_3D('',#4655,#3604,#3605);
#2922=AXIS2_PLACEMENT_3D('',#4658,#3608,#3609);
#2923=AXIS2_PLACEMENT_3D('',#4660,#3611,#3612);
#2924=AXIS2_PLACEMENT_3D('',#4662,#3614,#3615);
#2925=AXIS2_PLACEMENT_3D('',#4663,#3616,#3617);
#2926=AXIS2_PLACEMENT_3D('',#4668,#3620,#3621);
#2927=AXIS2_PLACEMENT_3D('',#4669,#3622,#3623);
#2928=AXIS2_PLACEMENT_3D('',#4671,#3625,#3626);
#2929=AXIS2_PLACEMENT_3D('',#4673,#3628,#3629);
#2930=AXIS2_PLACEMENT_3D('',#4674,#3630,#3631);
#2931=AXIS2_PLACEMENT_3D('',#4678,#3633,#3634);
#2932=AXIS2_PLACEMENT_3D('',#4680,#3636,#3637);
#2933=AXIS2_PLACEMENT_3D('',#4682,#3639,#3640);
#2934=AXIS2_PLACEMENT_3D('',#4684,#3642,#3643);
#2935=AXIS2_PLACEMENT_3D('',#4685,#3644,#3645);
#2936=AXIS2_PLACEMENT_3D('',#4689,#3647,#3648);
#2937=AXIS2_PLACEMENT_3D('',#4691,#3650,#3651);
#2938=AXIS2_PLACEMENT_3D('',#4693,#3653,#3654);
#2939=AXIS2_PLACEMENT_3D('',#4695,#3656,#3657);
#2940=AXIS2_PLACEMENT_3D('',#4696,#3658,#3659);
#2941=AXIS2_PLACEMENT_3D('',#4700,#3661,#3662);
#2942=AXIS2_PLACEMENT_3D('',#4702,#3664,#3665);
#2943=AXIS2_PLACEMENT_3D('',#4704,#3667,#3668);
#2944=AXIS2_PLACEMENT_3D('',#4706,#3670,#3671);
#2945=AXIS2_PLACEMENT_3D('',#4707,#3672,#3673);
#2946=AXIS2_PLACEMENT_3D('',#4711,#3675,#3676);
#2947=AXIS2_PLACEMENT_3D('',#4713,#3678,#3679);
#2948=AXIS2_PLACEMENT_3D('',#4715,#3681,#3682);
#2949=AXIS2_PLACEMENT_3D('',#4717,#3684,#3685);
#2950=AXIS2_PLACEMENT_3D('',#4718,#3686,#3687);
#2951=AXIS2_PLACEMENT_3D('',#4722,#3689,#3690);
#2952=AXIS2_PLACEMENT_3D('',#4724,#3692,#3693);
#2953=AXIS2_PLACEMENT_3D('',#4726,#3695,#3696);
#2954=AXIS2_PLACEMENT_3D('',#4728,#3698,#3699);
#2955=AXIS2_PLACEMENT_3D('',#4729,#3700,#3701);
#2956=AXIS2_PLACEMENT_3D('',#4733,#3703,#3704);
#2957=AXIS2_PLACEMENT_3D('',#4735,#3706,#3707);
#2958=AXIS2_PLACEMENT_3D('',#4737,#3709,#3710);
#2959=AXIS2_PLACEMENT_3D('',#4739,#3712,#3713);
#2960=AXIS2_PLACEMENT_3D('',#4740,#3714,#3715);
#2961=AXIS2_PLACEMENT_3D('',#5483,#3718,#3719);
#2962=AXIS2_PLACEMENT_3D('',#5485,#3721,#3722);
#2963=AXIS2_PLACEMENT_3D('',#5487,#3724,#3725);
#2964=AXIS2_PLACEMENT_3D('',#5488,#3726,#3727);
#2965=DIRECTION('axis',(0.,0.,1.));
#2966=DIRECTION('refdir',(1.,0.,0.));
#2967=DIRECTION('axis',(0.,0.,1.));
#2968=DIRECTION('refdir',(1.,0.,0.));
#2969=DIRECTION('center_axis',(1.35963107344631E-32,-1.,1.110223024625E-16));
#2970=DIRECTION('ref_axis',(0.,-1.110223024625E-16,-1.));
#2971=DIRECTION('',(1.50949372273569E-48,-1.110223024625E-16,-1.));
#2972=DIRECTION('',(1.,0.,-1.224646799147E-16));
#2973=DIRECTION('',(0.,-1.110223024625E-16,-1.));
#2974=DIRECTION('',(-1.,-1.35963107344631E-32,1.50949372273569E-48));
#2975=DIRECTION('center_axis',(1.224646799147E-16,1.110223024625E-16,1.));
#2976=DIRECTION('ref_axis',(1.,-1.35963107344631E-32,-1.224646799147E-16));
#2977=DIRECTION('',(-1.,0.,1.224646799147E-16));
#2978=DIRECTION('',(5.03647233108703E-13,1.,-1.11022302462562E-16));
#2979=DIRECTION('',(1.,-1.26593988547418E-33,-1.224646799147E-16));
#2980=DIRECTION('',(5.03821114425157E-13,-1.,1.11022302462438E-16));
#2981=DIRECTION('center_axis',(1.40450835827601E-32,-1.,1.110223024625E-16));
#2982=DIRECTION('ref_axis',(0.,-1.110223024625E-16,-1.));
#2983=DIRECTION('',(-1.,-1.40450835827601E-32,1.55931751763628E-48));
#2984=DIRECTION('',(-1.50949372273569E-48,1.110223024625E-16,1.));
#2985=DIRECTION('',(1.,4.48772848297003E-34,-1.224646799147E-16));
#2986=DIRECTION('',(0.,-1.110223024625E-16,-1.));
#2987=DIRECTION('center_axis',(0.,1.110223024625E-16,1.));
#2988=DIRECTION('ref_axis',(0.,-1.,1.110223024625E-16));
#2989=DIRECTION('',(-1.,-1.40450835827601E-32,1.55931751763628E-48));
#2990=DIRECTION('',(-1.35963107344631E-32,1.,-1.110223024625E-16));
#2991=DIRECTION('',(0.707106781186548,-0.707106781186548,7.85046229341776E-17));
#2992=DIRECTION('',(0.,1.,-1.110223024625E-16));
#2993=DIRECTION('',(0.707106781186548,0.707106781186548,-7.85046229341776E-17));
#2994=DIRECTION('',(1.,1.35963107344631E-32,-1.50949372273569E-48));
#2995=DIRECTION('',(0.707106781186548,-0.707106781186548,7.85046229341776E-17));
#2996=DIRECTION('',(0.,-1.,1.110223024625E-16));
#2997=DIRECTION('',(-0.707106781186548,-0.707106781186548,7.85046229341776E-17));
#2998=DIRECTION('',(-1.,-1.35963107344631E-32,1.50949372273569E-48));
#2999=DIRECTION('',(-1.35963107344631E-32,1.,-1.110223024625E-16));
#3000=DIRECTION('',(-0.707106781186548,-0.707106781186548,7.85046229341776E-17));
#3001=DIRECTION('',(2.76620237702728E-35,-1.,1.110223024625E-16));
#3002=DIRECTION('',(0.707106781186547,-0.707106781186548,7.85046229341777E-17));
#3003=DIRECTION('',(1.,1.3597154094759E-32,-1.50958735453755E-48));
#3004=DIRECTION('',(0.707106781186548,0.707106781186548,-7.85046229341776E-17));
#3005=DIRECTION('',(-2.76620237702783E-35,1.,-1.110223024625E-16));
#3006=DIRECTION('',(0.707106781186547,-0.707106781186548,7.85046229341777E-17));
#3007=DIRECTION('center_axis',(8.6595605623524E-17,0.70710678118655,0.707106781186545));
#3008=DIRECTION('ref_axis',(1.,3.69778549322349E-32,-1.224646799147E-16));
#3009=DIRECTION('',(-1.,0.,1.224646799147E-16));
#3010=DIRECTION('',(-9.61404351945825E-33,0.707106781186545,-0.70710678118655));
#3011=DIRECTION('',(1.,0.,-1.224646799147E-16));
#3012=DIRECTION('',(-0.28108463771482,0.678598344545845,-0.67859834454585));
#3013=DIRECTION('center_axis',(0.,0.,-1.));
#3014=DIRECTION('ref_axis',(0.,-1.,0.));
#3015=DIRECTION('',(5.03831687518361E-13,-1.,0.));
#3016=DIRECTION('',(1.,1.35963107344631E-32,0.));
#3017=DIRECTION('',(5.03821114425157E-13,-1.,0.));
#3018=DIRECTION('',(1.,1.23303708489889E-32,0.));
#3019=DIRECTION('',(5.03647233108703E-13,1.,0.));
#3020=DIRECTION('',(1.,1.35963107344631E-32,0.));
#3021=DIRECTION('',(5.03673647465816E-13,1.,0.));
#3022=DIRECTION('',(1.,1.09307351237107E-32,0.));
#3023=DIRECTION('center_axis',(-1.,-5.03821114425157E-13,1.22464679914756E-16));
#3024=DIRECTION('ref_axis',(5.03821114425157E-13,-1.,0.));
#3025=DIRECTION('',(-1.224646799147E-16,-1.110223024625E-16,-1.));
#3026=DIRECTION('',(1.224646799147E-16,1.110223024625E-16,1.));
#3027=DIRECTION('center_axis',(1.,-5.03647233108703E-13,-1.22464679914644E-16));
#3028=DIRECTION('ref_axis',(5.03647233108703E-13,1.,0.));
#3029=DIRECTION('',(1.224646799147E-16,1.110223024625E-16,1.));
#3030=DIRECTION('',(1.224646799147E-16,1.110223024625E-16,1.));
#3031=DIRECTION('center_axis',(1.,-5.03673647465816E-13,-1.22464679914644E-16));
#3032=DIRECTION('ref_axis',(5.03673647465816E-13,1.,0.));
#3033=DIRECTION('',(1.224646799147E-16,1.110223024625E-16,1.));
#3034=DIRECTION('',(5.03673647465816E-13,1.,-1.11022302462562E-16));
#3035=DIRECTION('',(1.224646799147E-16,1.110223024625E-16,1.));
#3036=DIRECTION('center_axis',(-1.,-5.03831687518361E-13,1.22464679914756E-16));
#3037=DIRECTION('ref_axis',(5.03831687518361E-13,-1.,0.));
#3038=DIRECTION('',(5.03831687518361E-13,-1.,1.11022302462438E-16));
#3039=DIRECTION('',(-1.224646799147E-16,-1.110223024625E-16,-1.));
#3040=DIRECTION('',(1.224646799147E-16,1.110223024625E-16,1.));
#3041=DIRECTION('center_axis',(1.224646799147E-16,1.110223024625E-16,1.));
#3042=DIRECTION('ref_axis',(1.,-1.35963107344631E-32,-1.224646799147E-16));
#3043=DIRECTION('',(-1.,0.,1.224646799147E-16));
#3044=DIRECTION('',(-1.35963107344631E-32,1.,-1.110223024625E-16));
#3045=DIRECTION('',(1.,4.48772848297003E-34,-1.224646799147E-16));
#3046=DIRECTION('',(-0.707106781186547,0.707106781186548,8.09098268934663E-18));
#3047=DIRECTION('',(2.76620237702785E-35,-1.,1.110223024625E-16));
#3048=DIRECTION('',(-0.707106781186548,-0.707106781186548,1.65100228557702E-16));
#3049=DIRECTION('',(-1.,-8.43360295937018E-37,1.224646799147E-16));
#3050=DIRECTION('',(-0.707106781186547,0.707106781186548,8.09098268934663E-18));
#3051=DIRECTION('',(-2.76620237702724E-35,1.,-1.110223024625E-16));
#3052=DIRECTION('',(0.707106781186548,0.707106781186548,-1.65100228557702E-16));
#3053=DIRECTION('',(-1.35963107344631E-32,1.,-1.110223024625E-16));
#3054=DIRECTION('',(-1.,0.,1.224646799147E-16));
#3055=DIRECTION('',(1.,-2.66557561075239E-33,-1.224646799147E-16));
#3056=DIRECTION('center_axis',(1.224646799147E-16,1.110223024625E-16,1.));
#3057=DIRECTION('ref_axis',(1.,0.,-1.224646799147E-16));
#3058=DIRECTION('center_axis',(1.224646799147E-16,1.110223024625E-16,1.));
#3059=DIRECTION('ref_axis',(1.,0.,-1.224646799147E-16));
#3060=DIRECTION('center_axis',(1.224646799147E-16,1.110223024625E-16,1.));
#3061=DIRECTION('ref_axis',(1.,0.,-1.224646799147E-16));
#3062=DIRECTION('center_axis',(1.224646799147E-16,1.110223024625E-16,1.));
#3063=DIRECTION('ref_axis',(1.,0.,-1.224646799147E-16));
#3064=DIRECTION('center_axis',(1.224646799147E-16,1.110223024625E-16,1.));
#3065=DIRECTION('ref_axis',(1.,0.,-1.224646799147E-16));
#3066=DIRECTION('center_axis',(-1.224646799147E-16,-1.110223024625E-16,
-1.));
#3067=DIRECTION('ref_axis',(-1.,0.,1.224646799147E-16));
#3068=DIRECTION('',(1.35963107344631E-32,-1.,1.110223024625E-16));
#3069=DIRECTION('center_axis',(1.224646799147E-16,1.110223024625E-16,1.));
#3070=DIRECTION('ref_axis',(1.,0.,-1.224646799147E-16));
#3071=DIRECTION('',(1.35963107344631E-32,-1.,1.110223024625E-16));
#3072=DIRECTION('center_axis',(1.224646799147E-16,1.110223024625E-16,1.));
#3073=DIRECTION('ref_axis',(-1.,0.,1.224646799147E-16));
#3074=DIRECTION('',(1.,-1.35963107344631E-32,-1.224646799147E-16));
#3075=DIRECTION('center_axis',(1.224646799147E-16,1.110223024625E-16,1.));
#3076=DIRECTION('ref_axis',(1.,0.,-1.224646799147E-16));
#3077=DIRECTION('center_axis',(1.224646799147E-16,1.110223024625E-16,1.));
#3078=DIRECTION('ref_axis',(1.,0.,-1.224646799147E-16));
#3079=DIRECTION('',(1.,-1.35963107344631E-32,-1.224646799147E-16));
#3080=DIRECTION('center_axis',(-1.224646799147E-16,-1.110223024625E-16,
-1.));
#3081=DIRECTION('ref_axis',(-1.,0.,1.224646799147E-16));
#3082=DIRECTION('',(-1.35963107344631E-32,1.,-1.110223024625E-16));
#3083=DIRECTION('center_axis',(1.224646799147E-16,1.110223024625E-16,1.));
#3084=DIRECTION('ref_axis',(1.,0.,-1.224646799147E-16));
#3085=DIRECTION('',(-1.35963107344631E-32,1.,-1.110223024625E-16));
#3086=DIRECTION('center_axis',(1.224646799147E-16,1.110223024625E-16,1.));
#3087=DIRECTION('ref_axis',(-1.,0.,1.224646799147E-16));
#3088=DIRECTION('',(-1.,1.35963107344631E-32,1.224646799147E-16));
#3089=DIRECTION('center_axis',(1.224646799147E-16,1.110223024625E-16,1.));
#3090=DIRECTION('ref_axis',(1.,0.,-1.224646799147E-16));
#3091=DIRECTION('',(-1.,1.35963107344631E-32,1.224646799147E-16));
#3092=DIRECTION('center_axis',(-1.224646799147E-16,-1.110223024625E-16,
-1.));
#3093=DIRECTION('ref_axis',(-1.,0.,1.224646799147E-16));
#3094=DIRECTION('',(1.35963107344631E-32,-1.,1.110223024625E-16));
#3095=DIRECTION('center_axis',(1.224646799147E-16,1.110223024625E-16,1.));
#3096=DIRECTION('ref_axis',(1.,0.,-1.224646799147E-16));
#3097=DIRECTION('',(1.35963107344631E-32,-1.,1.110223024625E-16));
#3098=DIRECTION('center_axis',(1.224646799147E-16,1.110223024625E-16,1.));
#3099=DIRECTION('ref_axis',(-1.,0.,1.224646799147E-16));
#3100=DIRECTION('',(1.,-1.35963107344631E-32,-1.224646799147E-16));
#3101=DIRECTION('center_axis',(1.224646799147E-16,1.110223024625E-16,1.));
#3102=DIRECTION('ref_axis',(1.,0.,-1.224646799147E-16));
#3103=DIRECTION('center_axis',(1.224646799147E-16,1.110223024625E-16,1.));
#3104=DIRECTION('ref_axis',(1.,0.,-1.224646799147E-16));
#3105=DIRECTION('',(1.,-1.35963107344631E-32,-1.224646799147E-16));
#3106=DIRECTION('center_axis',(-1.224646799147E-16,-1.110223024625E-16,
-1.));
#3107=DIRECTION('ref_axis',(-1.,0.,1.224646799147E-16));
#3108=DIRECTION('',(-1.35963107344631E-32,1.,-1.110223024625E-16));
#3109=DIRECTION('center_axis',(1.224646799147E-16,1.110223024625E-16,1.));
#3110=DIRECTION('ref_axis',(1.,0.,-1.224646799147E-16));
#3111=DIRECTION('',(-1.35963107344631E-32,1.,-1.110223024625E-16));
#3112=DIRECTION('center_axis',(1.224646799147E-16,1.110223024625E-16,1.));
#3113=DIRECTION('ref_axis',(-1.,0.,1.224646799147E-16));
#3114=DIRECTION('',(-1.,1.35963107344631E-32,1.224646799147E-16));
#3115=DIRECTION('center_axis',(1.224646799147E-16,1.110223024625E-16,1.));
#3116=DIRECTION('ref_axis',(1.,0.,-1.224646799147E-16));
#3117=DIRECTION('',(-1.,1.35963107344631E-32,1.224646799147E-16));
#3118=DIRECTION('center_axis',(-1.224646799147E-16,-1.110223024625E-16,
-1.));
#3119=DIRECTION('ref_axis',(-1.,0.,1.224646799147E-16));
#3120=DIRECTION('',(-1.35963107344631E-32,1.,-1.110223024625E-16));
#3121=DIRECTION('center_axis',(1.224646799147E-16,1.110223024625E-16,1.));
#3122=DIRECTION('ref_axis',(1.,0.,-1.224646799147E-16));
#3123=DIRECTION('',(-1.35963107344631E-32,1.,-1.110223024625E-16));
#3124=DIRECTION('center_axis',(1.224646799147E-16,1.110223024625E-16,1.));
#3125=DIRECTION('ref_axis',(-1.,0.,1.224646799147E-16));
#3126=DIRECTION('',(-1.,1.35963107344631E-32,1.224646799147E-16));
#3127=DIRECTION('center_axis',(1.224646799147E-16,1.110223024625E-16,1.));
#3128=DIRECTION('ref_axis',(1.,0.,-1.224646799147E-16));
#3129=DIRECTION('',(-1.,1.35963107344631E-32,1.224646799147E-16));
#3130=DIRECTION('center_axis',(-1.224646799147E-16,-1.110223024625E-16,
-1.));
#3131=DIRECTION('ref_axis',(-1.,0.,1.224646799147E-16));
#3132=DIRECTION('',(1.35963107344631E-32,-1.,1.110223024625E-16));
#3133=DIRECTION('center_axis',(1.224646799147E-16,1.110223024625E-16,1.));
#3134=DIRECTION('ref_axis',(1.,0.,-1.224646799147E-16));
#3135=DIRECTION('',(1.35963107344631E-32,-1.,1.110223024625E-16));
#3136=DIRECTION('center_axis',(1.224646799147E-16,1.110223024625E-16,1.));
#3137=DIRECTION('ref_axis',(-1.,0.,1.224646799147E-16));
#3138=DIRECTION('',(1.,-1.35963107344631E-32,-1.224646799147E-16));
#3139=DIRECTION('center_axis',(1.224646799147E-16,1.110223024625E-16,1.));
#3140=DIRECTION('ref_axis',(1.,0.,-1.224646799147E-16));
#3141=DIRECTION('center_axis',(1.224646799147E-16,1.110223024625E-16,1.));
#3142=DIRECTION('ref_axis',(1.,0.,-1.224646799147E-16));
#3143=DIRECTION('',(1.,-1.35963107344631E-32,-1.224646799147E-16));
#3144=DIRECTION('center_axis',(1.224646799147E-16,1.110223024625E-16,1.));
#3145=DIRECTION('ref_axis',(-1.,0.,1.224646799147E-16));
#3146=DIRECTION('',(1.,-1.35963107344631E-32,-1.224646799147E-16));
#3147=DIRECTION('center_axis',(1.224646799147E-16,1.110223024625E-16,1.));
#3148=DIRECTION('ref_axis',(1.,0.,-1.224646799147E-16));
#3149=DIRECTION('center_axis',(1.224646799147E-16,1.110223024625E-16,1.));
#3150=DIRECTION('ref_axis',(1.,0.,-1.224646799147E-16));
#3151=DIRECTION('',(1.,-1.35963107344631E-32,-1.224646799147E-16));
#3152=DIRECTION('center_axis',(-1.224646799147E-16,-1.110223024625E-16,
-1.));
#3153=DIRECTION('ref_axis',(-1.,0.,1.224646799147E-16));
#3154=DIRECTION('',(-1.35963107344631E-32,1.,-1.110223024625E-16));
#3155=DIRECTION('center_axis',(1.224646799147E-16,1.110223024625E-16,1.));
#3156=DIRECTION('ref_axis',(1.,0.,-1.224646799147E-16));
#3157=DIRECTION('',(-1.35963107344631E-32,1.,-1.110223024625E-16));
#3158=DIRECTION('center_axis',(1.224646799147E-16,1.110223024625E-16,1.));
#3159=DIRECTION('ref_axis',(-1.,0.,1.224646799147E-16));
#3160=DIRECTION('',(-1.,1.35963107344631E-32,1.224646799147E-16));
#3161=DIRECTION('center_axis',(1.224646799147E-16,1.110223024625E-16,1.));
#3162=DIRECTION('ref_axis',(1.,0.,-1.224646799147E-16));
#3163=DIRECTION('',(-1.,1.35963107344631E-32,1.224646799147E-16));
#3164=DIRECTION('center_axis',(-1.224646799147E-16,-1.110223024625E-16,
-1.));
#3165=DIRECTION('ref_axis',(-1.,0.,1.224646799147E-16));
#3166=DIRECTION('',(1.35963107344631E-32,-1.,1.110223024625E-16));
#3167=DIRECTION('center_axis',(1.224646799147E-16,1.110223024625E-16,1.));
#3168=DIRECTION('ref_axis',(1.,0.,-1.224646799147E-16));
#3169=DIRECTION('',(1.35963107344631E-32,-1.,1.110223024625E-16));
#3170=DIRECTION('center_axis',(1.224646799147E-16,1.110223024625E-16,1.));
#3171=DIRECTION('ref_axis',(1.,-1.35963107344631E-32,-1.224646799147E-16));
#3172=DIRECTION('',(-1.,1.35963107344631E-32,1.224646799147E-16));
#3173=DIRECTION('',(-1.35963107344631E-32,1.,-1.110223024625E-16));
#3174=DIRECTION('',(-1.,-8.67361802847033E-17,1.224646799147E-16));
#3175=DIRECTION('',(-1.35963107344631E-32,1.,-1.110223024625E-16));
#3176=DIRECTION('',(-1.,-8.67361802847033E-17,1.224646799147E-16));
#3177=DIRECTION('',(-1.35963107344631E-32,1.,-1.110223024625E-16));
#3178=DIRECTION('',(-1.,1.35963107344631E-32,1.224646799147E-16));
#3179=DIRECTION('',(-1.35963107344631E-32,1.,-1.110223024625E-16));
#3180=DIRECTION('',(-1.,-8.67361802847034E-17,1.224646799147E-16));
#3181=DIRECTION('',(-1.35963107344631E-32,1.,-1.110223024625E-16));
#3182=DIRECTION('',(-1.,-8.67361802847034E-17,1.224646799147E-16));
#3183=DIRECTION('',(-1.35963107344631E-32,1.,-1.110223024625E-16));
#3184=DIRECTION('center_axis',(1.224646799147E-16,1.110223024625E-16,1.));
#3185=DIRECTION('ref_axis',(-1.,0.,1.224646799147E-16));
#3186=DIRECTION('',(-0.707106781186548,-0.707106781186548,1.65100228557702E-16));
#3187=DIRECTION('',(0.,-1.,1.110223024625E-16));
#3188=DIRECTION('',(0.707106781186548,-0.707106781186548,-8.09098268934666E-18));
#3189=DIRECTION('',(1.,0.,-1.224646799147E-16));
#3190=DIRECTION('',(0.707106781186548,0.707106781186548,-1.65100228557702E-16));
#3191=DIRECTION('',(0.,1.,-1.110223024625E-16));
#3192=DIRECTION('',(-0.707106781186548,0.707106781186548,8.09098268934666E-18));
#3193=DIRECTION('',(-1.,0.,1.224646799147E-16));
#3194=DIRECTION('',(-1.,-1.35963107344631E-32,1.50949372273569E-48));
#3195=DIRECTION('',(-1.35963107344631E-32,1.,-1.110223024625E-16));
#3196=DIRECTION('',(-1.,1.35963107344631E-32,1.224646799147E-16));
#3197=DIRECTION('',(-1.35963107344631E-32,1.,-1.110223024625E-16));
#3198=DIRECTION('',(-1.,-8.67361802847034E-17,1.224646799147E-16));
#3199=DIRECTION('',(-1.35963107344631E-32,1.,-1.110223024625E-16));
#3200=DIRECTION('',(-1.,-8.67361802847034E-17,1.224646799147E-16));
#3201=DIRECTION('',(-1.35963107344631E-32,1.,-1.110223024625E-16));
#3202=DIRECTION('',(-1.,1.35963107344631E-32,1.224646799147E-16));
#3203=DIRECTION('',(-1.35963107344631E-32,1.,-1.110223024625E-16));
#3204=DIRECTION('',(-1.,-8.67361802847033E-17,1.224646799147E-16));
#3205=DIRECTION('',(-1.35963107344631E-32,1.,-1.110223024625E-16));
#3206=DIRECTION('',(-1.,-8.67361802847033E-17,1.224646799147E-16));
#3207=DIRECTION('center_axis',(-1.224646799147E-16,-1.110223024625E-16,
-1.));
#3208=DIRECTION('ref_axis',(1.,0.,-1.224646799147E-16));
#3209=DIRECTION('center_axis',(1.224646799147E-16,1.110223024625E-16,1.));
#3210=DIRECTION('ref_axis',(1.,0.,-1.224646799147E-16));
#3211=DIRECTION('center_axis',(-1.224646799147E-16,-1.110223024625E-16,
-1.));
#3212=DIRECTION('ref_axis',(1.,0.,-1.224646799147E-16));
#3213=DIRECTION('center_axis',(1.224646799147E-16,1.110223024625E-16,1.));
#3214=DIRECTION('ref_axis',(1.,0.,-1.224646799147E-16));
#3215=DIRECTION('center_axis',(1.35963107344631E-32,-1.,1.110223024625E-16));
#3216=DIRECTION('ref_axis',(0.,-1.110223024625E-16,-1.));
#3217=DIRECTION('',(1.50949372273569E-48,-1.110223024625E-16,-1.));
#3218=DIRECTION('',(0.,-1.110223024625E-16,-1.));
#3219=DIRECTION('center_axis',(1.40450835827601E-32,-1.,1.110223024625E-16));
#3220=DIRECTION('ref_axis',(0.,-1.110223024625E-16,-1.));
#3221=DIRECTION('',(-1.50949372273569E-48,1.110223024625E-16,1.));
#3222=DIRECTION('',(0.,-1.110223024625E-16,-1.));
#3223=DIRECTION('center_axis',(0.707106781186548,0.707106781186548,-7.85046229341777E-17));
#3224=DIRECTION('ref_axis',(-0.707106781186547,0.707106781186547,5.54667823983524E-32));
#3225=DIRECTION('',(0.,-1.110223024625E-16,-1.));
#3226=DIRECTION('center_axis',(-1.,-2.76620237702783E-35,3.0711015697487E-51));
#3227=DIRECTION('ref_axis',(2.76620237702783E-35,-1.,0.));
#3228=DIRECTION('',(0.,-1.110223024625E-16,-1.));
#3229=DIRECTION('center_axis',(-0.707106781186548,0.707106781186547,-7.85046229341777E-17));
#3230=DIRECTION('ref_axis',(-0.707106781186547,-0.707106781186548,5.54667823983524E-32));
#3231=DIRECTION('',(0.,-1.110223024625E-16,-1.));
#3232=DIRECTION('center_axis',(-1.3597154094759E-32,1.,-1.110223024625E-16));
#3233=DIRECTION('ref_axis',(0.,1.110223024625E-16,1.));
#3234=DIRECTION('',(0.,-1.110223024625E-16,-1.));
#3235=DIRECTION('center_axis',(0.707106781186548,0.707106781186548,-7.85046229341777E-17));
#3236=DIRECTION('ref_axis',(-0.707106781186547,0.707106781186547,5.54667823983524E-32));
#3237=DIRECTION('',(0.,-1.110223024625E-16,-1.));
#3238=DIRECTION('center_axis',(1.,2.76620237702728E-35,-3.07110156974809E-51));
#3239=DIRECTION('ref_axis',(-2.76620237702728E-35,1.,0.));
#3240=DIRECTION('',(0.,-1.110223024625E-16,-1.));
#3241=DIRECTION('center_axis',(0.707106781186548,-0.707106781186548,7.85046229341777E-17));
#3242=DIRECTION('ref_axis',(0.707106781186547,0.707106781186547,0.));
#3243=DIRECTION('center_axis',(0.707106781186548,-0.707106781186548,7.85046229341777E-17));
#3244=DIRECTION('ref_axis',(0.707106781186547,0.707106781186547,0.));
#3245=DIRECTION('',(0.,-1.110223024625E-16,-1.));
#3246=DIRECTION('',(0.707106781186548,0.707106781186548,-1.65100228557702E-16));
#3247=DIRECTION('center_axis',(1.,0.,0.));
#3248=DIRECTION('ref_axis',(0.,0.,-1.));
#3249=DIRECTION('',(0.,-1.110223024625E-16,-1.));
#3250=DIRECTION('',(0.,1.,-1.110223024625E-16));
#3251=DIRECTION('center_axis',(0.707106781186548,0.707106781186547,-7.85046229341777E-17));
#3252=DIRECTION('ref_axis',(-0.707106781186547,0.707106781186548,-5.54667823983524E-32));
#3253=DIRECTION('',(0.,-1.110223024625E-16,-1.));
#3254=DIRECTION('',(-0.707106781186548,0.707106781186548,8.09098268934666E-18));
#3255=DIRECTION('center_axis',(-1.35963107344631E-32,1.,-1.110223024625E-16));
#3256=DIRECTION('ref_axis',(0.,1.110223024625E-16,1.));
#3257=DIRECTION('',(0.,-1.110223024625E-16,-1.));
#3258=DIRECTION('',(-1.,0.,1.224646799147E-16));
#3259=DIRECTION('center_axis',(-0.707106781186548,0.707106781186547,-7.85046229341777E-17));
#3260=DIRECTION('ref_axis',(-0.707106781186547,-0.707106781186548,5.54667823983524E-32));
#3261=DIRECTION('',(0.,-1.110223024625E-16,-1.));
#3262=DIRECTION('',(-0.707106781186548,-0.707106781186548,1.65100228557702E-16));
#3263=DIRECTION('center_axis',(-1.,0.,0.));
#3264=DIRECTION('ref_axis',(0.,0.,1.));
#3265=DIRECTION('',(0.,-1.110223024625E-16,-1.));
#3266=DIRECTION('',(0.,-1.,1.110223024625E-16));
#3267=DIRECTION('center_axis',(0.707106781186548,0.707106781186547,-7.85046229341777E-17));
#3268=DIRECTION('ref_axis',(-0.707106781186547,0.707106781186548,-5.54667823983524E-32));
#3269=DIRECTION('',(0.707106781186548,-0.707106781186548,-8.09098268934666E-18));
#3270=DIRECTION('center_axis',(8.65956056235241E-17,-0.70710678118655,0.707106781186545));
#3271=DIRECTION('ref_axis',(-1.,-3.69778549322349E-32,1.224646799147E-16));
#3272=DIRECTION('',(-0.281084637714816,-0.678598344545846,-0.67859834454585));
#3273=DIRECTION('',(-0.281084637714822,0.678598344545845,0.678598344545849));
#3274=DIRECTION('center_axis',(0.500000000000001,-0.500000000000001,0.707106781186547));
#3275=DIRECTION('ref_axis',(-0.707106781186548,-0.707106781186547,5.55111512312578E-17));
#3276=DIRECTION('',(-0.678598344545847,0.281084637714818,0.678598344545848));
#3277=DIRECTION('center_axis',(-0.500000000000001,-0.500000000000001,0.707106781186546));
#3278=DIRECTION('ref_axis',(-0.707106781186548,0.707106781186548,0.));
#3279=DIRECTION('',(0.678598344545846,0.281084637714816,0.67859834454585));
#3280=DIRECTION('center_axis',(0.707106781186548,7.85046229341776E-17,0.707106781186547));
#3281=DIRECTION('ref_axis',(-1.84889274661175E-32,-1.,1.110223024625E-16));
#3282=DIRECTION('',(0.678598344545846,0.281084637714821,-0.678598344545847));
#3283=DIRECTION('center_axis',(-0.70710678118655,7.85046229341774E-17,0.707106781186545));
#3284=DIRECTION('ref_axis',(0.,1.,-1.110223024625E-16));
#3285=DIRECTION('',(0.678598344545845,-0.281084637714819,0.67859834454585));
#3286=DIRECTION('center_axis',(-0.5,-0.5,-0.707106781186547));
#3287=DIRECTION('ref_axis',(0.707106781186547,-0.707106781186547,0.));
#3288=DIRECTION('',(0.281084637714826,0.678598344545843,-0.678598344545849));
#3289=DIRECTION('center_axis',(-0.500000000000001,0.500000000000001,0.707106781186546));
#3290=DIRECTION('ref_axis',(0.707106781186547,0.707106781186548,-5.55111512312578E-17));
#3291=DIRECTION('center_axis',(8.6595605623524E-17,0.70710678118655,0.707106781186545));
#3292=DIRECTION('ref_axis',(1.,3.69778549322349E-32,-1.224646799147E-16));
#3293=DIRECTION('',(-9.61404351945825E-33,0.707106781186545,-0.70710678118655));
#3294=DIRECTION('center_axis',(1.224646799147E-16,1.110223024625E-16,1.));
#3295=DIRECTION('ref_axis',(1.,0.,-1.224646799147E-16));
#3296=DIRECTION('center_axis',(0.,0.,-1.));
#3297=DIRECTION('ref_axis',(-1.,0.,0.));
#3298=DIRECTION('',(1.224646799147E-16,1.110223024625E-16,1.));
#3299=DIRECTION('center_axis',(-1.224646799147E-16,-1.110223024625E-16,
-1.));
#3300=DIRECTION('ref_axis',(-1.,0.,1.224646799147E-16));
#3301=DIRECTION('center_axis',(1.224646799147E-16,1.110223024625E-16,1.));
#3302=DIRECTION('ref_axis',(1.,0.,-1.224646799147E-16));
#3303=DIRECTION('',(-1.224646799147E-16,-1.110223024625E-16,-1.));
#3304=DIRECTION('center_axis',(0.,0.,-1.));
#3305=DIRECTION('ref_axis',(-1.,0.,0.));
#3306=DIRECTION('center_axis',(0.,0.,-1.));
#3307=DIRECTION('ref_axis',(0.,-1.,0.));
#3308=DIRECTION('center_axis',(1.224646799147E-16,1.110223024625E-16,1.));
#3309=DIRECTION('ref_axis',(1.,-1.35963107344631E-32,-1.224646799147E-16));
#3310=DIRECTION('center_axis',(1.224646799147E-16,1.110223024625E-16,1.));
#3311=DIRECTION('ref_axis',(1.,0.,-1.224646799147E-16));
#3312=DIRECTION('center_axis',(0.,0.,-1.));
#3313=DIRECTION('ref_axis',(-1.,0.,0.));
#3314=DIRECTION('',(1.224646799147E-16,1.110223024625E-16,1.));
#3315=DIRECTION('center_axis',(-1.224646799147E-16,-1.110223024625E-16,
-1.));
#3316=DIRECTION('ref_axis',(-1.,0.,1.224646799147E-16));
#3317=DIRECTION('center_axis',(1.224646799147E-16,1.110223024625E-16,1.));
#3318=DIRECTION('ref_axis',(1.,0.,-1.224646799147E-16));
#3319=DIRECTION('',(-1.224646799147E-16,-1.110223024625E-16,-1.));
#3320=DIRECTION('center_axis',(0.,0.,-1.));
#3321=DIRECTION('ref_axis',(-1.,0.,0.));
#3322=DIRECTION('center_axis',(0.,0.,-1.));
#3323=DIRECTION('ref_axis',(0.,-1.,0.));
#3324=DIRECTION('center_axis',(1.224646799147E-16,1.110223024625E-16,1.));
#3325=DIRECTION('ref_axis',(1.,-1.35963107344631E-32,-1.224646799147E-16));
#3326=DIRECTION('center_axis',(1.224646799147E-16,1.110223024625E-16,1.));
#3327=DIRECTION('ref_axis',(1.,0.,-1.224646799147E-16));
#3328=DIRECTION('center_axis',(0.,0.,-1.));
#3329=DIRECTION('ref_axis',(-1.,0.,0.));
#3330=DIRECTION('',(1.224646799147E-16,1.110223024625E-16,1.));
#3331=DIRECTION('center_axis',(-1.224646799147E-16,-1.110223024625E-16,
-1.));
#3332=DIRECTION('ref_axis',(-1.,0.,1.224646799147E-16));
#3333=DIRECTION('center_axis',(1.224646799147E-16,1.110223024625E-16,1.));
#3334=DIRECTION('ref_axis',(1.,0.,-1.224646799147E-16));
#3335=DIRECTION('',(-1.224646799147E-16,-1.110223024625E-16,-1.));
#3336=DIRECTION('center_axis',(0.,0.,-1.));
#3337=DIRECTION('ref_axis',(-1.,0.,0.));
#3338=DIRECTION('center_axis',(0.,0.,-1.));
#3339=DIRECTION('ref_axis',(0.,-1.,0.));
#3340=DIRECTION('center_axis',(1.224646799147E-16,1.110223024625E-16,1.));
#3341=DIRECTION('ref_axis',(1.,-1.35963107344631E-32,-1.224646799147E-16));
#3342=DIRECTION('center_axis',(1.224646799147E-16,1.110223024625E-16,1.));
#3343=DIRECTION('ref_axis',(1.,0.,-1.224646799147E-16));
#3344=DIRECTION('center_axis',(0.,0.,-1.));
#3345=DIRECTION('ref_axis',(-1.,0.,0.));
#3346=DIRECTION('',(1.224646799147E-16,1.110223024625E-16,1.));
#3347=DIRECTION('center_axis',(-1.224646799147E-16,-1.110223024625E-16,
-1.));
#3348=DIRECTION('ref_axis',(-1.,0.,1.224646799147E-16));
#3349=DIRECTION('center_axis',(1.224646799147E-16,1.110223024625E-16,1.));
#3350=DIRECTION('ref_axis',(1.,0.,-1.224646799147E-16));
#3351=DIRECTION('',(-1.224646799147E-16,-1.110223024625E-16,-1.));
#3352=DIRECTION('center_axis',(0.,0.,-1.));
#3353=DIRECTION('ref_axis',(-1.,0.,0.));
#3354=DIRECTION('center_axis',(0.,0.,-1.));
#3355=DIRECTION('ref_axis',(0.,-1.,0.));
#3356=DIRECTION('center_axis',(1.224646799147E-16,1.110223024625E-16,1.));
#3357=DIRECTION('ref_axis',(1.,-1.35963107344631E-32,-1.224646799147E-16));
#3358=DIRECTION('center_axis',(1.224646799147E-16,1.110223024625E-16,1.));
#3359=DIRECTION('ref_axis',(1.,0.,-1.224646799147E-16));
#3360=DIRECTION('center_axis',(0.,0.,-1.));
#3361=DIRECTION('ref_axis',(-1.,0.,0.));
#3362=DIRECTION('',(1.224646799147E-16,1.110223024625E-16,1.));
#3363=DIRECTION('center_axis',(-1.224646799147E-16,-1.110223024625E-16,
-1.));
#3364=DIRECTION('ref_axis',(-1.,0.,1.224646799147E-16));
#3365=DIRECTION('center_axis',(1.224646799147E-16,1.110223024625E-16,1.));
#3366=DIRECTION('ref_axis',(1.,0.,-1.224646799147E-16));
#3367=DIRECTION('',(-1.224646799147E-16,-1.110223024625E-16,-1.));
#3368=DIRECTION('center_axis',(0.,0.,-1.));
#3369=DIRECTION('ref_axis',(-1.,0.,0.));
#3370=DIRECTION('center_axis',(0.,0.,-1.));
#3371=DIRECTION('ref_axis',(0.,-1.,0.));
#3372=DIRECTION('center_axis',(1.224646799147E-16,1.110223024625E-16,1.));
#3373=DIRECTION('ref_axis',(1.,-1.35963107344631E-32,-1.224646799147E-16));
#3374=DIRECTION('center_axis',(1.224646799147E-16,1.110223024625E-16,1.));
#3375=DIRECTION('ref_axis',(1.,0.,-1.224646799147E-16));
#3376=DIRECTION('',(1.224646799147E-16,1.110223024625E-16,1.));
#3377=DIRECTION('center_axis',(0.,0.,1.));
#3378=DIRECTION('ref_axis',(1.,0.,0.));
#3379=DIRECTION('',(1.224646799147E-16,1.110223024625E-16,1.));
#3380=DIRECTION('',(1.224646799147E-16,1.110223024625E-16,1.));
#3381=DIRECTION('center_axis',(0.,0.,1.));
#3382=DIRECTION('ref_axis',(1.,0.,0.));
#3383=DIRECTION('',(1.224646799147E-16,1.110223024625E-16,1.));
#3384=DIRECTION('',(1.224646799147E-16,1.110223024625E-16,1.));
#3385=DIRECTION('center_axis',(0.,0.,1.));
#3386=DIRECTION('ref_axis',(1.,0.,0.));
#3387=DIRECTION('',(1.224646799147E-16,1.110223024625E-16,1.));
#3388=DIRECTION('',(1.224646799147E-16,1.110223024625E-16,1.));
#3389=DIRECTION('center_axis',(0.,0.,1.));
#3390=DIRECTION('ref_axis',(1.,0.,0.));
#3391=DIRECTION('',(1.224646799147E-16,1.110223024625E-16,1.));
#3392=DIRECTION('',(1.224646799147E-16,1.110223024625E-16,1.));
#3393=DIRECTION('center_axis',(0.,1.,-1.110223024625E-16));
#3394=DIRECTION('ref_axis',(0.,1.110223024625E-16,1.));
#3395=DIRECTION('',(1.224646799147E-16,1.110223024625E-16,1.));
#3396=DIRECTION('',(1.224646799147E-16,1.110223024625E-16,1.));
#3397=DIRECTION('center_axis',(1.,0.,-1.224646799147E-16));
#3398=DIRECTION('ref_axis',(-1.224646799147E-16,0.,-1.));
#3399=DIRECTION('',(1.224646799147E-16,1.110223024625E-16,1.));
#3400=DIRECTION('center_axis',(-8.67361802847033E-17,1.,-1.110223024625E-16));
#3401=DIRECTION('ref_axis',(0.,1.110223024625E-16,1.));
#3402=DIRECTION('',(1.224646799147E-16,1.110223024625E-16,1.));
#3403=DIRECTION('center_axis',(1.,0.,-1.224646799147E-16));
#3404=DIRECTION('ref_axis',(-1.224646799147E-16,0.,-1.));
#3405=DIRECTION('',(1.224646799147E-16,1.110223024625E-16,1.));
#3406=DIRECTION('center_axis',(-8.67361802847033E-17,1.,-1.110223024625E-16));
#3407=DIRECTION('ref_axis',(0.,1.110223024625E-16,1.));
#3408=DIRECTION('',(1.224646799147E-16,1.110223024625E-16,1.));
#3409=DIRECTION('center_axis',(1.,0.,-1.224646799147E-16));
#3410=DIRECTION('ref_axis',(-1.224646799147E-16,0.,-1.));
#3411=DIRECTION('',(1.224646799147E-16,1.110223024625E-16,1.));
#3412=DIRECTION('center_axis',(0.,1.,-1.110223024625E-16));
#3413=DIRECTION('ref_axis',(0.,1.110223024625E-16,1.));
#3414=DIRECTION('',(1.224646799147E-16,1.110223024625E-16,1.));
#3415=DIRECTION('center_axis',(1.,0.,-1.224646799147E-16));
#3416=DIRECTION('ref_axis',(-1.224646799147E-16,0.,-1.));
#3417=DIRECTION('',(1.224646799147E-16,1.110223024625E-16,1.));
#3418=DIRECTION('center_axis',(-8.67361802847034E-17,1.,-1.110223024625E-16));
#3419=DIRECTION('ref_axis',(0.,1.110223024625E-16,1.));
#3420=DIRECTION('',(1.224646799147E-16,1.110223024625E-16,1.));
#3421=DIRECTION('center_axis',(1.,0.,-1.224646799147E-16));
#3422=DIRECTION('ref_axis',(-1.224646799147E-16,0.,-1.));
#3423=DIRECTION('',(1.224646799147E-16,1.110223024625E-16,1.));
#3424=DIRECTION('center_axis',(-8.67361802847034E-17,1.,-1.110223024625E-16));
#3425=DIRECTION('ref_axis',(0.,1.110223024625E-16,1.));
#3426=DIRECTION('',(1.224646799147E-16,1.110223024625E-16,1.));
#3427=DIRECTION('center_axis',(1.,0.,-1.224646799147E-16));
#3428=DIRECTION('ref_axis',(-1.224646799147E-16,0.,-1.));
#3429=DIRECTION('center_axis',(1.224646799147E-16,1.110223024625E-16,1.));
#3430=DIRECTION('ref_axis',(1.,0.,-1.224646799147E-16));
#3431=DIRECTION('',(1.224646799147E-16,1.110223024625E-16,1.));
#3432=DIRECTION('center_axis',(0.,0.,1.));
#3433=DIRECTION('ref_axis',(1.,0.,0.));
#3434=DIRECTION('',(1.224646799147E-16,1.110223024625E-16,1.));
#3435=DIRECTION('',(1.224646799147E-16,1.110223024625E-16,1.));
#3436=DIRECTION('',(1.224646799147E-16,1.110223024625E-16,1.));
#3437=DIRECTION('center_axis',(0.,0.,1.));
#3438=DIRECTION('ref_axis',(1.,0.,0.));
#3439=DIRECTION('',(1.224646799147E-16,1.110223024625E-16,1.));
#3440=DIRECTION('',(1.224646799147E-16,1.110223024625E-16,1.));
#3441=DIRECTION('center_axis',(0.,0.,1.));
#3442=DIRECTION('ref_axis',(1.,0.,0.));
#3443=DIRECTION('',(1.224646799147E-16,1.110223024625E-16,1.));
#3444=DIRECTION('',(1.224646799147E-16,1.110223024625E-16,1.));
#3445=DIRECTION('center_axis',(0.,0.,1.));
#3446=DIRECTION('ref_axis',(1.,0.,0.));
#3447=DIRECTION('',(1.224646799147E-16,1.110223024625E-16,1.));
#3448=DIRECTION('center_axis',(1.224646799147E-16,1.110223024625E-16,1.));
#3449=DIRECTION('ref_axis',(1.,0.,-1.224646799147E-16));
#3450=DIRECTION('',(1.224646799147E-16,1.110223024625E-16,1.));
#3451=DIRECTION('',(1.224646799147E-16,1.110223024625E-16,1.));
#3452=DIRECTION('center_axis',(0.,0.,1.));
#3453=DIRECTION('ref_axis',(1.,0.,0.));
#3454=DIRECTION('',(1.224646799147E-16,1.110223024625E-16,1.));
#3455=DIRECTION('',(1.224646799147E-16,1.110223024625E-16,1.));
#3456=DIRECTION('center_axis',(0.,0.,1.));
#3457=DIRECTION('ref_axis',(1.,0.,0.));
#3458=DIRECTION('',(1.224646799147E-16,1.110223024625E-16,1.));
#3459=DIRECTION('',(1.224646799147E-16,1.110223024625E-16,1.));
#3460=DIRECTION('center_axis',(0.,0.,1.));
#3461=DIRECTION('ref_axis',(1.,0.,0.));
#3462=DIRECTION('',(1.224646799147E-16,1.110223024625E-16,1.));
#3463=DIRECTION('',(1.224646799147E-16,1.110223024625E-16,1.));
#3464=DIRECTION('center_axis',(0.,0.,1.));
#3465=DIRECTION('ref_axis',(1.,0.,0.));
#3466=DIRECTION('',(1.224646799147E-16,1.110223024625E-16,1.));
#3467=DIRECTION('center_axis',(1.224646799147E-16,1.110223024625E-16,1.));
#3468=DIRECTION('ref_axis',(1.,0.,-1.224646799147E-16));
#3469=DIRECTION('',(1.224646799147E-16,1.110223024625E-16,1.));
#3470=DIRECTION('center_axis',(0.,0.,1.));
#3471=DIRECTION('ref_axis',(1.,0.,0.));
#3472=DIRECTION('',(1.224646799147E-16,1.110223024625E-16,1.));
#3473=DIRECTION('',(1.224646799147E-16,1.110223024625E-16,1.));
#3474=DIRECTION('',(1.224646799147E-16,1.110223024625E-16,1.));
#3475=DIRECTION('center_axis',(0.,0.,1.));
#3476=DIRECTION('ref_axis',(1.,0.,0.));
#3477=DIRECTION('',(1.224646799147E-16,1.110223024625E-16,1.));
#3478=DIRECTION('',(1.224646799147E-16,1.110223024625E-16,1.));
#3479=DIRECTION('center_axis',(0.,0.,1.));
#3480=DIRECTION('ref_axis',(1.,0.,0.));
#3481=DIRECTION('',(1.224646799147E-16,1.110223024625E-16,1.));
#3482=DIRECTION('',(1.224646799147E-16,1.110223024625E-16,1.));
#3483=DIRECTION('center_axis',(0.,0.,1.));
#3484=DIRECTION('ref_axis',(1.,0.,0.));
#3485=DIRECTION('',(1.224646799147E-16,1.110223024625E-16,1.));
#3486=DIRECTION('center_axis',(1.23303708489889E-32,-1.,1.110223024625E-16));
#3487=DIRECTION('ref_axis',(0.,-1.110223024625E-16,-1.));
#3488=DIRECTION('center_axis',(1.09307351237107E-32,-1.,1.110223024625E-16));
#3489=DIRECTION('ref_axis',(0.,-1.110223024625E-16,-1.));
#3490=DIRECTION('center_axis',(0.,0.,1.));
#3491=DIRECTION('ref_axis',(1.,0.,0.));
#3492=DIRECTION('',(-1.,0.,0.));
#3493=DIRECTION('',(2.86017786467503E-48,-1.,0.));
#3494=DIRECTION('center_axis',(0.,0.,1.));
#3495=DIRECTION('ref_axis',(1.,0.,0.));
#3496=DIRECTION('center_axis',(1.,2.86017786467503E-48,-1.224646799147E-16));
#3497=DIRECTION('ref_axis',(-1.224646799147E-16,0.,-1.));
#3498=DIRECTION('',(1.224646799147E-16,1.110223024625E-16,1.));
#3499=DIRECTION('center_axis',(0.,-1.,1.110223024625E-16));
#3500=DIRECTION('ref_axis',(0.,-1.110223024625E-16,-1.));
#3501=DIRECTION('',(1.224646799147E-16,1.110223024625E-16,1.));
#3502=DIRECTION('center_axis',(1.224646799147E-16,1.110223024625E-16,1.));
#3503=DIRECTION('ref_axis',(1.,0.,-1.224646799147E-16));
#3504=DIRECTION('center_axis',(0.,0.,1.));
#3505=DIRECTION('ref_axis',(1.,0.,0.));
#3506=DIRECTION('center_axis',(0.,0.,1.));
#3507=DIRECTION('ref_axis',(1.,0.,0.));
#3508=DIRECTION('',(2.86017786467503E-48,-1.,0.));
#3509=DIRECTION('',(1.,0.,0.));
#3510=DIRECTION('center_axis',(0.,1.,-1.110223024625E-16));
#3511=DIRECTION('ref_axis',(0.,1.110223024625E-16,1.));
#3512=DIRECTION('',(1.224646799147E-16,1.110223024625E-16,1.));
#3513=DIRECTION('center_axis',(1.,2.86017786467503E-48,-1.224646799147E-16));
#3514=DIRECTION('ref_axis',(-1.224646799147E-16,0.,-1.));
#3515=DIRECTION('',(1.224646799147E-16,1.110223024625E-16,1.));
#3516=DIRECTION('center_axis',(1.224646799147E-16,1.110223024625E-16,1.));
#3517=DIRECTION('ref_axis',(1.,0.,-1.224646799147E-16));
#3518=DIRECTION('center_axis',(0.,0.,1.));
#3519=DIRECTION('ref_axis',(1.,0.,0.));
#3520=DIRECTION('center_axis',(0.,0.,1.));
#3521=DIRECTION('ref_axis',(1.,0.,0.));
#3522=DIRECTION('',(-2.86017786467503E-48,1.,0.));
#3523=DIRECTION('',(-1.,0.,0.));
#3524=DIRECTION('center_axis',(0.,-1.,1.110223024625E-16));
#3525=DIRECTION('ref_axis',(0.,-1.110223024625E-16,-1.));
#3526=DIRECTION('',(1.224646799147E-16,1.110223024625E-16,1.));
#3527=DIRECTION('center_axis',(-1.,-2.86017786467503E-48,1.224646799147E-16));
#3528=DIRECTION('ref_axis',(1.224646799147E-16,0.,1.));
#3529=DIRECTION('',(1.224646799147E-16,1.110223024625E-16,1.));
#3530=DIRECTION('center_axis',(1.224646799147E-16,1.110223024625E-16,1.));
#3531=DIRECTION('ref_axis',(1.,0.,-1.224646799147E-16));
#3532=DIRECTION('center_axis',(0.,0.,1.));
#3533=DIRECTION('ref_axis',(1.,0.,0.));
#3534=DIRECTION('',(0.,1.,0.));
#3535=DIRECTION('center_axis',(0.,0.,1.));
#3536=DIRECTION('ref_axis',(1.,0.,0.));
#3537=DIRECTION('',(1.,2.86017786467502E-48,0.));
#3538=DIRECTION('center_axis',(-2.86017786467502E-48,1.,-1.110223024625E-16));
#3539=DIRECTION('ref_axis',(0.,1.110223024625E-16,1.));
#3540=DIRECTION('',(1.224646799147E-16,1.110223024625E-16,1.));
#3541=DIRECTION('center_axis',(1.224646799147E-16,1.110223024625E-16,1.));
#3542=DIRECTION('ref_axis',(1.,0.,-1.224646799147E-16));
#3543=DIRECTION('',(1.224646799147E-16,1.110223024625E-16,1.));
#3544=DIRECTION('center_axis',(-1.,0.,1.224646799147E-16));
#3545=DIRECTION('ref_axis',(1.224646799147E-16,0.,1.));
#3546=DIRECTION('center_axis',(0.,0.,1.));
#3547=DIRECTION('ref_axis',(1.,0.,0.));
#3548=DIRECTION('',(-1.,-2.86017786467503E-48,0.));
#3549=DIRECTION('',(0.,-1.,0.));
#3550=DIRECTION('center_axis',(0.,0.,1.));
#3551=DIRECTION('ref_axis',(1.,0.,0.));
#3552=DIRECTION('center_axis',(1.,0.,-1.224646799147E-16));
#3553=DIRECTION('ref_axis',(-1.224646799147E-16,0.,-1.));
#3554=DIRECTION('',(1.224646799147E-16,1.110223024625E-16,1.));
#3555=DIRECTION('center_axis',(2.86017786467503E-48,-1.,1.110223024625E-16));
#3556=DIRECTION('ref_axis',(0.,-1.110223024625E-16,-1.));
#3557=DIRECTION('',(1.224646799147E-16,1.110223024625E-16,1.));
#3558=DIRECTION('center_axis',(1.224646799147E-16,1.110223024625E-16,1.));
#3559=DIRECTION('ref_axis',(1.,0.,-1.224646799147E-16));
#3560=DIRECTION('center_axis',(0.,0.,1.));
#3561=DIRECTION('ref_axis',(1.,0.,0.));
#3562=DIRECTION('center_axis',(0.,0.,1.));
#3563=DIRECTION('ref_axis',(1.,0.,0.));
#3564=DIRECTION('',(2.86017786467503E-48,-1.,0.));
#3565=DIRECTION('',(1.,0.,0.));
#3566=DIRECTION('center_axis',(0.,1.,-1.110223024625E-16));
#3567=DIRECTION('ref_axis',(0.,1.110223024625E-16,1.));
#3568=DIRECTION('',(1.224646799147E-16,1.110223024625E-16,1.));
#3569=DIRECTION('center_axis',(1.,2.86017786467503E-48,-1.224646799147E-16));
#3570=DIRECTION('ref_axis',(-1.224646799147E-16,0.,-1.));
#3571=DIRECTION('',(1.224646799147E-16,1.110223024625E-16,1.));
#3572=DIRECTION('center_axis',(1.224646799147E-16,1.110223024625E-16,1.));
#3573=DIRECTION('ref_axis',(1.,0.,-1.224646799147E-16));
#3574=DIRECTION('center_axis',(0.,0.,1.));
#3575=DIRECTION('ref_axis',(1.,0.,0.));
#3576=DIRECTION('center_axis',(0.,0.,1.));
#3577=DIRECTION('ref_axis',(1.,0.,0.));
#3578=DIRECTION('',(-2.86017786467503E-48,1.,0.));
#3579=DIRECTION('',(-1.,0.,0.));
#3580=DIRECTION('center_axis',(0.,-1.,1.110223024625E-16));
#3581=DIRECTION('ref_axis',(0.,-1.110223024625E-16,-1.));
#3582=DIRECTION('',(1.224646799147E-16,1.110223024625E-16,1.));
#3583=DIRECTION('center_axis',(-1.,-2.86017786467503E-48,1.224646799147E-16));
#3584=DIRECTION('ref_axis',(1.224646799147E-16,0.,1.));
#3585=DIRECTION('',(1.224646799147E-16,1.110223024625E-16,1.));
#3586=DIRECTION('center_axis',(1.224646799147E-16,1.110223024625E-16,1.));
#3587=DIRECTION('ref_axis',(1.,0.,-1.224646799147E-16));
#3588=DIRECTION('center_axis',(0.,0.,1.));
#3589=DIRECTION('ref_axis',(1.,0.,0.));
#3590=DIRECTION('',(0.,1.,0.));
#3591=DIRECTION('center_axis',(0.,0.,1.));
#3592=DIRECTION('ref_axis',(1.,0.,0.));
#3593=DIRECTION('',(1.,2.86017786467502E-48,0.));
#3594=DIRECTION('center_axis',(-1.,0.,1.224646799147E-16));
#3595=DIRECTION('ref_axis',(1.224646799147E-16,0.,1.));
#3596=DIRECTION('',(1.224646799147E-16,1.110223024625E-16,1.));
#3597=DIRECTION('center_axis',(-2.86017786467502E-48,1.,-1.110223024625E-16));
#3598=DIRECTION('ref_axis',(0.,1.110223024625E-16,1.));
#3599=DIRECTION('',(1.224646799147E-16,1.110223024625E-16,1.));
#3600=DIRECTION('center_axis',(1.224646799147E-16,1.110223024625E-16,1.));
#3601=DIRECTION('ref_axis',(1.,0.,-1.224646799147E-16));
#3602=DIRECTION('center_axis',(0.,0.,1.));
#3603=DIRECTION('ref_axis',(1.,0.,0.));
#3604=DIRECTION('center_axis',(0.,0.,1.));
#3605=DIRECTION('ref_axis',(1.,0.,0.));
#3606=DIRECTION('',(-2.86017786467503E-48,1.,0.));
#3607=DIRECTION('',(-1.,0.,0.));
#3608=DIRECTION('center_axis',(0.,-1.,1.110223024625E-16));
#3609=DIRECTION('ref_axis',(0.,-1.110223024625E-16,-1.));
#3610=DIRECTION('',(1.224646799147E-16,1.110223024625E-16,1.));
#3611=DIRECTION('center_axis',(-1.,-2.86017786467503E-48,1.224646799147E-16));
#3612=DIRECTION('ref_axis',(1.224646799147E-16,0.,1.));
#3613=DIRECTION('',(1.224646799147E-16,1.110223024625E-16,1.));
#3614=DIRECTION('center_axis',(1.224646799147E-16,1.110223024625E-16,1.));
#3615=DIRECTION('ref_axis',(1.,0.,-1.224646799147E-16));
#3616=DIRECTION('center_axis',(0.,0.,1.));
#3617=DIRECTION('ref_axis',(1.,0.,0.));
#3618=DIRECTION('',(1.,0.,0.));
#3619=DIRECTION('',(-2.86017786467502E-48,1.,0.));
#3620=DIRECTION('center_axis',(0.,0.,1.));
#3621=DIRECTION('ref_axis',(1.,0.,0.));
#3622=DIRECTION('center_axis',(-1.,-2.86017786467502E-48,1.224646799147E-16));
#3623=DIRECTION('ref_axis',(1.224646799147E-16,0.,1.));
#3624=DIRECTION('',(1.224646799147E-16,1.110223024625E-16,1.));
#3625=DIRECTION('center_axis',(0.,1.,-1.110223024625E-16));
#3626=DIRECTION('ref_axis',(0.,1.110223024625E-16,1.));
#3627=DIRECTION('',(1.224646799147E-16,1.110223024625E-16,1.));
#3628=DIRECTION('center_axis',(1.224646799147E-16,1.110223024625E-16,1.));
#3629=DIRECTION('ref_axis',(1.,0.,-1.224646799147E-16));
#3630=DIRECTION('center_axis',(0.,0.,1.));
#3631=DIRECTION('ref_axis',(1.,0.,0.));
#3632=DIRECTION('',(1.,0.,0.));
#3633=DIRECTION('center_axis',(0.,0.,1.));
#3634=DIRECTION('ref_axis',(1.,0.,0.));
#3635=DIRECTION('',(2.86017786467503E-48,-1.,0.));
#3636=DIRECTION('center_axis',(0.,1.,-1.110223024625E-16));
#3637=DIRECTION('ref_axis',(0.,1.110223024625E-16,1.));
#3638=DIRECTION('',(1.224646799147E-16,1.110223024625E-16,1.));
#3639=DIRECTION('center_axis',(1.,2.86017786467503E-48,-1.224646799147E-16));
#3640=DIRECTION('ref_axis',(-1.224646799147E-16,0.,-1.));
#3641=DIRECTION('',(1.224646799147E-16,1.110223024625E-16,1.));
#3642=DIRECTION('center_axis',(1.224646799147E-16,1.110223024625E-16,1.));
#3643=DIRECTION('ref_axis',(1.,0.,-1.224646799147E-16));
#3644=DIRECTION('center_axis',(0.,0.,1.));
#3645=DIRECTION('ref_axis',(1.,0.,0.));
#3646=DIRECTION('',(2.86017786467503E-48,-1.,0.));
#3647=DIRECTION('center_axis',(0.,0.,1.));
#3648=DIRECTION('ref_axis',(1.,0.,0.));
#3649=DIRECTION('',(-1.,0.,0.));
#3650=DIRECTION('center_axis',(1.,2.86017786467503E-48,-1.224646799147E-16));
#3651=DIRECTION('ref_axis',(-1.224646799147E-16,0.,-1.));
#3652=DIRECTION('',(1.224646799147E-16,1.110223024625E-16,1.));
#3653=DIRECTION('center_axis',(0.,-1.,1.110223024625E-16));
#3654=DIRECTION('ref_axis',(0.,-1.110223024625E-16,-1.));
#3655=DIRECTION('',(1.224646799147E-16,1.110223024625E-16,1.));
#3656=DIRECTION('center_axis',(1.224646799147E-16,1.110223024625E-16,1.));
#3657=DIRECTION('ref_axis',(1.,0.,-1.224646799147E-16));
#3658=DIRECTION('center_axis',(0.,0.,1.));
#3659=DIRECTION('ref_axis',(1.,0.,0.));
#3660=DIRECTION('',(1.,0.,0.));
#3661=DIRECTION('center_axis',(0.,0.,1.));
#3662=DIRECTION('ref_axis',(1.,0.,0.));
#3663=DIRECTION('',(2.86017786467503E-48,-1.,0.));
#3664=DIRECTION('center_axis',(1.,2.86017786467503E-48,-1.224646799147E-16));
#3665=DIRECTION('ref_axis',(-1.224646799147E-16,0.,-1.));
#3666=DIRECTION('',(1.224646799147E-16,1.110223024625E-16,1.));
#3667=DIRECTION('center_axis',(1.224646799147E-16,1.110223024625E-16,1.));
#3668=DIRECTION('ref_axis',(1.,0.,-1.224646799147E-16));
#3669=DIRECTION('',(1.224646799147E-16,1.110223024625E-16,1.));
#3670=DIRECTION('center_axis',(0.,1.,-1.110223024625E-16));
#3671=DIRECTION('ref_axis',(0.,1.110223024625E-16,1.));
#3672=DIRECTION('center_axis',(0.,0.,1.));
#3673=DIRECTION('ref_axis',(1.,0.,0.));
#3674=DIRECTION('',(-2.86017786467502E-48,1.,0.));
#3675=DIRECTION('center_axis',(0.,0.,1.));
#3676=DIRECTION('ref_axis',(1.,0.,0.));
#3677=DIRECTION('',(1.,0.,0.));
#3678=DIRECTION('center_axis',(0.,1.,-1.110223024625E-16));
#3679=DIRECTION('ref_axis',(0.,1.110223024625E-16,1.));
#3680=DIRECTION('',(1.224646799147E-16,1.110223024625E-16,1.));
#3681=DIRECTION('center_axis',(1.224646799147E-16,1.110223024625E-16,1.));
#3682=DIRECTION('ref_axis',(1.,0.,-1.224646799147E-16));
#3683=DIRECTION('',(1.224646799147E-16,1.110223024625E-16,1.));
#3684=DIRECTION('center_axis',(-1.,-2.86017786467502E-48,1.224646799147E-16));
#3685=DIRECTION('ref_axis',(1.224646799147E-16,0.,1.));
#3686=DIRECTION('center_axis',(0.,0.,1.));
#3687=DIRECTION('ref_axis',(1.,0.,0.));
#3688=DIRECTION('',(2.86017786467503E-48,-1.,0.));
#3689=DIRECTION('center_axis',(0.,0.,1.));
#3690=DIRECTION('ref_axis',(1.,0.,0.));
#3691=DIRECTION('',(-1.,0.,0.));
#3692=DIRECTION('center_axis',(0.,-1.,1.110223024625E-16));
#3693=DIRECTION('ref_axis',(0.,-1.110223024625E-16,-1.));
#3694=DIRECTION('',(1.224646799147E-16,1.110223024625E-16,1.));
#3695=DIRECTION('center_axis',(1.224646799147E-16,1.110223024625E-16,1.));
#3696=DIRECTION('ref_axis',(1.,0.,-1.224646799147E-16));
#3697=DIRECTION('',(1.224646799147E-16,1.110223024625E-16,1.));
#3698=DIRECTION('center_axis',(1.,2.86017786467503E-48,-1.224646799147E-16));
#3699=DIRECTION('ref_axis',(-1.224646799147E-16,0.,-1.));
#3700=DIRECTION('center_axis',(0.,0.,1.));
#3701=DIRECTION('ref_axis',(1.,0.,0.));
#3702=DIRECTION('',(-1.,0.,0.));
#3703=DIRECTION('center_axis',(0.,0.,1.));
#3704=DIRECTION('ref_axis',(1.,0.,0.));
#3705=DIRECTION('',(-2.86017786467503E-48,1.,0.));
#3706=DIRECTION('center_axis',(-1.,-2.86017786467503E-48,1.224646799147E-16));
#3707=DIRECTION('ref_axis',(1.224646799147E-16,0.,1.));
#3708=DIRECTION('',(1.224646799147E-16,1.110223024625E-16,1.));
#3709=DIRECTION('center_axis',(1.224646799147E-16,1.110223024625E-16,1.));
#3710=DIRECTION('ref_axis',(1.,0.,-1.224646799147E-16));
#3711=DIRECTION('',(1.224646799147E-16,1.110223024625E-16,1.));
#3712=DIRECTION('center_axis',(0.,-1.,1.110223024625E-16));
#3713=DIRECTION('ref_axis',(0.,-1.110223024625E-16,-1.));
#3714=DIRECTION('center_axis',(0.,0.,1.));
#3715=DIRECTION('ref_axis',(1.,0.,0.));
#3716=DIRECTION('',(0.,-1.110223024625E-16,-1.));
#3717=DIRECTION('',(0.,1.11022302462496E-16,1.));
#3718=DIRECTION('center_axis',(1.,1.35963107344631E-32,1.97824328036662E-64));
#3719=DIRECTION('ref_axis',(-1.35963107344631E-32,1.,0.));
#3720=DIRECTION('',(1.50949372273569E-48,-1.110223024625E-16,-1.));
#3721=DIRECTION('center_axis',(1.,1.35963107344631E-32,1.97824328036662E-64));
#3722=DIRECTION('ref_axis',(-1.35963107344631E-32,1.,0.));
#3723=DIRECTION('',(1.50949372273569E-48,-1.110223024625E-16,-1.));
#3724=DIRECTION('center_axis',(-1.35963107344631E-32,1.,-1.110223024625E-16));
#3725=DIRECTION('ref_axis',(-1.,-1.35963107344631E-32,1.50949372273569E-48));
#3726=DIRECTION('',(-1.88884807051455E-64,1.12583128209803E-95,1.));
#3727=DIRECTION('',(0.999999999999999,-5.960412061047E-32,1.88884807051455E-64));
#3728=CARTESIAN_POINT('',(0.,0.,0.));
#3729=CARTESIAN_POINT('',(0.,0.,0.));
#3730=CARTESIAN_POINT('Origin',(-56.0355339059378,25.50000000001,266.417621135342));
#3731=CARTESIAN_POINT('',(18.51940000001,25.50000000001,13.4238));
#3732=CARTESIAN_POINT('',(18.51940000001,25.50000000001,3.60000000001));
#3733=CARTESIAN_POINT('',(18.51940000001,25.50000000001,7.51190000000499));
#3734=CARTESIAN_POINT('',(57.0710678118755,25.50000000001,13.4238));
#3735=CARTESIAN_POINT('',(57.0710678118755,25.50000000001,13.4238));
#3736=CARTESIAN_POINT('',(57.0710678118755,25.50000000001,3.60000000001001));
#3737=CARTESIAN_POINT('',(57.0710678118755,25.50000000001,266.417621135342));
#3738=CARTESIAN_POINT('',(-56.0355339059378,25.50000000001,3.60000000001001));
#3739=CARTESIAN_POINT('Origin',(-1.22338464375755E-14,-1.,13.4238));
#3740=CARTESIAN_POINT('',(15.6194000000049,22.50000000001,13.4238));
#3741=CARTESIAN_POINT('',(-15.6194000000095,22.50000000001,13.4238));
#3742=CARTESIAN_POINT('',(-1.22338464375755E-14,22.50000000001,13.4238));
#3743=CARTESIAN_POINT('',(15.6194,3.54704,13.4238));
#3744=CARTESIAN_POINT('',(15.6194000000049,13.523520000005,13.4238));
#3745=CARTESIAN_POINT('',(-15.6194,3.54704,13.4238));
#3746=CARTESIAN_POINT('',(3.46944695195361E-15,3.54704,13.4238));
#3747=CARTESIAN_POINT('',(-15.6194000000049,13.523520000005,13.4238));
#3748=CARTESIAN_POINT('Origin',(-36.0881271247563,24.5000000000101,266.417621135342));
#3749=CARTESIAN_POINT('',(-18.51940000001,24.50000000001,3.60000000001));
#3750=CARTESIAN_POINT('',(-56.6568542495024,24.50000000001,3.60000000001001));
#3751=CARTESIAN_POINT('',(-36.0881271247563,24.50000000001,3.60000000001001));
#3752=CARTESIAN_POINT('',(-18.51940000001,24.50000000001,13.4238));
#3753=CARTESIAN_POINT('',(-18.51940000001,24.5000000000101,266.417621135342));
#3754=CARTESIAN_POINT('',(-56.6568542495024,24.50000000001,13.4238));
#3755=CARTESIAN_POINT('',(-36.0881271247562,24.50000000001,13.4238));
#3756=CARTESIAN_POINT('',(-56.6568542495024,24.50000000001,266.417621135342));
#3757=CARTESIAN_POINT('Origin',(4.99971798712499E-12,162.693151240538,3.60000000000998));
#3758=CARTESIAN_POINT('',(56.6568542495024,24.50000000001,3.60000000001001));
#3759=CARTESIAN_POINT('',(18.51940000001,24.50000000001,3.60000000001));
#3760=CARTESIAN_POINT('',(-36.0881271247563,24.50000000001,3.60000000001001));
#3761=CARTESIAN_POINT('',(18.51940000001,162.693151240538,3.60000000000998));
#3762=CARTESIAN_POINT('',(67.50000000001,15.0710678118754,3.60000000001001));
#3763=CARTESIAN_POINT('',(62.2855339059427,20.2855339059427,3.60000000001001));
#3764=CARTESIAN_POINT('',(67.50000000001,-17.0710678118755,3.60000000001001));
#3765=CARTESIAN_POINT('',(67.50000000001,-1.,3.60000000001001));
#3766=CARTESIAN_POINT('',(57.0710678118755,-27.50000000001,3.60000000001001));
#3767=CARTESIAN_POINT('',(62.2855339059427,-22.2855339059428,3.60000000001001));
#3768=CARTESIAN_POINT('',(-57.0710678118755,-27.50000000001,3.60000000001001));
#3769=CARTESIAN_POINT('',(-3.85126912819748E-14,-27.50000000001,3.60000000001001));
#3770=CARTESIAN_POINT('',(-67.50000000001,-17.0710678118755,3.60000000001001));
#3771=CARTESIAN_POINT('',(-62.2855339059428,-22.2855339059427,3.60000000001001));
#3772=CARTESIAN_POINT('',(-67.50000000001,15.0710678118754,3.60000000001001));
#3773=CARTESIAN_POINT('',(-67.50000000001,-0.999999999999985,3.60000000001001));
#3774=CARTESIAN_POINT('',(-57.0710678118755,25.50000000001,3.60000000001001));
#3775=CARTESIAN_POINT('',(-62.2855339059428,20.2855339059427,3.60000000001001));
#3776=CARTESIAN_POINT('',(-18.51940000001,25.50000000001,3.60000000001));
#3777=CARTESIAN_POINT('',(-56.0355339059378,25.50000000001,3.60000000001001));
#3778=CARTESIAN_POINT('',(-18.51940000001,162.693151240538,3.60000000000998));
#3779=CARTESIAN_POINT('',(-66.50000000001,14.6568542495024,3.60000000001001));
#3780=CARTESIAN_POINT('',(-61.5784271247562,19.5784271247561,3.60000000001001));
#3781=CARTESIAN_POINT('',(-66.50000000001,-16.6568542495024,3.60000000001001));
#3782=CARTESIAN_POINT('',(-66.50000000001,-1.,3.60000000001001));
#3783=CARTESIAN_POINT('',(-56.6568542495024,-26.50000000001,3.60000000001001));
#3784=CARTESIAN_POINT('',(-61.5784271247562,-21.5784271247561,3.60000000001001));
#3785=CARTESIAN_POINT('',(56.6568542495024,-26.50000000001,3.60000000001001));
#3786=CARTESIAN_POINT('',(-2.46346585448005E-14,-26.50000000001,3.60000000001001));
#3787=CARTESIAN_POINT('',(66.50000000001,-16.6568542495024,3.60000000001001));
#3788=CARTESIAN_POINT('',(61.5784271247562,-21.5784271247562,3.60000000001001));
#3789=CARTESIAN_POINT('',(66.50000000001,14.6568542495024,3.60000000001001));
#3790=CARTESIAN_POINT('',(66.50000000001,-1.,3.60000000001001));
#3791=CARTESIAN_POINT('',(61.5784271247562,19.5784271247562,3.60000000001001));
#3792=CARTESIAN_POINT('Origin',(15.5194,22.50000000001,16.4238));
#3793=CARTESIAN_POINT('',(-18.51940000001,22.50000000001,16.4238));
#3794=CARTESIAN_POINT('',(-55.8284271247562,22.50000000001,16.4238));
#3795=CARTESIAN_POINT('',(-57.0710678118755,22.50000000001,16.4238));
#3796=CARTESIAN_POINT('',(-18.51940000001,25.50000000001,13.4238));
#3797=CARTESIAN_POINT('',(-18.51940000001,22.50000000001,16.4238));
#3798=CARTESIAN_POINT('',(-57.0710678118755,25.50000000001,13.4238));
#3799=CARTESIAN_POINT('',(57.0710678118755,25.50000000001,13.4238));
#3800=CARTESIAN_POINT('',(-59.2564270399516,30.7759238870886,8.14787611292133));
#3801=CARTESIAN_POINT('Origin',(3.525977875845E-16,4.407472344807E-17,1.6));
#3802=CARTESIAN_POINT('',(-17.6194000000095,22.50000000001,1.6));
#3803=CARTESIAN_POINT('',(-17.6193999999989,1.54704,1.6));
#3804=CARTESIAN_POINT('',(-17.6194000000045,12.523520000005,1.6));
#3805=CARTESIAN_POINT('',(-15.6194000000049,22.50000000001,1.6));
#3806=CARTESIAN_POINT('',(3.525977875845E-16,22.50000000001,1.6));
#3807=CARTESIAN_POINT('',(-15.6194,3.54704,1.6));
#3808=CARTESIAN_POINT('',(-15.619400000005,13.523520000005,1.6));
#3809=CARTESIAN_POINT('',(15.6194,3.54704,1.6));
#3810=CARTESIAN_POINT('',(2.02120414021836E-15,3.54704,1.6));
#3811=CARTESIAN_POINT('',(15.6194000000095,22.50000000001,1.6));
#3812=CARTESIAN_POINT('',(15.6194000000049,13.523520000005,1.6));
#3813=CARTESIAN_POINT('',(17.61940000001,22.50000000001,1.6));
#3814=CARTESIAN_POINT('',(3.525977875845E-16,22.50000000001,1.6));
#3815=CARTESIAN_POINT('',(17.6193999999989,1.54704,1.6));
#3816=CARTESIAN_POINT('',(17.6194000000045,12.523520000005,1.6));
#3817=CARTESIAN_POINT('',(-1.44824281173526E-15,1.54704,1.6));
#3818=CARTESIAN_POINT('Origin',(-15.619400000005,13.523520000005,1.598));
#3819=CARTESIAN_POINT('',(-15.6194000000095,22.50000000001,1.598));
#3820=CARTESIAN_POINT('',(-15.6194,3.54704,1.598));
#3821=CARTESIAN_POINT('Origin',(15.6194000000049,13.523520000005,1.598));
#3822=CARTESIAN_POINT('',(15.6194000000095,22.50000000001,1.598));
#3823=CARTESIAN_POINT('',(15.6194,3.54704,1.598));
#3824=CARTESIAN_POINT('Origin',(17.6194000000045,12.523520000005,1.598));
#3825=CARTESIAN_POINT('',(17.6194000000095,22.50000000001,13.4238));
#3826=CARTESIAN_POINT('',(17.6194000000095,22.50000000001,1.598));
#3827=CARTESIAN_POINT('',(17.6193999999989,1.54704,13.4238));
#3828=CARTESIAN_POINT('',(17.6194000000045,12.523520000005,13.4238));
#3829=CARTESIAN_POINT('',(17.6193999999989,1.54704,1.598));
#3830=CARTESIAN_POINT('Origin',(-17.6194000000045,12.523520000005,1.598));
#3831=CARTESIAN_POINT('',(-17.6194000000095,22.50000000001,13.4238));
#3832=CARTESIAN_POINT('',(-17.6193999999989,1.54704,13.4238));
#3833=CARTESIAN_POINT('',(-17.6194000000045,12.523520000005,13.4238));
#3834=CARTESIAN_POINT('',(-17.6194000000095,22.50000000001,1.598));
#3835=CARTESIAN_POINT('',(-17.6193999999989,1.54704,1.598));
#3836=CARTESIAN_POINT('Origin',(-1.22338464375755E-14,-1.,13.4238));
#3837=CARTESIAN_POINT('',(18.51940000001,22.50000000001,13.4238));
#3838=CARTESIAN_POINT('',(-1.22338464375755E-14,22.50000000001,13.4238));
#3839=CARTESIAN_POINT('',(18.51940000001,24.50000000001,13.4238));
#3840=CARTESIAN_POINT('',(18.51940000001,-1.,13.4238));
#3841=CARTESIAN_POINT('',(56.6568542495024,24.50000000001,13.4238));
#3842=CARTESIAN_POINT('',(-36.0881271247562,24.50000000001,13.4238));
#3843=CARTESIAN_POINT('',(66.50000000001,14.6568542495024,13.4238));
#3844=CARTESIAN_POINT('',(61.5784271247562,19.5784271247562,13.4238));
#3845=CARTESIAN_POINT('',(66.50000000001,-16.6568542495024,13.4238));
#3846=CARTESIAN_POINT('',(66.50000000001,-1.,13.4238));
#3847=CARTESIAN_POINT('',(56.6568542495024,-26.50000000001,13.4238));
#3848=CARTESIAN_POINT('',(61.5784271247562,-21.5784271247562,13.4238));
#3849=CARTESIAN_POINT('',(-56.6568542495024,-26.50000000001,13.4238));
#3850=CARTESIAN_POINT('',(6.93889390390723E-15,-26.50000000001,13.4238));
#3851=CARTESIAN_POINT('',(-66.50000000001,-16.6568542495024,13.4238));
#3852=CARTESIAN_POINT('',(-61.5784271247562,-21.5784271247562,13.4238));
#3853=CARTESIAN_POINT('',(-66.50000000001,14.6568542495024,13.4238));
#3854=CARTESIAN_POINT('',(-66.50000000001,-1.,13.4238));
#3855=CARTESIAN_POINT('',(-61.5784271247562,19.5784271247562,13.4238));
#3856=CARTESIAN_POINT('',(-18.51940000001,22.50000000001,13.4238));
#3857=CARTESIAN_POINT('',(-18.51940000001,-1.,13.4238));
#3858=CARTESIAN_POINT('',(-1.22338464375755E-14,22.50000000001,13.4238));
#3859=CARTESIAN_POINT('',(-2.78321919258752E-32,1.54704,13.4238));
#3860=CARTESIAN_POINT('',(-55.,-12.5,13.4238));
#3861=CARTESIAN_POINT('Origin',(-52.5,-12.5,13.4238));
#3862=CARTESIAN_POINT('',(-55.,12.5,13.4238));
#3863=CARTESIAN_POINT('Origin',(-52.5,12.5,13.4238));
#3864=CARTESIAN_POINT('',(-4.,-12.5,13.4238));
#3865=CARTESIAN_POINT('Origin',(1.7347234759768E-15,-12.5,13.4238));
#3866=CARTESIAN_POINT('',(50.,-12.5,13.4238));
#3867=CARTESIAN_POINT('Origin',(52.5,-12.5,13.4238));
#3868=CARTESIAN_POINT('',(50.,12.5,13.4238));
#3869=CARTESIAN_POINT('Origin',(52.5,12.5,13.4238));
#3870=CARTESIAN_POINT('',(38.9988,-2.57332021690039,13.4238));
#3871=CARTESIAN_POINT('',(43.9148797830996,-7.4894,13.4238));
#3872=CARTESIAN_POINT('Origin',(37.9988,-8.4894,13.4238));
#3873=CARTESIAN_POINT('',(38.9988,-3.59042051443364,13.4238));
#3874=CARTESIAN_POINT('',(38.9988,-3.08187036566701,13.4238));
#3875=CARTESIAN_POINT('',(36.9988,-3.59042051443364,13.4238));
#3876=CARTESIAN_POINT('Origin',(37.9988,-8.4894,13.4238));
#3877=CARTESIAN_POINT('',(36.9988,-2.57332021690039,13.4238));
#3878=CARTESIAN_POINT('',(36.9988,-3.08187036566701,13.4238));
#3879=CARTESIAN_POINT('',(32.0827202169004,-7.4894,13.4238));
#3880=CARTESIAN_POINT('Origin',(37.9988,-8.4894,13.4238));
#3881=CARTESIAN_POINT('',(33.0998205144337,-7.4894,13.4238));
#3882=CARTESIAN_POINT('',(32.591270365667,-7.4894,13.4238));
#3883=CARTESIAN_POINT('',(32.9988,-8.48939999999999,13.4238));
#3884=CARTESIAN_POINT('Origin',(37.9988,-8.4894,13.4238));
#3885=CARTESIAN_POINT('',(33.0998205144337,-9.4894,13.4238));
#3886=CARTESIAN_POINT('Origin',(37.9988,-8.4894,13.4238));
#3887=CARTESIAN_POINT('',(32.0827202169004,-9.4894,13.4238));
#3888=CARTESIAN_POINT('',(32.591270365667,-9.4894,13.4238));
#3889=CARTESIAN_POINT('',(36.9988,-14.4054797830996,13.4238));
#3890=CARTESIAN_POINT('Origin',(37.9988,-8.4894,13.4238));
#3891=CARTESIAN_POINT('',(36.9988,-13.3883794855663,13.4238));
#3892=CARTESIAN_POINT('',(36.9988,-13.896929634333,13.4238));
#3893=CARTESIAN_POINT('',(38.9988,-13.3883794855663,13.4238));
#3894=CARTESIAN_POINT('Origin',(37.9988,-8.4894,13.4238));
#3895=CARTESIAN_POINT('',(38.9988,-14.4054797830996,13.4238));
#3896=CARTESIAN_POINT('',(38.9988,-13.896929634333,13.4238));
#3897=CARTESIAN_POINT('',(43.9148797830996,-9.4894,13.4238));
#3898=CARTESIAN_POINT('Origin',(37.9988,-8.4894,13.4238));
#3899=CARTESIAN_POINT('',(42.8977794855664,-9.4894,13.4238));
#3900=CARTESIAN_POINT('',(43.406329634333,-9.4894,13.4238));
#3901=CARTESIAN_POINT('',(42.8977794855664,-7.4894,13.4238));
#3902=CARTESIAN_POINT('Origin',(37.9988,-8.4894,13.4238));
#3903=CARTESIAN_POINT('',(43.406329634333,-7.4894,13.4238));
#3904=CARTESIAN_POINT('',(28.9988,5.92667978309963,13.4238));
#3905=CARTESIAN_POINT('',(33.9148797830996,1.01059999999988,13.4238));
#3906=CARTESIAN_POINT('Origin',(27.9988,0.010600000000007,13.4238));
#3907=CARTESIAN_POINT('',(28.9988,4.90957948556638,13.4238));
#3908=CARTESIAN_POINT('',(28.9988,5.418129634333,13.4238));
#3909=CARTESIAN_POINT('',(26.9988,4.90957948556638,13.4238));
#3910=CARTESIAN_POINT('Origin',(27.9988,0.0106000000000012,13.4238));
#3911=CARTESIAN_POINT('',(26.9988,5.92667978309963,13.4238));
#3912=CARTESIAN_POINT('',(26.9988,5.418129634333,13.4238));
#3913=CARTESIAN_POINT('',(22.0827202169003,1.01059999999989,13.4238));
#3914=CARTESIAN_POINT('Origin',(27.9988,0.0106000000000052,13.4238));
#3915=CARTESIAN_POINT('',(23.0998205144336,1.01059999999988,13.4238));
#3916=CARTESIAN_POINT('',(22.591270365667,1.01059999999988,13.4238));
#3917=CARTESIAN_POINT('',(22.9988,0.0106000000000007,13.4238));
#3918=CARTESIAN_POINT('Origin',(27.9988,0.0106000000000012,13.4238));
#3919=CARTESIAN_POINT('',(23.0998205144336,-0.989399999999881,13.4238));
#3920=CARTESIAN_POINT('Origin',(27.9988,0.0106000000000012,13.4238));
#3921=CARTESIAN_POINT('',(22.0827202169004,-0.98939999999996,13.4238));
#3922=CARTESIAN_POINT('',(22.591270365667,-0.989399999999882,13.4238));
#3923=CARTESIAN_POINT('',(26.9988,-5.90547978309963,13.4238));
#3924=CARTESIAN_POINT('Origin',(27.9988,0.0106000000000055,13.4238));
#3925=CARTESIAN_POINT('',(26.9988,-4.88837948556637,13.4238));
#3926=CARTESIAN_POINT('',(26.9988,-5.396929634333,13.4238));
#3927=CARTESIAN_POINT('',(28.9988,-4.88837948556637,13.4238));
#3928=CARTESIAN_POINT('Origin',(27.9988,0.0106000000000012,13.4238));
#3929=CARTESIAN_POINT('',(28.9988,-5.90547978309963,13.4238));
#3930=CARTESIAN_POINT('',(28.9988,-5.396929634333,13.4238));
#3931=CARTESIAN_POINT('',(33.9148797830996,-0.989399999999882,13.4238));
#3932=CARTESIAN_POINT('Origin',(27.9988,0.0105999999999971,13.4238));
#3933=CARTESIAN_POINT('',(32.8977794855664,-0.989399999999882,13.4238));
#3934=CARTESIAN_POINT('',(33.406329634333,-0.989399999999882,13.4238));
#3935=CARTESIAN_POINT('',(32.8977794855664,1.01059999999988,13.4238));
#3936=CARTESIAN_POINT('Origin',(27.9988,0.0106000000000012,13.4238));
#3937=CARTESIAN_POINT('',(33.406329634333,1.01059999999988,13.4238));
#3938=CARTESIAN_POINT('',(36.9988,2.59452021690039,13.4238));
#3939=CARTESIAN_POINT('',(32.0827202169004,7.5106,13.4238));
#3940=CARTESIAN_POINT('Origin',(37.9988,8.5106,13.4238));
#3941=CARTESIAN_POINT('',(36.9988,3.61162051443365,13.4238));
#3942=CARTESIAN_POINT('',(36.9988,3.10307036566702,13.4238));
#3943=CARTESIAN_POINT('',(38.9988,3.61162051443365,13.4238));
#3944=CARTESIAN_POINT('Origin',(37.9988,8.5106,13.4238));
#3945=CARTESIAN_POINT('',(38.9988,2.59452021690039,13.4238));
#3946=CARTESIAN_POINT('',(38.9988,3.10307036566702,13.4238));
#3947=CARTESIAN_POINT('',(43.9148797830996,7.5106,13.4238));
#3948=CARTESIAN_POINT('Origin',(37.9988,8.5106,13.4238));
#3949=CARTESIAN_POINT('',(42.8977794855664,7.5106,13.4238));
#3950=CARTESIAN_POINT('',(43.406329634333,7.5106,13.4238));
#3951=CARTESIAN_POINT('',(42.8977794855664,9.5106,13.4238));
#3952=CARTESIAN_POINT('Origin',(37.9988,8.5106,13.4238));
#3953=CARTESIAN_POINT('',(43.9148797830996,9.5106,13.4238));
#3954=CARTESIAN_POINT('',(43.406329634333,9.5106,13.4238));
#3955=CARTESIAN_POINT('',(38.9988,14.4266797830996,13.4238));
#3956=CARTESIAN_POINT('Origin',(37.9988,8.5106,13.4238));
#3957=CARTESIAN_POINT('',(38.9988,13.4095794855664,13.4238));
#3958=CARTESIAN_POINT('',(38.9988,13.918129634333,13.4238));
#3959=CARTESIAN_POINT('',(36.9988,13.4095794855664,13.4238));
#3960=CARTESIAN_POINT('Origin',(37.9988,8.5106,13.4238));
#3961=CARTESIAN_POINT('',(36.9988,14.4266797830996,13.4238));
#3962=CARTESIAN_POINT('',(36.9988,13.918129634333,13.4238));
#3963=CARTESIAN_POINT('',(32.0827202169004,9.5106,13.4238));
#3964=CARTESIAN_POINT('Origin',(37.9988,8.5106,13.4238));
#3965=CARTESIAN_POINT('',(33.0998205144337,9.5106,13.4238));
#3966=CARTESIAN_POINT('',(32.591270365667,9.5106,13.4238));
#3967=CARTESIAN_POINT('',(32.9988,8.51060000000001,13.4238));
#3968=CARTESIAN_POINT('Origin',(37.9988,8.5106,13.4238));
#3969=CARTESIAN_POINT('',(33.0998205144337,7.5106,13.4238));
#3970=CARTESIAN_POINT('Origin',(37.9988,8.5106,13.4238));
#3971=CARTESIAN_POINT('',(32.591270365667,7.5106,13.4238));
#3972=CARTESIAN_POINT('',(46.9988,5.92667978309963,13.4238));
#3973=CARTESIAN_POINT('',(42.0827202169003,1.01059999999996,13.4238));
#3974=CARTESIAN_POINT('Origin',(47.9988,0.0106000000000062,13.4238));
#3975=CARTESIAN_POINT('',(43.0998205144336,1.01059999999996,13.4238));
#3976=CARTESIAN_POINT('',(42.591270365667,1.01059999999988,13.4238));
#3977=CARTESIAN_POINT('',(42.9988,0.0106000000000007,13.4238));
#3978=CARTESIAN_POINT('Origin',(47.9988,0.0106000000000012,13.4238));
#3979=CARTESIAN_POINT('',(43.0998205144336,-0.989399999999958,13.4238));
#3980=CARTESIAN_POINT('Origin',(47.9988,0.0106000000000012,13.4238));
#3981=CARTESIAN_POINT('',(42.0827202169003,-0.98939999999996,13.4238));
#3982=CARTESIAN_POINT('',(42.591270365667,-0.989399999999882,13.4238));
#3983=CARTESIAN_POINT('',(46.9988,-5.90547978309963,13.4238));
#3984=CARTESIAN_POINT('Origin',(47.9988,0.0105999999999971,13.4238));
#3985=CARTESIAN_POINT('',(46.9988,-4.88837948556637,13.4238));
#3986=CARTESIAN_POINT('',(46.9988,-5.396929634333,13.4238));
#3987=CARTESIAN_POINT('',(48.9988,-4.88837948556637,13.4238));
#3988=CARTESIAN_POINT('Origin',(47.9988,0.0106000000000012,13.4238));
#3989=CARTESIAN_POINT('',(48.9988,-5.90547978309963,13.4238));
#3990=CARTESIAN_POINT('',(48.9988,-5.396929634333,13.4238));
#3991=CARTESIAN_POINT('',(53.9148797830996,-0.989399999999959,13.4238));
#3992=CARTESIAN_POINT('Origin',(47.9988,0.01059999999998,13.4238));
#3993=CARTESIAN_POINT('',(52.8977794855664,-0.989399999999961,13.4238));
#3994=CARTESIAN_POINT('',(53.406329634333,-0.989399999999882,13.4238));
#3995=CARTESIAN_POINT('',(52.8977794855664,1.01059999999989,13.4238));
#3996=CARTESIAN_POINT('Origin',(47.9988,0.0106000000000012,13.4238));
#3997=CARTESIAN_POINT('',(53.9148797830996,1.01059999999988,13.4238));
#3998=CARTESIAN_POINT('',(53.406329634333,1.01059999999988,13.4238));
#3999=CARTESIAN_POINT('',(48.9988,5.92667978309963,13.4238));
#4000=CARTESIAN_POINT('Origin',(47.9988,0.0106000000000053,13.4238));
#4001=CARTESIAN_POINT('',(48.9988,4.90957948556638,13.4238));
#4002=CARTESIAN_POINT('',(48.9988,5.418129634333,13.4238));
#4003=CARTESIAN_POINT('',(46.9988,4.90957948556637,13.4238));
#4004=CARTESIAN_POINT('Origin',(47.9988,0.0106000000000012,13.4238));
#4005=CARTESIAN_POINT('',(46.9988,5.418129634333,13.4238));
#4006=CARTESIAN_POINT('',(-20.771466962514,3.80961538357094E-14,13.4238));
#4007=CARTESIAN_POINT('Ctrl Pts',(-20.771466962514,3.80961538357094E-14,
13.4238));
#4008=CARTESIAN_POINT('Ctrl Pts',(-20.771466962514,-0.127984435572898,13.4238));
#4009=CARTESIAN_POINT('Ctrl Pts',(-20.7750318214372,-0.383953306718801,
13.4238));
#4010=CARTESIAN_POINT('Ctrl Pts',(-20.7963551276563,-0.894616074468478,
13.4238));
#4011=CARTESIAN_POINT('Ctrl Pts',(-20.8494879170825,-1.53049549791938,13.4238));
#4012=CARTESIAN_POINT('Ctrl Pts',(-20.9551814775633,-2.28808481800901,13.4238));
#4013=CARTESIAN_POINT('Ctrl Pts',(-21.1514042944278,-3.28898426035633,13.4238));
#4014=CARTESIAN_POINT('Ctrl Pts',(-21.4991928810097,-4.51922740315883,13.4238));
#4015=CARTESIAN_POINT('Ctrl Pts',(-21.9803685781697,-5.71220042953905,13.4238));
#4016=CARTESIAN_POINT('Ctrl Pts',(-22.4432978796375,-6.63872387678062,13.4238));
#4017=CARTESIAN_POINT('Ctrl Pts',(-22.7646694036415,-7.20503546460655,13.4238));
#4018=CARTESIAN_POINT('Ctrl Pts',(-23.0407684353802,-7.64982483279967,13.4238));
#4019=CARTESIAN_POINT('Ctrl Pts',(-23.3293462330767,-8.08870732136889,13.4238));
#4020=CARTESIAN_POINT('Ctrl Pts',(-23.7114237779396,-8.62325165788151,13.4238));
#4021=CARTESIAN_POINT('Ctrl Pts',(-24.2031327013697,-9.24170037239205,13.4238));
#4022=CARTESIAN_POINT('Ctrl Pts',(-24.9014065652714,-10.0343146312193,13.4238));
#4023=CARTESIAN_POINT('Ctrl Pts',(-25.8512872491553,-10.9628638705167,13.4238));
#4024=CARTESIAN_POINT('Ctrl Pts',(-26.8962231576314,-11.8025904406571,13.4238));
#4025=CARTESIAN_POINT('Ctrl Pts',(-27.7847191660488,-12.4176052670555,13.4238));
#4026=CARTESIAN_POINT('Ctrl Pts',(-28.4762672114753,-12.8496139235774,13.4238));
#4027=CARTESIAN_POINT('Ctrl Pts',(-29.0725463654771,-13.1844893338365,13.4238));
#4028=CARTESIAN_POINT('Ctrl Pts',(-29.5612705523659,-13.43699153088,13.4238));
#4029=CARTESIAN_POINT('Ctrl Pts',(-30.05600380696,-13.6782973738524,13.4238));
#4030=CARTESIAN_POINT('Ctrl Pts',(-30.6848820841889,-13.95870144273,13.4238));
#4031=CARTESIAN_POINT('Ctrl Pts',(-31.7116642904263,-14.3617902590614,13.4238));
#4032=CARTESIAN_POINT('Ctrl Pts',(-33.0300430292769,-14.7795165569668,13.4238));
#4033=CARTESIAN_POINT('Ctrl Pts',(-34.3855471556442,-15.0805445881148,13.4238));
#4034=CARTESIAN_POINT('Ctrl Pts',(-35.4866244940239,-15.2501517836104,13.4238));
#4035=CARTESIAN_POINT('Ctrl Pts',(-36.3193772040729,-15.3414357534153,13.4238));
#4036=CARTESIAN_POINT('Ctrl Pts',(-37.0179763545476,-15.3873007139271,13.4238));
#4037=CARTESIAN_POINT('Ctrl Pts',(-37.5788871300098,-15.4057042967682,13.4238));
#4038=CARTESIAN_POINT('Ctrl Pts',(-38.0005996261155,-15.4103192032061,13.4238));
#4039=CARTESIAN_POINT('Ctrl Pts',(-38.4223121222212,-15.4057042967683,13.4238));
#4040=CARTESIAN_POINT('Ctrl Pts',(-38.9832228976834,-15.3873007139271,13.4238));
#4041=CARTESIAN_POINT('Ctrl Pts',(-39.6818220481581,-15.3414357534153,13.4238));
#4042=CARTESIAN_POINT('Ctrl Pts',(-40.5145747582071,-15.2501517836104,13.4238));
#4043=CARTESIAN_POINT('Ctrl Pts',(-41.6156520965868,-15.0805445881148,13.4238));
#4044=CARTESIAN_POINT('Ctrl Pts',(-42.9711562229541,-14.7795165569668,13.4238));
#4045=CARTESIAN_POINT('Ctrl Pts',(-44.2895349618047,-14.3617902590614,13.4238));
#4046=CARTESIAN_POINT('Ctrl Pts',(-45.316317168042,-13.95870144273,13.4238));
#4047=CARTESIAN_POINT('Ctrl Pts',(-45.945195445271,-13.6782973738525,13.4238));
#4048=CARTESIAN_POINT('Ctrl Pts',(-46.4399286998651,-13.43699153088,13.4238));
#4049=CARTESIAN_POINT('Ctrl Pts',(-46.9286528867539,-13.1844893338365,13.4238));
#4050=CARTESIAN_POINT('Ctrl Pts',(-47.5249320407558,-12.8496139235774,13.4238));
#4051=CARTESIAN_POINT('Ctrl Pts',(-48.2164800861822,-12.4176052670555,13.4238));
#4052=CARTESIAN_POINT('Ctrl Pts',(-49.1049760945996,-11.8025904406571,13.4238));
#4053=CARTESIAN_POINT('Ctrl Pts',(-50.1499120030757,-10.9628638705167,13.4238));
#4054=CARTESIAN_POINT('Ctrl Pts',(-51.0997926869595,-10.0343146312193,13.4238));
#4055=CARTESIAN_POINT('Ctrl Pts',(-51.7980665508614,-9.24170037239208,13.4238));
#4056=CARTESIAN_POINT('Ctrl Pts',(-52.2897754742915,-8.62325165788148,13.4238));
#4057=CARTESIAN_POINT('Ctrl Pts',(-52.6718530191542,-8.08870732136893,13.4238));
#4058=CARTESIAN_POINT('Ctrl Pts',(-52.9604308168508,-7.6498248327997,13.4238));
#4059=CARTESIAN_POINT('Ctrl Pts',(-53.2365298485896,-7.20503546460655,13.4238));
#4060=CARTESIAN_POINT('Ctrl Pts',(-53.5579013725935,-6.63872387678063,13.4238));
#4061=CARTESIAN_POINT('Ctrl Pts',(-54.0208306740614,-5.71220042953903,13.4238));
#4062=CARTESIAN_POINT('Ctrl Pts',(-54.5020063712213,-4.51922740315884,13.4238));
#4063=CARTESIAN_POINT('Ctrl Pts',(-54.8497949578031,-3.28898426035637,13.4238));
#4064=CARTESIAN_POINT('Ctrl Pts',(-55.0460177746677,-2.288084818009,13.4238));
#4065=CARTESIAN_POINT('Ctrl Pts',(-55.1517113351485,-1.5304954979194,13.4238));
#4066=CARTESIAN_POINT('Ctrl Pts',(-55.2048441245746,-0.894616074468486,
13.4238));
#4067=CARTESIAN_POINT('Ctrl Pts',(-55.2261674307938,-0.383953306718745,
13.4238));
#4068=CARTESIAN_POINT('Ctrl Pts',(-55.2315147191785,-1.599952628806E-14,
13.4238));
#4069=CARTESIAN_POINT('Ctrl Pts',(-55.2261674307938,0.38395330671885,13.4238));
#4070=CARTESIAN_POINT('Ctrl Pts',(-55.2048441245746,0.894616074468503,13.4238));
#4071=CARTESIAN_POINT('Ctrl Pts',(-55.1517113351485,1.53049549791937,13.4238));
#4072=CARTESIAN_POINT('Ctrl Pts',(-55.0460177746677,2.28808481800903,13.4238));
#4073=CARTESIAN_POINT('Ctrl Pts',(-54.8497949578031,3.28898426035633,13.4238));
#4074=CARTESIAN_POINT('Ctrl Pts',(-54.5020063712213,4.51922740315887,13.4238));
#4075=CARTESIAN_POINT('Ctrl Pts',(-54.0208306740614,5.71220042953901,13.4238));
#4076=CARTESIAN_POINT('Ctrl Pts',(-53.5579013725934,6.63872387678067,13.4238));
#4077=CARTESIAN_POINT('Ctrl Pts',(-53.2365298485896,7.20503546460651,13.4238));
#4078=CARTESIAN_POINT('Ctrl Pts',(-52.9604308168508,7.64982483279968,13.4238));
#4079=CARTESIAN_POINT('Ctrl Pts',(-52.6718530191542,8.08870732136889,13.4238));
#4080=CARTESIAN_POINT('Ctrl Pts',(-52.2897754742915,8.62325165788151,13.4238));
#4081=CARTESIAN_POINT('Ctrl Pts',(-51.7980665508614,9.24170037239207,13.4238));
#4082=CARTESIAN_POINT('Ctrl Pts',(-51.0997926869596,10.0343146312193,13.4238));
#4083=CARTESIAN_POINT('Ctrl Pts',(-50.1499120030756,10.9628638705167,13.4238));
#4084=CARTESIAN_POINT('Ctrl Pts',(-49.1049760945996,11.8025904406571,13.4238));
#4085=CARTESIAN_POINT('Ctrl Pts',(-48.2164800861823,12.4176052670555,13.4238));
#4086=CARTESIAN_POINT('Ctrl Pts',(-47.5249320407558,12.8496139235774,13.4238));
#4087=CARTESIAN_POINT('Ctrl Pts',(-46.928652886754,13.1844893338365,13.4238));
#4088=CARTESIAN_POINT('Ctrl Pts',(-46.4399286998651,13.43699153088,13.4238));
#4089=CARTESIAN_POINT('Ctrl Pts',(-45.945195445271,13.6782973738524,13.4238));
#4090=CARTESIAN_POINT('Ctrl Pts',(-45.3163171680421,13.95870144273,13.4238));
#4091=CARTESIAN_POINT('Ctrl Pts',(-44.2895349618047,14.3617902590614,13.4238));
#4092=CARTESIAN_POINT('Ctrl Pts',(-42.9711562229541,14.7795165569668,13.4238));
#4093=CARTESIAN_POINT('Ctrl Pts',(-41.6156520965868,15.0805445881148,13.4238));
#4094=CARTESIAN_POINT('Ctrl Pts',(-40.5145747582071,15.2501517836104,13.4238));
#4095=CARTESIAN_POINT('Ctrl Pts',(-39.6818220481581,15.3414357534153,13.4238));
#4096=CARTESIAN_POINT('Ctrl Pts',(-38.9832228976834,15.3873007139271,13.4238));
#4097=CARTESIAN_POINT('Ctrl Pts',(-38.4223121222212,15.4057042967683,13.4238));
#4098=CARTESIAN_POINT('Ctrl Pts',(-38.0005996261155,15.4103192032061,13.4238));
#4099=CARTESIAN_POINT('Ctrl Pts',(-37.5788871300098,15.4057042967683,13.4238));
#4100=CARTESIAN_POINT('Ctrl Pts',(-37.0179763545475,15.3873007139271,13.4238));
#4101=CARTESIAN_POINT('Ctrl Pts',(-36.319377204073,15.3414357534153,13.4238));
#4102=CARTESIAN_POINT('Ctrl Pts',(-35.4866244940239,15.2501517836104,13.4238));
#4103=CARTESIAN_POINT('Ctrl Pts',(-34.3855471556442,15.0805445881148,13.4238));
#4104=CARTESIAN_POINT('Ctrl Pts',(-33.0300430292769,14.7795165569668,13.4238));
#4105=CARTESIAN_POINT('Ctrl Pts',(-31.7116642904263,14.3617902590614,13.4238));
#4106=CARTESIAN_POINT('Ctrl Pts',(-30.684882084189,13.9587014427301,13.4238));
#4107=CARTESIAN_POINT('Ctrl Pts',(-30.05600380696,13.6782973738525,13.4238));
#4108=CARTESIAN_POINT('Ctrl Pts',(-29.5612705523659,13.43699153088,13.4238));
#4109=CARTESIAN_POINT('Ctrl Pts',(-29.0725463654771,13.1844893338365,13.4238));
#4110=CARTESIAN_POINT('Ctrl Pts',(-28.4762672114752,12.8496139235774,13.4238));
#4111=CARTESIAN_POINT('Ctrl Pts',(-27.7847191660488,12.4176052670555,13.4238));
#4112=CARTESIAN_POINT('Ctrl Pts',(-26.8962231576314,11.8025904406571,13.4238));
#4113=CARTESIAN_POINT('Ctrl Pts',(-25.8512872491553,10.9628638705168,13.4238));
#4114=CARTESIAN_POINT('Ctrl Pts',(-24.9014065652714,10.0343146312193,13.4238));
#4115=CARTESIAN_POINT('Ctrl Pts',(-24.2031327013697,9.24170037239206,13.4238));
#4116=CARTESIAN_POINT('Ctrl Pts',(-23.7114237779396,8.62325165788156,13.4238));
#4117=CARTESIAN_POINT('Ctrl Pts',(-23.3293462330767,8.0887073213689,13.4238));
#4118=CARTESIAN_POINT('Ctrl Pts',(-23.0407684353802,7.64982483279971,13.4238));
#4119=CARTESIAN_POINT('Ctrl Pts',(-22.7646694036414,7.20503546460653,13.4238));
#4120=CARTESIAN_POINT('Ctrl Pts',(-22.4432978796375,6.63872387678065,13.4238));
#4121=CARTESIAN_POINT('Ctrl Pts',(-21.9803685781697,5.71220042953904,13.4238));
#4122=CARTESIAN_POINT('Ctrl Pts',(-21.4991928810097,4.51922740315889,13.4238));
#4123=CARTESIAN_POINT('Ctrl Pts',(-21.1514042944279,3.28898426035631,13.4238));
#4124=CARTESIAN_POINT('Ctrl Pts',(-20.9551814775633,2.28808481800903,13.4238));
#4125=CARTESIAN_POINT('Ctrl Pts',(-20.8494879170825,1.53049549791945,13.4238));
#4126=CARTESIAN_POINT('Ctrl Pts',(-20.7963551276563,0.894616074468427,13.4238));
#4127=CARTESIAN_POINT('Ctrl Pts',(-20.7750318214372,0.383953306718814,13.4238));
#4128=CARTESIAN_POINT('Ctrl Pts',(-20.771466962514,0.127984435572974,13.4238));
#4129=CARTESIAN_POINT('Ctrl Pts',(-20.771466962514,3.80961538357094E-14,
13.4238));
#4130=CARTESIAN_POINT('Origin',(-1.22338464375755E-14,-1.,13.4238));
#4131=CARTESIAN_POINT('',(-21.7714669625141,8.87012902364703E-15,13.4238));
#4132=CARTESIAN_POINT('Ctrl Pts',(-21.7714669625141,8.87012902364703E-15,
13.4238));
#4133=CARTESIAN_POINT('Ctrl Pts',(-21.7714669625141,-0.118709926054101,
13.4238));
#4134=CARTESIAN_POINT('Ctrl Pts',(-21.774773633528,-0.356129778162319,13.4238));
#4135=CARTESIAN_POINT('Ctrl Pts',(-21.7945511227699,-0.829775360613255,
13.4238));
#4136=CARTESIAN_POINT('Ctrl Pts',(-21.8438380079957,-1.41965115559478,13.4238));
#4137=CARTESIAN_POINT('Ctrl Pts',(-21.9419064061634,-2.12260833201683,13.4238));
#4138=CARTESIAN_POINT('Ctrl Pts',(-22.1240516893442,-3.05173152715621,13.4238));
#4139=CARTESIAN_POINT('Ctrl Pts',(-22.4471206119412,-4.19468446407327,13.4238));
#4140=CARTESIAN_POINT('Ctrl Pts',(-22.8947751800134,-5.30469405186324,13.4238));
#4141=CARTESIAN_POINT('Ctrl Pts',(-23.3260819742591,-6.16795647838293,13.4238));
#4142=CARTESIAN_POINT('Ctrl Pts',(-23.6258070500948,-6.696138414393,13.4238));
#4143=CARTESIAN_POINT('Ctrl Pts',(-23.8834989589983,-7.11127833829105,13.4238));
#4144=CARTESIAN_POINT('Ctrl Pts',(-24.1530168157725,-7.52117641946271,13.4238));
#4145=CARTESIAN_POINT('Ctrl Pts',(-24.5100862241847,-8.02074673476305,13.4238));
#4146=CARTESIAN_POINT('Ctrl Pts',(-24.9701609948498,-8.59942567744162,13.4238));
#4147=CARTESIAN_POINT('Ctrl Pts',(-25.6242068406636,-9.34185622089559,13.4238));
#4148=CARTESIAN_POINT('Ctrl Pts',(-26.5153809079022,-10.2131126731252,13.4238));
#4149=CARTESIAN_POINT('Ctrl Pts',(-27.4978287898197,-11.0027000972766,13.4238));
#4150=CARTESIAN_POINT('Ctrl Pts',(-28.3344318282788,-11.5818093589497,13.4238));
#4151=CARTESIAN_POINT('Ctrl Pts',(-28.98622525626,-11.9889921188078,13.4238));
#4152=CARTESIAN_POINT('Ctrl Pts',(-29.5486741317197,-12.3048761742997,13.4238));
#4153=CARTESIAN_POINT('Ctrl Pts',(-30.0100208876611,-12.5432351363015,13.4238));
#4154=CARTESIAN_POINT('Ctrl Pts',(-30.4771736045305,-12.7710895584344,13.4238));
#4155=CARTESIAN_POINT('Ctrl Pts',(-31.0713585468913,-13.0360309375711,13.4238));
#4156=CARTESIAN_POINT('Ctrl Pts',(-32.0421440141768,-13.4171451096618,13.4238));
#4157=CARTESIAN_POINT('Ctrl Pts',(-33.2897899146899,-13.8124941913052,13.4238));
#4158=CARTESIAN_POINT('Ctrl Pts',(-34.5737799353921,-14.0976630852668,13.4238));
#4159=CARTESIAN_POINT('Ctrl Pts',(-35.617261940059,-14.2584010784843,13.4238));
#4160=CARTESIAN_POINT('Ctrl Pts',(-36.4066294220241,-14.3449312632661,13.4238));
#4161=CARTESIAN_POINT('Ctrl Pts',(-37.0689518193758,-14.3884152037901,13.4238));
#4162=CARTESIAN_POINT('Ctrl Pts',(-37.6007499551486,-14.405863665721,13.4238));
#4163=CARTESIAN_POINT('Ctrl Pts',(-38.0005996261155,-14.4102395187297,13.4238));
#4164=CARTESIAN_POINT('Ctrl Pts',(-38.4004492970824,-14.405863665721,13.4238));
#4165=CARTESIAN_POINT('Ctrl Pts',(-38.9322474328552,-14.3884152037901,13.4238));
#4166=CARTESIAN_POINT('Ctrl Pts',(-39.5945698302069,-14.3449312632661,13.4238));
#4167=CARTESIAN_POINT('Ctrl Pts',(-40.383937312172,-14.2584010784843,13.4238));
#4168=CARTESIAN_POINT('Ctrl Pts',(-41.4274193168388,-14.0976630852668,13.4238));
#4169=CARTESIAN_POINT('Ctrl Pts',(-42.711409337541,-13.8124941913052,13.4238));
#4170=CARTESIAN_POINT('Ctrl Pts',(-43.9590552380542,-13.4171451096618,13.4238));
#4171=CARTESIAN_POINT('Ctrl Pts',(-44.9298407053396,-13.0360309375711,13.4238));
#4172=CARTESIAN_POINT('Ctrl Pts',(-45.5240256477005,-12.7710895584344,13.4238));
#4173=CARTESIAN_POINT('Ctrl Pts',(-45.9911783645699,-12.5432351363015,13.4238));
#4174=CARTESIAN_POINT('Ctrl Pts',(-46.4525251205112,-12.3048761742997,13.4238));
#4175=CARTESIAN_POINT('Ctrl Pts',(-47.014973995971,-11.9889921188078,13.4238));
#4176=CARTESIAN_POINT('Ctrl Pts',(-47.6667674239522,-11.5818093589497,13.4238));
#4177=CARTESIAN_POINT('Ctrl Pts',(-48.5033704624113,-11.0027000972766,13.4238));
#4178=CARTESIAN_POINT('Ctrl Pts',(-49.4858183443287,-10.2131126731252,13.4238));
#4179=CARTESIAN_POINT('Ctrl Pts',(-50.3769924115673,-9.34185622089559,13.4238));
#4180=CARTESIAN_POINT('Ctrl Pts',(-51.0310382573812,-8.59942567744162,13.4238));
#4181=CARTESIAN_POINT('Ctrl Pts',(-51.4911130280464,-8.02074673476306,13.4238));
#4182=CARTESIAN_POINT('Ctrl Pts',(-51.8481824364585,-7.52117641946271,13.4238));
#4183=CARTESIAN_POINT('Ctrl Pts',(-52.1177002932328,-7.11127833829105,13.4238));
#4184=CARTESIAN_POINT('Ctrl Pts',(-52.3753922021362,-6.696138414393,13.4238));
#4185=CARTESIAN_POINT('Ctrl Pts',(-52.6751172779719,-6.16795647838293,13.4238));
#4186=CARTESIAN_POINT('Ctrl Pts',(-53.1064240722176,-5.30469405186324,13.4238));
#4187=CARTESIAN_POINT('Ctrl Pts',(-53.5540786402898,-4.19468446407327,13.4238));
#4188=CARTESIAN_POINT('Ctrl Pts',(-53.8771475628867,-3.05173152715622,13.4238));
#4189=CARTESIAN_POINT('Ctrl Pts',(-54.0592928460676,-2.12260833201683,13.4238));
#4190=CARTESIAN_POINT('Ctrl Pts',(-54.1573612442353,-1.41965115559478,13.4238));
#4191=CARTESIAN_POINT('Ctrl Pts',(-54.206648129461,-0.829775360613257,13.4238));
#4192=CARTESIAN_POINT('Ctrl Pts',(-54.2264256187029,-0.356129778162322,
13.4238));
#4193=CARTESIAN_POINT('Ctrl Pts',(-54.2313856252239,7.24415952497267E-15,
13.4238));
#4194=CARTESIAN_POINT('Ctrl Pts',(-54.2264256187029,0.356129778162335,13.4238));
#4195=CARTESIAN_POINT('Ctrl Pts',(-54.206648129461,0.829775360613271,13.4238));
#4196=CARTESIAN_POINT('Ctrl Pts',(-54.1573612442353,1.4196511555948,13.4238));
#4197=CARTESIAN_POINT('Ctrl Pts',(-54.0592928460676,2.12260833201684,13.4238));
#4198=CARTESIAN_POINT('Ctrl Pts',(-53.8771475628868,3.05173152715623,13.4238));
#4199=CARTESIAN_POINT('Ctrl Pts',(-53.5540786402898,4.19468446407329,13.4238));
#4200=CARTESIAN_POINT('Ctrl Pts',(-53.1064240722177,5.30469405186325,13.4238));
#4201=CARTESIAN_POINT('Ctrl Pts',(-52.6751172779719,6.16795647838294,13.4238));
#4202=CARTESIAN_POINT('Ctrl Pts',(-52.3753922021362,6.69613841439302,13.4238));
#4203=CARTESIAN_POINT('Ctrl Pts',(-52.1177002932327,7.11127833829107,13.4238));
#4204=CARTESIAN_POINT('Ctrl Pts',(-51.8481824364585,7.52117641946272,13.4238));
#4205=CARTESIAN_POINT('Ctrl Pts',(-51.4911130280463,8.02074673476307,13.4238));
#4206=CARTESIAN_POINT('Ctrl Pts',(-51.0310382573812,8.59942567744163,13.4238));
#4207=CARTESIAN_POINT('Ctrl Pts',(-50.3769924115673,9.3418562208956,13.4238));
#4208=CARTESIAN_POINT('Ctrl Pts',(-49.4858183443287,10.2131126731252,13.4238));
#4209=CARTESIAN_POINT('Ctrl Pts',(-48.5033704624113,11.0027000972766,13.4238));
#4210=CARTESIAN_POINT('Ctrl Pts',(-47.6667674239522,11.5818093589497,13.4238));
#4211=CARTESIAN_POINT('Ctrl Pts',(-47.014973995971,11.9889921188078,13.4238));
#4212=CARTESIAN_POINT('Ctrl Pts',(-46.4525251205113,12.3048761742997,13.4238));
#4213=CARTESIAN_POINT('Ctrl Pts',(-45.9911783645699,12.5432351363015,13.4238));
#4214=CARTESIAN_POINT('Ctrl Pts',(-45.5240256477005,12.7710895584344,13.4238));
#4215=CARTESIAN_POINT('Ctrl Pts',(-44.9298407053397,13.0360309375711,13.4238));
#4216=CARTESIAN_POINT('Ctrl Pts',(-43.9590552380541,13.4171451096618,13.4238));
#4217=CARTESIAN_POINT('Ctrl Pts',(-42.711409337541,13.8124941913052,13.4238));
#4218=CARTESIAN_POINT('Ctrl Pts',(-41.4274193168388,14.0976630852668,13.4238));
#4219=CARTESIAN_POINT('Ctrl Pts',(-40.383937312172,14.2584010784843,13.4238));
#4220=CARTESIAN_POINT('Ctrl Pts',(-39.5945698302069,14.3449312632662,13.4238));
#4221=CARTESIAN_POINT('Ctrl Pts',(-38.9322474328552,14.3884152037901,13.4238));
#4222=CARTESIAN_POINT('Ctrl Pts',(-38.4004492970825,14.405863665721,13.4238));
#4223=CARTESIAN_POINT('Ctrl Pts',(-38.0005996261155,14.4102395187297,13.4238));
#4224=CARTESIAN_POINT('Ctrl Pts',(-37.6007499551486,14.405863665721,13.4238));
#4225=CARTESIAN_POINT('Ctrl Pts',(-37.0689518193758,14.3884152037901,13.4238));
#4226=CARTESIAN_POINT('Ctrl Pts',(-36.4066294220241,14.3449312632662,13.4238));
#4227=CARTESIAN_POINT('Ctrl Pts',(-35.617261940059,14.2584010784843,13.4238));
#4228=CARTESIAN_POINT('Ctrl Pts',(-34.5737799353921,14.0976630852668,13.4238));
#4229=CARTESIAN_POINT('Ctrl Pts',(-33.2897899146899,13.8124941913052,13.4238));
#4230=CARTESIAN_POINT('Ctrl Pts',(-32.0421440141768,13.4171451096618,13.4238));
#4231=CARTESIAN_POINT('Ctrl Pts',(-31.0713585468914,13.0360309375711,13.4238));
#4232=CARTESIAN_POINT('Ctrl Pts',(-30.4771736045305,12.7710895584344,13.4238));
#4233=CARTESIAN_POINT('Ctrl Pts',(-30.0100208876611,12.5432351363015,13.4238));
#4234=CARTESIAN_POINT('Ctrl Pts',(-29.5486741317197,12.3048761742998,13.4238));
#4235=CARTESIAN_POINT('Ctrl Pts',(-28.98622525626,11.9889921188078,13.4238));
#4236=CARTESIAN_POINT('Ctrl Pts',(-28.3344318282789,11.5818093589497,13.4238));
#4237=CARTESIAN_POINT('Ctrl Pts',(-27.4978287898197,11.0027000972766,13.4238));
#4238=CARTESIAN_POINT('Ctrl Pts',(-26.5153809079022,10.2131126731252,13.4238));
#4239=CARTESIAN_POINT('Ctrl Pts',(-25.6242068406636,9.34185622089561,13.4238));
#4240=CARTESIAN_POINT('Ctrl Pts',(-24.9701609948498,8.59942567744164,13.4238));
#4241=CARTESIAN_POINT('Ctrl Pts',(-24.5100862241847,8.02074673476307,13.4238));
#4242=CARTESIAN_POINT('Ctrl Pts',(-24.1530168157725,7.52117641946274,13.4238));
#4243=CARTESIAN_POINT('Ctrl Pts',(-23.8834989589983,7.11127833829108,13.4238));
#4244=CARTESIAN_POINT('Ctrl Pts',(-23.6258070500948,6.69613841439303,13.4238));
#4245=CARTESIAN_POINT('Ctrl Pts',(-23.3260819742591,6.16795647838295,13.4238));
#4246=CARTESIAN_POINT('Ctrl Pts',(-22.8947751800134,5.30469405186326,13.4238));
#4247=CARTESIAN_POINT('Ctrl Pts',(-22.4471206119412,4.1946844640733,13.4238));
#4248=CARTESIAN_POINT('Ctrl Pts',(-22.1240516893442,3.05173152715624,13.4238));
#4249=CARTESIAN_POINT('Ctrl Pts',(-21.9419064061634,2.12260833201685,13.4238));
#4250=CARTESIAN_POINT('Ctrl Pts',(-21.8438380079957,1.4196511555948,13.4238));
#4251=CARTESIAN_POINT('Ctrl Pts',(-21.7945511227699,0.829775360613278,13.4238));
#4252=CARTESIAN_POINT('Ctrl Pts',(-21.774773633528,0.356129778162341,13.4238));
#4253=CARTESIAN_POINT('Ctrl Pts',(-21.7714669625141,0.118709926054119,13.4238));
#4254=CARTESIAN_POINT('Ctrl Pts',(-21.7714669625141,8.87012902364703E-15,
13.4238));
#4255=CARTESIAN_POINT('',(-33.0011992522309,-13.5,13.4238));
#4256=CARTESIAN_POINT('',(-43.,-13.5,13.4238));
#4257=CARTESIAN_POINT('',(-1.22338464375755E-14,-13.5,13.4238));
#4258=CARTESIAN_POINT('',(-33.0011992522309,-5.0106,13.4238));
#4259=CARTESIAN_POINT('',(-33.0011992522309,-1.,13.4238));
#4260=CARTESIAN_POINT('',(-23.0012,-5.0106,13.4238));
#4261=CARTESIAN_POINT('',(-1.18859823129257E-14,-5.0106,13.4238));
#4262=CARTESIAN_POINT('',(-23.0012,5.0106,13.4238));
#4263=CARTESIAN_POINT('',(-23.0012,-1.,13.4238));
#4264=CARTESIAN_POINT('',(-33.0011992522309,5.0106,13.4238));
#4265=CARTESIAN_POINT('',(-1.27551829227947E-14,5.0106,13.4238));
#4266=CARTESIAN_POINT('',(-33.0011992522309,13.5,13.4238));
#4267=CARTESIAN_POINT('',(-33.0011992522309,-1.,13.4238));
#4268=CARTESIAN_POINT('',(-43.,13.5,13.4238));
#4269=CARTESIAN_POINT('',(-1.22338464375755E-14,13.5,13.4238));
#4270=CARTESIAN_POINT('',(-43.,5.0106,13.4238));
#4271=CARTESIAN_POINT('',(-43.,-1.,13.4238));
#4272=CARTESIAN_POINT('',(-52.999999252231,5.0106,13.4238));
#4273=CARTESIAN_POINT('',(-1.27551829227947E-14,5.0106,13.4238));
#4274=CARTESIAN_POINT('',(-52.999999252231,-5.0106,13.4238));
#4275=CARTESIAN_POINT('',(-52.999999252231,-1.,13.4238));
#4276=CARTESIAN_POINT('',(-43.,-5.0106,13.4238));
#4277=CARTESIAN_POINT('',(-1.18859823129257E-14,-5.0106,13.4238));
#4278=CARTESIAN_POINT('',(-43.,-1.,13.4238));
#4279=CARTESIAN_POINT('Origin',(15.5194,12.51164,16.4238));
#4280=CARTESIAN_POINT('',(-64.50000000001,13.8284271247562,16.4238));
#4281=CARTESIAN_POINT('',(-65.3786796564504,12.9497474683158,16.4238));
#4282=CARTESIAN_POINT('',(-64.50000000001,-15.8284271247562,16.4238));
#4283=CARTESIAN_POINT('',(-64.50000000001,-17.0710678118755,16.4238));
#4284=CARTESIAN_POINT('',(-55.8284271247562,-24.50000000001,16.4238));
#4285=CARTESIAN_POINT('',(-54.9497474683158,-25.3786796564504,16.4238));
#4286=CARTESIAN_POINT('',(55.8284271247562,-24.50000000001,16.4238));
#4287=CARTESIAN_POINT('',(57.0710678118755,-24.50000000001,16.4238));
#4288=CARTESIAN_POINT('',(64.50000000001,-15.8284271247562,16.4238));
#4289=CARTESIAN_POINT('',(65.3786796564504,-14.9497474683158,16.4238));
#4290=CARTESIAN_POINT('',(64.50000000001,13.8284271247562,16.4238));
#4291=CARTESIAN_POINT('',(64.50000000001,15.0710678118754,16.4238));
#4292=CARTESIAN_POINT('',(55.8284271247562,22.50000000001,16.4238));
#4293=CARTESIAN_POINT('',(40.6680935623831,37.6603335623831,16.4238));
#4294=CARTESIAN_POINT('',(18.51940000001,22.50000000001,16.4238));
#4295=CARTESIAN_POINT('',(-57.0710678118755,22.50000000001,16.4238));
#4296=CARTESIAN_POINT('',(4.07889322033892E-32,22.50000000001,16.4238));
#4297=CARTESIAN_POINT('',(-33.0011992522309,-13.5,16.4238));
#4298=CARTESIAN_POINT('',(-33.0011992522309,-5.0106,16.4238));
#4299=CARTESIAN_POINT('',(-33.0011992522309,-9.2553,16.4238));
#4300=CARTESIAN_POINT('',(-43.,-13.5,16.4238));
#4301=CARTESIAN_POINT('',(-38.0005996261155,-13.5,16.4238));
#4302=CARTESIAN_POINT('',(-43.,-5.0106,16.4238));
#4303=CARTESIAN_POINT('',(-43.,-9.2553,16.4238));
#4304=CARTESIAN_POINT('',(-52.999999252231,-5.0106,16.4238));
#4305=CARTESIAN_POINT('',(-47.9999996261155,-5.0106,16.4238));
#4306=CARTESIAN_POINT('',(-52.999999252231,5.0106,16.4238));
#4307=CARTESIAN_POINT('',(-52.999999252231,9.54097911787244E-15,16.4238));
#4308=CARTESIAN_POINT('',(-43.,5.0106,16.4238));
#4309=CARTESIAN_POINT('',(-47.9999996261155,5.0106,16.4238));
#4310=CARTESIAN_POINT('',(-43.,13.5,16.4238));
#4311=CARTESIAN_POINT('',(-43.,9.2553,16.4238));
#4312=CARTESIAN_POINT('',(-33.0011992522309,13.5,16.4238));
#4313=CARTESIAN_POINT('',(-38.0005996261155,13.5,16.4238));
#4314=CARTESIAN_POINT('',(-33.0011992522309,5.0106,16.4238));
#4315=CARTESIAN_POINT('',(-33.0011992522309,9.2553,16.4238));
#4316=CARTESIAN_POINT('',(-23.0012,5.0106,16.4238));
#4317=CARTESIAN_POINT('',(-28.0011996261155,5.0106,16.4238));
#4318=CARTESIAN_POINT('',(-23.0012,-5.0106,16.4238));
#4319=CARTESIAN_POINT('',(-23.0012,9.54097911787244E-15,16.4238));
#4320=CARTESIAN_POINT('',(-28.0011996261155,-5.0106,16.4238));
#4321=CARTESIAN_POINT('',(32.9988,-8.48939999999998,16.4238));
#4322=CARTESIAN_POINT('Origin',(37.9988,-8.4894,16.4238));
#4323=CARTESIAN_POINT('',(22.9988,0.010600000000001,16.4238));
#4324=CARTESIAN_POINT('Origin',(27.9988,0.0106000000000016,16.4238));
#4325=CARTESIAN_POINT('',(42.9988,0.010600000000001,16.4238));
#4326=CARTESIAN_POINT('Origin',(47.9988,0.0106000000000016,16.4238));
#4327=CARTESIAN_POINT('',(32.9988,8.51060000000002,16.4238));
#4328=CARTESIAN_POINT('Origin',(37.9988,8.5106,16.4238));
#4329=CARTESIAN_POINT('Origin',(-56.0355339059378,25.50000000001,266.417621135342));
#4330=CARTESIAN_POINT('',(-18.51940000001,25.50000000001,7.51190000000499));
#4331=CARTESIAN_POINT('',(-57.0710678118755,25.50000000001,266.417621135342));
#4332=CARTESIAN_POINT('Origin',(-36.0881271247563,24.5000000000101,266.417621135342));
#4333=CARTESIAN_POINT('',(18.51940000001,24.5000000000101,266.417621135342));
#4334=CARTESIAN_POINT('',(56.6568542495024,24.5000000000101,266.417621135342));
#4335=CARTESIAN_POINT('Origin',(61.5784271247562,19.5784271247562,266.417621135342));
#4336=CARTESIAN_POINT('',(66.50000000001,14.6568542495024,266.417621135342));
#4337=CARTESIAN_POINT('Origin',(66.50000000001,-0.999999999999969,266.417621135342));
#4338=CARTESIAN_POINT('',(66.50000000001,-16.6568542495024,266.417621135342));
#4339=CARTESIAN_POINT('Origin',(61.5784271247562,-21.5784271247562,266.417621135342));
#4340=CARTESIAN_POINT('',(56.6568542495024,-26.5000000000099,266.417621135342));
#4341=CARTESIAN_POINT('Origin',(-2.46346585448005E-14,-26.5000000000099,
266.417621135342));
#4342=CARTESIAN_POINT('',(-56.6568542495024,-26.5000000000099,266.417621135342));
#4343=CARTESIAN_POINT('Origin',(-61.5784271247562,-21.5784271247561,266.417621135342));
#4344=CARTESIAN_POINT('',(-66.50000000001,-16.6568542495024,266.417621135342));
#4345=CARTESIAN_POINT('Origin',(-66.50000000001,-0.999999999999969,266.417621135342));
#4346=CARTESIAN_POINT('',(-66.50000000001,14.6568542495024,266.417621135342));
#4347=CARTESIAN_POINT('Origin',(-61.5784271247562,19.5784271247562,266.417621135342));
#4348=CARTESIAN_POINT('Origin',(-62.2855339059428,20.2855339059427,266.417621135342));
#4349=CARTESIAN_POINT('',(-67.50000000001,15.0710678118754,13.4238));
#4350=CARTESIAN_POINT('',(-67.50000000001,15.0710678118755,266.417621135342));
#4351=CARTESIAN_POINT('',(-57.0710678118755,25.50000000001,13.4238));
#4352=CARTESIAN_POINT('Origin',(-67.50000000001,-0.999999999999956,266.417621135342));
#4353=CARTESIAN_POINT('',(-67.50000000001,-17.0710678118755,13.4238));
#4354=CARTESIAN_POINT('',(-67.50000000001,-17.0710678118754,266.417621135342));
#4355=CARTESIAN_POINT('',(-67.50000000001,15.0710678118754,13.4238));
#4356=CARTESIAN_POINT('Origin',(-62.2855339059428,-22.2855339059427,266.417621135342));
#4357=CARTESIAN_POINT('',(-57.0710678118755,-27.50000000001,13.4238));
#4358=CARTESIAN_POINT('',(-57.0710678118755,-27.50000000001,266.417621135342));
#4359=CARTESIAN_POINT('',(-67.50000000001,-17.0710678118755,13.4238));
#4360=CARTESIAN_POINT('Origin',(-3.85126912819748E-14,-27.50000000001,266.417621135342));
#4361=CARTESIAN_POINT('',(57.0710678118755,-27.50000000001,13.4238));
#4362=CARTESIAN_POINT('',(57.0710678118755,-27.50000000001,266.417621135342));
#4363=CARTESIAN_POINT('',(-57.0710678118755,-27.50000000001,13.4238));
#4364=CARTESIAN_POINT('Origin',(62.2855339059427,-22.2855339059428,266.417621135342));
#4365=CARTESIAN_POINT('',(67.50000000001,-17.0710678118755,13.4238));
#4366=CARTESIAN_POINT('',(67.50000000001,-17.0710678118755,266.417621135342));
#4367=CARTESIAN_POINT('',(57.0710678118755,-27.50000000001,13.4238));
#4368=CARTESIAN_POINT('Origin',(67.50000000001,-0.999999999999977,266.417621135342));
#4369=CARTESIAN_POINT('',(67.50000000001,15.0710678118754,13.4238));
#4370=CARTESIAN_POINT('',(67.50000000001,15.0710678118755,266.417621135342));
#4371=CARTESIAN_POINT('',(67.50000000001,-17.0710678118755,13.4238));
#4372=CARTESIAN_POINT('Origin',(62.2855339059427,20.2855339059428,266.417621135342));
#4373=CARTESIAN_POINT('',(62.2855339059427,20.2855339059427,13.4238));
#4374=CARTESIAN_POINT('Origin',(15.5194,-24.50000000001,16.4238));
#4375=CARTESIAN_POINT('',(-50.1913370770759,-10.8908607545816,30.0329392454285));
#4376=CARTESIAN_POINT('',(52.6436683900672,-16.8113122698377,24.1124877301724));
#4377=CARTESIAN_POINT('Origin',(54.1797335623831,-26.1486935623831,16.4238));
#4378=CARTESIAN_POINT('',(61.7160860081061,-14.6752921928294,19.2077139919039));
#4379=CARTESIAN_POINT('Origin',(-38.6603335623831,-41.6680935623831,16.4238));
#4380=CARTESIAN_POINT('',(-59.0943144273968,-13.5893188466553,21.8294855726132));
#4381=CARTESIAN_POINT('Origin',(64.50000000001,12.51164,16.4238));
#4382=CARTESIAN_POINT('',(64.2488313231271,13.724389652348,16.6749686768829));
#4383=CARTESIAN_POINT('Origin',(-64.50000000001,12.51164,16.4238));
#4384=CARTESIAN_POINT('',(-53.8849007432707,9.43150904667819,27.0388992567394));
#4385=CARTESIAN_POINT('Origin',(62.2855339059427,20.2855339059427,13.4238));
#4386=CARTESIAN_POINT('',(56.4884294622982,24.0933865945019,14.8304134055081));
#4387=CARTESIAN_POINT('Origin',(-25.1486935623831,53.1797335623831,16.4238));
#4388=CARTESIAN_POINT('Origin',(15.5194,22.50000000001,16.4238));
#4389=CARTESIAN_POINT('',(18.51940000001,22.50000000001,16.4238));
#4390=CARTESIAN_POINT('Origin',(-52.5,-12.5,1.598));
#4391=CARTESIAN_POINT('',(-53.6,-12.5,1.6));
#4392=CARTESIAN_POINT('Origin',(-52.5,-12.5,1.6));
#4393=CARTESIAN_POINT('',(-53.6,-12.5,13.4238));
#4394=CARTESIAN_POINT('',(-53.6,-12.5,1.598));
#4395=CARTESIAN_POINT('Origin',(-52.5,-12.5,13.4238));
#4396=CARTESIAN_POINT('Origin',(-52.5,-12.5,1.598));
#4397=CARTESIAN_POINT('',(-55.,-12.5,1.6));
#4398=CARTESIAN_POINT('',(-55.,-12.5,1.598));
#4399=CARTESIAN_POINT('Origin',(-52.5,-12.5,1.6));
#4400=CARTESIAN_POINT('Origin',(3.525977875845E-16,4.407472344807E-17,1.6));
#4401=CARTESIAN_POINT('Origin',(-1.22338464375755E-14,-1.,13.4238));
#4402=CARTESIAN_POINT('Origin',(-52.5,12.5,1.598));
#4403=CARTESIAN_POINT('',(-53.6,12.5,1.6));
#4404=CARTESIAN_POINT('Origin',(-52.5,12.5,1.6));
#4405=CARTESIAN_POINT('',(-53.6,12.5,13.4238));
#4406=CARTESIAN_POINT('',(-53.6,12.5,1.598));
#4407=CARTESIAN_POINT('Origin',(-52.5,12.5,13.4238));
#4408=CARTESIAN_POINT('Origin',(-52.5,12.5,1.598));
#4409=CARTESIAN_POINT('',(-55.,12.5,1.6));
#4410=CARTESIAN_POINT('',(-55.,12.5,1.598));
#4411=CARTESIAN_POINT('Origin',(-52.5,12.5,1.6));
#4412=CARTESIAN_POINT('Origin',(3.525977875845E-16,4.407472344807E-17,1.6));
#4413=CARTESIAN_POINT('Origin',(-1.22338464375755E-14,-1.,13.4238));
#4414=CARTESIAN_POINT('Origin',(-1.44824281173526E-15,-12.5,1.598));
#4415=CARTESIAN_POINT('',(-2.6,-12.5,1.6));
#4416=CARTESIAN_POINT('Origin',(-1.44799788237543E-15,-12.5,1.6));
#4417=CARTESIAN_POINT('',(-2.6,-12.5,13.4238));
#4418=CARTESIAN_POINT('',(-2.6,-12.5,1.598));
#4419=CARTESIAN_POINT('Origin',(-4.92866264124586E-32,-12.5,13.4238));
#4420=CARTESIAN_POINT('Origin',(2.86480664241547E-16,-12.5,1.598));
#4421=CARTESIAN_POINT('',(-4.,-12.5,1.6));
#4422=CARTESIAN_POINT('',(-4.,-12.5,1.598));
#4423=CARTESIAN_POINT('Origin',(2.86725593601376E-16,-12.5,1.6));
#4424=CARTESIAN_POINT('Origin',(3.525977875845E-16,4.407472344807E-17,1.6));
#4425=CARTESIAN_POINT('Origin',(-1.22338464375755E-14,-1.,13.4238));
#4426=CARTESIAN_POINT('Origin',(52.5,-12.5,1.598));
#4427=CARTESIAN_POINT('',(51.4,-12.5,1.6));
#4428=CARTESIAN_POINT('Origin',(52.5,-12.5,1.6));
#4429=CARTESIAN_POINT('',(51.4,-12.5,13.4238));
#4430=CARTESIAN_POINT('',(51.4,-12.5,1.598));
#4431=CARTESIAN_POINT('Origin',(52.5,-12.5,13.4238));
#4432=CARTESIAN_POINT('Origin',(52.5,-12.5,1.598));
#4433=CARTESIAN_POINT('',(50.,-12.5,1.6));
#4434=CARTESIAN_POINT('',(50.,-12.5,1.598));
#4435=CARTESIAN_POINT('Origin',(52.5,-12.5,1.6));
#4436=CARTESIAN_POINT('Origin',(3.525977875845E-16,4.407472344807E-17,1.6));
#4437=CARTESIAN_POINT('Origin',(-1.22338464375755E-14,-1.,13.4238));
#4438=CARTESIAN_POINT('Origin',(52.5,12.5,1.598));
#4439=CARTESIAN_POINT('',(51.4,12.5,1.6));
#4440=CARTESIAN_POINT('Origin',(52.5,12.5,1.6));
#4441=CARTESIAN_POINT('',(51.4,12.5,13.4238));
#4442=CARTESIAN_POINT('',(51.4,12.5,1.598));
#4443=CARTESIAN_POINT('Origin',(52.5,12.5,13.4238));
#4444=CARTESIAN_POINT('Origin',(52.5,12.5,1.598));
#4445=CARTESIAN_POINT('',(50.,12.5,1.6));
#4446=CARTESIAN_POINT('',(50.,12.5,1.598));
#4447=CARTESIAN_POINT('Origin',(52.5,12.5,1.6));
#4448=CARTESIAN_POINT('Origin',(3.525977875845E-16,4.407472344807E-17,1.6));
#4449=CARTESIAN_POINT('Origin',(-1.22338464375755E-14,-1.,13.4238));
#4450=CARTESIAN_POINT('Origin',(37.9988,8.5106,-130.340507624845));
#4451=CARTESIAN_POINT('',(33.0998205144337,9.5106,5.95));
#4452=CARTESIAN_POINT('',(33.0998205144337,9.5106,5.948));
#4453=CARTESIAN_POINT('',(36.9988,13.4095794855664,5.95));
#4454=CARTESIAN_POINT('Origin',(37.9988,8.5106,5.95));
#4455=CARTESIAN_POINT('',(36.9988,13.4095794855664,5.948));
#4456=CARTESIAN_POINT('',(38.9988,13.4095794855664,5.95));
#4457=CARTESIAN_POINT('',(38.9988,13.4095794855664,5.948));
#4458=CARTESIAN_POINT('',(42.8977794855664,9.5106,5.95));
#4459=CARTESIAN_POINT('Origin',(37.9988,8.5106,5.95));
#4460=CARTESIAN_POINT('',(42.8977794855664,9.5106,5.948));
#4461=CARTESIAN_POINT('',(42.8977794855664,7.5106,5.95));
#4462=CARTESIAN_POINT('',(42.8977794855664,7.5106,5.948));
#4463=CARTESIAN_POINT('',(38.9988,3.61162051443365,5.95));
#4464=CARTESIAN_POINT('Origin',(37.9988,8.5106,5.95));
#4465=CARTESIAN_POINT('',(38.9988,3.61162051443365,5.948));
#4466=CARTESIAN_POINT('',(36.9988,3.61162051443365,5.95));
#4467=CARTESIAN_POINT('',(36.9988,3.61162051443365,5.948));
#4468=CARTESIAN_POINT('',(33.0998205144337,7.5106,5.95));
#4469=CARTESIAN_POINT('Origin',(37.9988,8.5106,5.95));
#4470=CARTESIAN_POINT('',(33.0998205144337,7.5106,5.948));
#4471=CARTESIAN_POINT('',(32.9988,8.5106,-130.340507624845));
#4472=CARTESIAN_POINT('Origin',(-38.0005996261155,-13.5,-130.340507624845));
#4473=CARTESIAN_POINT('',(-43.,-13.5,-130.340507624845));
#4474=CARTESIAN_POINT('',(-33.001199252231,-13.5,-130.340507624845));
#4475=CARTESIAN_POINT('Origin',(-33.001199252231,-9.2553,-130.340507624845));
#4476=CARTESIAN_POINT('',(-33.001199252231,-5.0106,-130.340507624845));
#4477=CARTESIAN_POINT('Origin',(-28.0011996261155,-5.0106,-130.340507624845));
#4478=CARTESIAN_POINT('',(-23.0012,-5.0106,-130.340507624845));
#4479=CARTESIAN_POINT('Origin',(-23.0012,-6.75313223395246E-15,-130.340507624845));
#4480=CARTESIAN_POINT('',(-23.0012,5.0106,-130.340507624845));
#4481=CARTESIAN_POINT('Origin',(-28.0011996261155,5.0106,-130.340507624845));
#4482=CARTESIAN_POINT('',(-33.001199252231,5.0106,-130.340507624845));
#4483=CARTESIAN_POINT('Origin',(-33.001199252231,9.2553,-130.340507624845));
#4484=CARTESIAN_POINT('',(-33.001199252231,13.5,-130.340507624845));
#4485=CARTESIAN_POINT('Origin',(-38.0005996261155,13.5,-130.340507624845));
#4486=CARTESIAN_POINT('',(-43.,13.5,-130.340507624845));
#4487=CARTESIAN_POINT('Origin',(-43.,9.2553,-130.340507624845));
#4488=CARTESIAN_POINT('',(-43.,5.0106,-130.340507624845));
#4489=CARTESIAN_POINT('Origin',(-47.9999996261155,5.0106,-130.340507624845));
#4490=CARTESIAN_POINT('',(-52.999999252231,5.0106,-130.340507624845));
#4491=CARTESIAN_POINT('Origin',(-52.999999252231,-6.75313223395246E-15,
-130.340507624845));
#4492=CARTESIAN_POINT('',(-52.999999252231,-5.0106,-130.340507624845));
#4493=CARTESIAN_POINT('Origin',(-47.9999996261155,-5.0106,-130.340507624845));
#4494=CARTESIAN_POINT('',(-43.,-5.0106,-130.340507624845));
#4495=CARTESIAN_POINT('Origin',(-43.,-9.2553,-130.340507624845));
#4496=CARTESIAN_POINT('Origin',(47.9988,0.0105999999999853,-130.340507624845));
#4497=CARTESIAN_POINT('',(46.9988,-4.88837948556637,5.95));
#4498=CARTESIAN_POINT('',(46.9988,-4.88837948556637,5.948));
#4499=CARTESIAN_POINT('',(43.0998205144336,-0.989399999999959,5.95));
#4500=CARTESIAN_POINT('Origin',(47.9988,0.0106000000000004,5.95));
#4501=CARTESIAN_POINT('',(43.0998205144336,-0.989399999999959,5.948));
#4502=CARTESIAN_POINT('',(42.9988,0.0105999999999847,-130.340507624845));
#4503=CARTESIAN_POINT('',(43.0998205144336,1.01059999999996,5.95));
#4504=CARTESIAN_POINT('',(43.0998205144336,1.01059999999996,5.948));
#4505=CARTESIAN_POINT('',(46.9988,4.90957948556637,5.95));
#4506=CARTESIAN_POINT('Origin',(47.9988,0.0106000000000004,5.95));
#4507=CARTESIAN_POINT('',(46.9988,4.90957948556637,5.948));
#4508=CARTESIAN_POINT('',(48.9988,4.90957948556638,5.95));
#4509=CARTESIAN_POINT('',(48.9988,4.90957948556638,5.948));
#4510=CARTESIAN_POINT('',(52.8977794855664,1.01059999999989,5.95));
#4511=CARTESIAN_POINT('Origin',(47.9988,0.0106000000000004,5.95));
#4512=CARTESIAN_POINT('',(52.8977794855664,1.01059999999989,5.948));
#4513=CARTESIAN_POINT('',(52.8977794855664,-0.989399999999962,5.95));
#4514=CARTESIAN_POINT('',(52.8977794855664,-0.989399999999962,5.948));
#4515=CARTESIAN_POINT('',(48.9988,-4.88837948556638,5.95));
#4516=CARTESIAN_POINT('Origin',(47.9988,0.0106000000000004,5.95));
#4517=CARTESIAN_POINT('',(48.9988,-4.88837948556638,5.948));
#4518=CARTESIAN_POINT('Origin',(37.9988,-8.4894,-130.340507624845));
#4519=CARTESIAN_POINT('',(32.9988,-8.4894,-130.340507624845));
#4520=CARTESIAN_POINT('',(33.0998205144337,-7.4894,5.95));
#4521=CARTESIAN_POINT('',(33.0998205144337,-7.4894,5.948));
#4522=CARTESIAN_POINT('',(36.9988,-3.59042051443365,5.95));
#4523=CARTESIAN_POINT('Origin',(37.9988,-8.4894,5.95));
#4524=CARTESIAN_POINT('',(36.9988,-3.59042051443365,5.948));
#4525=CARTESIAN_POINT('',(38.9988,-3.59042051443365,5.95));
#4526=CARTESIAN_POINT('',(38.9988,-3.59042051443365,5.948));
#4527=CARTESIAN_POINT('',(42.8977794855664,-7.4894,5.95));
#4528=CARTESIAN_POINT('Origin',(37.9988,-8.4894,5.95));
#4529=CARTESIAN_POINT('',(42.8977794855664,-7.4894,5.948));
#4530=CARTESIAN_POINT('',(42.8977794855664,-9.4894,5.95));
#4531=CARTESIAN_POINT('',(42.8977794855664,-9.4894,5.948));
#4532=CARTESIAN_POINT('',(38.9988,-13.3883794855663,5.95));
#4533=CARTESIAN_POINT('Origin',(37.9988,-8.4894,5.95));
#4534=CARTESIAN_POINT('',(38.9988,-13.3883794855663,5.948));
#4535=CARTESIAN_POINT('',(36.9988,-13.3883794855663,5.95));
#4536=CARTESIAN_POINT('',(36.9988,-13.3883794855663,5.948));
#4537=CARTESIAN_POINT('',(33.0998205144337,-9.4894,5.95));
#4538=CARTESIAN_POINT('Origin',(37.9988,-8.4894,5.95));
#4539=CARTESIAN_POINT('',(33.0998205144337,-9.4894,5.948));
#4540=CARTESIAN_POINT('Origin',(27.9988,0.0105999999999853,-130.340507624845));
#4541=CARTESIAN_POINT('',(26.9988,-4.88837948556637,5.95));
#4542=CARTESIAN_POINT('',(26.9988,-4.88837948556637,5.948));
#4543=CARTESIAN_POINT('',(23.0998205144336,-0.989399999999883,5.95));
#4544=CARTESIAN_POINT('Origin',(27.9988,0.0106000000000004,5.95));
#4545=CARTESIAN_POINT('',(23.0998205144336,-0.989399999999883,5.948));
#4546=CARTESIAN_POINT('',(22.9988,0.0105999999999847,-130.340507624845));
#4547=CARTESIAN_POINT('',(23.0998205144336,1.01059999999988,5.95));
#4548=CARTESIAN_POINT('',(23.0998205144336,1.01059999999988,5.948));
#4549=CARTESIAN_POINT('',(26.9988,4.90957948556638,5.95));
#4550=CARTESIAN_POINT('Origin',(27.9988,0.0106000000000004,5.95));
#4551=CARTESIAN_POINT('',(26.9988,4.90957948556638,5.948));
#4552=CARTESIAN_POINT('',(28.9988,4.90957948556638,5.95));
#4553=CARTESIAN_POINT('',(28.9988,4.90957948556638,5.948));
#4554=CARTESIAN_POINT('',(32.8977794855664,1.01059999999988,5.95));
#4555=CARTESIAN_POINT('Origin',(27.9988,0.0106000000000004,5.95));
#4556=CARTESIAN_POINT('',(32.8977794855664,1.01059999999988,5.948));
#4557=CARTESIAN_POINT('',(32.8977794855664,-0.989399999999883,5.95));
#4558=CARTESIAN_POINT('',(32.8977794855664,-0.989399999999883,5.948));
#4559=CARTESIAN_POINT('',(28.9988,-4.88837948556638,5.95));
#4560=CARTESIAN_POINT('Origin',(27.9988,0.0106000000000004,5.95));
#4561=CARTESIAN_POINT('',(28.9988,-4.88837948556638,5.948));
#4562=CARTESIAN_POINT('Origin',(2.02120414021836E-15,3.54704,1.598));
#4563=CARTESIAN_POINT('Origin',(-1.44824281173526E-15,1.54704,1.598));
#4564=CARTESIAN_POINT('Origin',(37.9988,-8.4894,5.95));
#4565=CARTESIAN_POINT('',(32.0827202169004,-9.4894,5.95));
#4566=CARTESIAN_POINT('',(32.591270365667,-9.4894,5.95));
#4567=CARTESIAN_POINT('',(36.9988,-14.4054797830996,5.95));
#4568=CARTESIAN_POINT('',(36.9988,-13.896929634333,5.95));
#4569=CARTESIAN_POINT('Origin',(37.9988,-8.4894,5.95));
#4570=CARTESIAN_POINT('Origin',(36.9988,-13.896929634333,5.948));
#4571=CARTESIAN_POINT('',(36.9988,-14.4054797830996,5.948));
#4572=CARTESIAN_POINT('Origin',(32.591270365667,-9.4894,5.948));
#4573=CARTESIAN_POINT('',(32.0827202169004,-9.4894,5.948));
#4574=CARTESIAN_POINT('Origin',(37.9988,-8.4894,5.948));
#4575=CARTESIAN_POINT('Origin',(37.9988,-8.4894,5.95));
#4576=CARTESIAN_POINT('',(43.9148797830996,-9.4894,5.95));
#4577=CARTESIAN_POINT('',(38.9988,-14.4054797830996,5.95));
#4578=CARTESIAN_POINT('Origin',(37.9988,-8.4894,5.95));
#4579=CARTESIAN_POINT('',(38.9988,-13.896929634333,5.95));
#4580=CARTESIAN_POINT('',(43.406329634333,-9.4894,5.95));
#4581=CARTESIAN_POINT('Origin',(43.406329634333,-9.4894,5.948));
#4582=CARTESIAN_POINT('',(43.9148797830996,-9.4894,5.948));
#4583=CARTESIAN_POINT('Origin',(38.9988,-13.896929634333,5.948));
#4584=CARTESIAN_POINT('',(38.9988,-14.4054797830996,5.948));
#4585=CARTESIAN_POINT('Origin',(37.9988,-8.4894,5.948));
#4586=CARTESIAN_POINT('Origin',(37.9988,-8.4894,5.95));
#4587=CARTESIAN_POINT('',(32.0827202169004,-7.4894,5.95));
#4588=CARTESIAN_POINT('',(36.9988,-2.57332021690039,5.95));
#4589=CARTESIAN_POINT('Origin',(37.9988,-8.4894,5.95));
#4590=CARTESIAN_POINT('',(36.9988,-3.08187036566701,5.95));
#4591=CARTESIAN_POINT('',(32.591270365667,-7.4894,5.95));
#4592=CARTESIAN_POINT('Origin',(32.591270365667,-7.4894,5.948));
#4593=CARTESIAN_POINT('',(32.0827202169004,-7.4894,5.948));
#4594=CARTESIAN_POINT('Origin',(36.9988,-3.08187036566701,5.948));
#4595=CARTESIAN_POINT('',(36.9988,-2.57332021690039,5.948));
#4596=CARTESIAN_POINT('Origin',(37.9988,-8.4894,5.948));
#4597=CARTESIAN_POINT('Origin',(37.9988,-8.4894,5.95));
#4598=CARTESIAN_POINT('',(38.9988,-2.57332021690039,5.95));
#4599=CARTESIAN_POINT('',(38.9988,-3.08187036566701,5.95));
#4600=CARTESIAN_POINT('',(43.9148797830996,-7.4894,5.95));
#4601=CARTESIAN_POINT('Origin',(37.9988,-8.4894,5.95));
#4602=CARTESIAN_POINT('',(43.406329634333,-7.4894,5.95));
#4603=CARTESIAN_POINT('Origin',(43.406329634333,-7.4894,5.948));
#4604=CARTESIAN_POINT('',(43.9148797830996,-7.4894,5.948));
#4605=CARTESIAN_POINT('Origin',(37.9988,-8.4894,5.948));
#4606=CARTESIAN_POINT('',(38.9988,-2.57332021690039,5.948));
#4607=CARTESIAN_POINT('Origin',(38.9988,-3.08187036566701,5.948));
#4608=CARTESIAN_POINT('Origin',(37.9988,-8.4894,5.95));
#4609=CARTESIAN_POINT('',(22.0827202169004,-0.989399999999961,5.95));
#4610=CARTESIAN_POINT('',(22.591270365667,-0.989399999999883,5.95));
#4611=CARTESIAN_POINT('',(26.9988,-5.90547978309963,5.95));
#4612=CARTESIAN_POINT('',(26.9988,-5.396929634333,5.95));
#4613=CARTESIAN_POINT('Origin',(27.9988,0.0106000000000046,5.95));
#4614=CARTESIAN_POINT('Origin',(26.9988,-5.396929634333,5.948));
#4615=CARTESIAN_POINT('',(26.9988,-5.90547978309963,5.948));
#4616=CARTESIAN_POINT('Origin',(22.591270365667,-0.989399999999883,5.948));
#4617=CARTESIAN_POINT('',(22.0827202169004,-0.989399999999961,5.948));
#4618=CARTESIAN_POINT('Origin',(27.9988,0.0106000000000046,5.948));
#4619=CARTESIAN_POINT('Origin',(37.9988,-8.4894,5.95));
#4620=CARTESIAN_POINT('',(33.9148797830996,-0.989399999999883,5.95));
#4621=CARTESIAN_POINT('',(28.9988,-5.90547978309963,5.95));
#4622=CARTESIAN_POINT('Origin',(27.9988,0.0105999999999963,5.95));
#4623=CARTESIAN_POINT('',(28.9988,-5.396929634333,5.95));
#4624=CARTESIAN_POINT('',(33.406329634333,-0.989399999999883,5.95));
#4625=CARTESIAN_POINT('Origin',(33.406329634333,-0.989399999999883,5.948));
#4626=CARTESIAN_POINT('',(33.9148797830996,-0.989399999999883,5.948));
#4627=CARTESIAN_POINT('Origin',(28.9988,-5.396929634333,5.948));
#4628=CARTESIAN_POINT('',(28.9988,-5.90547978309963,5.948));
#4629=CARTESIAN_POINT('Origin',(27.9988,0.0105999999999963,5.948));
#4630=CARTESIAN_POINT('Origin',(37.9988,-8.4894,5.95));
#4631=CARTESIAN_POINT('',(22.0827202169004,1.01059999999988,5.95));
#4632=CARTESIAN_POINT('',(26.9988,5.92667978309963,5.95));
#4633=CARTESIAN_POINT('Origin',(27.9988,0.0106000000000044,5.95));
#4634=CARTESIAN_POINT('',(26.9988,5.418129634333,5.95));
#4635=CARTESIAN_POINT('',(22.591270365667,1.01059999999988,5.95));
#4636=CARTESIAN_POINT('Origin',(22.591270365667,1.01059999999988,5.948));
#4637=CARTESIAN_POINT('',(22.0827202169004,1.01059999999988,5.948));
#4638=CARTESIAN_POINT('Origin',(26.9988,5.418129634333,5.948));
#4639=CARTESIAN_POINT('',(26.9988,5.92667978309963,5.948));
#4640=CARTESIAN_POINT('Origin',(27.9988,0.0106000000000044,5.948));
#4641=CARTESIAN_POINT('Origin',(37.9988,-8.4894,5.95));
#4642=CARTESIAN_POINT('',(28.9988,5.92667978309963,5.95));
#4643=CARTESIAN_POINT('',(28.9988,5.418129634333,5.95));
#4644=CARTESIAN_POINT('',(33.9148797830996,1.01059999999988,5.95));
#4645=CARTESIAN_POINT('Origin',(27.9988,0.0106000000000061,5.95));
#4646=CARTESIAN_POINT('',(33.406329634333,1.01059999999988,5.95));
#4647=CARTESIAN_POINT('Origin',(28.9988,5.418129634333,5.948));
#4648=CARTESIAN_POINT('',(28.9988,5.92667978309963,5.948));
#4649=CARTESIAN_POINT('Origin',(33.406329634333,1.01059999999988,5.948));
#4650=CARTESIAN_POINT('',(33.9148797830996,1.01059999999988,5.948));
#4651=CARTESIAN_POINT('Origin',(27.9988,0.0106000000000061,5.948));
#4652=CARTESIAN_POINT('Origin',(37.9988,-8.4894,5.95));
#4653=CARTESIAN_POINT('',(32.0827202169004,9.5106,5.95));
#4654=CARTESIAN_POINT('',(36.9988,14.4266797830996,5.95));
#4655=CARTESIAN_POINT('Origin',(37.9988,8.5106,5.95));
#4656=CARTESIAN_POINT('',(36.9988,13.918129634333,5.95));
#4657=CARTESIAN_POINT('',(32.591270365667,9.5106,5.95));
#4658=CARTESIAN_POINT('Origin',(32.591270365667,9.5106,5.948));
#4659=CARTESIAN_POINT('',(32.0827202169004,9.5106,5.948));
#4660=CARTESIAN_POINT('Origin',(36.9988,13.918129634333,5.948));
#4661=CARTESIAN_POINT('',(36.9988,14.4266797830996,5.948));
#4662=CARTESIAN_POINT('Origin',(37.9988,8.5106,5.948));
#4663=CARTESIAN_POINT('Origin',(37.9988,-8.4894,5.95));
#4664=CARTESIAN_POINT('',(43.9148797830996,9.5106,5.95));
#4665=CARTESIAN_POINT('',(43.406329634333,9.5106,5.95));
#4666=CARTESIAN_POINT('',(38.9988,14.4266797830996,5.95));
#4667=CARTESIAN_POINT('',(38.9988,13.918129634333,5.95));
#4668=CARTESIAN_POINT('Origin',(37.9988,8.5106,5.95));
#4669=CARTESIAN_POINT('Origin',(38.9988,13.918129634333,5.948));
#4670=CARTESIAN_POINT('',(38.9988,14.4266797830996,5.948));
#4671=CARTESIAN_POINT('Origin',(43.406329634333,9.5106,5.948));
#4672=CARTESIAN_POINT('',(43.9148797830996,9.5106,5.948));
#4673=CARTESIAN_POINT('Origin',(37.9988,8.5106,5.948));
#4674=CARTESIAN_POINT('Origin',(37.9988,-8.4894,5.95));
#4675=CARTESIAN_POINT('',(43.9148797830996,7.5106,5.95));
#4676=CARTESIAN_POINT('',(43.406329634333,7.5106,5.95));
#4677=CARTESIAN_POINT('',(38.9988,2.59452021690039,5.95));
#4678=CARTESIAN_POINT('Origin',(37.9988,8.5106,5.95));
#4679=CARTESIAN_POINT('',(38.9988,3.10307036566702,5.95));
#4680=CARTESIAN_POINT('Origin',(43.406329634333,7.5106,5.948));
#4681=CARTESIAN_POINT('',(43.9148797830996,7.5106,5.948));
#4682=CARTESIAN_POINT('Origin',(38.9988,3.10307036566702,5.948));
#4683=CARTESIAN_POINT('',(38.9988,2.59452021690039,5.948));
#4684=CARTESIAN_POINT('Origin',(37.9988,8.5106,5.948));
#4685=CARTESIAN_POINT('Origin',(37.9988,-8.4894,5.95));
#4686=CARTESIAN_POINT('',(36.9988,2.59452021690039,5.95));
#4687=CARTESIAN_POINT('',(36.9988,3.10307036566702,5.95));
#4688=CARTESIAN_POINT('',(32.0827202169004,7.5106,5.95));
#4689=CARTESIAN_POINT('Origin',(37.9988,8.5106,5.95));
#4690=CARTESIAN_POINT('',(32.591270365667,7.5106,5.95));
#4691=CARTESIAN_POINT('Origin',(36.9988,3.10307036566702,5.948));
#4692=CARTESIAN_POINT('',(36.9988,2.59452021690039,5.948));
#4693=CARTESIAN_POINT('Origin',(32.591270365667,7.5106,5.948));
#4694=CARTESIAN_POINT('',(32.0827202169004,7.5106,5.948));
#4695=CARTESIAN_POINT('Origin',(37.9988,8.5106,5.948));
#4696=CARTESIAN_POINT('Origin',(37.9988,-8.4894,5.95));
#4697=CARTESIAN_POINT('',(53.9148797830996,-0.989399999999961,5.95));
#4698=CARTESIAN_POINT('',(53.406329634333,-0.989399999999883,5.95));
#4699=CARTESIAN_POINT('',(48.9988,-5.90547978309963,5.95));
#4700=CARTESIAN_POINT('Origin',(47.9988,0.0105999999999791,5.95));
#4701=CARTESIAN_POINT('',(48.9988,-5.396929634333,5.95));
#4702=CARTESIAN_POINT('Origin',(48.9988,-5.396929634333,5.948));
#4703=CARTESIAN_POINT('',(48.9988,-5.90547978309963,5.948));
#4704=CARTESIAN_POINT('Origin',(47.9988,0.0105999999999791,5.948));
#4705=CARTESIAN_POINT('',(53.9148797830996,-0.989399999999961,5.948));
#4706=CARTESIAN_POINT('Origin',(53.406329634333,-0.989399999999883,5.948));
#4707=CARTESIAN_POINT('Origin',(37.9988,-8.4894,5.95));
#4708=CARTESIAN_POINT('',(48.9988,5.92667978309963,5.95));
#4709=CARTESIAN_POINT('',(48.9988,5.418129634333,5.95));
#4710=CARTESIAN_POINT('',(53.9148797830996,1.01059999999988,5.95));
#4711=CARTESIAN_POINT('Origin',(47.9988,0.0106000000000045,5.95));
#4712=CARTESIAN_POINT('',(53.406329634333,1.01059999999988,5.95));
#4713=CARTESIAN_POINT('Origin',(53.406329634333,1.01059999999988,5.948));
#4714=CARTESIAN_POINT('',(53.9148797830996,1.01059999999988,5.948));
#4715=CARTESIAN_POINT('Origin',(47.9988,0.0106000000000045,5.948));
#4716=CARTESIAN_POINT('',(48.9988,5.92667978309963,5.948));
#4717=CARTESIAN_POINT('Origin',(48.9988,5.418129634333,5.948));
#4718=CARTESIAN_POINT('Origin',(37.9988,-8.4894,5.95));
#4719=CARTESIAN_POINT('',(46.9988,-5.90547978309963,5.95));
#4720=CARTESIAN_POINT('',(46.9988,-5.396929634333,5.95));
#4721=CARTESIAN_POINT('',(42.0827202169003,-0.989399999999961,5.95));
#4722=CARTESIAN_POINT('Origin',(47.9988,0.0105999999999963,5.95));
#4723=CARTESIAN_POINT('',(42.591270365667,-0.989399999999883,5.95));
#4724=CARTESIAN_POINT('Origin',(42.591270365667,-0.989399999999883,5.948));
#4725=CARTESIAN_POINT('',(42.0827202169003,-0.989399999999961,5.948));
#4726=CARTESIAN_POINT('Origin',(47.9988,0.0105999999999963,5.948));
#4727=CARTESIAN_POINT('',(46.9988,-5.90547978309963,5.948));
#4728=CARTESIAN_POINT('Origin',(46.9988,-5.396929634333,5.948));
#4729=CARTESIAN_POINT('Origin',(37.9988,-8.4894,5.95));
#4730=CARTESIAN_POINT('',(42.0827202169003,1.01059999999996,5.95));
#4731=CARTESIAN_POINT('',(42.591270365667,1.01059999999988,5.95));
#4732=CARTESIAN_POINT('',(46.9988,5.92667978309963,5.95));
#4733=CARTESIAN_POINT('Origin',(47.9988,0.0106000000000054,5.95));
#4734=CARTESIAN_POINT('',(46.9988,5.418129634333,5.95));
#4735=CARTESIAN_POINT('Origin',(46.9988,5.418129634333,5.948));
#4736=CARTESIAN_POINT('',(46.9988,5.92667978309963,5.948));
#4737=CARTESIAN_POINT('Origin',(47.9988,0.0106000000000054,5.948));
#4738=CARTESIAN_POINT('',(42.0827202169003,1.01059999999996,5.948));
#4739=CARTESIAN_POINT('Origin',(42.591270365667,1.01059999999988,5.948));
#4740=CARTESIAN_POINT('Origin',(37.9988,-8.4894,5.95));
#4741=CARTESIAN_POINT('',(-20.771466962514,3.72663953515652E-14,5.95));
#4742=CARTESIAN_POINT('Ctrl Pts',(-20.771466962514,3.72663953515652E-14,
5.95));
#4743=CARTESIAN_POINT('Ctrl Pts',(-20.771466962514,-0.127984435572898,5.95));
#4744=CARTESIAN_POINT('Ctrl Pts',(-20.7750318214372,-0.383953306718801,
5.95));
#4745=CARTESIAN_POINT('Ctrl Pts',(-20.7963551276563,-0.894616074468479,
5.95));
#4746=CARTESIAN_POINT('Ctrl Pts',(-20.8494879170825,-1.53049549791938,5.95));
#4747=CARTESIAN_POINT('Ctrl Pts',(-20.9551814775633,-2.28808481800901,5.95));
#4748=CARTESIAN_POINT('Ctrl Pts',(-21.1514042944278,-3.28898426035633,5.95));
#4749=CARTESIAN_POINT('Ctrl Pts',(-21.4991928810097,-4.51922740315883,5.95));
#4750=CARTESIAN_POINT('Ctrl Pts',(-21.9803685781697,-5.71220042953906,5.95));
#4751=CARTESIAN_POINT('Ctrl Pts',(-22.4432978796375,-6.63872387678062,5.95));
#4752=CARTESIAN_POINT('Ctrl Pts',(-22.7646694036415,-7.20503546460656,5.95));
#4753=CARTESIAN_POINT('Ctrl Pts',(-23.0407684353802,-7.64982483279967,5.95));
#4754=CARTESIAN_POINT('Ctrl Pts',(-23.3293462330767,-8.08870732136889,5.95));
#4755=CARTESIAN_POINT('Ctrl Pts',(-23.7114237779396,-8.62325165788151,5.95));
#4756=CARTESIAN_POINT('Ctrl Pts',(-24.2031327013697,-9.24170037239205,5.95));
#4757=CARTESIAN_POINT('Ctrl Pts',(-24.9014065652714,-10.0343146312193,5.95));
#4758=CARTESIAN_POINT('Ctrl Pts',(-25.8512872491553,-10.9628638705167,5.95));
#4759=CARTESIAN_POINT('Ctrl Pts',(-26.8962231576314,-11.8025904406571,5.95));
#4760=CARTESIAN_POINT('Ctrl Pts',(-27.7847191660488,-12.4176052670555,5.95));
#4761=CARTESIAN_POINT('Ctrl Pts',(-28.4762672114753,-12.8496139235774,5.95));
#4762=CARTESIAN_POINT('Ctrl Pts',(-29.0725463654771,-13.1844893338365,5.95));
#4763=CARTESIAN_POINT('Ctrl Pts',(-29.5612705523659,-13.43699153088,5.95));
#4764=CARTESIAN_POINT('Ctrl Pts',(-30.05600380696,-13.6782973738524,5.95));
#4765=CARTESIAN_POINT('Ctrl Pts',(-30.6848820841889,-13.95870144273,5.95));
#4766=CARTESIAN_POINT('Ctrl Pts',(-31.7116642904263,-14.3617902590614,5.95));
#4767=CARTESIAN_POINT('Ctrl Pts',(-33.0300430292769,-14.7795165569668,5.95));
#4768=CARTESIAN_POINT('Ctrl Pts',(-34.3855471556442,-15.0805445881148,5.95));
#4769=CARTESIAN_POINT('Ctrl Pts',(-35.4866244940239,-15.2501517836104,5.95));
#4770=CARTESIAN_POINT('Ctrl Pts',(-36.3193772040729,-15.3414357534153,5.95));
#4771=CARTESIAN_POINT('Ctrl Pts',(-37.0179763545476,-15.3873007139271,5.95));
#4772=CARTESIAN_POINT('Ctrl Pts',(-37.5788871300098,-15.4057042967682,5.95));
#4773=CARTESIAN_POINT('Ctrl Pts',(-38.0005996261155,-15.4103192032061,5.95));
#4774=CARTESIAN_POINT('Ctrl Pts',(-38.4223121222212,-15.4057042967683,5.95));
#4775=CARTESIAN_POINT('Ctrl Pts',(-38.9832228976834,-15.3873007139271,5.95));
#4776=CARTESIAN_POINT('Ctrl Pts',(-39.6818220481581,-15.3414357534153,5.95));
#4777=CARTESIAN_POINT('Ctrl Pts',(-40.5145747582071,-15.2501517836104,5.95));
#4778=CARTESIAN_POINT('Ctrl Pts',(-41.6156520965868,-15.0805445881148,5.95));
#4779=CARTESIAN_POINT('Ctrl Pts',(-42.9711562229541,-14.7795165569668,5.95));
#4780=CARTESIAN_POINT('Ctrl Pts',(-44.2895349618047,-14.3617902590614,5.95));
#4781=CARTESIAN_POINT('Ctrl Pts',(-45.316317168042,-13.95870144273,5.95));
#4782=CARTESIAN_POINT('Ctrl Pts',(-45.945195445271,-13.6782973738525,5.95));
#4783=CARTESIAN_POINT('Ctrl Pts',(-46.4399286998651,-13.43699153088,5.95));
#4784=CARTESIAN_POINT('Ctrl Pts',(-46.9286528867539,-13.1844893338365,5.95));
#4785=CARTESIAN_POINT('Ctrl Pts',(-47.5249320407558,-12.8496139235774,5.95));
#4786=CARTESIAN_POINT('Ctrl Pts',(-48.2164800861822,-12.4176052670555,5.95));
#4787=CARTESIAN_POINT('Ctrl Pts',(-49.1049760945996,-11.8025904406571,5.95));
#4788=CARTESIAN_POINT('Ctrl Pts',(-50.1499120030757,-10.9628638705167,5.95));
#4789=CARTESIAN_POINT('Ctrl Pts',(-51.0997926869595,-10.0343146312193,5.95));
#4790=CARTESIAN_POINT('Ctrl Pts',(-51.7980665508614,-9.24170037239208,5.95));
#4791=CARTESIAN_POINT('Ctrl Pts',(-52.2897754742915,-8.62325165788148,5.95));
#4792=CARTESIAN_POINT('Ctrl Pts',(-52.6718530191542,-8.08870732136893,5.95));
#4793=CARTESIAN_POINT('Ctrl Pts',(-52.9604308168508,-7.6498248327997,5.95));
#4794=CARTESIAN_POINT('Ctrl Pts',(-53.2365298485896,-7.20503546460655,5.95));
#4795=CARTESIAN_POINT('Ctrl Pts',(-53.5579013725935,-6.63872387678063,5.95));
#4796=CARTESIAN_POINT('Ctrl Pts',(-54.0208306740614,-5.71220042953903,5.95));
#4797=CARTESIAN_POINT('Ctrl Pts',(-54.5020063712213,-4.51922740315884,5.95));
#4798=CARTESIAN_POINT('Ctrl Pts',(-54.8497949578031,-3.28898426035637,5.95));
#4799=CARTESIAN_POINT('Ctrl Pts',(-55.0460177746677,-2.288084818009,5.95));
#4800=CARTESIAN_POINT('Ctrl Pts',(-55.1517113351485,-1.5304954979194,5.95));
#4801=CARTESIAN_POINT('Ctrl Pts',(-55.2048441245746,-0.894616074468486,
5.95));
#4802=CARTESIAN_POINT('Ctrl Pts',(-55.2261674307938,-0.383953306718745,
5.95));
#4803=CARTESIAN_POINT('Ctrl Pts',(-55.2315147191785,-1.68292847722043E-14,
5.95));
#4804=CARTESIAN_POINT('Ctrl Pts',(-55.2261674307938,0.38395330671885,5.95));
#4805=CARTESIAN_POINT('Ctrl Pts',(-55.2048441245746,0.894616074468502,5.95));
#4806=CARTESIAN_POINT('Ctrl Pts',(-55.1517113351485,1.53049549791937,5.95));
#4807=CARTESIAN_POINT('Ctrl Pts',(-55.0460177746677,2.28808481800903,5.95));
#4808=CARTESIAN_POINT('Ctrl Pts',(-54.8497949578031,3.28898426035633,5.95));
#4809=CARTESIAN_POINT('Ctrl Pts',(-54.5020063712213,4.51922740315887,5.95));
#4810=CARTESIAN_POINT('Ctrl Pts',(-54.0208306740614,5.71220042953901,5.95));
#4811=CARTESIAN_POINT('Ctrl Pts',(-53.5579013725934,6.63872387678066,5.95));
#4812=CARTESIAN_POINT('Ctrl Pts',(-53.2365298485896,7.20503546460651,5.95));
#4813=CARTESIAN_POINT('Ctrl Pts',(-52.9604308168508,7.64982483279968,5.95));
#4814=CARTESIAN_POINT('Ctrl Pts',(-52.6718530191542,8.08870732136889,5.95));
#4815=CARTESIAN_POINT('Ctrl Pts',(-52.2897754742915,8.62325165788151,5.95));
#4816=CARTESIAN_POINT('Ctrl Pts',(-51.7980665508614,9.24170037239207,5.95));
#4817=CARTESIAN_POINT('Ctrl Pts',(-51.0997926869596,10.0343146312193,5.95));
#4818=CARTESIAN_POINT('Ctrl Pts',(-50.1499120030756,10.9628638705167,5.95));
#4819=CARTESIAN_POINT('Ctrl Pts',(-49.1049760945996,11.8025904406571,5.95));
#4820=CARTESIAN_POINT('Ctrl Pts',(-48.2164800861823,12.4176052670555,5.95));
#4821=CARTESIAN_POINT('Ctrl Pts',(-47.5249320407558,12.8496139235774,5.95));
#4822=CARTESIAN_POINT('Ctrl Pts',(-46.928652886754,13.1844893338365,5.95));
#4823=CARTESIAN_POINT('Ctrl Pts',(-46.4399286998651,13.43699153088,5.95));
#4824=CARTESIAN_POINT('Ctrl Pts',(-45.945195445271,13.6782973738524,5.95));
#4825=CARTESIAN_POINT('Ctrl Pts',(-45.3163171680421,13.95870144273,5.95));
#4826=CARTESIAN_POINT('Ctrl Pts',(-44.2895349618047,14.3617902590614,5.95));
#4827=CARTESIAN_POINT('Ctrl Pts',(-42.9711562229541,14.7795165569668,5.95));
#4828=CARTESIAN_POINT('Ctrl Pts',(-41.6156520965868,15.0805445881148,5.95));
#4829=CARTESIAN_POINT('Ctrl Pts',(-40.5145747582071,15.2501517836104,5.95));
#4830=CARTESIAN_POINT('Ctrl Pts',(-39.6818220481581,15.3414357534153,5.95));
#4831=CARTESIAN_POINT('Ctrl Pts',(-38.9832228976834,15.3873007139271,5.95));
#4832=CARTESIAN_POINT('Ctrl Pts',(-38.4223121222212,15.4057042967683,5.95));
#4833=CARTESIAN_POINT('Ctrl Pts',(-38.0005996261155,15.4103192032061,5.95));
#4834=CARTESIAN_POINT('Ctrl Pts',(-37.5788871300098,15.4057042967683,5.95));
#4835=CARTESIAN_POINT('Ctrl Pts',(-37.0179763545475,15.3873007139271,5.95));
#4836=CARTESIAN_POINT('Ctrl Pts',(-36.319377204073,15.3414357534153,5.95));
#4837=CARTESIAN_POINT('Ctrl Pts',(-35.4866244940239,15.2501517836104,5.95));
#4838=CARTESIAN_POINT('Ctrl Pts',(-34.3855471556442,15.0805445881148,5.95));
#4839=CARTESIAN_POINT('Ctrl Pts',(-33.0300430292769,14.7795165569668,5.95));
#4840=CARTESIAN_POINT('Ctrl Pts',(-31.7116642904263,14.3617902590614,5.95));
#4841=CARTESIAN_POINT('Ctrl Pts',(-30.684882084189,13.9587014427301,5.95));
#4842=CARTESIAN_POINT('Ctrl Pts',(-30.05600380696,13.6782973738525,5.95));
#4843=CARTESIAN_POINT('Ctrl Pts',(-29.5612705523659,13.43699153088,5.95));
#4844=CARTESIAN_POINT('Ctrl Pts',(-29.0725463654771,13.1844893338365,5.95));
#4845=CARTESIAN_POINT('Ctrl Pts',(-28.4762672114752,12.8496139235774,5.95));
#4846=CARTESIAN_POINT('Ctrl Pts',(-27.7847191660488,12.4176052670555,5.95));
#4847=CARTESIAN_POINT('Ctrl Pts',(-26.8962231576314,11.8025904406571,5.95));
#4848=CARTESIAN_POINT('Ctrl Pts',(-25.8512872491553,10.9628638705168,5.95));
#4849=CARTESIAN_POINT('Ctrl Pts',(-24.9014065652714,10.0343146312193,5.95));
#4850=CARTESIAN_POINT('Ctrl Pts',(-24.2031327013697,9.24170037239206,5.95));
#4851=CARTESIAN_POINT('Ctrl Pts',(-23.7114237779396,8.62325165788156,5.95));
#4852=CARTESIAN_POINT('Ctrl Pts',(-23.3293462330767,8.0887073213689,5.95));
#4853=CARTESIAN_POINT('Ctrl Pts',(-23.0407684353802,7.64982483279971,5.95));
#4854=CARTESIAN_POINT('Ctrl Pts',(-22.7646694036414,7.20503546460653,5.95));
#4855=CARTESIAN_POINT('Ctrl Pts',(-22.4432978796375,6.63872387678065,5.95));
#4856=CARTESIAN_POINT('Ctrl Pts',(-21.9803685781697,5.71220042953904,5.95));
#4857=CARTESIAN_POINT('Ctrl Pts',(-21.4991928810097,4.51922740315889,5.95));
#4858=CARTESIAN_POINT('Ctrl Pts',(-21.1514042944279,3.28898426035631,5.95));
#4859=CARTESIAN_POINT('Ctrl Pts',(-20.9551814775633,2.28808481800903,5.95));
#4860=CARTESIAN_POINT('Ctrl Pts',(-20.8494879170825,1.53049549791945,5.95));
#4861=CARTESIAN_POINT('Ctrl Pts',(-20.7963551276563,0.894616074468426,5.95));
#4862=CARTESIAN_POINT('Ctrl Pts',(-20.7750318214372,0.383953306718813,5.95));
#4863=CARTESIAN_POINT('Ctrl Pts',(-20.771466962514,0.127984435572973,5.95));
#4864=CARTESIAN_POINT('Ctrl Pts',(-20.771466962514,3.72663953515652E-14,
5.95));
#4865=CARTESIAN_POINT('',(-21.7714669625141,8.0403705395028E-15,5.95));
#4866=CARTESIAN_POINT('Ctrl Pts',(-21.7714669625141,8.04037053950281E-15,
5.95));
#4867=CARTESIAN_POINT('Ctrl Pts',(-21.7714669625141,-0.118709926054102,
5.95));
#4868=CARTESIAN_POINT('Ctrl Pts',(-21.774773633528,-0.356129778162321,5.95));
#4869=CARTESIAN_POINT('Ctrl Pts',(-21.7945511227699,-0.829775360613255,
5.95));
#4870=CARTESIAN_POINT('Ctrl Pts',(-21.8438380079957,-1.41965115559478,5.95));
#4871=CARTESIAN_POINT('Ctrl Pts',(-21.9419064061634,-2.12260833201683,5.95));
#4872=CARTESIAN_POINT('Ctrl Pts',(-22.1240516893442,-3.05173152715622,5.95));
#4873=CARTESIAN_POINT('Ctrl Pts',(-22.4471206119412,-4.19468446407327,5.95));
#4874=CARTESIAN_POINT('Ctrl Pts',(-22.8947751800134,-5.30469405186324,5.95));
#4875=CARTESIAN_POINT('Ctrl Pts',(-23.3260819742591,-6.16795647838293,5.95));
#4876=CARTESIAN_POINT('Ctrl Pts',(-23.6258070500948,-6.696138414393,5.95));
#4877=CARTESIAN_POINT('Ctrl Pts',(-23.8834989589983,-7.11127833829105,5.95));
#4878=CARTESIAN_POINT('Ctrl Pts',(-24.1530168157725,-7.52117641946271,5.95));
#4879=CARTESIAN_POINT('Ctrl Pts',(-24.5100862241847,-8.02074673476305,5.95));
#4880=CARTESIAN_POINT('Ctrl Pts',(-24.9701609948498,-8.59942567744162,5.95));
#4881=CARTESIAN_POINT('Ctrl Pts',(-25.6242068406636,-9.34185622089559,5.95));
#4882=CARTESIAN_POINT('Ctrl Pts',(-26.5153809079022,-10.2131126731252,5.95));
#4883=CARTESIAN_POINT('Ctrl Pts',(-27.4978287898197,-11.0027000972766,5.95));
#4884=CARTESIAN_POINT('Ctrl Pts',(-28.3344318282788,-11.5818093589497,5.95));
#4885=CARTESIAN_POINT('Ctrl Pts',(-28.98622525626,-11.9889921188078,5.95));
#4886=CARTESIAN_POINT('Ctrl Pts',(-29.5486741317197,-12.3048761742997,5.95));
#4887=CARTESIAN_POINT('Ctrl Pts',(-30.0100208876611,-12.5432351363015,5.95));
#4888=CARTESIAN_POINT('Ctrl Pts',(-30.4771736045305,-12.7710895584344,5.95));
#4889=CARTESIAN_POINT('Ctrl Pts',(-31.0713585468913,-13.0360309375711,5.95));
#4890=CARTESIAN_POINT('Ctrl Pts',(-32.0421440141768,-13.4171451096618,5.95));
#4891=CARTESIAN_POINT('Ctrl Pts',(-33.2897899146899,-13.8124941913052,5.95));
#4892=CARTESIAN_POINT('Ctrl Pts',(-34.5737799353921,-14.0976630852668,5.95));
#4893=CARTESIAN_POINT('Ctrl Pts',(-35.617261940059,-14.2584010784843,5.95));
#4894=CARTESIAN_POINT('Ctrl Pts',(-36.4066294220241,-14.3449312632661,5.95));
#4895=CARTESIAN_POINT('Ctrl Pts',(-37.0689518193758,-14.3884152037901,5.95));
#4896=CARTESIAN_POINT('Ctrl Pts',(-37.6007499551486,-14.405863665721,5.95));
#4897=CARTESIAN_POINT('Ctrl Pts',(-38.0005996261155,-14.4102395187297,5.95));
#4898=CARTESIAN_POINT('Ctrl Pts',(-38.4004492970824,-14.405863665721,5.95));
#4899=CARTESIAN_POINT('Ctrl Pts',(-38.9322474328552,-14.3884152037901,5.95));
#4900=CARTESIAN_POINT('Ctrl Pts',(-39.5945698302069,-14.3449312632661,5.95));
#4901=CARTESIAN_POINT('Ctrl Pts',(-40.383937312172,-14.2584010784843,5.95));
#4902=CARTESIAN_POINT('Ctrl Pts',(-41.4274193168388,-14.0976630852668,5.95));
#4903=CARTESIAN_POINT('Ctrl Pts',(-42.711409337541,-13.8124941913052,5.95));
#4904=CARTESIAN_POINT('Ctrl Pts',(-43.9590552380542,-13.4171451096618,5.95));
#4905=CARTESIAN_POINT('Ctrl Pts',(-44.9298407053396,-13.0360309375711,5.95));
#4906=CARTESIAN_POINT('Ctrl Pts',(-45.5240256477005,-12.7710895584344,5.95));
#4907=CARTESIAN_POINT('Ctrl Pts',(-45.9911783645699,-12.5432351363015,5.95));
#4908=CARTESIAN_POINT('Ctrl Pts',(-46.4525251205112,-12.3048761742997,5.95));
#4909=CARTESIAN_POINT('Ctrl Pts',(-47.014973995971,-11.9889921188078,5.95));
#4910=CARTESIAN_POINT('Ctrl Pts',(-47.6667674239522,-11.5818093589497,5.95));
#4911=CARTESIAN_POINT('Ctrl Pts',(-48.5033704624113,-11.0027000972766,5.95));
#4912=CARTESIAN_POINT('Ctrl Pts',(-49.4858183443287,-10.2131126731252,5.95));
#4913=CARTESIAN_POINT('Ctrl Pts',(-50.3769924115673,-9.34185622089559,5.95));
#4914=CARTESIAN_POINT('Ctrl Pts',(-51.0310382573812,-8.59942567744162,5.95));
#4915=CARTESIAN_POINT('Ctrl Pts',(-51.4911130280464,-8.02074673476306,5.95));
#4916=CARTESIAN_POINT('Ctrl Pts',(-51.8481824364585,-7.52117641946271,5.95));
#4917=CARTESIAN_POINT('Ctrl Pts',(-52.1177002932328,-7.11127833829106,5.95));
#4918=CARTESIAN_POINT('Ctrl Pts',(-52.3753922021362,-6.69613841439301,5.95));
#4919=CARTESIAN_POINT('Ctrl Pts',(-52.6751172779719,-6.16795647838293,5.95));
#4920=CARTESIAN_POINT('Ctrl Pts',(-53.1064240722176,-5.30469405186324,5.95));
#4921=CARTESIAN_POINT('Ctrl Pts',(-53.5540786402898,-4.19468446407327,5.95));
#4922=CARTESIAN_POINT('Ctrl Pts',(-53.8771475628867,-3.05173152715622,5.95));
#4923=CARTESIAN_POINT('Ctrl Pts',(-54.0592928460676,-2.12260833201683,5.95));
#4924=CARTESIAN_POINT('Ctrl Pts',(-54.1573612442353,-1.41965115559478,5.95));
#4925=CARTESIAN_POINT('Ctrl Pts',(-54.206648129461,-0.829775360613258,5.95));
#4926=CARTESIAN_POINT('Ctrl Pts',(-54.2264256187029,-0.356129778162323,
5.95));
#4927=CARTESIAN_POINT('Ctrl Pts',(-54.2313856252239,6.41440104082843E-15,
5.95));
#4928=CARTESIAN_POINT('Ctrl Pts',(-54.2264256187029,0.356129778162334,5.95));
#4929=CARTESIAN_POINT('Ctrl Pts',(-54.206648129461,0.829775360613271,5.95));
#4930=CARTESIAN_POINT('Ctrl Pts',(-54.1573612442353,1.4196511555948,5.95));
#4931=CARTESIAN_POINT('Ctrl Pts',(-54.0592928460676,2.12260833201684,5.95));
#4932=CARTESIAN_POINT('Ctrl Pts',(-53.8771475628868,3.05173152715623,5.95));
#4933=CARTESIAN_POINT('Ctrl Pts',(-53.5540786402898,4.19468446407329,5.95));
#4934=CARTESIAN_POINT('Ctrl Pts',(-53.1064240722177,5.30469405186325,5.95));
#4935=CARTESIAN_POINT('Ctrl Pts',(-52.6751172779719,6.16795647838294,5.95));
#4936=CARTESIAN_POINT('Ctrl Pts',(-52.3753922021362,6.69613841439302,5.95));
#4937=CARTESIAN_POINT('Ctrl Pts',(-52.1177002932327,7.11127833829107,5.95));
#4938=CARTESIAN_POINT('Ctrl Pts',(-51.8481824364585,7.52117641946272,5.95));
#4939=CARTESIAN_POINT('Ctrl Pts',(-51.4911130280463,8.02074673476307,5.95));
#4940=CARTESIAN_POINT('Ctrl Pts',(-51.0310382573812,8.59942567744163,5.95));
#4941=CARTESIAN_POINT('Ctrl Pts',(-50.3769924115673,9.3418562208956,5.95));
#4942=CARTESIAN_POINT('Ctrl Pts',(-49.4858183443287,10.2131126731252,5.95));
#4943=CARTESIAN_POINT('Ctrl Pts',(-48.5033704624113,11.0027000972766,5.95));
#4944=CARTESIAN_POINT('Ctrl Pts',(-47.6667674239522,11.5818093589497,5.95));
#4945=CARTESIAN_POINT('Ctrl Pts',(-47.014973995971,11.9889921188078,5.95));
#4946=CARTESIAN_POINT('Ctrl Pts',(-46.4525251205113,12.3048761742997,5.95));
#4947=CARTESIAN_POINT('Ctrl Pts',(-45.9911783645699,12.5432351363015,5.95));
#4948=CARTESIAN_POINT('Ctrl Pts',(-45.5240256477005,12.7710895584344,5.95));
#4949=CARTESIAN_POINT('Ctrl Pts',(-44.9298407053397,13.0360309375711,5.95));
#4950=CARTESIAN_POINT('Ctrl Pts',(-43.9590552380541,13.4171451096618,5.95));
#4951=CARTESIAN_POINT('Ctrl Pts',(-42.711409337541,13.8124941913052,5.95));
#4952=CARTESIAN_POINT('Ctrl Pts',(-41.4274193168388,14.0976630852668,5.95));
#4953=CARTESIAN_POINT('Ctrl Pts',(-40.383937312172,14.2584010784843,5.95));
#4954=CARTESIAN_POINT('Ctrl Pts',(-39.5945698302069,14.3449312632662,5.95));
#4955=CARTESIAN_POINT('Ctrl Pts',(-38.9322474328552,14.3884152037901,5.95));
#4956=CARTESIAN_POINT('Ctrl Pts',(-38.4004492970825,14.405863665721,5.95));
#4957=CARTESIAN_POINT('Ctrl Pts',(-38.0005996261155,14.4102395187297,5.95));
#4958=CARTESIAN_POINT('Ctrl Pts',(-37.6007499551486,14.405863665721,5.95));
#4959=CARTESIAN_POINT('Ctrl Pts',(-37.0689518193758,14.3884152037901,5.95));
#4960=CARTESIAN_POINT('Ctrl Pts',(-36.4066294220241,14.3449312632662,5.95));
#4961=CARTESIAN_POINT('Ctrl Pts',(-35.617261940059,14.2584010784843,5.95));
#4962=CARTESIAN_POINT('Ctrl Pts',(-34.5737799353921,14.0976630852668,5.95));
#4963=CARTESIAN_POINT('Ctrl Pts',(-33.2897899146899,13.8124941913052,5.95));
#4964=CARTESIAN_POINT('Ctrl Pts',(-32.0421440141768,13.4171451096618,5.95));
#4965=CARTESIAN_POINT('Ctrl Pts',(-31.0713585468914,13.0360309375711,5.95));
#4966=CARTESIAN_POINT('Ctrl Pts',(-30.4771736045305,12.7710895584344,5.95));
#4967=CARTESIAN_POINT('Ctrl Pts',(-30.0100208876611,12.5432351363015,5.95));
#4968=CARTESIAN_POINT('Ctrl Pts',(-29.5486741317197,12.3048761742998,5.95));
#4969=CARTESIAN_POINT('Ctrl Pts',(-28.98622525626,11.9889921188078,5.95));
#4970=CARTESIAN_POINT('Ctrl Pts',(-28.3344318282789,11.5818093589497,5.95));
#4971=CARTESIAN_POINT('Ctrl Pts',(-27.4978287898197,11.0027000972766,5.95));
#4972=CARTESIAN_POINT('Ctrl Pts',(-26.5153809079022,10.2131126731252,5.95));
#4973=CARTESIAN_POINT('Ctrl Pts',(-25.6242068406636,9.34185622089561,5.95));
#4974=CARTESIAN_POINT('Ctrl Pts',(-24.9701609948498,8.59942567744164,5.95));
#4975=CARTESIAN_POINT('Ctrl Pts',(-24.5100862241847,8.02074673476307,5.95));
#4976=CARTESIAN_POINT('Ctrl Pts',(-24.1530168157725,7.52117641946274,5.95));
#4977=CARTESIAN_POINT('Ctrl Pts',(-23.8834989589983,7.11127833829108,5.95));
#4978=CARTESIAN_POINT('Ctrl Pts',(-23.6258070500948,6.69613841439303,5.95));
#4979=CARTESIAN_POINT('Ctrl Pts',(-23.3260819742591,6.16795647838295,5.95));
#4980=CARTESIAN_POINT('Ctrl Pts',(-22.8947751800134,5.30469405186326,5.95));
#4981=CARTESIAN_POINT('Ctrl Pts',(-22.4471206119412,4.1946844640733,5.95));
#4982=CARTESIAN_POINT('Ctrl Pts',(-22.1240516893442,3.05173152715624,5.95));
#4983=CARTESIAN_POINT('Ctrl Pts',(-21.9419064061634,2.12260833201685,5.95));
#4984=CARTESIAN_POINT('Ctrl Pts',(-21.8438380079957,1.4196511555948,5.95));
#4985=CARTESIAN_POINT('Ctrl Pts',(-21.7945511227699,0.829775360613277,5.95));
#4986=CARTESIAN_POINT('Ctrl Pts',(-21.774773633528,0.356129778162341,5.95));
#4987=CARTESIAN_POINT('Ctrl Pts',(-21.7714669625141,0.118709926054118,5.95));
#4988=CARTESIAN_POINT('Ctrl Pts',(-21.7714669625141,8.04037053950281E-15,
5.95));
#4989=CARTESIAN_POINT('Ctrl Pts',(-21.7714669625141,8.04037053950281E-15,
5.95));
#4990=CARTESIAN_POINT('Ctrl Pts',(-21.7714669625141,9.03608072047589E-15,
14.91856));
#4991=CARTESIAN_POINT('Ctrl Pts',(-21.7714669625141,-0.118709926054102,
5.95));
#4992=CARTESIAN_POINT('Ctrl Pts',(-21.7714669625141,-0.118709926054101,
14.91856));
#4993=CARTESIAN_POINT('Ctrl Pts',(-21.774773633528,-0.356129778162321,5.95));
#4994=CARTESIAN_POINT('Ctrl Pts',(-21.774773633528,-0.35612977816232,14.91856));
#4995=CARTESIAN_POINT('Ctrl Pts',(-21.7945511227699,-0.829775360613255,
5.95));
#4996=CARTESIAN_POINT('Ctrl Pts',(-21.7945511227699,-0.829775360613254,
14.91856));
#4997=CARTESIAN_POINT('Ctrl Pts',(-21.8438380079957,-1.41965115559478,5.95));
#4998=CARTESIAN_POINT('Ctrl Pts',(-21.8438380079957,-1.41965115559478,14.91856));
#4999=CARTESIAN_POINT('Ctrl Pts',(-21.9419064061634,-2.12260833201683,5.95));
#5000=CARTESIAN_POINT('Ctrl Pts',(-21.9419064061634,-2.12260833201683,14.91856));
#5001=CARTESIAN_POINT('Ctrl Pts',(-22.1240516893442,-3.05173152715622,5.95));
#5002=CARTESIAN_POINT('Ctrl Pts',(-22.1240516893442,-3.05173152715622,14.91856));
#5003=CARTESIAN_POINT('Ctrl Pts',(-22.4471206119412,-4.19468446407327,5.95));
#5004=CARTESIAN_POINT('Ctrl Pts',(-22.4471206119412,-4.19468446407327,14.91856));
#5005=CARTESIAN_POINT('Ctrl Pts',(-22.8947751800134,-5.30469405186324,5.95));
#5006=CARTESIAN_POINT('Ctrl Pts',(-22.8947751800134,-5.30469405186324,14.91856));
#5007=CARTESIAN_POINT('Ctrl Pts',(-23.3260819742591,-6.16795647838293,5.95));
#5008=CARTESIAN_POINT('Ctrl Pts',(-23.3260819742591,-6.16795647838293,14.91856));
#5009=CARTESIAN_POINT('Ctrl Pts',(-23.6258070500948,-6.696138414393,5.95));
#5010=CARTESIAN_POINT('Ctrl Pts',(-23.6258070500948,-6.696138414393,14.91856));
#5011=CARTESIAN_POINT('Ctrl Pts',(-23.8834989589983,-7.11127833829105,5.95));
#5012=CARTESIAN_POINT('Ctrl Pts',(-23.8834989589983,-7.11127833829105,14.91856));
#5013=CARTESIAN_POINT('Ctrl Pts',(-24.1530168157725,-7.52117641946271,5.95));
#5014=CARTESIAN_POINT('Ctrl Pts',(-24.1530168157725,-7.52117641946271,14.91856));
#5015=CARTESIAN_POINT('Ctrl Pts',(-24.5100862241847,-8.02074673476305,5.95));
#5016=CARTESIAN_POINT('Ctrl Pts',(-24.5100862241847,-8.02074673476305,14.91856));
#5017=CARTESIAN_POINT('Ctrl Pts',(-24.9701609948498,-8.59942567744162,5.95));
#5018=CARTESIAN_POINT('Ctrl Pts',(-24.9701609948498,-8.59942567744162,14.91856));
#5019=CARTESIAN_POINT('Ctrl Pts',(-25.6242068406636,-9.34185622089559,5.95));
#5020=CARTESIAN_POINT('Ctrl Pts',(-25.6242068406636,-9.34185622089559,14.91856));
#5021=CARTESIAN_POINT('Ctrl Pts',(-26.5153809079022,-10.2131126731252,5.95));
#5022=CARTESIAN_POINT('Ctrl Pts',(-26.5153809079022,-10.2131126731252,14.91856));
#5023=CARTESIAN_POINT('Ctrl Pts',(-27.4978287898197,-11.0027000972766,5.95));
#5024=CARTESIAN_POINT('Ctrl Pts',(-27.4978287898197,-11.0027000972766,14.91856));
#5025=CARTESIAN_POINT('Ctrl Pts',(-28.3344318282788,-11.5818093589497,5.95));
#5026=CARTESIAN_POINT('Ctrl Pts',(-28.3344318282788,-11.5818093589497,14.91856));
#5027=CARTESIAN_POINT('Ctrl Pts',(-28.98622525626,-11.9889921188078,5.95));
#5028=CARTESIAN_POINT('Ctrl Pts',(-28.98622525626,-11.9889921188078,14.91856));
#5029=CARTESIAN_POINT('Ctrl Pts',(-29.5486741317197,-12.3048761742997,5.95));
#5030=CARTESIAN_POINT('Ctrl Pts',(-29.5486741317197,-12.3048761742997,14.91856));
#5031=CARTESIAN_POINT('Ctrl Pts',(-30.0100208876611,-12.5432351363015,5.95));
#5032=CARTESIAN_POINT('Ctrl Pts',(-30.0100208876611,-12.5432351363015,14.91856));
#5033=CARTESIAN_POINT('Ctrl Pts',(-30.4771736045305,-12.7710895584344,5.95));
#5034=CARTESIAN_POINT('Ctrl Pts',(-30.4771736045305,-12.7710895584344,14.91856));
#5035=CARTESIAN_POINT('Ctrl Pts',(-31.0713585468913,-13.0360309375711,5.95));
#5036=CARTESIAN_POINT('Ctrl Pts',(-31.0713585468913,-13.0360309375711,14.91856));
#5037=CARTESIAN_POINT('Ctrl Pts',(-32.0421440141768,-13.4171451096618,5.95));
#5038=CARTESIAN_POINT('Ctrl Pts',(-32.0421440141768,-13.4171451096618,14.91856));
#5039=CARTESIAN_POINT('Ctrl Pts',(-33.2897899146899,-13.8124941913052,5.95));
#5040=CARTESIAN_POINT('Ctrl Pts',(-33.2897899146899,-13.8124941913052,14.91856));
#5041=CARTESIAN_POINT('Ctrl Pts',(-34.5737799353921,-14.0976630852668,5.95));
#5042=CARTESIAN_POINT('Ctrl Pts',(-34.5737799353921,-14.0976630852668,14.91856));
#5043=CARTESIAN_POINT('Ctrl Pts',(-35.617261940059,-14.2584010784843,5.95));
#5044=CARTESIAN_POINT('Ctrl Pts',(-35.617261940059,-14.2584010784843,14.91856));
#5045=CARTESIAN_POINT('Ctrl Pts',(-36.4066294220241,-14.3449312632661,5.95));
#5046=CARTESIAN_POINT('Ctrl Pts',(-36.4066294220241,-14.3449312632661,14.91856));
#5047=CARTESIAN_POINT('Ctrl Pts',(-37.0689518193758,-14.3884152037901,5.95));
#5048=CARTESIAN_POINT('Ctrl Pts',(-37.0689518193758,-14.3884152037901,14.91856));
#5049=CARTESIAN_POINT('Ctrl Pts',(-37.6007499551486,-14.405863665721,5.95));
#5050=CARTESIAN_POINT('Ctrl Pts',(-37.6007499551486,-14.405863665721,14.91856));
#5051=CARTESIAN_POINT('Ctrl Pts',(-38.0005996261155,-14.4102395187297,5.95));
#5052=CARTESIAN_POINT('Ctrl Pts',(-38.0005996261155,-14.4102395187297,14.91856));
#5053=CARTESIAN_POINT('Ctrl Pts',(-38.4004492970824,-14.405863665721,5.95));
#5054=CARTESIAN_POINT('Ctrl Pts',(-38.4004492970824,-14.405863665721,14.91856));
#5055=CARTESIAN_POINT('Ctrl Pts',(-38.9322474328552,-14.3884152037901,5.95));
#5056=CARTESIAN_POINT('Ctrl Pts',(-38.9322474328552,-14.3884152037901,14.91856));
#5057=CARTESIAN_POINT('Ctrl Pts',(-39.5945698302069,-14.3449312632661,5.95));
#5058=CARTESIAN_POINT('Ctrl Pts',(-39.5945698302069,-14.3449312632661,14.91856));
#5059=CARTESIAN_POINT('Ctrl Pts',(-40.383937312172,-14.2584010784843,5.95));
#5060=CARTESIAN_POINT('Ctrl Pts',(-40.383937312172,-14.2584010784843,14.91856));
#5061=CARTESIAN_POINT('Ctrl Pts',(-41.4274193168388,-14.0976630852668,5.95));
#5062=CARTESIAN_POINT('Ctrl Pts',(-41.4274193168388,-14.0976630852668,14.91856));
#5063=CARTESIAN_POINT('Ctrl Pts',(-42.711409337541,-13.8124941913052,5.95));
#5064=CARTESIAN_POINT('Ctrl Pts',(-42.711409337541,-13.8124941913052,14.91856));
#5065=CARTESIAN_POINT('Ctrl Pts',(-43.9590552380542,-13.4171451096618,5.95));
#5066=CARTESIAN_POINT('Ctrl Pts',(-43.9590552380542,-13.4171451096618,14.91856));
#5067=CARTESIAN_POINT('Ctrl Pts',(-44.9298407053396,-13.0360309375711,5.95));
#5068=CARTESIAN_POINT('Ctrl Pts',(-44.9298407053396,-13.0360309375711,14.91856));
#5069=CARTESIAN_POINT('Ctrl Pts',(-45.5240256477005,-12.7710895584344,5.95));
#5070=CARTESIAN_POINT('Ctrl Pts',(-45.5240256477005,-12.7710895584344,14.91856));
#5071=CARTESIAN_POINT('Ctrl Pts',(-45.9911783645699,-12.5432351363015,5.95));
#5072=CARTESIAN_POINT('Ctrl Pts',(-45.9911783645699,-12.5432351363015,14.91856));
#5073=CARTESIAN_POINT('Ctrl Pts',(-46.4525251205112,-12.3048761742997,5.95));
#5074=CARTESIAN_POINT('Ctrl Pts',(-46.4525251205112,-12.3048761742997,14.91856));
#5075=CARTESIAN_POINT('Ctrl Pts',(-47.014973995971,-11.9889921188078,5.95));
#5076=CARTESIAN_POINT('Ctrl Pts',(-47.014973995971,-11.9889921188078,14.91856));
#5077=CARTESIAN_POINT('Ctrl Pts',(-47.6667674239522,-11.5818093589497,5.95));
#5078=CARTESIAN_POINT('Ctrl Pts',(-47.6667674239522,-11.5818093589497,14.91856));
#5079=CARTESIAN_POINT('Ctrl Pts',(-48.5033704624113,-11.0027000972766,5.95));
#5080=CARTESIAN_POINT('Ctrl Pts',(-48.5033704624113,-11.0027000972766,14.91856));
#5081=CARTESIAN_POINT('Ctrl Pts',(-49.4858183443287,-10.2131126731252,5.95));
#5082=CARTESIAN_POINT('Ctrl Pts',(-49.4858183443287,-10.2131126731252,14.91856));
#5083=CARTESIAN_POINT('Ctrl Pts',(-50.3769924115673,-9.34185622089559,5.95));
#5084=CARTESIAN_POINT('Ctrl Pts',(-50.3769924115673,-9.34185622089559,14.91856));
#5085=CARTESIAN_POINT('Ctrl Pts',(-51.0310382573812,-8.59942567744162,5.95));
#5086=CARTESIAN_POINT('Ctrl Pts',(-51.0310382573812,-8.59942567744162,14.91856));
#5087=CARTESIAN_POINT('Ctrl Pts',(-51.4911130280464,-8.02074673476306,5.95));
#5088=CARTESIAN_POINT('Ctrl Pts',(-51.4911130280464,-8.02074673476306,14.91856));
#5089=CARTESIAN_POINT('Ctrl Pts',(-51.8481824364585,-7.52117641946271,5.95));
#5090=CARTESIAN_POINT('Ctrl Pts',(-51.8481824364585,-7.52117641946271,14.91856));
#5091=CARTESIAN_POINT('Ctrl Pts',(-52.1177002932328,-7.11127833829106,5.95));
#5092=CARTESIAN_POINT('Ctrl Pts',(-52.1177002932328,-7.11127833829106,14.91856));
#5093=CARTESIAN_POINT('Ctrl Pts',(-52.3753922021362,-6.69613841439301,5.95));
#5094=CARTESIAN_POINT('Ctrl Pts',(-52.3753922021362,-6.69613841439301,14.91856));
#5095=CARTESIAN_POINT('Ctrl Pts',(-52.6751172779719,-6.16795647838293,5.95));
#5096=CARTESIAN_POINT('Ctrl Pts',(-52.6751172779719,-6.16795647838293,14.91856));
#5097=CARTESIAN_POINT('Ctrl Pts',(-53.1064240722176,-5.30469405186324,5.95));
#5098=CARTESIAN_POINT('Ctrl Pts',(-53.1064240722176,-5.30469405186324,14.91856));
#5099=CARTESIAN_POINT('Ctrl Pts',(-53.5540786402898,-4.19468446407327,5.95));
#5100=CARTESIAN_POINT('Ctrl Pts',(-53.5540786402898,-4.19468446407327,14.91856));
#5101=CARTESIAN_POINT('Ctrl Pts',(-53.8771475628867,-3.05173152715622,5.95));
#5102=CARTESIAN_POINT('Ctrl Pts',(-53.8771475628867,-3.05173152715622,14.91856));
#5103=CARTESIAN_POINT('Ctrl Pts',(-54.0592928460676,-2.12260833201683,5.95));
#5104=CARTESIAN_POINT('Ctrl Pts',(-54.0592928460676,-2.12260833201683,14.91856));
#5105=CARTESIAN_POINT('Ctrl Pts',(-54.1573612442353,-1.41965115559478,5.95));
#5106=CARTESIAN_POINT('Ctrl Pts',(-54.1573612442353,-1.41965115559478,14.91856));
#5107=CARTESIAN_POINT('Ctrl Pts',(-54.206648129461,-0.829775360613258,5.95));
#5108=CARTESIAN_POINT('Ctrl Pts',(-54.206648129461,-0.829775360613257,14.91856));
#5109=CARTESIAN_POINT('Ctrl Pts',(-54.2264256187029,-0.356129778162323,
5.95));
#5110=CARTESIAN_POINT('Ctrl Pts',(-54.2264256187029,-0.356129778162322,
14.91856));
#5111=CARTESIAN_POINT('Ctrl Pts',(-54.2313856252239,6.41440104082843E-15,
5.95));
#5112=CARTESIAN_POINT('Ctrl Pts',(-54.2313856252239,7.4101112218015E-15,
14.91856));
#5113=CARTESIAN_POINT('Ctrl Pts',(-54.2264256187029,0.356129778162334,5.95));
#5114=CARTESIAN_POINT('Ctrl Pts',(-54.2264256187029,0.356129778162335,14.91856));
#5115=CARTESIAN_POINT('Ctrl Pts',(-54.206648129461,0.829775360613271,5.95));
#5116=CARTESIAN_POINT('Ctrl Pts',(-54.206648129461,0.829775360613272,14.91856));
#5117=CARTESIAN_POINT('Ctrl Pts',(-54.1573612442353,1.4196511555948,5.95));
#5118=CARTESIAN_POINT('Ctrl Pts',(-54.1573612442353,1.4196511555948,14.91856));
#5119=CARTESIAN_POINT('Ctrl Pts',(-54.0592928460676,2.12260833201684,5.95));
#5120=CARTESIAN_POINT('Ctrl Pts',(-54.0592928460676,2.12260833201684,14.91856));
#5121=CARTESIAN_POINT('Ctrl Pts',(-53.8771475628868,3.05173152715623,5.95));
#5122=CARTESIAN_POINT('Ctrl Pts',(-53.8771475628868,3.05173152715623,14.91856));
#5123=CARTESIAN_POINT('Ctrl Pts',(-53.5540786402898,4.19468446407329,5.95));
#5124=CARTESIAN_POINT('Ctrl Pts',(-53.5540786402898,4.19468446407329,14.91856));
#5125=CARTESIAN_POINT('Ctrl Pts',(-53.1064240722177,5.30469405186325,5.95));
#5126=CARTESIAN_POINT('Ctrl Pts',(-53.1064240722177,5.30469405186325,14.91856));
#5127=CARTESIAN_POINT('Ctrl Pts',(-52.6751172779719,6.16795647838294,5.95));
#5128=CARTESIAN_POINT('Ctrl Pts',(-52.6751172779719,6.16795647838294,14.91856));
#5129=CARTESIAN_POINT('Ctrl Pts',(-52.3753922021362,6.69613841439302,5.95));
#5130=CARTESIAN_POINT('Ctrl Pts',(-52.3753922021362,6.69613841439302,14.91856));
#5131=CARTESIAN_POINT('Ctrl Pts',(-52.1177002932327,7.11127833829107,5.95));
#5132=CARTESIAN_POINT('Ctrl Pts',(-52.1177002932327,7.11127833829107,14.91856));
#5133=CARTESIAN_POINT('Ctrl Pts',(-51.8481824364585,7.52117641946272,5.95));
#5134=CARTESIAN_POINT('Ctrl Pts',(-51.8481824364585,7.52117641946272,14.91856));
#5135=CARTESIAN_POINT('Ctrl Pts',(-51.4911130280463,8.02074673476307,5.95));
#5136=CARTESIAN_POINT('Ctrl Pts',(-51.4911130280463,8.02074673476307,14.91856));
#5137=CARTESIAN_POINT('Ctrl Pts',(-51.0310382573812,8.59942567744163,5.95));
#5138=CARTESIAN_POINT('Ctrl Pts',(-51.0310382573812,8.59942567744163,14.91856));
#5139=CARTESIAN_POINT('Ctrl Pts',(-50.3769924115673,9.3418562208956,5.95));
#5140=CARTESIAN_POINT('Ctrl Pts',(-50.3769924115673,9.3418562208956,14.91856));
#5141=CARTESIAN_POINT('Ctrl Pts',(-49.4858183443287,10.2131126731252,5.95));
#5142=CARTESIAN_POINT('Ctrl Pts',(-49.4858183443287,10.2131126731252,14.91856));
#5143=CARTESIAN_POINT('Ctrl Pts',(-48.5033704624113,11.0027000972766,5.95));
#5144=CARTESIAN_POINT('Ctrl Pts',(-48.5033704624113,11.0027000972766,14.91856));
#5145=CARTESIAN_POINT('Ctrl Pts',(-47.6667674239522,11.5818093589497,5.95));
#5146=CARTESIAN_POINT('Ctrl Pts',(-47.6667674239522,11.5818093589497,14.91856));
#5147=CARTESIAN_POINT('Ctrl Pts',(-47.014973995971,11.9889921188078,5.95));
#5148=CARTESIAN_POINT('Ctrl Pts',(-47.014973995971,11.9889921188078,14.91856));
#5149=CARTESIAN_POINT('Ctrl Pts',(-46.4525251205113,12.3048761742997,5.95));
#5150=CARTESIAN_POINT('Ctrl Pts',(-46.4525251205113,12.3048761742997,14.91856));
#5151=CARTESIAN_POINT('Ctrl Pts',(-45.9911783645699,12.5432351363015,5.95));
#5152=CARTESIAN_POINT('Ctrl Pts',(-45.9911783645699,12.5432351363015,14.91856));
#5153=CARTESIAN_POINT('Ctrl Pts',(-45.5240256477005,12.7710895584344,5.95));
#5154=CARTESIAN_POINT('Ctrl Pts',(-45.5240256477005,12.7710895584344,14.91856));
#5155=CARTESIAN_POINT('Ctrl Pts',(-44.9298407053397,13.0360309375711,5.95));
#5156=CARTESIAN_POINT('Ctrl Pts',(-44.9298407053397,13.0360309375711,14.91856));
#5157=CARTESIAN_POINT('Ctrl Pts',(-43.9590552380541,13.4171451096618,5.95));
#5158=CARTESIAN_POINT('Ctrl Pts',(-43.9590552380541,13.4171451096618,14.91856));
#5159=CARTESIAN_POINT('Ctrl Pts',(-42.711409337541,13.8124941913052,5.95));
#5160=CARTESIAN_POINT('Ctrl Pts',(-42.711409337541,13.8124941913052,14.91856));
#5161=CARTESIAN_POINT('Ctrl Pts',(-41.4274193168388,14.0976630852668,5.95));
#5162=CARTESIAN_POINT('Ctrl Pts',(-41.4274193168388,14.0976630852668,14.91856));
#5163=CARTESIAN_POINT('Ctrl Pts',(-40.383937312172,14.2584010784843,5.95));
#5164=CARTESIAN_POINT('Ctrl Pts',(-40.383937312172,14.2584010784843,14.91856));
#5165=CARTESIAN_POINT('Ctrl Pts',(-39.5945698302069,14.3449312632662,5.95));
#5166=CARTESIAN_POINT('Ctrl Pts',(-39.5945698302069,14.3449312632662,14.91856));
#5167=CARTESIAN_POINT('Ctrl Pts',(-38.9322474328552,14.3884152037901,5.95));
#5168=CARTESIAN_POINT('Ctrl Pts',(-38.9322474328552,14.3884152037901,14.91856));
#5169=CARTESIAN_POINT('Ctrl Pts',(-38.4004492970825,14.405863665721,5.95));
#5170=CARTESIAN_POINT('Ctrl Pts',(-38.4004492970825,14.405863665721,14.91856));
#5171=CARTESIAN_POINT('Ctrl Pts',(-38.0005996261155,14.4102395187297,5.95));
#5172=CARTESIAN_POINT('Ctrl Pts',(-38.0005996261155,14.4102395187297,14.91856));
#5173=CARTESIAN_POINT('Ctrl Pts',(-37.6007499551486,14.405863665721,5.95));
#5174=CARTESIAN_POINT('Ctrl Pts',(-37.6007499551486,14.405863665721,14.91856));
#5175=CARTESIAN_POINT('Ctrl Pts',(-37.0689518193758,14.3884152037901,5.95));
#5176=CARTESIAN_POINT('Ctrl Pts',(-37.0689518193758,14.3884152037901,14.91856));
#5177=CARTESIAN_POINT('Ctrl Pts',(-36.4066294220241,14.3449312632662,5.95));
#5178=CARTESIAN_POINT('Ctrl Pts',(-36.4066294220241,14.3449312632662,14.91856));
#5179=CARTESIAN_POINT('Ctrl Pts',(-35.617261940059,14.2584010784843,5.95));
#5180=CARTESIAN_POINT('Ctrl Pts',(-35.617261940059,14.2584010784843,14.91856));
#5181=CARTESIAN_POINT('Ctrl Pts',(-34.5737799353921,14.0976630852668,5.95));
#5182=CARTESIAN_POINT('Ctrl Pts',(-34.5737799353921,14.0976630852668,14.91856));
#5183=CARTESIAN_POINT('Ctrl Pts',(-33.2897899146899,13.8124941913052,5.95));
#5184=CARTESIAN_POINT('Ctrl Pts',(-33.2897899146899,13.8124941913052,14.91856));
#5185=CARTESIAN_POINT('Ctrl Pts',(-32.0421440141768,13.4171451096618,5.95));
#5186=CARTESIAN_POINT('Ctrl Pts',(-32.0421440141768,13.4171451096618,14.91856));
#5187=CARTESIAN_POINT('Ctrl Pts',(-31.0713585468914,13.0360309375711,5.95));
#5188=CARTESIAN_POINT('Ctrl Pts',(-31.0713585468914,13.0360309375711,14.91856));
#5189=CARTESIAN_POINT('Ctrl Pts',(-30.4771736045305,12.7710895584344,5.95));
#5190=CARTESIAN_POINT('Ctrl Pts',(-30.4771736045305,12.7710895584344,14.91856));
#5191=CARTESIAN_POINT('Ctrl Pts',(-30.0100208876611,12.5432351363015,5.95));
#5192=CARTESIAN_POINT('Ctrl Pts',(-30.0100208876611,12.5432351363015,14.91856));
#5193=CARTESIAN_POINT('Ctrl Pts',(-29.5486741317197,12.3048761742998,5.95));
#5194=CARTESIAN_POINT('Ctrl Pts',(-29.5486741317197,12.3048761742998,14.91856));
#5195=CARTESIAN_POINT('Ctrl Pts',(-28.98622525626,11.9889921188078,5.95));
#5196=CARTESIAN_POINT('Ctrl Pts',(-28.98622525626,11.9889921188078,14.91856));
#5197=CARTESIAN_POINT('Ctrl Pts',(-28.3344318282789,11.5818093589497,5.95));
#5198=CARTESIAN_POINT('Ctrl Pts',(-28.3344318282789,11.5818093589497,14.91856));
#5199=CARTESIAN_POINT('Ctrl Pts',(-27.4978287898197,11.0027000972766,5.95));
#5200=CARTESIAN_POINT('Ctrl Pts',(-27.4978287898197,11.0027000972766,14.91856));
#5201=CARTESIAN_POINT('Ctrl Pts',(-26.5153809079022,10.2131126731252,5.95));
#5202=CARTESIAN_POINT('Ctrl Pts',(-26.5153809079022,10.2131126731252,14.91856));
#5203=CARTESIAN_POINT('Ctrl Pts',(-25.6242068406636,9.34185622089561,5.95));
#5204=CARTESIAN_POINT('Ctrl Pts',(-25.6242068406636,9.34185622089561,14.91856));
#5205=CARTESIAN_POINT('Ctrl Pts',(-24.9701609948498,8.59942567744164,5.95));
#5206=CARTESIAN_POINT('Ctrl Pts',(-24.9701609948498,8.59942567744164,14.91856));
#5207=CARTESIAN_POINT('Ctrl Pts',(-24.5100862241847,8.02074673476307,5.95));
#5208=CARTESIAN_POINT('Ctrl Pts',(-24.5100862241847,8.02074673476307,14.91856));
#5209=CARTESIAN_POINT('Ctrl Pts',(-24.1530168157725,7.52117641946274,5.95));
#5210=CARTESIAN_POINT('Ctrl Pts',(-24.1530168157725,7.52117641946274,14.91856));
#5211=CARTESIAN_POINT('Ctrl Pts',(-23.8834989589983,7.11127833829108,5.95));
#5212=CARTESIAN_POINT('Ctrl Pts',(-23.8834989589983,7.11127833829108,14.91856));
#5213=CARTESIAN_POINT('Ctrl Pts',(-23.6258070500948,6.69613841439303,5.95));
#5214=CARTESIAN_POINT('Ctrl Pts',(-23.6258070500948,6.69613841439303,14.91856));
#5215=CARTESIAN_POINT('Ctrl Pts',(-23.3260819742591,6.16795647838295,5.95));
#5216=CARTESIAN_POINT('Ctrl Pts',(-23.3260819742591,6.16795647838295,14.91856));
#5217=CARTESIAN_POINT('Ctrl Pts',(-22.8947751800134,5.30469405186326,5.95));
#5218=CARTESIAN_POINT('Ctrl Pts',(-22.8947751800134,5.30469405186326,14.91856));
#5219=CARTESIAN_POINT('Ctrl Pts',(-22.4471206119412,4.1946844640733,5.95));
#5220=CARTESIAN_POINT('Ctrl Pts',(-22.4471206119412,4.1946844640733,14.91856));
#5221=CARTESIAN_POINT('Ctrl Pts',(-22.1240516893442,3.05173152715624,5.95));
#5222=CARTESIAN_POINT('Ctrl Pts',(-22.1240516893442,3.05173152715624,14.91856));
#5223=CARTESIAN_POINT('Ctrl Pts',(-21.9419064061634,2.12260833201685,5.95));
#5224=CARTESIAN_POINT('Ctrl Pts',(-21.9419064061634,2.12260833201685,14.91856));
#5225=CARTESIAN_POINT('Ctrl Pts',(-21.8438380079957,1.4196511555948,5.95));
#5226=CARTESIAN_POINT('Ctrl Pts',(-21.8438380079957,1.4196511555948,14.91856));
#5227=CARTESIAN_POINT('Ctrl Pts',(-21.7945511227699,0.829775360613277,5.95));
#5228=CARTESIAN_POINT('Ctrl Pts',(-21.7945511227699,0.829775360613278,14.91856));
#5229=CARTESIAN_POINT('Ctrl Pts',(-21.774773633528,0.356129778162341,5.95));
#5230=CARTESIAN_POINT('Ctrl Pts',(-21.774773633528,0.356129778162342,14.91856));
#5231=CARTESIAN_POINT('Ctrl Pts',(-21.7714669625141,0.118709926054118,5.95));
#5232=CARTESIAN_POINT('Ctrl Pts',(-21.7714669625141,0.118709926054119,14.91856));
#5233=CARTESIAN_POINT('Ctrl Pts',(-21.7714669625141,8.04037053950281E-15,
5.95));
#5234=CARTESIAN_POINT('Ctrl Pts',(-21.7714669625141,9.03608072047589E-15,
14.91856));
#5235=CARTESIAN_POINT('',(-21.7714669625141,8.04037053950281E-15,5.95));
#5236=CARTESIAN_POINT('Ctrl Pts',(-20.771466962514,3.72663953515652E-14,
5.95));
#5237=CARTESIAN_POINT('Ctrl Pts',(-20.771466962514,3.82621055325382E-14,
14.91856));
#5238=CARTESIAN_POINT('Ctrl Pts',(-20.771466962514,-0.127984435572898,5.95));
#5239=CARTESIAN_POINT('Ctrl Pts',(-20.771466962514,-0.127984435572897,14.91856));
#5240=CARTESIAN_POINT('Ctrl Pts',(-20.7750318214372,-0.383953306718801,
5.95));
#5241=CARTESIAN_POINT('Ctrl Pts',(-20.7750318214372,-0.3839533067188,14.91856));
#5242=CARTESIAN_POINT('Ctrl Pts',(-20.7963551276563,-0.894616074468479,
5.95));
#5243=CARTESIAN_POINT('Ctrl Pts',(-20.7963551276563,-0.894616074468478,
14.91856));
#5244=CARTESIAN_POINT('Ctrl Pts',(-20.8494879170825,-1.53049549791938,5.95));
#5245=CARTESIAN_POINT('Ctrl Pts',(-20.8494879170825,-1.53049549791938,14.91856));
#5246=CARTESIAN_POINT('Ctrl Pts',(-20.9551814775633,-2.28808481800901,5.95));
#5247=CARTESIAN_POINT('Ctrl Pts',(-20.9551814775633,-2.28808481800901,14.91856));
#5248=CARTESIAN_POINT('Ctrl Pts',(-21.1514042944278,-3.28898426035633,5.95));
#5249=CARTESIAN_POINT('Ctrl Pts',(-21.1514042944278,-3.28898426035633,14.91856));
#5250=CARTESIAN_POINT('Ctrl Pts',(-21.4991928810097,-4.51922740315883,5.95));
#5251=CARTESIAN_POINT('Ctrl Pts',(-21.4991928810097,-4.51922740315883,14.91856));
#5252=CARTESIAN_POINT('Ctrl Pts',(-21.9803685781697,-5.71220042953906,5.95));
#5253=CARTESIAN_POINT('Ctrl Pts',(-21.9803685781697,-5.71220042953906,14.91856));
#5254=CARTESIAN_POINT('Ctrl Pts',(-22.4432978796375,-6.63872387678062,5.95));
#5255=CARTESIAN_POINT('Ctrl Pts',(-22.4432978796375,-6.63872387678062,14.91856));
#5256=CARTESIAN_POINT('Ctrl Pts',(-22.7646694036415,-7.20503546460656,5.95));
#5257=CARTESIAN_POINT('Ctrl Pts',(-22.7646694036415,-7.20503546460656,14.91856));
#5258=CARTESIAN_POINT('Ctrl Pts',(-23.0407684353802,-7.64982483279967,5.95));
#5259=CARTESIAN_POINT('Ctrl Pts',(-23.0407684353802,-7.64982483279967,14.91856));
#5260=CARTESIAN_POINT('Ctrl Pts',(-23.3293462330767,-8.08870732136889,5.95));
#5261=CARTESIAN_POINT('Ctrl Pts',(-23.3293462330767,-8.08870732136889,14.91856));
#5262=CARTESIAN_POINT('Ctrl Pts',(-23.7114237779396,-8.62325165788151,5.95));
#5263=CARTESIAN_POINT('Ctrl Pts',(-23.7114237779396,-8.62325165788151,14.91856));
#5264=CARTESIAN_POINT('Ctrl Pts',(-24.2031327013697,-9.24170037239205,5.95));
#5265=CARTESIAN_POINT('Ctrl Pts',(-24.2031327013697,-9.24170037239205,14.91856));
#5266=CARTESIAN_POINT('Ctrl Pts',(-24.9014065652714,-10.0343146312193,5.95));
#5267=CARTESIAN_POINT('Ctrl Pts',(-24.9014065652714,-10.0343146312193,14.91856));
#5268=CARTESIAN_POINT('Ctrl Pts',(-25.8512872491553,-10.9628638705167,5.95));
#5269=CARTESIAN_POINT('Ctrl Pts',(-25.8512872491553,-10.9628638705167,14.91856));
#5270=CARTESIAN_POINT('Ctrl Pts',(-26.8962231576314,-11.8025904406571,5.95));
#5271=CARTESIAN_POINT('Ctrl Pts',(-26.8962231576314,-11.8025904406571,14.91856));
#5272=CARTESIAN_POINT('Ctrl Pts',(-27.7847191660488,-12.4176052670555,5.95));
#5273=CARTESIAN_POINT('Ctrl Pts',(-27.7847191660488,-12.4176052670555,14.91856));
#5274=CARTESIAN_POINT('Ctrl Pts',(-28.4762672114753,-12.8496139235774,5.95));
#5275=CARTESIAN_POINT('Ctrl Pts',(-28.4762672114753,-12.8496139235774,14.91856));
#5276=CARTESIAN_POINT('Ctrl Pts',(-29.0725463654771,-13.1844893338365,5.95));
#5277=CARTESIAN_POINT('Ctrl Pts',(-29.0725463654771,-13.1844893338365,14.91856));
#5278=CARTESIAN_POINT('Ctrl Pts',(-29.5612705523659,-13.43699153088,5.95));
#5279=CARTESIAN_POINT('Ctrl Pts',(-29.5612705523659,-13.43699153088,14.91856));
#5280=CARTESIAN_POINT('Ctrl Pts',(-30.05600380696,-13.6782973738524,5.95));
#5281=CARTESIAN_POINT('Ctrl Pts',(-30.05600380696,-13.6782973738524,14.91856));
#5282=CARTESIAN_POINT('Ctrl Pts',(-30.6848820841889,-13.95870144273,5.95));
#5283=CARTESIAN_POINT('Ctrl Pts',(-30.6848820841889,-13.95870144273,14.91856));
#5284=CARTESIAN_POINT('Ctrl Pts',(-31.7116642904263,-14.3617902590614,5.95));
#5285=CARTESIAN_POINT('Ctrl Pts',(-31.7116642904263,-14.3617902590614,14.91856));
#5286=CARTESIAN_POINT('Ctrl Pts',(-33.0300430292769,-14.7795165569668,5.95));
#5287=CARTESIAN_POINT('Ctrl Pts',(-33.0300430292769,-14.7795165569668,14.91856));
#5288=CARTESIAN_POINT('Ctrl Pts',(-34.3855471556442,-15.0805445881148,5.95));
#5289=CARTESIAN_POINT('Ctrl Pts',(-34.3855471556442,-15.0805445881148,14.91856));
#5290=CARTESIAN_POINT('Ctrl Pts',(-35.4866244940239,-15.2501517836104,5.95));
#5291=CARTESIAN_POINT('Ctrl Pts',(-35.4866244940239,-15.2501517836104,14.91856));
#5292=CARTESIAN_POINT('Ctrl Pts',(-36.3193772040729,-15.3414357534153,5.95));
#5293=CARTESIAN_POINT('Ctrl Pts',(-36.3193772040729,-15.3414357534153,14.91856));
#5294=CARTESIAN_POINT('Ctrl Pts',(-37.0179763545476,-15.3873007139271,5.95));
#5295=CARTESIAN_POINT('Ctrl Pts',(-37.0179763545476,-15.3873007139271,14.91856));
#5296=CARTESIAN_POINT('Ctrl Pts',(-37.5788871300098,-15.4057042967682,5.95));
#5297=CARTESIAN_POINT('Ctrl Pts',(-37.5788871300098,-15.4057042967682,14.91856));
#5298=CARTESIAN_POINT('Ctrl Pts',(-38.0005996261155,-15.4103192032061,5.95));
#5299=CARTESIAN_POINT('Ctrl Pts',(-38.0005996261155,-15.4103192032061,14.91856));
#5300=CARTESIAN_POINT('Ctrl Pts',(-38.4223121222212,-15.4057042967683,5.95));
#5301=CARTESIAN_POINT('Ctrl Pts',(-38.4223121222212,-15.4057042967683,14.91856));
#5302=CARTESIAN_POINT('Ctrl Pts',(-38.9832228976834,-15.3873007139271,5.95));
#5303=CARTESIAN_POINT('Ctrl Pts',(-38.9832228976834,-15.3873007139271,14.91856));
#5304=CARTESIAN_POINT('Ctrl Pts',(-39.6818220481581,-15.3414357534153,5.95));
#5305=CARTESIAN_POINT('Ctrl Pts',(-39.6818220481581,-15.3414357534153,14.91856));
#5306=CARTESIAN_POINT('Ctrl Pts',(-40.5145747582071,-15.2501517836104,5.95));
#5307=CARTESIAN_POINT('Ctrl Pts',(-40.5145747582071,-15.2501517836104,14.91856));
#5308=CARTESIAN_POINT('Ctrl Pts',(-41.6156520965868,-15.0805445881148,5.95));
#5309=CARTESIAN_POINT('Ctrl Pts',(-41.6156520965868,-15.0805445881148,14.91856));
#5310=CARTESIAN_POINT('Ctrl Pts',(-42.9711562229541,-14.7795165569668,5.95));
#5311=CARTESIAN_POINT('Ctrl Pts',(-42.9711562229541,-14.7795165569668,14.91856));
#5312=CARTESIAN_POINT('Ctrl Pts',(-44.2895349618047,-14.3617902590614,5.95));
#5313=CARTESIAN_POINT('Ctrl Pts',(-44.2895349618047,-14.3617902590614,14.91856));
#5314=CARTESIAN_POINT('Ctrl Pts',(-45.316317168042,-13.95870144273,5.95));
#5315=CARTESIAN_POINT('Ctrl Pts',(-45.316317168042,-13.95870144273,14.91856));
#5316=CARTESIAN_POINT('Ctrl Pts',(-45.945195445271,-13.6782973738525,5.95));
#5317=CARTESIAN_POINT('Ctrl Pts',(-45.945195445271,-13.6782973738525,14.91856));
#5318=CARTESIAN_POINT('Ctrl Pts',(-46.4399286998651,-13.43699153088,5.95));
#5319=CARTESIAN_POINT('Ctrl Pts',(-46.4399286998651,-13.43699153088,14.91856));
#5320=CARTESIAN_POINT('Ctrl Pts',(-46.9286528867539,-13.1844893338365,5.95));
#5321=CARTESIAN_POINT('Ctrl Pts',(-46.9286528867539,-13.1844893338365,14.91856));
#5322=CARTESIAN_POINT('Ctrl Pts',(-47.5249320407558,-12.8496139235774,5.95));
#5323=CARTESIAN_POINT('Ctrl Pts',(-47.5249320407558,-12.8496139235774,14.91856));
#5324=CARTESIAN_POINT('Ctrl Pts',(-48.2164800861822,-12.4176052670555,5.95));
#5325=CARTESIAN_POINT('Ctrl Pts',(-48.2164800861822,-12.4176052670555,14.91856));
#5326=CARTESIAN_POINT('Ctrl Pts',(-49.1049760945996,-11.8025904406571,5.95));
#5327=CARTESIAN_POINT('Ctrl Pts',(-49.1049760945996,-11.8025904406571,14.91856));
#5328=CARTESIAN_POINT('Ctrl Pts',(-50.1499120030757,-10.9628638705167,5.95));
#5329=CARTESIAN_POINT('Ctrl Pts',(-50.1499120030757,-10.9628638705167,14.91856));
#5330=CARTESIAN_POINT('Ctrl Pts',(-51.0997926869595,-10.0343146312193,5.95));
#5331=CARTESIAN_POINT('Ctrl Pts',(-51.0997926869595,-10.0343146312193,14.91856));
#5332=CARTESIAN_POINT('Ctrl Pts',(-51.7980665508614,-9.24170037239208,5.95));
#5333=CARTESIAN_POINT('Ctrl Pts',(-51.7980665508614,-9.24170037239208,14.91856));
#5334=CARTESIAN_POINT('Ctrl Pts',(-52.2897754742915,-8.62325165788148,5.95));
#5335=CARTESIAN_POINT('Ctrl Pts',(-52.2897754742915,-8.62325165788148,14.91856));
#5336=CARTESIAN_POINT('Ctrl Pts',(-52.6718530191542,-8.08870732136893,5.95));
#5337=CARTESIAN_POINT('Ctrl Pts',(-52.6718530191542,-8.08870732136893,14.91856));
#5338=CARTESIAN_POINT('Ctrl Pts',(-52.9604308168508,-7.6498248327997,5.95));
#5339=CARTESIAN_POINT('Ctrl Pts',(-52.9604308168508,-7.6498248327997,14.91856));
#5340=CARTESIAN_POINT('Ctrl Pts',(-53.2365298485896,-7.20503546460655,5.95));
#5341=CARTESIAN_POINT('Ctrl Pts',(-53.2365298485896,-7.20503546460655,14.91856));
#5342=CARTESIAN_POINT('Ctrl Pts',(-53.5579013725935,-6.63872387678063,5.95));
#5343=CARTESIAN_POINT('Ctrl Pts',(-53.5579013725935,-6.63872387678063,14.91856));
#5344=CARTESIAN_POINT('Ctrl Pts',(-54.0208306740614,-5.71220042953903,5.95));
#5345=CARTESIAN_POINT('Ctrl Pts',(-54.0208306740614,-5.71220042953903,14.91856));
#5346=CARTESIAN_POINT('Ctrl Pts',(-54.5020063712213,-4.51922740315884,5.95));
#5347=CARTESIAN_POINT('Ctrl Pts',(-54.5020063712213,-4.51922740315884,14.91856));
#5348=CARTESIAN_POINT('Ctrl Pts',(-54.8497949578031,-3.28898426035637,5.95));
#5349=CARTESIAN_POINT('Ctrl Pts',(-54.8497949578031,-3.28898426035637,14.91856));
#5350=CARTESIAN_POINT('Ctrl Pts',(-55.0460177746677,-2.288084818009,5.95));
#5351=CARTESIAN_POINT('Ctrl Pts',(-55.0460177746677,-2.288084818009,14.91856));
#5352=CARTESIAN_POINT('Ctrl Pts',(-55.1517113351485,-1.5304954979194,5.95));
#5353=CARTESIAN_POINT('Ctrl Pts',(-55.1517113351485,-1.5304954979194,14.91856));
#5354=CARTESIAN_POINT('Ctrl Pts',(-55.2048441245746,-0.894616074468486,
5.95));
#5355=CARTESIAN_POINT('Ctrl Pts',(-55.2048441245746,-0.894616074468485,
14.91856));
#5356=CARTESIAN_POINT('Ctrl Pts',(-55.2261674307938,-0.383953306718745,
5.95));
#5357=CARTESIAN_POINT('Ctrl Pts',(-55.2261674307938,-0.383953306718744,
14.91856));
#5358=CARTESIAN_POINT('Ctrl Pts',(-55.2315147191785,-1.68292847722043E-14,
5.95));
#5359=CARTESIAN_POINT('Ctrl Pts',(-55.2315147191785,-1.58335745912313E-14,
14.91856));
#5360=CARTESIAN_POINT('Ctrl Pts',(-55.2261674307938,0.38395330671885,5.95));
#5361=CARTESIAN_POINT('Ctrl Pts',(-55.2261674307938,0.383953306718851,14.91856));
#5362=CARTESIAN_POINT('Ctrl Pts',(-55.2048441245746,0.894616074468502,5.95));
#5363=CARTESIAN_POINT('Ctrl Pts',(-55.2048441245746,0.894616074468503,14.91856));
#5364=CARTESIAN_POINT('Ctrl Pts',(-55.1517113351485,1.53049549791937,5.95));
#5365=CARTESIAN_POINT('Ctrl Pts',(-55.1517113351485,1.53049549791937,14.91856));
#5366=CARTESIAN_POINT('Ctrl Pts',(-55.0460177746677,2.28808481800903,5.95));
#5367=CARTESIAN_POINT('Ctrl Pts',(-55.0460177746677,2.28808481800903,14.91856));
#5368=CARTESIAN_POINT('Ctrl Pts',(-54.8497949578031,3.28898426035633,5.95));
#5369=CARTESIAN_POINT('Ctrl Pts',(-54.8497949578031,3.28898426035633,14.91856));
#5370=CARTESIAN_POINT('Ctrl Pts',(-54.5020063712213,4.51922740315887,5.95));
#5371=CARTESIAN_POINT('Ctrl Pts',(-54.5020063712213,4.51922740315887,14.91856));
#5372=CARTESIAN_POINT('Ctrl Pts',(-54.0208306740614,5.71220042953901,5.95));
#5373=CARTESIAN_POINT('Ctrl Pts',(-54.0208306740614,5.71220042953901,14.91856));
#5374=CARTESIAN_POINT('Ctrl Pts',(-53.5579013725934,6.63872387678066,5.95));
#5375=CARTESIAN_POINT('Ctrl Pts',(-53.5579013725934,6.63872387678066,14.91856));
#5376=CARTESIAN_POINT('Ctrl Pts',(-53.2365298485896,7.20503546460651,5.95));
#5377=CARTESIAN_POINT('Ctrl Pts',(-53.2365298485896,7.20503546460651,14.91856));
#5378=CARTESIAN_POINT('Ctrl Pts',(-52.9604308168508,7.64982483279968,5.95));
#5379=CARTESIAN_POINT('Ctrl Pts',(-52.9604308168508,7.64982483279968,14.91856));
#5380=CARTESIAN_POINT('Ctrl Pts',(-52.6718530191542,8.08870732136889,5.95));
#5381=CARTESIAN_POINT('Ctrl Pts',(-52.6718530191542,8.08870732136889,14.91856));
#5382=CARTESIAN_POINT('Ctrl Pts',(-52.2897754742915,8.62325165788151,5.95));
#5383=CARTESIAN_POINT('Ctrl Pts',(-52.2897754742915,8.62325165788151,14.91856));
#5384=CARTESIAN_POINT('Ctrl Pts',(-51.7980665508614,9.24170037239207,5.95));
#5385=CARTESIAN_POINT('Ctrl Pts',(-51.7980665508614,9.24170037239207,14.91856));
#5386=CARTESIAN_POINT('Ctrl Pts',(-51.0997926869596,10.0343146312193,5.95));
#5387=CARTESIAN_POINT('Ctrl Pts',(-51.0997926869596,10.0343146312193,14.91856));
#5388=CARTESIAN_POINT('Ctrl Pts',(-50.1499120030756,10.9628638705167,5.95));
#5389=CARTESIAN_POINT('Ctrl Pts',(-50.1499120030756,10.9628638705167,14.91856));
#5390=CARTESIAN_POINT('Ctrl Pts',(-49.1049760945996,11.8025904406571,5.95));
#5391=CARTESIAN_POINT('Ctrl Pts',(-49.1049760945996,11.8025904406571,14.91856));
#5392=CARTESIAN_POINT('Ctrl Pts',(-48.2164800861823,12.4176052670555,5.95));
#5393=CARTESIAN_POINT('Ctrl Pts',(-48.2164800861823,12.4176052670555,14.91856));
#5394=CARTESIAN_POINT('Ctrl Pts',(-47.5249320407558,12.8496139235774,5.95));
#5395=CARTESIAN_POINT('Ctrl Pts',(-47.5249320407558,12.8496139235774,14.91856));
#5396=CARTESIAN_POINT('Ctrl Pts',(-46.928652886754,13.1844893338365,5.95));
#5397=CARTESIAN_POINT('Ctrl Pts',(-46.928652886754,13.1844893338365,14.91856));
#5398=CARTESIAN_POINT('Ctrl Pts',(-46.4399286998651,13.43699153088,5.95));
#5399=CARTESIAN_POINT('Ctrl Pts',(-46.4399286998651,13.43699153088,14.91856));
#5400=CARTESIAN_POINT('Ctrl Pts',(-45.945195445271,13.6782973738524,5.95));
#5401=CARTESIAN_POINT('Ctrl Pts',(-45.945195445271,13.6782973738524,14.91856));
#5402=CARTESIAN_POINT('Ctrl Pts',(-45.3163171680421,13.95870144273,5.95));
#5403=CARTESIAN_POINT('Ctrl Pts',(-45.3163171680421,13.95870144273,14.91856));
#5404=CARTESIAN_POINT('Ctrl Pts',(-44.2895349618047,14.3617902590614,5.95));
#5405=CARTESIAN_POINT('Ctrl Pts',(-44.2895349618047,14.3617902590614,14.91856));
#5406=CARTESIAN_POINT('Ctrl Pts',(-42.9711562229541,14.7795165569668,5.95));
#5407=CARTESIAN_POINT('Ctrl Pts',(-42.9711562229541,14.7795165569668,14.91856));
#5408=CARTESIAN_POINT('Ctrl Pts',(-41.6156520965868,15.0805445881148,5.95));
#5409=CARTESIAN_POINT('Ctrl Pts',(-41.6156520965868,15.0805445881148,14.91856));
#5410=CARTESIAN_POINT('Ctrl Pts',(-40.5145747582071,15.2501517836104,5.95));
#5411=CARTESIAN_POINT('Ctrl Pts',(-40.5145747582071,15.2501517836104,14.91856));
#5412=CARTESIAN_POINT('Ctrl Pts',(-39.6818220481581,15.3414357534153,5.95));
#5413=CARTESIAN_POINT('Ctrl Pts',(-39.6818220481581,15.3414357534153,14.91856));
#5414=CARTESIAN_POINT('Ctrl Pts',(-38.9832228976834,15.3873007139271,5.95));
#5415=CARTESIAN_POINT('Ctrl Pts',(-38.9832228976834,15.3873007139271,14.91856));
#5416=CARTESIAN_POINT('Ctrl Pts',(-38.4223121222212,15.4057042967683,5.95));
#5417=CARTESIAN_POINT('Ctrl Pts',(-38.4223121222212,15.4057042967683,14.91856));
#5418=CARTESIAN_POINT('Ctrl Pts',(-38.0005996261155,15.4103192032061,5.95));
#5419=CARTESIAN_POINT('Ctrl Pts',(-38.0005996261155,15.4103192032061,14.91856));
#5420=CARTESIAN_POINT('Ctrl Pts',(-37.5788871300098,15.4057042967683,5.95));
#5421=CARTESIAN_POINT('Ctrl Pts',(-37.5788871300098,15.4057042967683,14.91856));
#5422=CARTESIAN_POINT('Ctrl Pts',(-37.0179763545475,15.3873007139271,5.95));
#5423=CARTESIAN_POINT('Ctrl Pts',(-37.0179763545475,15.3873007139271,14.91856));
#5424=CARTESIAN_POINT('Ctrl Pts',(-36.319377204073,15.3414357534153,5.95));
#5425=CARTESIAN_POINT('Ctrl Pts',(-36.319377204073,15.3414357534153,14.91856));
#5426=CARTESIAN_POINT('Ctrl Pts',(-35.4866244940239,15.2501517836104,5.95));
#5427=CARTESIAN_POINT('Ctrl Pts',(-35.4866244940239,15.2501517836104,14.91856));
#5428=CARTESIAN_POINT('Ctrl Pts',(-34.3855471556442,15.0805445881148,5.95));
#5429=CARTESIAN_POINT('Ctrl Pts',(-34.3855471556442,15.0805445881148,14.91856));
#5430=CARTESIAN_POINT('Ctrl Pts',(-33.0300430292769,14.7795165569668,5.95));
#5431=CARTESIAN_POINT('Ctrl Pts',(-33.0300430292769,14.7795165569668,14.91856));
#5432=CARTESIAN_POINT('Ctrl Pts',(-31.7116642904263,14.3617902590614,5.95));
#5433=CARTESIAN_POINT('Ctrl Pts',(-31.7116642904263,14.3617902590614,14.91856));
#5434=CARTESIAN_POINT('Ctrl Pts',(-30.684882084189,13.9587014427301,5.95));
#5435=CARTESIAN_POINT('Ctrl Pts',(-30.684882084189,13.9587014427301,14.91856));
#5436=CARTESIAN_POINT('Ctrl Pts',(-30.05600380696,13.6782973738525,5.95));
#5437=CARTESIAN_POINT('Ctrl Pts',(-30.05600380696,13.6782973738525,14.91856));
#5438=CARTESIAN_POINT('Ctrl Pts',(-29.5612705523659,13.43699153088,5.95));
#5439=CARTESIAN_POINT('Ctrl Pts',(-29.5612705523659,13.43699153088,14.91856));
#5440=CARTESIAN_POINT('Ctrl Pts',(-29.0725463654771,13.1844893338365,5.95));
#5441=CARTESIAN_POINT('Ctrl Pts',(-29.0725463654771,13.1844893338365,14.91856));
#5442=CARTESIAN_POINT('Ctrl Pts',(-28.4762672114752,12.8496139235774,5.95));
#5443=CARTESIAN_POINT('Ctrl Pts',(-28.4762672114752,12.8496139235774,14.91856));
#5444=CARTESIAN_POINT('Ctrl Pts',(-27.7847191660488,12.4176052670555,5.95));
#5445=CARTESIAN_POINT('Ctrl Pts',(-27.7847191660488,12.4176052670555,14.91856));
#5446=CARTESIAN_POINT('Ctrl Pts',(-26.8962231576314,11.8025904406571,5.95));
#5447=CARTESIAN_POINT('Ctrl Pts',(-26.8962231576314,11.8025904406571,14.91856));
#5448=CARTESIAN_POINT('Ctrl Pts',(-25.8512872491553,10.9628638705168,5.95));
#5449=CARTESIAN_POINT('Ctrl Pts',(-25.8512872491553,10.9628638705168,14.91856));
#5450=CARTESIAN_POINT('Ctrl Pts',(-24.9014065652714,10.0343146312193,5.95));
#5451=CARTESIAN_POINT('Ctrl Pts',(-24.9014065652714,10.0343146312193,14.91856));
#5452=CARTESIAN_POINT('Ctrl Pts',(-24.2031327013697,9.24170037239206,5.95));
#5453=CARTESIAN_POINT('Ctrl Pts',(-24.2031327013697,9.24170037239206,14.91856));
#5454=CARTESIAN_POINT('Ctrl Pts',(-23.7114237779396,8.62325165788156,5.95));
#5455=CARTESIAN_POINT('Ctrl Pts',(-23.7114237779396,8.62325165788156,14.91856));
#5456=CARTESIAN_POINT('Ctrl Pts',(-23.3293462330767,8.0887073213689,5.95));
#5457=CARTESIAN_POINT('Ctrl Pts',(-23.3293462330767,8.0887073213689,14.91856));
#5458=CARTESIAN_POINT('Ctrl Pts',(-23.0407684353802,7.64982483279971,5.95));
#5459=CARTESIAN_POINT('Ctrl Pts',(-23.0407684353802,7.64982483279971,14.91856));
#5460=CARTESIAN_POINT('Ctrl Pts',(-22.7646694036414,7.20503546460653,5.95));
#5461=CARTESIAN_POINT('Ctrl Pts',(-22.7646694036414,7.20503546460653,14.91856));
#5462=CARTESIAN_POINT('Ctrl Pts',(-22.4432978796375,6.63872387678065,5.95));
#5463=CARTESIAN_POINT('Ctrl Pts',(-22.4432978796375,6.63872387678065,14.91856));
#5464=CARTESIAN_POINT('Ctrl Pts',(-21.9803685781697,5.71220042953904,5.95));
#5465=CARTESIAN_POINT('Ctrl Pts',(-21.9803685781697,5.71220042953904,14.91856));
#5466=CARTESIAN_POINT('Ctrl Pts',(-21.4991928810097,4.51922740315889,5.95));
#5467=CARTESIAN_POINT('Ctrl Pts',(-21.4991928810097,4.51922740315889,14.91856));
#5468=CARTESIAN_POINT('Ctrl Pts',(-21.1514042944279,3.28898426035631,5.95));
#5469=CARTESIAN_POINT('Ctrl Pts',(-21.1514042944279,3.28898426035631,14.91856));
#5470=CARTESIAN_POINT('Ctrl Pts',(-20.9551814775633,2.28808481800903,5.95));
#5471=CARTESIAN_POINT('Ctrl Pts',(-20.9551814775633,2.28808481800903,14.91856));
#5472=CARTESIAN_POINT('Ctrl Pts',(-20.8494879170825,1.53049549791945,5.95));
#5473=CARTESIAN_POINT('Ctrl Pts',(-20.8494879170825,1.53049549791945,14.91856));
#5474=CARTESIAN_POINT('Ctrl Pts',(-20.7963551276563,0.894616074468426,5.95));
#5475=CARTESIAN_POINT('Ctrl Pts',(-20.7963551276563,0.894616074468427,14.91856));
#5476=CARTESIAN_POINT('Ctrl Pts',(-20.7750318214372,0.383953306718813,5.95));
#5477=CARTESIAN_POINT('Ctrl Pts',(-20.7750318214372,0.383953306718814,14.91856));
#5478=CARTESIAN_POINT('Ctrl Pts',(-20.771466962514,0.127984435572973,5.95));
#5479=CARTESIAN_POINT('Ctrl Pts',(-20.771466962514,0.127984435572974,14.91856));
#5480=CARTESIAN_POINT('Ctrl Pts',(-20.771466962514,3.72663953515652E-14,
5.95));
#5481=CARTESIAN_POINT('Ctrl Pts',(-20.771466962514,3.82621055325382E-14,
14.91856));
#5482=CARTESIAN_POINT('',(-20.771466962514,3.72663953515652E-14,5.95));
#5483=CARTESIAN_POINT('Origin',(18.51940000001,22.50000000001,7.51190000000499));
#5484=CARTESIAN_POINT('',(18.51940000001,22.50000000001,7.51190000000499));
#5485=CARTESIAN_POINT('Origin',(-18.51940000001,22.50000000001,7.51190000000499));
#5486=CARTESIAN_POINT('',(-18.51940000001,22.50000000001,7.51190000000499));
#5487=CARTESIAN_POINT('Origin',(19.2758339059328,22.50000000001,7.51190000000499));
#5488=CARTESIAN_POINT('',(-2.74612348947124E-15,0.999999999999996,-16.4238));
#5489=UNCERTAINTY_MEASURE_WITH_UNIT(LENGTH_MEASURE(0.01),#5495,
'DISTANCE_ACCURACY_VALUE',
'Maximum model space distance between geometric entities at asserted c
onnectivities');
#5490=UNCERTAINTY_MEASURE_WITH_UNIT(LENGTH_MEASURE(0.01),#5495,
'DISTANCE_ACCURACY_VALUE',
'Maximum model space distance between geometric entities at asserted c
onnectivities');
#5491=UNCERTAINTY_MEASURE_WITH_UNIT(LENGTH_MEASURE(0.01),#5495,
'DISTANCE_ACCURACY_VALUE',
'Maximum model space distance between geometric entities at asserted c
onnectivities');
#5492=(
GEOMETRIC_REPRESENTATION_CONTEXT(3)
GLOBAL_UNCERTAINTY_ASSIGNED_CONTEXT((#5489))
GLOBAL_UNIT_ASSIGNED_CONTEXT((#5495,#5497,#5498))
REPRESENTATION_CONTEXT('','3D')
);
#5493=(
GEOMETRIC_REPRESENTATION_CONTEXT(3)
GLOBAL_UNCERTAINTY_ASSIGNED_CONTEXT((#5490))
GLOBAL_UNIT_ASSIGNED_CONTEXT((#5495,#5497,#5498))
REPRESENTATION_CONTEXT('','3D')
);
#5494=(
GEOMETRIC_REPRESENTATION_CONTEXT(3)
GLOBAL_UNCERTAINTY_ASSIGNED_CONTEXT((#5491))
GLOBAL_UNIT_ASSIGNED_CONTEXT((#5495,#5497,#5498))
REPRESENTATION_CONTEXT('','3D')
);
#5495=(
LENGTH_UNIT()
NAMED_UNIT(*)
SI_UNIT(.MILLI.,.METRE.)
);
#5496=(
LENGTH_UNIT()
NAMED_UNIT(*)
SI_UNIT($,.METRE.)
);
#5497=(
NAMED_UNIT(*)
PLANE_ANGLE_UNIT()
SI_UNIT($,.RADIAN.)
);
#5498=(
NAMED_UNIT(*)
SI_UNIT($,.STERADIAN.)
SOLID_ANGLE_UNIT()
);
#5499=SHAPE_DEFINITION_REPRESENTATION(#5501,#5504);
#5500=SHAPE_DEFINITION_REPRESENTATION(#5502,#5505);
#5501=PRODUCT_DEFINITION_SHAPE('',$,#5507);
#5502=PRODUCT_DEFINITION_SHAPE('',$,#5508);
#5503=PRODUCT_DEFINITION_SHAPE($,$,#14);
#5504=SHAPE_REPRESENTATION('',(#2727,#2964),#5492);
#5505=SHAPE_REPRESENTATION('',(#2728),#5493);
#5506=PRODUCT_DEFINITION_CONTEXT('part definition',#5514,'design');
#5507=PRODUCT_DEFINITION('Shell Assembly','Shell Assembly v5',#5509,#5506);
#5508=PRODUCT_DEFINITION('Top Shell','Top Shell',#5510,#5506);
#5509=PRODUCT_DEFINITION_FORMATION('',$,#5516);
#5510=PRODUCT_DEFINITION_FORMATION('',$,#5517);
#5511=PRODUCT_RELATED_PRODUCT_CATEGORY('Shell Assembly v5',
'Shell Assembly v5',(#5516));
#5512=PRODUCT_RELATED_PRODUCT_CATEGORY('Top Shell','Top Shell',(#5517));
#5513=APPLICATION_PROTOCOL_DEFINITION('international standard',
'automotive_design',2009,#5514);
#5514=APPLICATION_CONTEXT(
'Core Data for Automotive Mechanical Design Process');
#5515=PRODUCT_CONTEXT('part definition',#5514,'mechanical');
#5516=PRODUCT('Shell Assembly','Shell Assembly v5',
'STEP AP242 Edition 2',(#5515));
#5517=PRODUCT('Top Shell','Top Shell','Top Shell',(#5515));
#5518=PRESENTATION_STYLE_ASSIGNMENT((#5522));
#5519=PRESENTATION_STYLE_ASSIGNMENT((#5523));
#5520=PRESENTATION_STYLE_ASSIGNMENT((#5524));
#5521=PRESENTATION_STYLE_ASSIGNMENT((#5525));
#5522=SURFACE_STYLE_USAGE(.BOTH.,#5526);
#5523=SURFACE_STYLE_USAGE(.BOTH.,#5527);
#5524=SURFACE_STYLE_USAGE(.BOTH.,#5528);
#5525=SURFACE_STYLE_USAGE(.BOTH.,#5529);
#5526=SURFACE_SIDE_STYLE('',(#5530));
#5527=SURFACE_SIDE_STYLE('',(#5531));
#5528=SURFACE_SIDE_STYLE('',(#5532));
#5529=SURFACE_SIDE_STYLE('',(#5533));
#5530=SURFACE_STYLE_FILL_AREA(#5534);
#5531=SURFACE_STYLE_FILL_AREA(#5535);
#5532=SURFACE_STYLE_FILL_AREA(#5536);
#5533=SURFACE_STYLE_FILL_AREA(#5537);
#5534=FILL_AREA_STYLE('Steel - Satin',(#5538));
#5535=FILL_AREA_STYLE('Opaque(38,37,37)',(#5539));
#5536=FILL_AREA_STYLE('Opaque(219,188,126)',(#5540));
#5537=FILL_AREA_STYLE('Opaque(131,188,104)',(#5541));
#5538=FILL_AREA_STYLE_COLOUR('Steel - Satin',#5542);
#5539=FILL_AREA_STYLE_COLOUR('Opaque(38,37,37)',#5543);
#5540=FILL_AREA_STYLE_COLOUR('Opaque(219,188,126)',#5544);
#5541=FILL_AREA_STYLE_COLOUR('Opaque(131,188,104)',#5545);
#5542=COLOUR_RGB('Steel - Satin',0.627450980392157,0.627450980392157,0.627450980392157);
#5543=COLOUR_RGB('Opaque(38,37,37)',0.149019607843137,0.145098039215686,
0.145098039215686);
#5544=COLOUR_RGB('Opaque(219,188,126)',0.858823529411765,0.737254901960784,
0.494117647058824);
#5545=COLOUR_RGB('Opaque(131,188,104)',0.513725490196078,0.737254901960784,
0.407843137254902);
ENDSEC;
END-ISO-10303-21;
